kw,vol,kd,ncomp,best,bpos,burl,our,oururl
calculator for wages,368000,33,4,paycalculator.com.au,1,https://paycalculator.com.au/,,
pay calculator,301000,33,4,paycalculator.com.au,1,https://paycalculator.com.au/,,
calculate tax,135000,8,2,paycalculator.com.au,2,https://paycalculator.com.au/,,
tax and calculator,135000,9,2,paycalculator.com.au,2,https://paycalculator.com.au/,,
tax calculator,135000,12,2,paycalculator.com.au,3,https://paycalculator.com.au/,,
gst cal,110000,6,1,paycal.com.au,14,https://paycal.com.au/gst-calculator/,,
employment hero,110000,92,1,fairworkmate.com.au,12,https://fairworkmate.com.au/employment-hero,,
salary calculator,60500,14,4,paycalculator.com.au,1,https://paycalculator.com.au/,,
tax and income calculator,49500,28,3,paycalculator.com.au,2,https://paycalculator.com.au/,,
tax income calculator,49500,28,2,paycalculator.com.au,3,https://paycalculator.com.au/,,
income tax calculator,49500,10,2,paycalculator.com.au,3,https://paycalculator.com.au/,,
australian public holidays victoria,49500,8,1,australiapaycalculator.com.au,14,https://australiapaycalculator.com.au/australian-public-holidays/,,
bank holidays victoria,49500,4,1,australiapaycalculator.com.au,18,https://australiapaycalculator.com.au/australian-public-holidays/,,
public holidays victoria australia,49500,36,1,australiapaycalculator.com.au,17,https://australiapaycalculator.com.au/australian-public-holidays/,,
victorian public holidays,49500,14,1,australiapaycalculator.com.au,19,https://australiapaycalculator.com.au/australian-public-holidays/,,
tax income estimator,49500,24,1,paycalculator.com.au,7,https://paycalculator.com.au/,,
taxable income calculator,49500,11,1,paycalculator.com.au,3,https://paycalculator.com.au/,,
tax,40500,61,2,atotaxcalculator.com.au,16,https://atotaxcalculator.com.au/,,
au pay calculator,40500,33,4,paycalculator.com.au,1,https://paycalculator.com.au/,38,https://pay-calculator-australia.com/monthly-pay-calculator/
au salary calculator,40500,33,4,paycalculator.com.au,1,https://paycalculator.com.au/,,
aus salary calculator,40500,33,4,paycalculator.com.au,1,https://paycalculator.com.au/,42,https://pay-calculator-australia.com/monthly-pay-calculator/
australia salary calculator,40500,13,4,paycalculator.com.au,1,https://paycalculator.com.au/,55,https://pay-calculator-australia.com/
australian salary calculator,40500,33,4,paycalculator.com.au,1,https://paycalculator.com.au/,,
pay calculator australia,40500,34,4,paycalculator.com.au,1,https://paycalculator.com.au/,,
payment calculator australia,40500,28,4,paycalculator.com.au,1,https://paycalculator.com.au/,,
aus tax calculator,40500,15,2,paycalculator.com.au,3,https://paycalculator.com.au/,,
australia tax estimate,40500,25,2,paycalculator.com.au,5,https://paycalculator.com.au/,,
salary calculator australia,40500,39,3,paycalculator.com.au,1,https://paycalculator.com.au/,,
tax calculator australia,40500,15,2,paycalculator.com.au,3,https://paycalculator.com.au/,,
taxation calculator australia,40500,6,2,paycalculator.com.au,3,https://paycalculator.com.au/,,
australia tax calculator,40500,8,1,paycalculator.com.au,3,https://paycalculator.com.au/,,
australia taxation calculator,40500,24,1,paycalculator.com.au,4,https://paycalculator.com.au/,,
australian tax calculator,40500,13,1,paycalculator.com.au,3,https://paycalculator.com.au/,,
bank bsb lookup,40500,14,1,atotaxrates.info,11,https://atotaxrates.info/numbers/bsb-search/,,
bsb branch lookup,40500,5,1,atotaxrates.info,7,https://atotaxrates.info/numbers/bsb-search/,,
bsb finder,40500,14,1,atotaxrates.info,8,https://atotaxrates.info/numbers/bsb-search/,,
bsb lookup,40500,5,1,atotaxrates.info,6,https://atotaxrates.info/numbers/bsb-search/,,
bsb number finder,40500,5,1,atotaxrates.info,14,https://atotaxrates.info/numbers/bsb-search/,,
bsb number search,40500,14,1,atotaxrates.info,10,https://atotaxrates.info/numbers/bsb-search/,,
bsb search,40500,14,1,atotaxrates.info,6,https://atotaxrates.info/numbers/bsb-search/,,
lookup bsb,40500,7,1,atotaxrates.info,11,https://atotaxrates.info/numbers/bsb-search/,,
search bank bsb,40500,14,1,atotaxrates.info,13,https://atotaxrates.info/numbers/bsb-search/,,
search for bsb,40500,14,1,atotaxrates.info,15,https://atotaxrates.info/numbers/bsb-search/,,
hours calculator,33100,32,1,wagecalculator.com.au,13,https://www.wagecalculator.com.au/work-hours-calculator,,
average yearly salary australia,27100,6,1,salaryaftertax.com,18,https://salaryaftertax.com/salary-calculator/australia,,
tax table weekly,27100,0,1,wagecalculator.com.au,17,https://www.wagecalculator.com.au/tax-rates/weekly-tax-table,34,https://pay-calculator-australia.com/weekly-tax-table/
tax tables weekly,27100,0,1,wagecalculator.com.au,15,https://www.wagecalculator.com.au/tax-rates/weekly-tax-table,34,https://pay-calculator-australia.com/weekly-tax-table/
tax weekly table,27100,0,1,wagecalculator.com.au,17,https://www.wagecalculator.com.au/tax-rates/weekly-tax-table,34,https://pay-calculator-australia.com/weekly-tax-table/
tax withheld calculator,27100,38,2,paycalculator.com.au,6,https://paycalculator.com.au/,79,https://pay-calculator-australia.com/
tax withholding estimator,27100,11,3,paycalculator.com.au,7,https://paycalculator.com.au/,,
taxation tables weekly,27100,0,2,wagecalculator.com.au,12,https://www.wagecalculator.com.au/tax-rates/weekly-tax-table,33,https://pay-calculator-australia.com/weekly-tax-table/
weekly tax table,27100,0,1,wagecalculator.com.au,9,https://www.wagecalculator.com.au/tax-rates/weekly-tax-table,33,https://pay-calculator-australia.com/weekly-tax-table/
withholding tax calculation,27100,25,2,paycalculator.com.au,5,https://paycalculator.com.au/,,
withholdings tax calculator,27100,12,2,paycalculator.com.au,7,https://paycalculator.com.au/,80,https://pay-calculator-australia.com/
payment of wages,27100,14,1,fairworkmate.com.au,16,https://fairworkmate.com.au/blog/not-been-paid-what-to-do,,
withholding tax calculator,27100,10,1,paycalculator.com.au,8,https://paycalculator.com.au/,,
ato tax calculator,22200,38,3,paycalculator.com.au,4,https://paycalculator.com.au/,,
tax calculator australia ato,22200,39,2,paycalculator.com.au,8,https://paycalculator.com.au/,,
adp salary paycheck calculator,22200,35,4,paycalculator.com.au,8,https://paycalculator.com.au/,,
aus pay calculator,22200,11,4,paycalculator.com.au,1,https://paycalculator.com.au/,67,https://pay-calculator-australia.com/pay-calculator-wa/
aus wage calculator,22200,6,4,paycalculator.com.au,1,https://paycalculator.com.au/,,
australia pay calculator,22200,11,4,paycalculator.com.au,1,https://paycalculator.com.au/,,
australia payment calculator,22200,8,4,paycalculator.com.au,1,https://paycalculator.com.au/,,
australia wage calculator,22200,16,4,paycalculator.com.au,1,https://paycalculator.com.au/,,
pay,22200,53,3,paycalculator.com.au,1,https://paycalculator.com.au/,,
payg calculator,22200,24,4,paycalculator.com.au,2,https://paycalculator.com.au/,,
salary pay calculator australia,22200,34,4,paycalculator.com.au,1,https://paycalculator.com.au/,,
salary paycheck calculator adp,22200,35,4,paycalculator.com.au,5,https://paycalculator.com.au/,,
tax calculator ato,22200,38,2,paycalculator.com.au,5,https://paycalculator.com.au/,,
youth allowance,22200,3,1,fairworkmate.com.au,8,https://fairworkmate.com.au/tools/youth-allowance,,
tax calculator 2026,22200,38,1,paycalculator.com.au,3,https://paycalculator.com.au/,,
ato contact,22200,10,1,atotaxrates.info,17,https://atotaxrates.info/ato-contacts/,,
australian tax rates,22200,37,1,atotaxrates.info,14,https://atotaxrates.info/,42,https://pay-calculator-australia.com/tax-brackets/
contact ato,22200,13,1,atotaxrates.info,17,https://atotaxrates.info/ato-contacts/,,
tax rates australia,22200,37,1,atotaxrates.info,13,https://atotaxrates.info/,51,https://pay-calculator-australia.com/tax-brackets/
tax scale australia,22200,32,1,atotaxrates.info,20,https://atotaxrates.info/,49,https://pay-calculator-australia.com/tax-brackets/
taxation australia rates,22200,37,1,atotaxrates.info,17,https://atotaxrates.info/,,
taxation scale australia,22200,37,1,atotaxrates.info,9,https://atotaxrates.info/,38,https://pay-calculator-australia.com/tax-brackets/
weekly tax calculator,18100,9,4,paycalculator.com.au,2,https://paycalculator.com.au/,,
calculator increase percentage,18100,27,1,australiapaycalculator.com.au,18,https://australiapaycalculator.com.au/percentage-calculator/,,
increase by percentage calculator,18100,27,1,australiapaycalculator.com.au,16,https://australiapaycalculator.com.au/percentage-calculator/,,
melbourne bank holidays,18100,44,1,australiapaycalculator.com.au,16,https://australiapaycalculator.com.au/australian-public-holidays/,,
percentage increase calculator,18100,27,1,australiapaycalculator.com.au,20,https://australiapaycalculator.com.au/percentage-calculator/,,
public holidays melbourne,18100,36,1,australiapaycalculator.com.au,20,https://australiapaycalculator.com.au/australian-public-holidays/,,
public holidays victoria melbourne,18100,15,1,australiapaycalculator.com.au,19,https://australiapaycalculator.com.au/australian-public-holidays/,,
ato marginal tax rates,18100,37,1,atotaxrates.info,7,https://atotaxrates.info/,,
ato tax brackets,18100,37,1,atotaxrates.info,9,https://atotaxrates.info/,68,https://pay-calculator-australia.com/tax-brackets/
ato tax rate,18100,36,1,atotaxrates.info,10,https://atotaxrates.info/,,
ato tax rates,18100,32,1,atotaxrates.info,6,https://atotaxrates.info/,,
tax ato rates,18100,37,1,atotaxrates.info,12,https://atotaxrates.info/,,
take home pay to salary calculator,14800,1,5,paycalculator.com.au,2,https://paycalculator.com.au/,,
calculate take home salary,14800,1,4,paycalculator.com.au,1,https://paycalculator.com.au/,,
cut interest rates,14800,31,1,paycal.com.au,19,https://paycal.com.au/rate-cut-calculator/,,
pay calculator adp,14800,40,3,paycalculator.com.au,8,https://paycalculator.com.au/,,
paycheck calculator take home,14800,12,4,paycalculator.com.au,1,https://paycalculator.com.au/,,
payroll calculator adp,14800,28,4,paycalculator.com.au,8,https://paycalculator.com.au/,,
salary tax calculator australia,14800,38,3,paycalculator.com.au,2,https://paycalculator.com.au/,,
take home pay cal,14800,4,4,paycalculator.com.au,1,https://paycalculator.com.au/,,
take home pay calculator,14800,4,4,paycalculator.com.au,1,https://paycalculator.com.au/,,
taxable income calculator australia,14800,11,3,paycalculator.com.au,3,https://paycalculator.com.au/,,
australia personal tax calculator,14800,38,2,paycalculator.com.au,4,https://paycalculator.com.au/,,
australian income tax calculator,14800,13,2,paycalculator.com.au,3,https://paycalculator.com.au/,,
income tax calculator australia,14800,13,2,paycalculator.com.au,3,https://paycalculator.com.au/,,
tax on income calculator australia,14800,38,2,paycalculator.com.au,3,https://paycalculator.com.au/,,
tax rate calculator australia,14800,38,2,paycalculator.com.au,3,https://paycalculator.com.au/,,
au income tax calculator,14800,28,2,paycalculator.com.au,3,https://paycalculator.com.au/,,
centrelink christmas payment dates,14800,0,1,fairworkmate.com.au,11,https://fairworkmate.com.au/tools/centrelink-payment-dates,,
centrelink youth allowance,14800,1,1,fairworkmate.com.au,11,https://fairworkmate.com.au/tools/youth-allowance,,
jobseeker payment,14800,0,1,fairworkmate.com.au,12,https://fairworkmate.com.au/wiki/centrelink-payment-rates,,
jobseeker's payment,14800,0,1,fairworkmate.com.au,11,https://fairworkmate.com.au/wiki/centrelink-payment-rates,,
resignation letter,14800,7,1,fairworkmate.com.au,20,https://fairworkmate.com.au/templates/resignation-letter,,
youth allowance centrelink,14800,2,1,fairworkmate.com.au,17,https://fairworkmate.com.au/tools/youth-allowance,,
aus income tax calculator,14800,28,1,paycalculator.com.au,3,https://paycalculator.com.au/,,
australia income tax calculator,14800,28,1,paycalculator.com.au,3,https://paycalculator.com.au/,,
basic tax calculator,14800,12,1,paycalculator.com.au,5,https://paycalculator.com.au/,,
simple tax calculator,14800,28,1,paycalculator.com.au,3,https://paycalculator.com.au/,,
centrelink payments increase,14800,2,1,atotaxrates.info,10,https://atotaxrates.info/centrelink-payment-rates/,,
increase in centrelink payments,14800,0,1,atotaxrates.info,14,https://atotaxrates.info/centrelink-payment-rates/,,
tax brackets 2026,14800,32,1,atotaxrates.info,15,https://atotaxrates.info/,63,https://pay-calculator-australia.com/tax-brackets/
tax rates,14800,32,1,atotaxrates.info,19,https://atotaxrates.info/,53,https://pay-calculator-australia.com/tax-brackets/
taxation rates,14800,37,1,atotaxrates.info,18,https://atotaxrates.info/,52,https://pay-calculator-australia.com/tax-brackets/
au gst calculator,12100,10,2,australiapaycalculator.com.au,16,https://australiapaycalculator.com.au/gst-calculator/,,
gst calculator au,12100,8,1,atotaxcalculator.com.au,15,https://atotaxcalculator.com.au/gst-calculator,,
gst calculator australia,12100,8,2,atotaxcalculator.com.au,15,https://atotaxcalculator.com.au/gst-calculator,,
paycheck calculator smartasset,12100,21,3,wagecalculator.com.au,3,https://www.wagecalculator.com.au/,,
smart assets paycheck calculator,12100,41,4,paycalculator.com.au,4,https://paycalculator.com.au/,36,https://pay-calculator-australia.com/
smartasset paycheck calculator,12100,19,3,wagecalculator.com.au,5,https://www.wagecalculator.com.au/,,
calculate time for work,12100,27,1,wagecalculator.com.au,18,https://www.wagecalculator.com.au/work-hours-calculator,,
calculator job hours,12100,10,1,wagecalculator.com.au,3,https://www.wagecalculator.com.au/work-hours-calculator,,
count hours worked,12100,27,1,wagecalculator.com.au,11,https://www.wagecalculator.com.au/work-hours-calculator,,
hours worked calculator,12100,29,1,wagecalculator.com.au,9,https://www.wagecalculator.com.au/work-hours-calculator,,
how many hour in a week,12100,5,1,wagecalculator.com.au,19,https://www.wagecalculator.com.au/work-hours-calculator,,
how many hour in a year,12100,4,1,wagecalculator.com.au,6,https://www.wagecalculator.com.au/hourly-to-salary-calculator,62,https://pay-calculator-australia.com/hourly-to-annual-salary-calculator/
how many hr in a year,12100,4,1,wagecalculator.com.au,6,https://www.wagecalculator.com.au/hourly-to-salary-calculator,48,https://pay-calculator-australia.com/hourly-to-annual-salary-calculator/
investment calculator,12100,39,1,wagecalculator.com.au,16,https://www.wagecalculator.com.au/investment-calculator,,
tax calculator 2025,12100,38,2,paycalculator.com.au,3,https://paycalculator.com.au/,,
work hours calculator,12100,29,1,wagecalculator.com.au,9,https://www.wagecalculator.com.au/work-hours-calculator,,
working day hours calculator,12100,15,1,wagecalculator.com.au,10,https://www.wagecalculator.com.au/work-hours-calculator,,
what is the minimum wage in australia,12100,23,1,fairworkmate.com.au,16,https://fairworkmate.com.au/tools/minimum-wage,,
tax calculator turbotax,12100,63,1,paycalculator.com.au,15,https://paycalculator.com.au/,,
turbotax calculator,12100,67,1,paycalculator.com.au,20,https://paycalculator.com.au/,,
centrelink one off payment 2025,12100,19,1,atotaxrates.info,10,https://atotaxrates.info/centrelink-payment-rates/,,
centrelink one-off payment 2025,12100,20,1,atotaxrates.info,9,https://atotaxrates.info/centrelink-payment-rates/,,
centrelink one-off payments 2025,12100,22,1,atotaxrates.info,12,https://atotaxrates.info/centrelink-payment-rates/,,
wage calculator,9900,12,4,paycalculator.com.au,2,https://paycalculator.com.au/,,
wages calculator,9900,33,4,paycalculator.com.au,2,https://paycalculator.com.au/,,
hours,9900,29,1,wagecalculator.com.au,13,https://www.wagecalculator.com.au/work-hours-calculator,,
pay rates victorian teachers,9900,0,1,wagecalculator.com.au,8,https://www.wagecalculator.com.au/teacher-salaries/vic,,
salary teacher victoria,9900,0,1,wagecalculator.com.au,7,https://www.wagecalculator.com.au/teacher-salaries/vic,,
teacher pay rates victoria,9900,0,1,wagecalculator.com.au,8,https://www.wagecalculator.com.au/teacher-salaries/vic,,
teacher salaries vic,9900,0,1,wagecalculator.com.au,7,https://www.wagecalculator.com.au/teacher-salaries/vic,38,https://pay-calculator-australia.com/teacher-pay-australia/
teacher salary in victoria,9900,0,1,wagecalculator.com.au,9,https://www.wagecalculator.com.au/teacher-salaries/vic,42,https://pay-calculator-australia.com/teacher-pay-australia/
teacher salary in victoria australia,9900,1,1,wagecalculator.com.au,19,https://www.wagecalculator.com.au/teacher-salaries/vic,32,https://pay-calculator-australia.com/teacher-pay-australia/
teacher salary vic,9900,0,1,wagecalculator.com.au,9,https://www.wagecalculator.com.au/teacher-salaries/vic,36,https://pay-calculator-australia.com/teacher-pay-australia/
teacher salary victoria australia,9900,0,1,wagecalculator.com.au,12,https://www.wagecalculator.com.au/teacher-salaries/vic,,
teacher victoria salary,9900,2,1,wagecalculator.com.au,12,https://www.wagecalculator.com.au/teacher-salaries/vic,42,https://pay-calculator-australia.com/teacher-pay-australia/vic/
teacher wage victoria,9900,1,1,wagecalculator.com.au,12,https://www.wagecalculator.com.au/teacher-salaries/vic,42,https://pay-calculator-australia.com/teacher-pay-australia/vic/
teacher wages victoria,9900,0,1,wagecalculator.com.au,7,https://www.wagecalculator.com.au/teacher-salaries/vic,,
teachers pay victoria,9900,2,1,wagecalculator.com.au,10,https://www.wagecalculator.com.au/teacher-salaries/vic,35,https://pay-calculator-australia.com/teacher-pay-australia/vic/
teachers salaries victoria,9900,0,1,wagecalculator.com.au,11,https://www.wagecalculator.com.au/teacher-salaries/vic,,
teachers salary victoria,9900,0,1,wagecalculator.com.au,7,https://www.wagecalculator.com.au/teacher-salaries/vic,,
teachers victoria salary,9900,1,1,wagecalculator.com.au,20,https://www.wagecalculator.com.au/teacher-salaries/vic,,
teachers wages victoria,9900,0,1,wagecalculator.com.au,9,https://www.wagecalculator.com.au/teacher-salaries/vic,,
teaching in victoria salary,9900,0,1,wagecalculator.com.au,13,https://www.wagecalculator.com.au/teacher-salaries/vic,38,https://pay-calculator-australia.com/teacher-pay-australia/
teaching salaries victoria,9900,0,1,wagecalculator.com.au,7,https://www.wagecalculator.com.au/teacher-salaries/vic,,
teaching salary vic,9900,0,1,wagecalculator.com.au,10,https://www.wagecalculator.com.au/teacher-salaries/vic,,
teaching victoria salary,9900,0,1,wagecalculator.com.au,8,https://www.wagecalculator.com.au/teacher-salaries/vic,,
teaching wages victoria,9900,0,1,wagecalculator.com.au,7,https://www.wagecalculator.com.au/teacher-salaries/vic,,
vic teacher pay,9900,0,2,wagecalculator.com.au,8,https://www.wagecalculator.com.au/teacher-salaries/vic,,
vic teacher salary,9900,0,1,wagecalculator.com.au,8,https://www.wagecalculator.com.au/teacher-salaries/vic,,
victorian teacher salary,9900,0,1,wagecalculator.com.au,6,https://www.wagecalculator.com.au/teacher-salaries/vic,,
victorian teachers salary,9900,0,1,wagecalculator.com.au,11,https://www.wagecalculator.com.au/teacher-salaries/vic,,
calculate family tax benefit,9900,2,1,fairworkmate.com.au,5,https://fairworkmate.com.au/tools/family-tax-benefit,,
calculator family tax benefit,9900,22,2,fairworkmate.com.au,5,https://fairworkmate.com.au/tools/family-tax-benefit,,
calculator for family tax benefit,9900,2,2,fairworkmate.com.au,7,https://fairworkmate.com.au/tools/family-tax-benefit,,
estimate family tax benefit,9900,8,1,fairworkmate.com.au,11,https://fairworkmate.com.au/tools/family-tax-benefit,,
family tax benefit a calculator,9900,0,1,fairworkmate.com.au,6,https://fairworkmate.com.au/tools/family-tax-benefit,,
family tax benefit calculator,9900,0,1,fairworkmate.com.au,12,https://fairworkmate.com.au/tools/family-tax-benefit,,
family tax payment calculator,9900,8,2,fairworkmate.com.au,5,https://fairworkmate.com.au/tools/family-tax-benefit,,
pro rata,9900,3,1,fairworkmate.com.au,17,https://fairworkmate.com.au/tools/pro-rata-calculator,,
family tax a calculator,9900,8,1,paycalculator.com.au,9,https://paycalculator.com.au/,,
tax rates 2026,9900,36,1,atotaxrates.info,6,https://atotaxrates.info/,68,https://pay-calculator-australia.com/tax-brackets/
tax tables,9900,23,1,atotaxrates.info,20,https://atotaxrates.info/,,
adp calculator paycheck,8100,23,3,paycalculator.com.au,12,https://paycalculator.com.au/,50,https://pay-calculator-australia.com/
adp paycheck calculator,8100,27,4,paycalculator.com.au,12,https://paycalculator.com.au/,44,https://pay-calculator-australia.com/
paycalc,8100,26,3,paycalculator.com.au,1,https://paycalculator.com.au/,,
paycheck calculator adp,8100,26,3,paycalculator.com.au,10,https://paycalculator.com.au/,,
payment calculator adp,8100,31,3,paycalculator.com.au,10,https://paycalculator.com.au/,,
salary calculator adp,8100,36,3,paycalculator.com.au,9,https://paycalculator.com.au/,53,https://pay-calculator-australia.com/annual-pay-calculator/
how much tax should i be paying,8100,11,2,paycalculator.com.au,4,https://paycalculator.com.au/,,
how much tax should i pay,8100,11,2,paycalculator.com.au,4,https://paycalculator.com.au/,50,https://pay-calculator-australia.com/
how much tax will i pay,8100,13,2,paycalculator.com.au,3,https://paycalculator.com.au/,,
vic teachers salary,8100,0,1,wagecalculator.com.au,12,https://www.wagecalculator.com.au/teacher-salaries/vic,,
vic teaching salary,8100,0,1,wagecalculator.com.au,7,https://www.wagecalculator.com.au/teacher-salaries/vic,,
what is the salary,8100,30,1,wagecalculator.com.au,13,https://www.wagecalculator.com.au/,,
long weekend this weekend,8100,52,1,australiapaycalculator.com.au,17,https://australiapaycalculator.com.au/long-weekends-planner/,,
long weekends,8100,52,1,australiapaycalculator.com.au,14,https://australiapaycalculator.com.au/long-weekends-planner/,,
fast food award,8100,13,1,fairworkmate.com.au,17,https://fairworkmate.com.au/tools/pay-rates/industry/fast-food,,
parenting payment single,8100,0,1,fairworkmate.com.au,2,https://fairworkmate.com.au/tools/parenting-payment,,
resignation letter template,8100,9,1,fairworkmate.com.au,20,https://fairworkmate.com.au/templates/resignation-letter,,
centrelink $380 $1550 deposit,8100,11,1,atotaxrates.info,13,https://atotaxrates.info/centrelink-payment-rates/,,
centrelink payment increase 2025,8100,6,1,atotaxrates.info,11,https://atotaxrates.info/centrelink-payment-rates/,,
centrelink payment increases 2025,8100,0,1,atotaxrates.info,10,https://atotaxrates.info/centrelink-payment-rates/,,
centrelink payments increase 2025,8100,0,1,atotaxrates.info,10,https://atotaxrates.info/centrelink-payment-rates/,,
fuel tax credit calculator,8100,0,1,atotaxrates.info,10,https://atotaxrates.info/businesses/fuel-tax-credit/,,
tax fuel credit calculator,8100,0,1,atotaxrates.info,16,https://atotaxrates.info/businesses/fuel-tax-credit/,,
tax rate 2025,8100,32,1,atotaxrates.info,17,https://atotaxrates.info/,75,https://pay-calculator-australia.com/tax-brackets/
calculate hecs repayments,6600,2,3,paycalculator.com.au,2,https://paycalculator.com.au/student-loan/,47,https://pay-calculator-australia.com/hecs-help-calculator/
hecs repayment calculator,6600,1,3,paycalculator.com.au,2,https://paycalculator.com.au/student-loan/,,
calculate wages after tax,6600,7,4,paycalculator.com.au,1,https://paycalculator.com.au/,,
post tax income calculator,6600,7,5,paycalculator.com.au,2,https://paycalculator.com.au/,70,https://pay-calculator-australia.com/
salary after tax calculator,6600,8,5,paycalculator.com.au,2,https://paycalculator.com.au/,71,https://pay-calculator-australia.com/monthly-pay-calculator/
after tax income calculator,6600,7,4,paycalculator.com.au,2,https://paycalculator.com.au/,44,https://pay-calculator-australia.com/
calculate earnings after tax,6600,13,4,paycalculator.com.au,2,https://paycalculator.com.au/,,
estimating net pay,6600,14,4,paycalculator.com.au,3,https://paycalculator.com.au/,49,https://pay-calculator-australia.com/gross-pay-calculator/
net income calculator,6600,1,4,paycalculator.com.au,2,https://paycalculator.com.au/,54,https://pay-calculator-australia.com/gross-pay-calculator/
net wage calculator,6600,0,4,paycalculator.com.au,1,https://paycalculator.com.au/,45,https://pay-calculator-australia.com/monthly-pay-calculator/
pay after tax calculator,6600,7,4,paycalculator.com.au,1,https://paycalculator.com.au/,44,https://pay-calculator-australia.com/monthly-pay-calculator/
salary,6600,17,3,paycalculator.com.au,1,https://paycalculator.com.au/,,
tax refund australia,6600,30,1,paycal.com.au,20,https://paycal.com.au/blogs/maximizing-tax-refund-australia/,,
fair work pay calculator,6600,17,4,paycalculator.com.au,4,https://paycalculator.com.au/,,
land tax in new south wales,6600,9,1,wagecalculator.com.au,18,https://www.wagecalculator.com.au/land-tax-calculator/nsw,,
long service leave calculator,6600,2,1,wagecalculator.com.au,6,https://www.wagecalculator.com.au/long-service-leave-calculator/qld,61,https://pay-calculator-australia.com/long-service-leave-calculator/
marginal rate,6600,21,1,wagecalculator.com.au,19,https://www.wagecalculator.com.au/tax-rates,,
marginal tax rates,6600,32,1,wagecalculator.com.au,20,https://www.wagecalculator.com.au/tax-rates,53,https://pay-calculator-australia.com/tax-brackets/
tax refund estimate,6600,7,1,wagecalculator.com.au,20,https://www.wagecalculator.com.au/tax-return-calculator,,
jobseeker allowance,6600,7,1,fairworkmate.com.au,6,https://fairworkmate.com.au/wiki/centrelink-payment-rates,,
minimum wage australia 2025,6600,26,1,fairworkmate.com.au,19,https://fairworkmate.com.au/blog/minimum-wage-2026-australia,,
parenting payment,6600,3,1,fairworkmate.com.au,8,https://fairworkmate.com.au/tools/parenting-payment,,
ato exchange rates,6600,10,1,atotaxrates.info,9,https://atotaxrates.info/numbers/exchange-rates/,,
ato foreign exchange rate,6600,13,1,atotaxrates.info,10,https://atotaxrates.info/numbers/exchange-rates/,,
ato foreign exchange rates,6600,8,1,atotaxrates.info,13,https://atotaxrates.info/numbers/exchange-rates/,,
centrelink bonus payment 2025,6600,7,1,atotaxrates.info,12,https://atotaxrates.info/centrelink-payment-rates/,,
centrelink bonus payment 2025 when will it be paid,6600,8,1,atotaxrates.info,9,https://atotaxrates.info/centrelink-payment-rates/,,
centrelink bonus payments 2025,6600,9,1,atotaxrates.info,9,https://atotaxrates.info/centrelink-payment-rates/,,
centrelink bonus payments 2025 when will it be paid,6600,3,1,atotaxrates.info,9,https://atotaxrates.info/centrelink-payment-rates/,,
currency conversion ato,6600,17,1,atotaxrates.info,20,https://atotaxrates.info/numbers/exchange-rates/,,
exchange rate ato,6600,14,1,atotaxrates.info,7,https://atotaxrates.info/numbers/exchange-rates/,,
exchange rates ato,6600,11,1,atotaxrates.info,8,https://atotaxrates.info/numbers/exchange-rates/,,
foreign exchange ato,6600,23,1,atotaxrates.info,20,https://atotaxrates.info/numbers/exchange-rates/,,
foreign exchange rate ato,6600,13,1,atotaxrates.info,11,https://atotaxrates.info/numbers/exchange-rates/,,
foreign exchange rates ato,6600,9,1,atotaxrates.info,8,https://atotaxrates.info/numbers/exchange-rates/,,
forex rate ato,6600,11,1,atotaxrates.info,14,https://atotaxrates.info/numbers/exchange-rates/,,
forex rates ato,6600,11,1,atotaxrates.info,12,https://atotaxrates.info/numbers/exchange-rates/,,
fx rate ato,6600,9,1,atotaxrates.info,17,https://atotaxrates.info/numbers/exchange-rates/,,
fx rates ato,6600,9,1,atotaxrates.info,14,https://atotaxrates.info/numbers/exchange-rates/,,
taxation rates 2025,6600,32,1,atotaxrates.info,17,https://atotaxrates.info/,,
ato withholding tax calculator,5400,38,3,paycalculator.com.au,7,https://paycalculator.com.au/,,
tax withholding calculator ato,5400,38,3,paycalculator.com.au,9,https://paycalculator.com.au/,,
salary take home pay calculator australia,5400,4,5,paycalculator.com.au,1,https://paycalculator.com.au/,,
calculate net salary,5400,1,3,paycalculator.com.au,1,https://paycalculator.com.au/,46,https://pay-calculator-australia.com/monthly-pay-calculator/
create invoice free,5400,57,1,paycal.com.au,19,https://paycal.com.au/invoice-generator/,,
net pay calculator,5400,3,4,paycalculator.com.au,1,https://paycalculator.com.au/,40,https://pay-calculator-australia.com/gross-pay-calculator/
paycheck net calculator,5400,53,4,paycalculator.com.au,1,https://paycalculator.com.au/,57,https://pay-calculator-australia.com/
take home pay calculator australia,5400,5,4,paycalculator.com.au,1,https://paycalculator.com.au/,,
annual leave calculator,5400,0,1,wagecalculator.com.au,18,https://www.wagecalculator.com.au/annual-leave-calculator,49,https://pay-calculator-australia.com/leave-calculator/
ato tax withheld calculator,5400,38,2,paycalculator.com.au,10,https://paycalculator.com.au/,,
australian army rank,5400,0,1,wagecalculator.com.au,20,https://www.wagecalculator.com.au/adf-pay/army,,
australian army ranks,5400,0,1,wagecalculator.com.au,12,https://www.wagecalculator.com.au/adf-pay/army,,
fortnightly tax calculator,5400,23,2,paycalculator.com.au,6,https://paycalculator.com.au/,34,https://pay-calculator-australia.com/fortnightly-pay-calculator/
long service leave qld,5400,3,1,wagecalculator.com.au,15,https://www.wagecalculator.com.au/long-service-leave-calculator/qld,,
redundancy pay calculator,5400,0,2,fairworkmate.com.au,2,https://fairworkmate.com.au/tools/redundancy-pay,56,https://pay-calculator-australia.com/redundancy-pay-calculator/
easter public holidays,5400,66,1,australiapaycalculator.com.au,19,https://australiapaycalculator.com.au/australian-public-holidays/,,
tax calculator fortnightly,5400,23,2,paycalculator.com.au,7,https://paycalculator.com.au/,36,https://pay-calculator-australia.com/fortnightly-pay-calculator/
award for hospitality,5400,0,1,fairworkmate.com.au,8,https://fairworkmate.com.au/tools/pay-rates/hospitality,,
award for hospitality industry,5400,0,1,fairworkmate.com.au,17,https://fairworkmate.com.au/tools/pay-rates/hospitality,,
award hospitality,5400,0,1,fairworkmate.com.au,14,https://fairworkmate.com.au/tools/pay-rates/hospitality,,
award hospitality industry,5400,0,1,fairworkmate.com.au,13,https://fairworkmate.com.au/tools/pay-rates/hospitality,,
awards hospitality,5400,0,1,fairworkmate.com.au,12,https://fairworkmate.com.au/tools/pay-rates/hospitality,,
hospitality award,5400,0,1,fairworkmate.com.au,14,https://fairworkmate.com.au/tools/pay-rates/hospitality,56,https://pay-calculator-australia.com/hospitality-award-rates/
hospitality industry awards,5400,0,1,fairworkmate.com.au,10,https://fairworkmate.com.au/tools/pay-rates/hospitality,,
job seekers allowance,5400,1,1,fairworkmate.com.au,7,https://fairworkmate.com.au/wiki/centrelink-payment-rates,,
jobseekers allowance,5400,1,1,fairworkmate.com.au,19,https://fairworkmate.com.au/wiki/centrelink-payment-rates,,
letter of resignation template,5400,2,1,fairworkmate.com.au,19,https://fairworkmate.com.au/templates/resignation-letter,,
redundancy calculator,5400,2,1,fairworkmate.com.au,4,https://fairworkmate.com.au/tools/redundancy-pay,57,https://pay-calculator-australia.com/redundancy-pay-calculator/
taxcalc,5400,9,1,paycalculator.com.au,14,https://paycalculator.com.au/,,
aus tax,5400,49,1,atotaxrates.info,14,https://atotaxrates.info/,,
centrelink october 2025 payments,5400,8,1,atotaxrates.info,12,https://atotaxrates.info/centrelink-payment-rates/,,
centrelink one off payment november 2025,5400,11,1,atotaxrates.info,11,https://atotaxrates.info/centrelink-payment-rates/,,
centrelink one-off payment november 2025,5400,11,1,atotaxrates.info,11,https://atotaxrates.info/centrelink-payment-rates/,,
centrelink payment increase september 2025,5400,12,1,atotaxrates.info,13,https://atotaxrates.info/centrelink-payment-rates/,,
centrelink payments increase october 2025,5400,9,1,atotaxrates.info,13,https://atotaxrates.info/centrelink-payment-rates/,,
income and tax rates,5400,32,1,atotaxrates.info,19,https://atotaxrates.info/,61,https://pay-calculator-australia.com/tax-brackets/
income tax rates,5400,32,1,atotaxrates.info,18,https://atotaxrates.info/,59,https://pay-calculator-australia.com/tax-brackets/
nsw payroll tax,5400,0,1,atotaxrates.info,16,https://atotaxrates.info/businesses/payroll-tax/payroll-tax-nsw/,,
payroll tax nsw,5400,5,1,atotaxrates.info,18,https://atotaxrates.info/businesses/payroll-tax/payroll-tax-nsw/,,
weekly tax table 2025,5400,0,1,atotaxrates.info,17,https://atotaxrates.info/payg-tax-tables/,34,https://pay-calculator-australia.com/weekly-tax-table/
hecs help loan repayments,4400,17,3,paycalculator.com.au,10,https://paycalculator.com.au/student-loan/,44,https://pay-calculator-australia.com/hecs-help-guide/
hecs repayments,4400,8,4,paycalculator.com.au,8,https://paycalculator.com.au/student-loan/,39,https://pay-calculator-australia.com/hecs-help-guide/
payg tax calculator,4400,41,3,paycalculator.com.au,2,https://paycalculator.com.au/,,
income calculator,4400,7,3,paycalculator.com.au,1,https://paycalculator.com.au/,,
paycheck calculator,4400,53,4,paycalculator.com.au,1,https://paycalculator.com.au/,,
payroll calculator,4400,11,4,paycalculator.com.au,1,https://paycalculator.com.au/,41,https://pay-calculator-australia.com/monthly-pay-calculator/
repayment of hecs,4400,14,2,paycalculator.com.au,12,https://paycalculator.com.au/student-loan/,48,https://pay-calculator-australia.com/hecs-help-guide/
ato simple tax calculator,4400,38,2,paycalculator.com.au,6,https://paycalculator.com.au/,,
how much tax do i pay,4400,38,2,paycalculator.com.au,3,https://paycalculator.com.au/,77,https://pay-calculator-australia.com/
new south wales teacher salary,4400,0,1,wagecalculator.com.au,5,https://www.wagecalculator.com.au/teacher-salaries/nsw,,
nsw teacher salary,4400,0,1,wagecalculator.com.au,17,https://www.wagecalculator.com.au/teacher-salaries/nsw,,
nsw teachers salaries,4400,0,1,wagecalculator.com.au,6,https://www.wagecalculator.com.au/teacher-salaries/nsw,,
nsw teachers salary,4400,0,1,wagecalculator.com.au,7,https://www.wagecalculator.com.au/teacher-salaries/nsw,,
nsw teaching salary,4400,0,1,wagecalculator.com.au,4,https://www.wagecalculator.com.au/teacher-salaries/nsw,,
pay rates teachers nsw,4400,0,1,wagecalculator.com.au,9,https://www.wagecalculator.com.au/teacher-salaries/nsw,,
salary for teachers in nsw,4400,0,1,wagecalculator.com.au,12,https://www.wagecalculator.com.au/teacher-salaries/nsw,,
salary of teachers,4400,10,1,wagecalculator.com.au,17,https://www.wagecalculator.com.au/teacher-salaries/wa,,
tax thresholds 2026,4400,37,2,atotaxrates.info,13,https://atotaxrates.info/,64,https://pay-calculator-australia.com/tax-brackets/
teacher income,4400,8,1,wagecalculator.com.au,17,https://www.wagecalculator.com.au/teacher-salaries/qld,,
teacher nsw salary,4400,0,1,wagecalculator.com.au,15,https://www.wagecalculator.com.au/teacher-salaries/nsw,,
teacher salaries,4400,7,1,wagecalculator.com.au,20,https://www.wagecalculator.com.au/teacher-salaries/wa,,
teacher salaries nsw,4400,0,1,wagecalculator.com.au,5,https://www.wagecalculator.com.au/teacher-salaries/nsw,,
teacher salary in nsw,4400,0,1,wagecalculator.com.au,6,https://www.wagecalculator.com.au/teacher-salaries/nsw,34,https://pay-calculator-australia.com/teacher-pay-australia/nsw/
teacher salary nsw,4400,0,1,wagecalculator.com.au,11,https://www.wagecalculator.com.au/teacher-salaries/nsw,,
teacher starting pay,4400,6,1,wagecalculator.com.au,14,https://www.wagecalculator.com.au/teacher-salaries/wa,,
teacher wage nsw,4400,0,1,wagecalculator.com.au,5,https://www.wagecalculator.com.au/teacher-salaries/nsw,,
teacher wages,4400,8,1,wagecalculator.com.au,15,https://www.wagecalculator.com.au/teacher-salaries/wa,,
teacher wages nsw,4400,0,1,wagecalculator.com.au,6,https://www.wagecalculator.com.au/teacher-salaries/nsw,,
teachers income,4400,10,1,wagecalculator.com.au,20,https://www.wagecalculator.com.au/teacher-salaries/nsw,,
teachers nsw salary,4400,0,1,wagecalculator.com.au,19,https://www.wagecalculator.com.au/teacher-salaries/nsw,,
teachers salaries,4400,7,1,wagecalculator.com.au,18,https://www.wagecalculator.com.au/teacher-salaries/nsw,,
teachers salaries nsw,4400,0,1,wagecalculator.com.au,6,https://www.wagecalculator.com.au/teacher-salaries/nsw,,
teachers salary,4400,7,1,wagecalculator.com.au,18,https://www.wagecalculator.com.au/teacher-salaries/wa,,
teachers salary nsw,4400,0,1,wagecalculator.com.au,6,https://www.wagecalculator.com.au/teacher-salaries/nsw,,
teachers wage,4400,7,1,wagecalculator.com.au,16,https://www.wagecalculator.com.au/teacher-salaries/wa,,
teachers wage nsw,4400,0,1,wagecalculator.com.au,7,https://www.wagecalculator.com.au/teacher-salaries/nsw,,
teachers wages nsw,4400,0,1,wagecalculator.com.au,7,https://www.wagecalculator.com.au/teacher-salaries/nsw,,
teaching nsw salary,4400,0,1,wagecalculator.com.au,19,https://www.wagecalculator.com.au/teacher-salaries/nsw,,
teaching pay rates nsw,4400,0,1,wagecalculator.com.au,6,https://www.wagecalculator.com.au/teacher-salaries/nsw,,
teaching salaries nsw,4400,0,1,wagecalculator.com.au,7,https://www.wagecalculator.com.au/teacher-salaries/nsw,,
teaching salary nsw,4400,0,1,wagecalculator.com.au,6,https://www.wagecalculator.com.au/teacher-salaries/nsw,,
teaching wage,4400,7,1,wagecalculator.com.au,18,https://www.wagecalculator.com.au/teacher-salaries/wa,,
teaching wages,4400,7,1,wagecalculator.com.au,16,https://www.wagecalculator.com.au/teacher-salaries/nsw,,
teaching wages nsw,4400,0,1,wagecalculator.com.au,6,https://www.wagecalculator.com.au/teacher-salaries/nsw,,
wage,4400,41,1,wagecalculator.com.au,12,https://www.wagecalculator.com.au/,,
award for retail,4400,0,1,fairworkmate.com.au,15,https://fairworkmate.com.au/tools/pay-rates/retail,,
centrelink payment calculator,4400,4,1,fairworkmate.com.au,11,https://fairworkmate.com.au/tools/jobseeker-payment,,
eligibility for youth allowance,4400,6,1,fairworkmate.com.au,16,https://fairworkmate.com.au/tools/youth-allowance,,
employment hero payroll,4400,50,1,fairworkmate.com.au,15,https://fairworkmate.com.au/employment-hero,,
job seeker pay,4400,1,1,fairworkmate.com.au,15,https://fairworkmate.com.au/wiki/centrelink-payment-rates,,
job seeker payments,4400,0,1,fairworkmate.com.au,15,https://fairworkmate.com.au/wiki/centrelink-payment-rates,,
job seekers pay,4400,3,1,fairworkmate.com.au,18,https://fairworkmate.com.au/wiki/centrelink-payment-rates,,
job seekers payment,4400,1,1,fairworkmate.com.au,19,https://fairworkmate.com.au/wiki/centrelink-payment-rates,,
parenting payment centrelink,4400,3,1,fairworkmate.com.au,13,https://fairworkmate.com.au/tools/parenting-payment,,
pharmacist pay rate,4400,0,1,fairworkmate.com.au,5,https://fairworkmate.com.au/tools/pay-rates/pharmacy,,
retail award,4400,3,1,fairworkmate.com.au,18,https://fairworkmate.com.au/tools/pay-rates/retail,,
retail awards,4400,33,1,fairworkmate.com.au,17,https://fairworkmate.com.au/tools/pay-rates/retail,,
schads award 2026,4400,0,1,fairworkmate.com.au,14,https://fairworkmate.com.au/tools/pay-rates/schads,,
youth allowance eligibility,4400,5,1,fairworkmate.com.au,10,https://fairworkmate.com.au/tools/youth-allowance,,
australian tax calculator simple,4400,25,1,paycalculator.com.au,6,https://paycalculator.com.au/,,
fee help repayment,4400,21,1,paycalculator.com.au,16,https://paycalculator.com.au/student-loan/,38,https://pay-calculator-australia.com/hecs-help-guide/
fee-help repayment,4400,21,1,paycalculator.com.au,16,https://paycalculator.com.au/student-loan/,32,https://pay-calculator-australia.com/hecs-help-guide/
hecs repayment,4400,12,1,paycalculator.com.au,20,https://paycalculator.com.au/student-loan/,58,https://pay-calculator-australia.com/hecs-help-guide/
money calculator,4400,53,1,paycalculator.com.au,5,https://paycalculator.com.au/,,
payment calculator centrelink,4400,0,1,paycalculator.com.au,11,https://paycalculator.com.au/,,
simple tax calculator ato,4400,38,1,paycalculator.com.au,7,https://paycalculator.com.au/,,
australian tax brackets 2026,4400,32,1,atotaxrates.info,19,https://atotaxrates.info/,65,https://pay-calculator-australia.com/tax-brackets/
centrelink christmas bonus 2025,4400,2,1,atotaxrates.info,14,https://atotaxrates.info/centrelink-payment-rates/,,
div 7a calculator,4400,0,1,atotaxrates.info,11,https://atotaxrates.info/businesses/division-7a-benchmark-interest-rates/division-7a-calculator-and-decision-tool/,,
div7a calculator,4400,0,1,atotaxrates.info,11,https://atotaxrates.info/businesses/division-7a-benchmark-interest-rates/division-7a-calculator-and-decision-tool/,,
franking credits,4400,4,1,atotaxrates.info,15,https://atotaxrates.info/businesses/company-tax-rates/dividend-franking-credit-calculators/,,
individual tax rates,4400,32,1,atotaxrates.info,17,https://atotaxrates.info/individual-tax-rates-resident/ato-tax-rates-2025/,61,https://pay-calculator-australia.com/tax-brackets/
tax tables 2025,4400,23,1,atotaxrates.info,14,https://atotaxrates.info/,,
used car depreciation australia,4400,9,1,atotaxrates.info,15,https://atotaxrates.info/tax-deductions/work-related-car-expenses/depreciation-of-vehicles/,,
ato calculator,3600,38,3,paycalculator.com.au,5,https://paycalculator.com.au/,,
low income offset,3600,0,1,atotaxcalculator.com.au,12,https://atotaxcalculator.com.au/low-income-tax-offset-lito,,
low income tax offset,3600,5,1,atotaxcalculator.com.au,8,https://atotaxcalculator.com.au/low-income-tax-offset-lito,46,https://pay-calculator-australia.com/low-income-tax-offset/
wage tax calculator,3600,38,5,paycalculator.com.au,3,https://paycalculator.com.au/,,
adp payroll calculator,3600,20,3,wagecalculator.com.au,13,https://www.wagecalculator.com.au/,,
adp salary calculator,3600,35,4,paycalculator.com.au,8,https://paycalculator.com.au/,,
how much is gst,3600,14,1,paycal.com.au,19,https://paycal.com.au/gst-calculator/,,
motor vehicle stamp duty calculator nsw,3600,2,1,paycal.com.au,19,https://paycal.com.au/vehicle-registration-calculator/,,
pact calculator,3600,12,3,wagecalculator.com.au,11,https://www.wagecalculator.com.au/,64,https://pay-calculator-australia.com/salary-package-calculator/
pay tax calculator,3600,12,3,paycalculator.com.au,1,https://paycalculator.com.au/,,
post tax calculator,3600,10,4,paycalculator.com.au,2,https://paycalculator.com.au/,,
wage and tax calculator,3600,9,3,paycalculator.com.au,1,https://paycalculator.com.au/,75,https://pay-calculator-australia.com/monthly-pay-calculator/
wages and tax calculator,3600,8,3,paycalculator.com.au,1,https://paycalculator.com.au/,75,https://pay-calculator-australia.com/monthly-pay-calculator/
after tax calculator,3600,25,2,paycalculator.com.au,2,https://paycalculator.com.au/,,
long service leave wa,3600,0,1,wagecalculator.com.au,15,https://www.wagecalculator.com.au/long-service-leave-calculator/wa,,
nurses income,3600,0,1,wagecalculator.com.au,18,https://www.wagecalculator.com.au/nursing-salaries/vic,,
nurses salaries,3600,1,1,wagecalculator.com.au,14,https://www.wagecalculator.com.au/nursing-salaries,76,https://pay-calculator-australia.com/healthcare-worker-pay/nsw/
salary sacrifice calculator,3600,16,2,paycalculator.com.au,5,https://paycalculator.com.au/,,
western australia long service leave,3600,0,1,wagecalculator.com.au,20,https://www.wagecalculator.com.au/long-service-leave-calculator/wa,,
long weekend in victoria,3600,37,1,australiapaycalculator.com.au,18,https://australiapaycalculator.com.au/long-weekends-planner/,,
long weekend victoria,3600,36,1,australiapaycalculator.com.au,17,https://australiapaycalculator.com.au/long-weekends-planner/,,
tax brackets australia 2026,3600,37,2,australiapaycalculator.com.au,15,https://australiapaycalculator.com.au/tax-bracket/,68,https://pay-calculator-australia.com/tax-brackets/
award wages hospitality,3600,0,1,fairworkmate.com.au,7,https://fairworkmate.com.au/tools/pay-rates/hospitality,,
centrelink rent assistance calculator,3600,3,1,fairworkmate.com.au,9,https://fairworkmate.com.au/tools/rent-assistance,,
eba lookup,3600,0,1,fairworkmate.com.au,13,https://fairworkmate.com.au/blog/how-to-find-your-enterprise-agreement,,
eba search,3600,0,1,fairworkmate.com.au,9,https://fairworkmate.com.au/blog/how-to-find-your-enterprise-agreement,,
enterprise agreement search,3600,5,1,fairworkmate.com.au,11,https://fairworkmate.com.au/blog/how-to-find-your-enterprise-agreement,,
fast food industry award,3600,0,1,fairworkmate.com.au,17,https://fairworkmate.com.au/tools/pay-rates/industry/fast-food,,
fwc,3600,29,1,fairworkmate.com.au,20,https://fairworkmate.com.au/glossary/fair-work-commission,,
leave loading,3600,0,1,fairworkmate.com.au,12,https://fairworkmate.com.au/blog/leave-loading-17-5-percent-explained,,
manufacturers award,3600,0,1,fairworkmate.com.au,9,https://fairworkmate.com.au/tools/pay-rates/manufacturing,,
manufacturing award,3600,0,1,fairworkmate.com.au,12,https://fairworkmate.com.au/tools/pay-rates/manufacturing,,
miscellaneous award,3600,0,1,fairworkmate.com.au,15,https://fairworkmate.com.au/tools/pay-rates/miscellaneous,,
new south wales workers compensation,3600,4,1,fairworkmate.com.au,16,https://fairworkmate.com.au/state/nsw/workers-compensation,,
nurse salary,3600,0,1,fairworkmate.com.au,18,https://fairworkmate.com.au/tools/pay-rates/nurse-wa,77,https://pay-calculator-australia.com/healthcare-worker-pay/vic/
physio income,3600,0,1,fairworkmate.com.au,20,https://fairworkmate.com.au/tools/pay-rates/job/physiotherapist,,
physio pay rate,3600,0,1,fairworkmate.com.au,8,https://fairworkmate.com.au/tools/pay-rates/job/physiotherapist,,
physiotherapist earnings,3600,0,1,fairworkmate.com.au,15,https://fairworkmate.com.au/tools/pay-rates/job/physiotherapist,,
physiotherapist pay rate,3600,0,1,fairworkmate.com.au,2,https://fairworkmate.com.au/tools/pay-rates/job/physiotherapist,,
physiotherapist salary,3600,0,1,fairworkmate.com.au,15,https://fairworkmate.com.au/tools/pay-rates/job/physiotherapist,,
physiotherapist wage,3600,0,1,fairworkmate.com.au,13,https://fairworkmate.com.au/tools/pay-rates/job/physiotherapist,,
physiotherapists salary,3600,0,1,fairworkmate.com.au,18,https://fairworkmate.com.au/tools/pay-rates/job/physiotherapist,,
physiotherapy pay rate,3600,0,1,fairworkmate.com.au,3,https://fairworkmate.com.au/tools/pay-rates/job/physiotherapist,,
rent assistance calculator,3600,0,1,fairworkmate.com.au,13,https://fairworkmate.com.au/tools/rent-assistance,,
rent assistance calculator centrelink,3600,9,1,fairworkmate.com.au,13,https://fairworkmate.com.au/tools/rent-assistance,,
retail award rate,3600,0,1,fairworkmate.com.au,6,https://fairworkmate.com.au/tools/pay-rates/retail-worker-vic,50,https://pay-calculator-australia.com/retail-award-rates/
retail award rates,3600,0,1,fairworkmate.com.au,8,https://fairworkmate.com.au/tools/pay-rates/retail,,
retail industry award rate,3600,0,1,fairworkmate.com.au,9,https://fairworkmate.com.au/tools/pay-rates/retail,,
retail industry award rates,3600,0,1,fairworkmate.com.au,9,https://fairworkmate.com.au/tools/pay-rates/retail,50,https://pay-calculator-australia.com/retail-award-rates/
salaries for physiotherapists,3600,0,1,fairworkmate.com.au,14,https://fairworkmate.com.au/tools/pay-rates/job/physiotherapist,,
salaries of physiotherapists,3600,0,1,fairworkmate.com.au,17,https://fairworkmate.com.au/tools/pay-rates/job/physiotherapist,,
salary for a physiotherapist,3600,2,1,fairworkmate.com.au,14,https://fairworkmate.com.au/tools/pay-rates/job/physiotherapist,,
salary for physiotherapist,3600,0,1,fairworkmate.com.au,16,https://fairworkmate.com.au/tools/pay-rates/job/physiotherapist,,
salary for physiotherapists,3600,0,1,fairworkmate.com.au,17,https://fairworkmate.com.au/tools/pay-rates/job/physiotherapist,,
salary of a physiotherapist,3600,0,1,fairworkmate.com.au,17,https://fairworkmate.com.au/tools/pay-rates/job/physiotherapist,,
salary of physiotherapist,3600,0,1,fairworkmate.com.au,17,https://fairworkmate.com.au/tools/pay-rates/job/physiotherapist,,
salary of physiotherapy,3600,0,1,fairworkmate.com.au,16,https://fairworkmate.com.au/tools/pay-rates/job/physiotherapist,,
schads awards pay rates,3600,0,1,fairworkmate.com.au,15,https://fairworkmate.com.au/tools/pay-rates/schads,,
2025 centrelink payment,3600,14,1,atotaxrates.info,9,https://atotaxrates.info/centrelink-payment-rates/,,
ato income tax rates,3600,37,1,atotaxrates.info,7,https://atotaxrates.info/,,
ato individual tax rate,3600,39,1,atotaxrates.info,8,https://atotaxrates.info/,,
ato personal tax rates,3600,32,1,atotaxrates.info,7,https://atotaxrates.info/,,
ato tax rate individual,3600,32,1,atotaxrates.info,14,https://atotaxrates.info/,,
ato tax schedule,3600,28,1,atotaxrates.info,10,https://atotaxrates.info/,39,https://pay-calculator-australia.com/weekly-tax-table/
ato tax tables,3600,18,1,atotaxrates.info,11,https://atotaxrates.info/,,
australian tax tables,3600,32,1,atotaxrates.info,15,https://atotaxrates.info/,35,https://pay-calculator-australia.com/tax-brackets/
bas due dates 2026,3600,0,1,atotaxrates.info,20,https://atotaxrates.info/businesses/bas-statement/bas-statement-due-dates/,,
fuel credit,3600,4,1,atotaxrates.info,16,https://atotaxrates.info/businesses/fuel-tax-credit/,,
fuel tax credits,3600,6,1,atotaxrates.info,12,https://atotaxrates.info/businesses/fuel-tax-credit/,,
individual tax rates ato,3600,37,1,atotaxrates.info,10,https://atotaxrates.info/individual-tax-rates-resident/ato-tax-rates-2025/,,
tax offset low income,2900,13,1,atotaxcalculator.com.au,20,https://atotaxcalculator.com.au/low-income-tax-offset-lito,42,https://pay-calculator-australia.com/low-income-tax-offset/
salary after tax,2900,5,3,paycalculator.com.au,1,https://paycalculator.com.au/,44,https://pay-calculator-australia.com/annual-pay-calculator/
nsw car registration cost,2900,2,1,paycal.com.au,19,https://paycal.com.au/vehicle-registration-calculator/,,
nsw car rego cost,2900,2,1,paycal.com.au,17,https://paycal.com.au/vehicle-registration-calculator/,,
nsw rego cost,2900,2,1,paycal.com.au,17,https://paycal.com.au/vehicle-registration-calculator/,,
nsw vehicle registration cost,2900,2,1,paycal.com.au,15,https://paycal.com.au/vehicle-registration-calculator/,,
nsw vehicle registration costs,2900,1,1,paycal.com.au,13,https://paycal.com.au/vehicle-registration-calculator/,,
pay after tax,2900,6,3,paycalculator.com.au,1,https://paycalculator.com.au/,49,https://pay-calculator-australia.com/annual-pay-calculator/
pay finder,2900,34,4,paycalculator.com.au,3,https://paycalculator.com.au/,70,https://pay-calculator-australia.com/pay-calculator-wa/
paye calculator,2900,34,4,paycalculator.com.au,1,https://paycalculator.com.au/,37,https://pay-calculator-australia.com/
salary calculator seek,2900,9,4,paycalculator.com.au,4,https://paycalculator.com.au/,,
seek pay calculator,2900,10,3,wagecalculator.com.au,4,https://www.wagecalculator.com.au/,,
seek salary calculator,2900,3,3,wagecalculator.com.au,5,https://www.wagecalculator.com.au/,,
stamp duty qld car calculator,2900,2,1,paycal.com.au,19,https://paycal.com.au/vehicle-registration-calculator/,,
tax pay calculator,2900,8,3,paycalculator.com.au,1,https://paycalculator.com.au/,,
adf pay scales,2900,0,1,wagecalculator.com.au,3,https://www.wagecalculator.com.au/adf-pay,,
adf ranks,2900,3,1,wagecalculator.com.au,19,https://www.wagecalculator.com.au/adf-pay,,
australia tax refund estimator,2900,17,1,wagecalculator.com.au,20,https://www.wagecalculator.com.au/tax-return-calculator,,
calculate land tax nsw,2900,21,1,wagecalculator.com.au,20,https://www.wagecalculator.com.au/land-tax-calculator/nsw,,
calculating land tax nsw,2900,21,1,wagecalculator.com.au,18,https://www.wagecalculator.com.au/land-tax-calculator/nsw,,
gross income,2900,0,2,paycalculator.com.au,14,https://paycalculator.com.au/,53,https://pay-calculator-australia.com/gross-pay-calculator/
individual tax calculator,2900,38,2,paycalculator.com.au,4,https://paycalculator.com.au/,,
land tax calculator nsw,2900,0,1,wagecalculator.com.au,14,https://www.wagecalculator.com.au/land-tax-calculator/nsw,,
land tax in nsw calculator,2900,9,1,wagecalculator.com.au,16,https://www.wagecalculator.com.au/land-tax-calculator/nsw,,
land tax nsw calculator,2900,21,1,wagecalculator.com.au,18,https://www.wagecalculator.com.au/land-tax-calculator/nsw,,
long service leave calculator nsw,2900,0,1,wagecalculator.com.au,5,https://www.wagecalculator.com.au/long-service-leave-calculator/nsw,55,https://pay-calculator-australia.com/long-service-leave-calculator/
long service leave nsw calculator,2900,0,1,wagecalculator.com.au,6,https://www.wagecalculator.com.au/long-service-leave-calculator/nsw,57,https://pay-calculator-australia.com/long-service-leave-calculator/
lsl calculator nsw,2900,0,1,wagecalculator.com.au,4,https://www.wagecalculator.com.au/long-service-leave-calculator/nsw,51,https://pay-calculator-australia.com/long-service-leave-calculator/
military ranks for navy,2900,12,1,wagecalculator.com.au,17,https://www.wagecalculator.com.au/adf-pay/navy,,
naval ranks,2900,8,1,wagecalculator.com.au,19,https://www.wagecalculator.com.au/adf-pay/navy,,
navy military ranks,2900,12,1,wagecalculator.com.au,18,https://www.wagecalculator.com.au/adf-pay/navy,,
navy rank,2900,1,1,wagecalculator.com.au,13,https://www.wagecalculator.com.au/adf-pay/navy,,
navy ranking,2900,6,1,wagecalculator.com.au,19,https://www.wagecalculator.com.au/adf-pay/navy,,
navy ranks,2900,8,1,wagecalculator.com.au,15,https://www.wagecalculator.com.au/adf-pay/navy,,
navy ranks officer,2900,6,1,wagecalculator.com.au,13,https://www.wagecalculator.com.au/adf-pay/navy,,
new south wales land tax calculator,2900,9,1,wagecalculator.com.au,11,https://www.wagecalculator.com.au/land-tax-calculator/nsw,,
nsw land tax calculator,2900,9,1,wagecalculator.com.au,15,https://www.wagecalculator.com.au/land-tax-calculator/nsw,,
nurse pay rates qld,2900,0,2,wagecalculator.com.au,8,https://www.wagecalculator.com.au/nursing-salaries/qld,,
nurse salary qld,2900,0,2,wagecalculator.com.au,4,https://www.wagecalculator.com.au/nursing-salaries/qld,,
nurses salary qld,2900,0,2,wagecalculator.com.au,5,https://www.wagecalculator.com.au/nursing-salaries/qld,39,https://pay-calculator-australia.com/healthcare-worker-pay/qld/
nursing salary qld,2900,0,1,wagecalculator.com.au,7,https://www.wagecalculator.com.au/nursing-salaries/qld,41,https://pay-calculator-australia.com/healthcare-worker-pay/qld/
officer ranks navy,2900,4,1,wagecalculator.com.au,16,https://www.wagecalculator.com.au/adf-pay/navy,,
pay rates,2900,21,2,paycalculator.com.au,5,https://paycalculator.com.au/,33,https://pay-calculator-australia.com/award-rates/
payg withholding calculator,2900,3,3,paycalculator.com.au,4,https://paycalculator.com.au/,,
qld teachers salary,2900,0,1,wagecalculator.com.au,13,https://www.wagecalculator.com.au/teacher-salaries/qld,,
queensland nurse salary,2900,0,1,wagecalculator.com.au,3,https://www.wagecalculator.com.au/nursing-salaries/qld,,
queensland nursing salary,2900,0,1,wagecalculator.com.au,6,https://www.wagecalculator.com.au/nursing-salaries/qld,40,https://pay-calculator-australia.com/healthcare-worker-pay/qld/
queensland nursing wages,2900,0,1,wagecalculator.com.au,3,https://www.wagecalculator.com.au/nursing-salaries/qld,,
queensland teachers pay,2900,0,1,wagecalculator.com.au,20,https://www.wagecalculator.com.au/teacher-salaries/qld,,
rank for navy,2900,4,1,wagecalculator.com.au,16,https://www.wagecalculator.com.au/adf-pay/navy,,
rank in navy,2900,6,1,wagecalculator.com.au,14,https://www.wagecalculator.com.au/adf-pay/navy,,
rank of navy,2900,5,1,wagecalculator.com.au,13,https://www.wagecalculator.com.au/adf-pay/navy,,
ranking in the navy,2900,1,1,wagecalculator.com.au,16,https://www.wagecalculator.com.au/adf-pay/navy,,
ranks navy,2900,10,1,wagecalculator.com.au,15,https://www.wagecalculator.com.au/adf-pay/navy,,
rates of pay,2900,23,1,wagecalculator.com.au,13,https://www.wagecalculator.com.au/public-service-salaries,37,https://pay-calculator-australia.com/award-rates/
tax payable calculator,2900,25,2,paycalculator.com.au,3,https://paycalculator.com.au/,,
tax payment calculator,2900,25,2,paycalculator.com.au,2,https://paycalculator.com.au/,,
teacher pay queensland,2900,0,1,wagecalculator.com.au,12,https://www.wagecalculator.com.au/teacher-salaries/qld,31,https://pay-calculator-australia.com/teacher-pay-australia/qld/
teacher qld salary,2900,0,1,wagecalculator.com.au,7,https://www.wagecalculator.com.au/teacher-salaries/qld,,
teacher salary qld,2900,0,1,wagecalculator.com.au,8,https://www.wagecalculator.com.au/teacher-salaries/qld,,
ytd calculator,2900,0,2,paycalculator.com.au,9,https://paycalculator.com.au/,51,https://pay-calculator-australia.com/ytd-income-calculator/
2026 tax brackets,2900,32,2,atotaxrates.info,11,https://atotaxrates.info/,64,https://pay-calculator-australia.com/tax-brackets/
award for restaurant,2900,0,1,fairworkmate.com.au,19,https://fairworkmate.com.au/awards/restaurant-award,,
building and construction award,2900,0,1,fairworkmate.com.au,19,https://fairworkmate.com.au/tools/pay-rates/building,,
centrelink pay rates,2900,9,2,fairworkmate.com.au,4,https://fairworkmate.com.au/wiki/centrelink-payment-rates,,
centrelink payment rates,2900,14,2,fairworkmate.com.au,4,https://fairworkmate.com.au/wiki/centrelink-payment-rates,,
centrelink payments rates,2900,9,2,fairworkmate.com.au,5,https://fairworkmate.com.au/wiki/centrelink-payment-rates,,
centrelink.payment rates,2900,14,2,fairworkmate.com.au,9,https://fairworkmate.com.au/wiki/centrelink-payment-rates,,
coles wages,2900,0,1,fairworkmate.com.au,1,https://fairworkmate.com.au/blog/coles-pay-rates-2026,,
dental assistant pay rate,2900,0,1,fairworkmate.com.au,2,https://fairworkmate.com.au/tools/pay-rates/job/dental-assistant,,
dental assistant salary,2900,0,1,fairworkmate.com.au,16,https://fairworkmate.com.au/tools/pay-rates/dental-assistant-vic,,
dental wages,2900,0,1,fairworkmate.com.au,19,https://fairworkmate.com.au/tools/pay-rates/job/dental-assistant,,
electrician pay rate,2900,0,1,fairworkmate.com.au,8,https://fairworkmate.com.au/tools/pay-rates/job/electrician,,
electricians pay rate,2900,0,1,fairworkmate.com.au,10,https://fairworkmate.com.au/tools/pay-rates/job/electrician,,
electricians pay rates,2900,0,1,fairworkmate.com.au,6,https://fairworkmate.com.au/tools/pay-rates/electrician-wa,,
employer sponsored health coverage,2900,0,1,fairworkmate.com.au,10,https://fairworkmate.com.au/blog/employer-health-insurance-obligations-australia,,
employer sponsored health insurance,2900,9,1,fairworkmate.com.au,12,https://fairworkmate.com.au/blog/employer-health-insurance-obligations-australia,,
employer sponsored health plan,2900,8,1,fairworkmate.com.au,18,https://fairworkmate.com.au/blog/employer-health-insurance-obligations-australia,,
employer sponsored health plans,2900,3,1,fairworkmate.com.au,12,https://fairworkmate.com.au/blog/employer-health-insurance-obligations-australia,,
employer sponsored medical insurance,2900,1,1,fairworkmate.com.au,16,https://fairworkmate.com.au/blog/employer-health-insurance-obligations-australia,,
employer-sponsored health insurance,2900,1,1,fairworkmate.com.au,11,https://fairworkmate.com.au/blog/employer-health-insurance-obligations-australia,,
health professional support services award,2900,0,1,fairworkmate.com.au,18,https://fairworkmate.com.au/awards/health-professionals-award,,
health professionals support services award,2900,0,1,fairworkmate.com.au,17,https://fairworkmate.com.au/awards/health-professionals-award,,
how much is jobseeker payment,2900,0,1,fairworkmate.com.au,3,https://fairworkmate.com.au/wiki/centrelink-payment-rates,,
how much is jobseeker payments,2900,0,1,fairworkmate.com.au,4,https://fairworkmate.com.au/wiki/centrelink-payment-rates,,
minimum wage australia 2026,2900,22,1,fairworkmate.com.au,14,https://fairworkmate.com.au/tools/minimum-wage,,
nsw redundancy entitlements,2900,0,1,fairworkmate.com.au,12,https://fairworkmate.com.au/state/nsw/redundancy-pay,,
payment finder,2900,26,2,paycalculator.com.au,14,https://paycalculator.com.au/,,
payment rates centrelink,2900,14,2,fairworkmate.com.au,7,https://fairworkmate.com.au/wiki/centrelink-payment-rates,,
psychology pay,2900,0,1,fairworkmate.com.au,19,https://fairworkmate.com.au/tools/pay-rates/psychologist-qld,,
redundancy entitlements in nsw,2900,0,1,fairworkmate.com.au,14,https://fairworkmate.com.au/state/nsw/redundancy-pay,,
redundancy payment nsw,2900,1,1,fairworkmate.com.au,13,https://fairworkmate.com.au/state/nsw/redundancy-pay,44,https://pay-calculator-australia.com/redundancy-pay-guide/
restaurant awards,2900,13,1,fairworkmate.com.au,14,https://fairworkmate.com.au/awards/restaurant-award,,
restaurants awards,2900,0,1,fairworkmate.com.au,18,https://fairworkmate.com.au/awards/restaurant-award,,
salary electrician,2900,0,1,fairworkmate.com.au,20,https://fairworkmate.com.au/tools/pay-rates/electrician-wa,,
year to date calculator,2900,7,1,paycalculator.com.au,11,https://paycalculator.com.au/,45,https://pay-calculator-australia.com/ytd-income-calculator/
year-to date calculator,2900,0,1,paycalculator.com.au,16,https://paycalculator.com.au/,38,https://pay-calculator-australia.com/ytd-income-calculator/
2026 tax rates,2900,43,1,atotaxrates.info,12,https://atotaxrates.info/,51,https://pay-calculator-australia.com/tax-brackets/
ato individual tax rates,2900,38,1,atotaxrates.info,9,https://atotaxrates.info/,,
ato tax rates individuals,2900,32,1,atotaxrates.info,12,https://atotaxrates.info/individual-tax-rates-resident/ato-tax-rates-2025/,,
australia tax rates,2900,37,1,atotaxrates.info,13,https://atotaxrates.info/,55,https://pay-calculator-australia.com/tax-brackets/
centrelink 2025 bonus payment,2900,3,1,atotaxrates.info,11,https://atotaxrates.info/centrelink-payment-rates/,,
centrelink payments october 2025,2900,11,1,atotaxrates.info,13,https://atotaxrates.info/centrelink-payment-rates/,,
company tax rate,2900,3,1,atotaxrates.info,13,https://atotaxrates.info/businesses/company-tax-rates/,,
tax rates 2025-26,2900,37,1,atotaxrates.info,14,https://atotaxrates.info/,,
ato payg calculator,2400,41,3,paycalculator.com.au,6,https://paycalculator.com.au/,,
ato payg tax calculator,2400,38,3,paycalculator.com.au,5,https://paycalculator.com.au/,,
ato tax calculator 2026,2400,38,2,paycalculator.com.au,8,https://paycalculator.com.au/,,
tax australia,2400,47,1,atotaxcalculator.com.au,18,https://atotaxcalculator.com.au/,,
adp hourly paycheck calculator,2400,21,3,paycalculator.com.au,9,https://paycalculator.com.au/,44,https://pay-calculator-australia.com/
adp payroll hourly calculator,2400,16,3,paycalculator.com.au,15,https://paycalculator.com.au/,47,https://pay-calculator-australia.com/
cal payment,2400,7,2,paycalculator.com.au,2,https://paycalculator.com.au/,,
calculating pay rate,2400,8,4,paycalculator.com.au,3,https://paycalculator.com.au/,32,https://pay-calculator-australia.com/hourly-to-annual-salary-calculator/
net salary calculator australia,2400,4,4,paycalculator.com.au,1,https://paycalculator.com.au/,,
paycal,2400,7,3,paycalculator.com.au,1,https://paycalculator.com.au/,,
paycheck calculator adp hourly,2400,49,4,wagecalculator.com.au,5,https://www.wagecalculator.com.au/,47,https://pay-calculator-australia.com/
paycheck calculator hourly adp,2400,18,4,paycalculator.com.au,11,https://paycalculator.com.au/,45,https://pay-calculator-australia.com/
wage rate calculator,2400,9,4,paycalculator.com.au,3,https://paycalculator.com.au/,,
australia air force ranks,2400,0,1,wagecalculator.com.au,4,https://www.wagecalculator.com.au/adf-pay/air-force,,
australian air force ranks,2400,0,1,wagecalculator.com.au,4,https://www.wagecalculator.com.au/adf-pay/air-force,,
fair wages for fair work,2400,61,2,wagecalculator.com.au,8,https://www.wagecalculator.com.au/awards,,
fair work calculator,2400,32,3,paycalculator.com.au,5,https://paycalculator.com.au/,,
fortnights in a year,2400,0,1,wagecalculator.com.au,7,https://www.wagecalculator.com.au/guides/fortnightly-take-home-pay,69,https://pay-calculator-australia.com/fortnightly-pay-calculator/
how many hr in a month,2400,0,2,wagecalculator.com.au,6,https://www.wagecalculator.com.au/hourly-to-salary-calculator,,
land tax threshold in nsw,2400,15,1,wagecalculator.com.au,14,https://www.wagecalculator.com.au/land-tax-calculator/nsw,,
land tax thresholds nsw,2400,0,1,wagecalculator.com.au,18,https://www.wagecalculator.com.au/land-tax-calculator/nsw,,
midwife pay rate,2400,0,1,wagecalculator.com.au,16,https://www.wagecalculator.com.au/nursing-salaries/qld,65,https://pay-calculator-australia.com/healthcare-worker-pay/qld/
midwives pay,2400,0,2,wagecalculator.com.au,19,https://www.wagecalculator.com.au/nursing-salaries/nsw,,
midwives salary,2400,0,1,wagecalculator.com.au,17,https://www.wagecalculator.com.au/nursing-salaries/nsw,,
nsw land tax threshold,2400,21,1,wagecalculator.com.au,16,https://www.wagecalculator.com.au/land-tax-calculator/nsw,,
nurses rn salary,2400,1,1,wagecalculator.com.au,13,https://www.wagecalculator.com.au/nursing-salaries,,
pay rate calculator,2400,15,3,paycalculator.com.au,3,https://paycalculator.com.au/,,
raaf rank,2400,4,1,wagecalculator.com.au,5,https://www.wagecalculator.com.au/adf-pay/air-force,,
raaf ranks,2400,4,1,wagecalculator.com.au,4,https://www.wagecalculator.com.au/adf-pay/air-force,,
registered nurse earnings,2400,0,1,wagecalculator.com.au,15,https://www.wagecalculator.com.au/nursing-salaries,,
registered nurse income,2400,0,1,wagecalculator.com.au,12,https://www.wagecalculator.com.au/nursing-salaries,,
registered nurse rn salary,2400,0,1,wagecalculator.com.au,14,https://www.wagecalculator.com.au/nursing-salaries,,
registered nurse salary,2400,0,1,wagecalculator.com.au,17,https://www.wagecalculator.com.au/nursing-salaries,,
registered nurses salary,2400,0,1,wagecalculator.com.au,17,https://www.wagecalculator.com.au/nursing-salaries,,
registered nursing salary,2400,0,1,wagecalculator.com.au,13,https://www.wagecalculator.com.au/nursing-salaries,,
rn nurse salaries,2400,0,1,wagecalculator.com.au,15,https://www.wagecalculator.com.au/nursing-salaries/qld,,
rn nurse salary,2400,0,1,wagecalculator.com.au,9,https://www.wagecalculator.com.au/nursing-salaries,,
rn nurses salary,2400,0,1,wagecalculator.com.au,17,https://www.wagecalculator.com.au/nursing-salaries/vic,,
rn nursing salary,2400,0,1,wagecalculator.com.au,14,https://www.wagecalculator.com.au/nursing-salaries,,
rn salary,2400,1,1,wagecalculator.com.au,15,https://www.wagecalculator.com.au/nursing-salaries,,
rns nurse salary,2400,0,1,wagecalculator.com.au,16,https://www.wagecalculator.com.au/nursing-salaries,,
royal australian air force ranks,2400,0,1,wagecalculator.com.au,6,https://www.wagecalculator.com.au/adf-pay/air-force,,
salary for registered nurse,2400,0,1,wagecalculator.com.au,13,https://www.wagecalculator.com.au/nursing-salaries,,
salary for rn,2400,0,2,wagecalculator.com.au,18,https://www.wagecalculator.com.au/nursing-salaries/vic,,
tax free threshold 2025,2400,17,1,wagecalculator.com.au,20,https://www.wagecalculator.com.au/tax-rates/2025-26,44,https://pay-calculator-australia.com/tax-brackets/
tax free threshold 2026,2400,17,2,wagecalculator.com.au,4,https://www.wagecalculator.com.au/tax-rates/2026-27,38,https://pay-calculator-australia.com/tax-brackets/
tax withholding calculator,2400,38,2,paycalculator.com.au,8,https://paycalculator.com.au/,,
teacher salaries wa,2400,0,1,wagecalculator.com.au,2,https://www.wagecalculator.com.au/teacher-salaries/wa,49,https://pay-calculator-australia.com/teacher-pay-australia/wa/
teacher salary wa,2400,0,2,wagecalculator.com.au,2,https://www.wagecalculator.com.au/teacher-salaries/wa,48,https://pay-calculator-australia.com/teacher-pay-australia/wa/
teacher salary washington,2400,2,1,wagecalculator.com.au,10,https://www.wagecalculator.com.au/teacher-salaries/wa,,
teacher salary western australia,2400,0,2,wagecalculator.com.au,2,https://www.wagecalculator.com.au/teacher-salaries/wa,51,https://pay-calculator-australia.com/teacher-pay-australia/wa/
teacher wages wa,2400,0,2,wagecalculator.com.au,2,https://www.wagecalculator.com.au/teacher-salaries/wa,49,https://pay-calculator-australia.com/teacher-pay-australia/wa/
teachers salary wa,2400,0,1,wagecalculator.com.au,2,https://www.wagecalculator.com.au/teacher-salaries/wa,48,https://pay-calculator-australia.com/teacher-pay-australia/wa/
teachers wage wa,2400,0,1,wagecalculator.com.au,2,https://www.wagecalculator.com.au/teacher-salaries/wa,50,https://pay-calculator-australia.com/teacher-pay-australia/wa/
teaching salary wa,2400,0,1,wagecalculator.com.au,3,https://www.wagecalculator.com.au/teacher-salaries/wa,,
time calculator job,2400,17,1,wagecalculator.com.au,10,https://www.wagecalculator.com.au/work-hours-calculator,,
wa teacher pay,2400,0,1,wagecalculator.com.au,2,https://www.wagecalculator.com.au/teacher-salaries/wa,52,https://pay-calculator-australia.com/teacher-pay-australia/wa/
wa teacher pay rates,2400,0,2,wagecalculator.com.au,2,https://www.wagecalculator.com.au/teacher-salaries/wa,44,https://pay-calculator-australia.com/teacher-pay-australia/wa/
wa teacher salaries,2400,0,2,wagecalculator.com.au,2,https://www.wagecalculator.com.au/teacher-salaries/wa,50,https://pay-calculator-australia.com/teacher-pay-australia/wa/
wa teacher salary,2400,0,1,wagecalculator.com.au,2,https://www.wagecalculator.com.au/teacher-salaries/wa,49,https://pay-calculator-australia.com/teacher-pay-australia/wa/
wa teachers pay,2400,0,1,wagecalculator.com.au,7,https://www.wagecalculator.com.au/teacher-salaries/wa,,
wa teachers salary,2400,0,1,wagecalculator.com.au,2,https://www.wagecalculator.com.au/teacher-salaries/wa,51,https://pay-calculator-australia.com/teacher-pay-australia/wa/
wa teaching salary,2400,0,1,wagecalculator.com.au,2,https://www.wagecalculator.com.au/teacher-salaries/wa,49,https://pay-calculator-australia.com/teacher-pay-australia/wa/
western australia teacher salary,2400,0,1,wagecalculator.com.au,3,https://www.wagecalculator.com.au/teacher-salaries/wa,35,https://pay-calculator-australia.com/teacher-pay-australia/
what the salary,2400,26,1,wagecalculator.com.au,13,https://www.wagecalculator.com.au/,,
work hour calculator,2400,27,1,wagecalculator.com.au,8,https://www.wagecalculator.com.au/work-hours-calculator,,
work time calculator,2400,27,1,wagecalculator.com.au,14,https://www.wagecalculator.com.au/work-hours-calculator,,
is it a long weekend this weekend,2400,52,1,australiapaycalculator.com.au,18,https://australiapaycalculator.com.au/long-weekends-planner/,,
is this a long weekend,2400,37,1,australiapaycalculator.com.au,17,https://australiapaycalculator.com.au/long-weekends-planner/,,
what weekend is it,2400,35,1,australiapaycalculator.com.au,8,https://australiapaycalculator.com.au/long-weekends-planner/,,
accountant pay rate,2400,0,1,fairworkmate.com.au,5,https://fairworkmate.com.au/tools/pay-rates/job/accountant,,
australia unemployment benefit,2400,8,1,fairworkmate.com.au,14,https://fairworkmate.com.au/wiki/centrelink-payment-rates,,
centrelink reporting dates,2400,0,1,fairworkmate.com.au,20,https://fairworkmate.com.au/tools/centrelink-payment-dates,,
centrelink single parent payment,2400,0,1,fairworkmate.com.au,8,https://fairworkmate.com.au/tools/parenting-payment,,
clerks private sector award,2400,0,1,fairworkmate.com.au,20,https://fairworkmate.com.au/tools/penalty-rates/clerks,,
easter in nsw,2400,15,1,fairworkmate.com.au,17,https://fairworkmate.com.au/tools/public-holidays/nsw,,
eh work,2400,23,1,fairworkmate.com.au,14,https://fairworkmate.com.au/employment-hero,,
employment hero hr,2400,26,1,fairworkmate.com.au,10,https://fairworkmate.com.au/employment-hero,,
enterprise bargaining agreements,2400,9,1,fairworkmate.com.au,17,https://fairworkmate.com.au/agreements,,
find an eba,2400,2,1,fairworkmate.com.au,10,https://fairworkmate.com.au/blog/how-to-find-your-enterprise-agreement,,
find an enterprise agreement,2400,4,1,fairworkmate.com.au,11,https://fairworkmate.com.au/blog/how-to-find-your-enterprise-agreement,,
jobseeker payment amount,2400,0,1,fairworkmate.com.au,6,https://fairworkmate.com.au/wiki/centrelink-payment-rates,,
midwife earnings,2400,0,1,fairworkmate.com.au,11,https://fairworkmate.com.au/tools/pay-rates/midwife-wa,,
midwife pay,2400,0,1,fairworkmate.com.au,15,https://fairworkmate.com.au/tools/pay-rates/midwife-wa,,
midwife payment,2400,0,1,fairworkmate.com.au,12,https://fairworkmate.com.au/tools/pay-rates/midwife-wa,,
midwifery salary,2400,0,1,fairworkmate.com.au,19,https://fairworkmate.com.au/tools/pay-rates/midwife-wa,,
minimum wage increase 2026,2400,14,1,fairworkmate.com.au,16,https://fairworkmate.com.au/blog/minimum-wage-2026-australia,59,https://pay-calculator-australia.com/news/minimum-wage-increase-july-2026/
nurse pay rate in australia,2400,1,1,fairworkmate.com.au,12,https://fairworkmate.com.au/tools/pay-rates/nurse-wa,80,https://pay-calculator-australia.com/healthcare-worker-pay/nsw/
nursing pay rates in australia,2400,2,1,fairworkmate.com.au,15,https://fairworkmate.com.au/tools/pay-rates/nurse-wa,78,https://pay-calculator-australia.com/healthcare-worker-pay/nsw/
parenting payment partnered,2400,0,1,fairworkmate.com.au,6,https://fairworkmate.com.au/tools/parenting-payment,,
pay rate for nurses in australia,2400,2,1,fairworkmate.com.au,20,https://fairworkmate.com.au/tools/pay-rates/nurse-wa,85,https://pay-calculator-australia.com/healthcare-worker-pay/nsw/
pharmacist award,2400,0,1,fairworkmate.com.au,12,https://fairworkmate.com.au/tools/pay-rates/pharmacy,,
pharmacist awards,2400,0,1,fairworkmate.com.au,19,https://fairworkmate.com.au/tools/pay-rates/pharmacy,,
pharmacy award,2400,0,1,fairworkmate.com.au,18,https://fairworkmate.com.au/tools/pay-rates/pharmacy,,
pharmacy awards,2400,1,1,fairworkmate.com.au,15,https://fairworkmate.com.au/tools/pay-rates/pharmacy,,
project manager wage,2400,0,1,fairworkmate.com.au,14,https://fairworkmate.com.au/tools/pay-rates/project-manager-nsw,,
salary for midwife,2400,0,1,fairworkmate.com.au,19,https://fairworkmate.com.au/tools/pay-rates/midwife-wa,,
salary of a midwife,2400,0,1,fairworkmate.com.au,16,https://fairworkmate.com.au/tools/pay-rates/midwife-sa,,
single parent payment calculator,2400,1,2,fairworkmate.com.au,2,https://fairworkmate.com.au/tools/parenting-payment,,
single parent payment centrelink,2400,0,1,fairworkmate.com.au,6,https://fairworkmate.com.au/tools/parenting-payment,,
single parenting payment calculator,2400,0,1,fairworkmate.com.au,3,https://fairworkmate.com.au/tools/parenting-payment,,
single parenting payment centrelink,2400,0,1,fairworkmate.com.au,19,https://fairworkmate.com.au/tools/parenting-payment,,
social work salary,2400,0,1,fairworkmate.com.au,16,https://fairworkmate.com.au/tools/pay-rates/social-worker-vic,,
social worker pay,2400,0,1,fairworkmate.com.au,13,https://fairworkmate.com.au/tools/pay-rates/social-worker-wa,,
social worker salary,2400,0,1,fairworkmate.com.au,14,https://fairworkmate.com.au/tools/pay-rates/social-worker-vic,,
social workers pay,2400,0,1,fairworkmate.com.au,10,https://fairworkmate.com.au/tools/pay-rates/social-worker-vic,,
unemployment benefit australia,2400,4,1,fairworkmate.com.au,16,https://fairworkmate.com.au/wiki/centrelink-payment-rates,,
unemployment benefits in australia,2400,4,1,fairworkmate.com.au,19,https://fairworkmate.com.au/wiki/centrelink-payment-rates,,
unemployment money australia,2400,4,1,fairworkmate.com.au,19,https://fairworkmate.com.au/wiki/centrelink-payment-rates,,
unemployment payments australia,2400,0,1,fairworkmate.com.au,13,https://fairworkmate.com.au/wiki/centrelink-payment-rates,,
vet nurse wage,2400,0,1,fairworkmate.com.au,12,https://fairworkmate.com.au/tools/pay-rates/veterinary-nurse-wa,,
vet nursing wage,2400,0,1,fairworkmate.com.au,19,https://fairworkmate.com.au/tools/pay-rates/veterinary-nurse-wa,,
income,2400,19,1,paycalculator.com.au,16,https://paycalculator.com.au/,,
ato legal database,2400,7,1,atotaxrates.info,14,https://atotaxrates.info/other-tax-topics/atos-private-binding-rulings-register/,,
australian tax slab,2400,37,1,atotaxrates.info,20,https://atotaxrates.info/,51,https://pay-calculator-australia.com/tax-brackets/
bas due dates 2025,2400,0,1,atotaxrates.info,19,https://atotaxrates.info/businesses/bas-statement/bas-statement-due-dates/,,
centrelink cash boost payment eligibility,2400,11,1,atotaxrates.info,9,https://atotaxrates.info/centrelink-payment-rates/,,
centrelink payments 2025,2400,14,1,atotaxrates.info,14,https://atotaxrates.info/centrelink-payment-rates/,,
fuel tax credit rates,2400,4,1,atotaxrates.info,13,https://atotaxrates.info/businesses/fuel-tax-credit/,,
fuel tax credits rates,2400,6,1,atotaxrates.info,13,https://atotaxrates.info/businesses/fuel-tax-credit/,,
individual tax rates 2025,2400,37,1,atotaxrates.info,16,https://atotaxrates.info/,85,https://pay-calculator-australia.com/tax-brackets/
legal database ato,2400,2,1,atotaxrates.info,14,https://atotaxrates.info/other-tax-topics/atos-private-binding-rulings-register/,,
payroll tax wa,2400,1,1,atotaxrates.info,17,https://atotaxrates.info/businesses/payroll-tax/payroll-tax-wa/,,
payroll tax western australia,2400,5,1,atotaxrates.info,20,https://atotaxrates.info/businesses/payroll-tax/payroll-tax-wa/,,
tax threshold 2025,2400,25,1,atotaxrates.info,16,https://atotaxrates.info/,42,https://pay-calculator-australia.com/tax-brackets/
tax thresholds 2025,2400,25,1,atotaxrates.info,20,https://atotaxrates.info/,74,https://pay-calculator-australia.com/tax-brackets/
tax-free threshold 2026,2400,20,1,atotaxrates.info,17,https://atotaxrates.info/,,
hecs repayment rates,1900,5,3,wagecalculator.com.au,11,https://www.wagecalculator.com.au/guides/hecs-help-repayment,51,https://pay-calculator-australia.com/hecs-repayment-threshold/
minimum wage australia yearly,1900,30,1,salaryaftertax.com,11,https://salaryaftertax.com/salary-calculator/australia,49,https://pay-calculator-australia.com/minimum-wage-history-australia/
salary calculator qld,1900,10,5,paycalculator.com.au,1,https://paycalculator.com.au/,33,https://pay-calculator-australia.com/pay-calculator-qld/
annual earning calculator,1900,4,4,paycalculator.com.au,2,https://paycalculator.com.au/,33,https://pay-calculator-australia.com/annual-pay-calculator/
annual income calculator,1900,24,4,paycalculator.com.au,1,https://paycalculator.com.au/,41,https://pay-calculator-australia.com/hourly-to-annual-salary-calculator/
hour calculator pay,1900,33,4,paycalculator.com.au,2,https://paycalculator.com.au/,75,https://pay-calculator-australia.com/hourly-to-annual-salary-calculator/
hours and pay calculator,1900,18,4,paycalculator.com.au,6,https://paycalculator.com.au/,,
income yearly calculator,1900,24,4,paycalculator.com.au,2,https://paycalculator.com.au/,45,https://pay-calculator-australia.com/hourly-to-annual-salary-calculator/
net earnings calculator australia,1900,14,4,paycalculator.com.au,1,https://paycalculator.com.au/,39,https://pay-calculator-australia.com/
net income calculator australia,1900,3,4,paycalculator.com.au,1,https://paycalculator.com.au/,46,https://pay-calculator-australia.com/gross-pay-calculator/
net pay calculator australia,1900,4,4,paycalculator.com.au,1,https://paycalculator.com.au/,42,https://pay-calculator-australia.com/monthly-pay-calculator/
net wages calculator australia,1900,4,4,paycalculator.com.au,1,https://paycalculator.com.au/,41,https://pay-calculator-australia.com/gross-pay-calculator/
pay calculator queensland,1900,15,4,paycalculator.com.au,1,https://paycalculator.com.au/,34,https://pay-calculator-australia.com/pay-calculator-qld/
qld rego quote,1900,12,1,paycal.com.au,17,https://paycal.com.au/vehicle-registration-calculator/,,
tax paid calculator,1900,10,3,paycalculator.com.au,2,https://paycalculator.com.au/,,
aps 6 salary,1900,0,1,wagecalculator.com.au,3,https://www.wagecalculator.com.au/public-service-salaries/aps,34,https://pay-calculator-australia.com/public-service-pay-scales/aps/
aps6 salary,1900,0,1,wagecalculator.com.au,4,https://www.wagecalculator.com.au/public-service-salaries/aps,36,https://pay-calculator-australia.com/public-service-pay-scales/aps/
aus navy ranks,1900,0,1,wagecalculator.com.au,8,https://www.wagecalculator.com.au/adf-pay/navy,,
australian navy ranks,1900,0,1,wagecalculator.com.au,4,https://www.wagecalculator.com.au/adf-pay/navy,,
employees tax calculator,1900,38,2,paycalculator.com.au,3,https://paycalculator.com.au/,,
fair work ombudsman pay calculator,1900,24,3,fairworkmate.com.au,13,https://fairworkmate.com.au/tools/pay-calculator,,
fair work pay,1900,41,2,wagecalculator.com.au,9,https://www.wagecalculator.com.au/awards,,
fair work wage calculator,1900,53,3,paycalculator.com.au,4,https://paycalculator.com.au/,,
how much do i pay in tax,1900,32,3,paycalculator.com.au,3,https://paycalculator.com.au/,,
income net,1900,0,2,paycalculator.com.au,2,https://paycalculator.com.au/,,
jaw calculator,1900,10,2,wagecalculator.com.au,10,https://www.wagecalculator.com.au/,,
jaws calculator,1900,2,2,wagecalculator.com.au,10,https://www.wagecalculator.com.au/,,
land rates calculator qld,1900,16,1,wagecalculator.com.au,12,https://www.wagecalculator.com.au/land-tax-calculator/qld,,
land tax calculator qld,1900,16,1,wagecalculator.com.au,17,https://www.wagecalculator.com.au/land-tax-calculator/qld,,
land tax qld calculator,1900,16,1,wagecalculator.com.au,19,https://www.wagecalculator.com.au/land-tax-calculator/qld,,
long service leave calculation vic,1900,0,1,wagecalculator.com.au,14,https://www.wagecalculator.com.au/long-service-leave-calculator/vic,,
long service leave calculator vic,1900,1,1,wagecalculator.com.au,8,https://www.wagecalculator.com.au/long-service-leave-calculator/vic,65,https://pay-calculator-australia.com/long-service-leave-calculator/
lsl calculator vic,1900,1,1,wagecalculator.com.au,6,https://www.wagecalculator.com.au/long-service-leave-calculator/vic,64,https://pay-calculator-australia.com/long-service-leave-calculator/
moneysmart income tax calculator,1900,37,2,paycalculator.com.au,6,https://paycalculator.com.au/,,
navy australia ranks,1900,0,1,wagecalculator.com.au,7,https://www.wagecalculator.com.au/adf-pay/navy,,
net earnings,1900,14,2,paycalculator.com.au,9,https://paycalculator.com.au/,,
nsw nurse salary,1900,0,1,wagecalculator.com.au,17,https://www.wagecalculator.com.au/nursing-salaries/nsw,65,https://pay-calculator-australia.com/healthcare-worker-pay/nsw/
nsw nursing salary,1900,0,1,wagecalculator.com.au,16,https://www.wagecalculator.com.au/nursing-salaries/nsw,68,https://pay-calculator-australia.com/healthcare-worker-pay/nsw/
nsw registered nurse salary,1900,0,1,wagecalculator.com.au,14,https://www.wagecalculator.com.au/nursing-salaries/nsw,65,https://pay-calculator-australia.com/healthcare-worker-pay/nsw/
nurse pay nsw,1900,0,1,wagecalculator.com.au,14,https://www.wagecalculator.com.au/nursing-salaries,67,https://pay-calculator-australia.com/healthcare-worker-pay/nsw/
nurse practitioner pay rate,1900,0,1,wagecalculator.com.au,15,https://www.wagecalculator.com.au/nursing-salaries,34,https://pay-calculator-australia.com/healthcare-worker-pay/qld/
nurse practitioner salary,1900,0,1,wagecalculator.com.au,12,https://www.wagecalculator.com.au/nursing-salaries,,
nurse salary nsw,1900,0,1,wagecalculator.com.au,20,https://www.wagecalculator.com.au/nursing-salaries/nsw,69,https://pay-calculator-australia.com/healthcare-worker-pay/nsw/
nurse wages nsw,1900,1,1,wagecalculator.com.au,14,https://www.wagecalculator.com.au/nursing-salaries/nsw,66,https://pay-calculator-australia.com/healthcare-worker-pay/nsw/
nurses pay nsw,1900,0,1,wagecalculator.com.au,17,https://www.wagecalculator.com.au/nursing-salaries/nsw,33,https://pay-calculator-australia.com/healthcare-worker-pay/nsw/
nurses wages nsw,1900,0,1,wagecalculator.com.au,17,https://www.wagecalculator.com.au/nursing-salaries/nsw,,
nursing nsw salary,1900,0,1,wagecalculator.com.au,19,https://www.wagecalculator.com.au/nursing-salaries/nsw,68,https://pay-calculator-australia.com/healthcare-worker-pay/nsw/
nursing salaries nsw,1900,1,1,wagecalculator.com.au,8,https://www.wagecalculator.com.au/nursing-salaries/nsw,71,https://pay-calculator-australia.com/healthcare-worker-pay/nsw/
pay rate calculator fair work,1900,41,3,wagecalculator.com.au,5,https://www.wagecalculator.com.au/awards,,
pay scale victorian teachers,1900,0,1,wagecalculator.com.au,11,https://www.wagecalculator.com.au/teacher-salaries/vic,44,https://pay-calculator-australia.com/teacher-pay-australia/vic/
payroll tax calculator,1900,14,2,paycalculator.com.au,3,https://paycalculator.com.au/,,
qld health wage rates,1900,0,1,wagecalculator.com.au,6,https://www.wagecalculator.com.au/public-service-salaries/qld,,
qld land tax calculator,1900,16,1,wagecalculator.com.au,19,https://www.wagecalculator.com.au/land-tax-calculator/qld,,
ranks in australian navy,1900,0,1,wagecalculator.com.au,7,https://www.wagecalculator.com.au/adf-pay/navy,,
ranks in royal australian navy,1900,9,1,wagecalculator.com.au,8,https://www.wagecalculator.com.au/adf-pay/navy,,
registered nurse nsw salary,1900,0,1,wagecalculator.com.au,13,https://www.wagecalculator.com.au/nursing-salaries,65,https://pay-calculator-australia.com/healthcare-worker-pay/nsw/
registered nurse pay nsw,1900,0,1,wagecalculator.com.au,20,https://www.wagecalculator.com.au/nursing-salaries/nsw,,
registered nurse salary nsw,1900,0,1,wagecalculator.com.au,17,https://www.wagecalculator.com.au/nursing-salaries/nsw,64,https://pay-calculator-australia.com/healthcare-worker-pay/nsw/
registered nurse wage nsw,1900,6,1,wagecalculator.com.au,14,https://www.wagecalculator.com.au/nursing-salaries,63,https://pay-calculator-australia.com/healthcare-worker-pay/nsw/
registered nurses salary nsw,1900,0,1,wagecalculator.com.au,15,https://www.wagecalculator.com.au/nursing-salaries/nsw,61,https://pay-calculator-australia.com/healthcare-worker-pay/nsw/
rn salary nsw,1900,0,1,wagecalculator.com.au,19,https://www.wagecalculator.com.au/nursing-salaries,65,https://pay-calculator-australia.com/healthcare-worker-pay/nsw/
rn wages nsw,1900,0,1,wagecalculator.com.au,14,https://www.wagecalculator.com.au/nursing-salaries,31,https://pay-calculator-australia.com/healthcare-worker-pay/nsw/
royal australian navy ranks,1900,0,1,wagecalculator.com.au,6,https://www.wagecalculator.com.au/adf-pay/navy,,
teacher pay scale victoria,1900,0,1,wagecalculator.com.au,10,https://www.wagecalculator.com.au/teacher-salaries/vic,35,https://pay-calculator-australia.com/teacher-pay-australia/vic/
teachers pay scale victoria,1900,0,1,wagecalculator.com.au,10,https://www.wagecalculator.com.au/teacher-salaries/vic,42,https://pay-calculator-australia.com/teacher-pay-australia/vic/
vic teacher pay scale,1900,0,2,wagecalculator.com.au,10,https://www.wagecalculator.com.au/teacher-salaries/vic,32,https://pay-calculator-australia.com/teacher-pay-australia/vic/
vic teachers pay scale,1900,0,2,wagecalculator.com.au,12,https://www.wagecalculator.com.au/teacher-salaries/vic,41,https://pay-calculator-australia.com/teacher-pay-australia/vic/
victorian long service leave calculator,1900,0,1,wagecalculator.com.au,18,https://www.wagecalculator.com.au/long-service-leave-calculator/vic,,
victorian teacher pay scale,1900,0,2,wagecalculator.com.au,11,https://www.wagecalculator.com.au/teacher-salaries/vic,,
victorian teachers pay scale,1900,0,1,wagecalculator.com.au,12,https://www.wagecalculator.com.au/teacher-salaries/vic,34,https://pay-calculator-australia.com/teacher-pay-australia/vic/
wage calculator fair work,1900,18,3,paycalculator.com.au,5,https://paycalculator.com.au/,,
wage rates qld health,1900,0,1,wagecalculator.com.au,5,https://www.wagecalculator.com.au/public-service-salaries/qld,,
wages and awards,1900,21,2,wagecalculator.com.au,13,https://www.wagecalculator.com.au/awards,43,https://pay-calculator-australia.com/award-rates/
wages qld health,1900,0,1,wagecalculator.com.au,5,https://www.wagecalculator.com.au/public-service-salaries/qld,,
accounting pay rates,1900,0,1,fairworkmate.com.au,4,https://fairworkmate.com.au/tools/pay-rates/job/accountant,,
accounting wages,1900,0,1,fairworkmate.com.au,15,https://fairworkmate.com.au/tools/pay-rates/job/accountant,,
centrelink parenting payment,1900,2,1,fairworkmate.com.au,6,https://fairworkmate.com.au/tools/parenting-payment,,
centrelink payment dates for pensioners,1900,1,1,fairworkmate.com.au,20,https://fairworkmate.com.au/tools/centrelink-payment-dates,,
fair entitlements guarantee login,1900,0,1,fairworkmate.com.au,20,https://fairworkmate.com.au/tools/feg-claim-calculator,,
ftb a calculator,1900,0,1,fairworkmate.com.au,17,https://fairworkmate.com.au/tools/family-tax-benefit,,
ftb calculator,1900,0,2,fairworkmate.com.au,19,https://fairworkmate.com.au/tools/family-tax-benefit,,
how much for job seekers allowance,1900,0,1,fairworkmate.com.au,7,https://fairworkmate.com.au/wiki/centrelink-payment-rates,,
how much is carers payment,1900,1,1,fairworkmate.com.au,20,https://fairworkmate.com.au/blog/carer-payment-rates-2026-australia,,
how much is job seekers,1900,0,1,fairworkmate.com.au,14,https://fairworkmate.com.au/wiki/centrelink-payment-rates,,
how much is job seekers allowance,1900,2,1,fairworkmate.com.au,14,https://fairworkmate.com.au/wiki/centrelink-payment-rates,,
how much is jobseeker's allowance,1900,0,1,fairworkmate.com.au,16,https://fairworkmate.com.au/wiki/centrelink-payment-rates,,
how much is jsa allowance,1900,22,1,fairworkmate.com.au,20,https://fairworkmate.com.au/wiki/centrelink-payment-rates,,
how much job seekers allowance,1900,2,1,fairworkmate.com.au,12,https://fairworkmate.com.au/wiki/centrelink-payment-rates,,
how much jobseeker allowance,1900,2,1,fairworkmate.com.au,11,https://fairworkmate.com.au/wiki/centrelink-payment-rates,,
job seekers how much,1900,3,1,fairworkmate.com.au,19,https://fairworkmate.com.au/tools/jobseeker-payment,,
legal services award,1900,0,1,fairworkmate.com.au,15,https://fairworkmate.com.au/tools/pay-rates/legal-services,,
minimum casual wage australia,1900,19,1,fairworkmate.com.au,17,https://fairworkmate.com.au/tools/minimum-wage,,
minimum wage rate victoria,1900,25,1,fairworkmate.com.au,18,https://fairworkmate.com.au/tools/minimum-wage,,
minimum wage sydney,1900,23,1,fairworkmate.com.au,15,https://fairworkmate.com.au/tools/minimum-wage,,
minimum wage victoria,1900,30,1,fairworkmate.com.au,12,https://fairworkmate.com.au/tools/minimum-wage,,
net income,1900,21,1,paycalculator.com.au,5,https://paycalculator.com.au/,,
payroll tax estimate,1900,14,1,paycalculator.com.au,8,https://paycalculator.com.au/,,
payscale,1900,42,1,paycalculator.com.au,5,https://paycalculator.com.au/,,
salary packaging calculator,1900,7,1,paycalculator.com.au,7,https://paycalculator.com.au/,77,https://pay-calculator-australia.com/salary-packaging-guide/
2025 tax rates,1900,37,1,atotaxrates.info,16,https://atotaxrates.info/,52,https://pay-calculator-australia.com/tax-brackets/
ato exchange rates 2025,1900,9,1,atotaxrates.info,13,https://atotaxrates.info/numbers/exchange-rates/,,
ato tax table fortnightly,1900,2,1,atotaxrates.info,17,https://atotaxrates.info/payg-tax-tables/,,
australia salary tax rates,1900,43,1,atotaxrates.info,20,https://atotaxrates.info/,53,https://pay-calculator-australia.com/tax-brackets/
australian bsb lookup,1900,14,1,atotaxrates.info,18,https://atotaxrates.info/numbers/bsb-search/,,
australian bsb search,1900,16,1,atotaxrates.info,9,https://atotaxrates.info/numbers/bsb-search/,,
bsb lookup australia,1900,14,1,atotaxrates.info,20,https://atotaxrates.info/numbers/bsb-search/,,
bsb number search australia,1900,14,1,atotaxrates.info,17,https://atotaxrates.info/numbers/bsb-search/,,
bsb search australia,1900,18,1,atotaxrates.info,8,https://atotaxrates.info/numbers/bsb-search/,,
car log book,1900,0,1,atotaxrates.info,18,https://atotaxrates.info/tax-deductions/work-related-car-expenses/log-book-method/,,
centrelink $750 payment 2025,1900,10,1,atotaxrates.info,11,https://atotaxrates.info/centrelink-payment-rates/,,
centrelink advance payment october 2025,1900,4,1,atotaxrates.info,19,https://atotaxrates.info/centrelink-payment-rates/,,
centrelink bonus payments 2026 when will it be paid,1900,0,1,atotaxrates.info,12,https://atotaxrates.info/centrelink-payment-rates/,,
centrelink payment 2025,1900,19,1,atotaxrates.info,13,https://atotaxrates.info/centrelink-payment-rates/,,
cents per km 2025,1900,2,1,atotaxrates.info,11,https://atotaxrates.info/tax-deductions/work-related-car-expenses/cents-per-kilometre/,,
div 7a loan calculator,1900,0,1,atotaxrates.info,13,https://atotaxrates.info/businesses/division-7a-benchmark-interest-rates/division-7a-calculator-and-decision-tool/,,
div7a loan calculator,1900,0,1,atotaxrates.info,12,https://atotaxrates.info/businesses/division-7a-benchmark-interest-rates/division-7a-calculator-and-decision-tool/,,
division 7a loan calculator,1900,0,1,atotaxrates.info,10,https://atotaxrates.info/businesses/division-7a-benchmark-interest-rates/division-7a-calculator-and-decision-tool/,,
income tax rate au,1900,43,1,atotaxrates.info,19,https://atotaxrates.info/,55,https://pay-calculator-australia.com/tax-brackets/
income tax scale australia,1900,43,1,atotaxrates.info,10,https://atotaxrates.info/,49,https://pay-calculator-australia.com/tax-brackets/
individual tax rates 2026,1900,32,1,atotaxrates.info,20,https://atotaxrates.info/,40,https://pay-calculator-australia.com/tax-brackets/
living away from home allowance,1900,0,1,atotaxrates.info,16,https://atotaxrates.info/allowances/lafha/,,
search bsb numbers australia,1900,14,1,atotaxrates.info,16,https://atotaxrates.info/numbers/bsb-search/,,
calculate hecs,1600,0,3,paycalculator.com.au,2,https://paycalculator.com.au/student-loan/,51,https://pay-calculator-australia.com/hecs-repayment-threshold/
fee help calculator,1600,11,3,paycalculator.com.au,3,https://paycalculator.com.au/student-loan/,,
fee-help calculator,1600,11,3,paycalculator.com.au,3,https://paycalculator.com.au/student-loan/,,
hecs calculator,1600,0,3,paycalculator.com.au,2,https://paycalculator.com.au/student-loan/,47,https://pay-calculator-australia.com/hecs-repayment-threshold/
hecs debt payment,1600,11,4,paycalculator.com.au,8,https://paycalculator.com.au/student-loan/,,
hecs debt repayments,1600,14,5,paycalculator.com.au,8,https://paycalculator.com.au/student-loan/,,
car rego cost qld,1600,8,1,paycal.com.au,18,https://paycal.com.au/vehicle-registration-calculator/,,
hecs debt repayment,1600,17,2,paycalculator.com.au,11,https://paycalculator.com.au/student-loan/,,
income tax salary calculator,1600,11,4,paycalculator.com.au,6,https://paycalculator.com.au/,,
my pay calculator,1600,11,4,paycalculator.com.au,1,https://paycalculator.com.au/,,
nsw rego calculator,1600,0,1,paycal.com.au,7,https://paycal.com.au/vehicle-registration-calculator/,,
nsw rego quote,1600,0,1,paycal.com.au,5,https://paycal.com.au/vehicle-registration-calculator/,,
payment slip template,1600,6,1,paycal.com.au,7,https://paycal.com.au/payslip-generator/,,
payslip template,1600,6,1,paycal.com.au,20,https://paycal.com.au/payslip-generator/,,
rego calculator,1600,23,1,paycal.com.au,11,https://paycal.com.au/vehicle-registration-calculator/,,
rego calculator nsw,1600,0,1,paycal.com.au,6,https://paycal.com.au/vehicle-registration-calculator/,,
rego quote nsw,1600,0,1,paycal.com.au,9,https://paycal.com.au/vehicle-registration-calculator/,,
salary tax calculator,1600,11,3,paycalculator.com.au,1,https://paycalculator.com.au/,,
take home pay,1600,1,4,paycalculator.com.au,1,https://paycalculator.com.au/,,
tax and pay,1600,15,3,paycalculator.com.au,1,https://paycalculator.com.au/,,
tax and salary calculator,1600,10,4,paycalculator.com.au,1,https://paycalculator.com.au/,,
weekly tax calculator australia,1600,11,4,paycalculator.com.au,2,https://paycalculator.com.au/,,
aps5 pay rate,1600,0,1,wagecalculator.com.au,4,https://www.wagecalculator.com.au/public-service-salaries/aps,,
ato tax rates 2026,1600,42,2,atotaxrates.info,7,https://atotaxrates.info/,,
calculator of tax on salary,1600,38,2,paycalculator.com.au,3,https://paycalculator.com.au/,,
en nurse salary,1600,0,1,wagecalculator.com.au,18,https://www.wagecalculator.com.au/nursing-salaries/qld,,
enrol nurse salary,1600,0,1,wagecalculator.com.au,20,https://www.wagecalculator.com.au/nursing-salaries/nsw,,
enrolled nurse income,1600,0,1,wagecalculator.com.au,13,https://www.wagecalculator.com.au/nursing-salaries/nsw,,
enrolled nurses salary,1600,0,1,wagecalculator.com.au,13,https://www.wagecalculator.com.au/nursing-salaries/sa,,
firefighter pay,1600,0,1,wagecalculator.com.au,19,https://www.wagecalculator.com.au/public-service-salaries/sa/country-fire-service,,
hecs help threshold,1600,15,3,wagecalculator.com.au,12,https://www.wagecalculator.com.au/guides/hecs-help-repayment,53,https://pay-calculator-australia.com/hecs-repayment-threshold/
hecs threshold,1600,8,2,paycalculator.com.au,17,https://paycalculator.com.au/student-loan/,56,https://pay-calculator-australia.com/hecs-repayment-threshold/
hecs thresholds,1600,2,3,wagecalculator.com.au,10,https://www.wagecalculator.com.au/guides/hecs-help-repayment,58,https://pay-calculator-australia.com/hecs-repayment-threshold/
how much does a nurse earn in australia,1600,0,1,wagecalculator.com.au,13,https://www.wagecalculator.com.au/nursing-salaries,,
how much does a nurse earns in australia,1600,0,1,wagecalculator.com.au,13,https://www.wagecalculator.com.au/nursing-salaries,,
how much does a nurse get paid in australia,1600,0,1,wagecalculator.com.au,20,https://www.wagecalculator.com.au/nursing-salaries,,
moneysmart tax calculator,1600,37,2,paycalculator.com.au,8,https://paycalculator.com.au/,51,https://pay-calculator-australia.com/
nursing wage rates qld health,1600,0,1,wagecalculator.com.au,6,https://www.wagecalculator.com.au/nursing-salaries/qld,,
nursing wages,1600,2,1,wagecalculator.com.au,17,https://www.wagecalculator.com.au/nursing-salaries,34,https://pay-calculator-australia.com/healthcare-worker-pay/nsw/
payroll taxes estimate,1600,18,2,paycalculator.com.au,7,https://paycalculator.com.au/,,
salary enrolled nurse,1600,0,1,wagecalculator.com.au,12,https://www.wagecalculator.com.au/nursing-salaries/sa,,
salary for enrolled nurse,1600,0,1,wagecalculator.com.au,16,https://www.wagecalculator.com.au/nursing-salaries/vic,,
salary of enrolled nurse,1600,0,1,wagecalculator.com.au,12,https://www.wagecalculator.com.au/nursing-salaries/sa,,
salary sacrifice super calculator,1600,7,3,wagecalculator.com.au,10,https://www.wagecalculator.com.au/salary-sacrifice/super,80,https://pay-calculator-australia.com/salary-package-calculator/
salary sacrifice superannuation calculator,1600,0,2,wagecalculator.com.au,9,https://www.wagecalculator.com.au/salary-sacrifice/super,79,https://pay-calculator-australia.com/salary-package-calculator/
tax paid,1600,32,1,wagecalculator.com.au,18,https://www.wagecalculator.com.au/,,
tax payable,1600,38,2,paycalculator.com.au,8,https://paycalculator.com.au/,,
what is a gross pay,1600,0,2,wagecalculator.com.au,15,https://www.wagecalculator.com.au/,36,https://pay-calculator-australia.com/gross-pay-calculator/
calculate increase,1600,27,1,australiapaycalculator.com.au,8,https://australiapaycalculator.com.au/percentage-calculator/,,
calculator increase,1600,27,1,australiapaycalculator.com.au,6,https://australiapaycalculator.com.au/percentage-calculator/,,
increase by calculator,1600,22,1,australiapaycalculator.com.au,10,https://australiapaycalculator.com.au/percentage-calculator/,,
increase calculator,1600,27,1,australiapaycalculator.com.au,10,https://australiapaycalculator.com.au/percentage-calculator/,,
next long weekend,1600,52,1,australiapaycalculator.com.au,17,https://australiapaycalculator.com.au/long-weekends-planner/,,
australia centrelink payment increase,1600,0,2,atotaxrates.info,10,https://atotaxrates.info/centrelink-payment-rates/,,
carpenter earnings,1600,0,1,fairworkmate.com.au,10,https://fairworkmate.com.au/tools/pay-rates/job/carpenter,,
carpenter pay,1600,0,1,fairworkmate.com.au,8,https://fairworkmate.com.au/tools/pay-rates/carpenter-qld,,
carpenter pay rate,1600,0,1,fairworkmate.com.au,2,https://fairworkmate.com.au/tools/pay-rates/job/carpenter,,
carpenter pay rates,1600,0,1,fairworkmate.com.au,2,https://fairworkmate.com.au/tools/pay-rates/job/carpenter,,
carpenter salary,1600,0,1,fairworkmate.com.au,13,https://fairworkmate.com.au/tools/pay-rates/carpenter-vic,,
carpenters pay rate,1600,0,1,fairworkmate.com.au,1,https://fairworkmate.com.au/tools/pay-rates/job/carpenter,,
carpenters salary,1600,0,1,fairworkmate.com.au,14,https://fairworkmate.com.au/tools/pay-rates/carpenter-vic,,
carpentry earnings,1600,0,1,fairworkmate.com.au,18,https://fairworkmate.com.au/tools/pay-rates/carpenter-vic,,
carpentry pay,1600,0,1,fairworkmate.com.au,7,https://fairworkmate.com.au/tools/pay-rates/carpenter-vic,,
carpentry pay rate,1600,0,1,fairworkmate.com.au,2,https://fairworkmate.com.au/tools/pay-rates/job/carpenter,,
carpentry pay rates,1600,0,1,fairworkmate.com.au,2,https://fairworkmate.com.au/tools/pay-rates/job/carpenter,,
carpentry salary,1600,0,1,fairworkmate.com.au,12,https://fairworkmate.com.au/tools/pay-rates/carpenter-vic,,
centrelink payment schedule november 2025,1600,0,2,atotaxrates.info,12,https://atotaxrates.info/centrelink-payment-rates/,,
centrelink working credit,1600,0,1,fairworkmate.com.au,6,https://fairworkmate.com.au/tools/working-credit-calculator,,
disability support worker wage,1600,0,1,fairworkmate.com.au,2,https://fairworkmate.com.au/tools/pay-rates/job/disability-support-worker,,
fast food award rate,1600,0,1,fairworkmate.com.au,9,https://fairworkmate.com.au/tools/pay-rates/industry/fast-food,,
mature age apprentice wages,1600,0,1,fairworkmate.com.au,20,https://fairworkmate.com.au/tools/apprentice-wages,,
minimum wage increase,1600,2,1,fairworkmate.com.au,16,https://fairworkmate.com.au/blog/minimum-wage-2026-australia,,
minimum wage nsw,1600,26,1,fairworkmate.com.au,20,https://fairworkmate.com.au/tools/minimum-wage,,
minimum wage qld,1600,32,1,fairworkmate.com.au,13,https://fairworkmate.com.au/tools/minimum-wage,,
minimum wages for 18 year olds in australia,1600,19,1,fairworkmate.com.au,5,https://fairworkmate.com.au/tools/pay-rates/age/18,31,https://pay-calculator-australia.com/junior-pay-rates/
pay rates for carpenters,1600,0,1,fairworkmate.com.au,2,https://fairworkmate.com.au/tools/pay-rates/job/carpenter,,
pay rates woolworths,1600,0,1,fairworkmate.com.au,2,https://fairworkmate.com.au/blog/woolworths-pay-rates-2026,,
pharmacy award wage,1600,0,1,fairworkmate.com.au,12,https://fairworkmate.com.au/tools/pay-rates/pharmacy,,
plumber pay,1600,0,1,fairworkmate.com.au,13,https://fairworkmate.com.au/tools/pay-rates/plumber-wa,,
plumber pay rate,1600,0,1,fairworkmate.com.au,11,https://fairworkmate.com.au/tools/pay-rates/job/plumber,,
plumber pay rates,1600,0,1,fairworkmate.com.au,10,https://fairworkmate.com.au/tools/pay-rates/job/plumber,,
plumber wage,1600,0,1,fairworkmate.com.au,6,https://fairworkmate.com.au/tools/pay-rates/plumber-qld,,
plumber wages,1600,0,1,fairworkmate.com.au,15,https://fairworkmate.com.au/tools/pay-rates/plumber-wa,,
plumbers pay rate,1600,0,1,fairworkmate.com.au,12,https://fairworkmate.com.au/tools/pay-rates/plumber-qld,,
plumbers pay rates,1600,0,1,fairworkmate.com.au,6,https://fairworkmate.com.au/tools/pay-rates/job/plumber,,
plumbers wage,1600,0,1,fairworkmate.com.au,14,https://fairworkmate.com.au/tools/pay-rates/plumber-wa,,
plumbers wages,1600,0,1,fairworkmate.com.au,15,https://fairworkmate.com.au/tools/pay-rates/job/plumber,,
plumbing pay rates,1600,0,1,fairworkmate.com.au,8,https://fairworkmate.com.au/tools/pay-rates/plumbing,,
plumbing wage,1600,0,1,fairworkmate.com.au,11,https://fairworkmate.com.au/tools/pay-rates/plumber-qld,,
public holiday rate,1600,0,1,fairworkmate.com.au,13,https://fairworkmate.com.au/blog/casual-public-holiday-pay-2026,,
public holiday rates,1600,0,1,fairworkmate.com.au,12,https://fairworkmate.com.au/blog/casual-public-holiday-pay-2026,,
public holidays rate,1600,0,1,fairworkmate.com.au,8,https://fairworkmate.com.au/blog/casual-public-holiday-pay-2026,,
public holidays rates,1600,0,1,fairworkmate.com.au,19,https://fairworkmate.com.au/blog/casual-public-holiday-pay-2026,,
real estate agent salary,1600,0,1,fairworkmate.com.au,5,https://fairworkmate.com.au/tools/pay-rates/real-estate-agent-nsw,,
real estate agent wage,1600,0,1,fairworkmate.com.au,10,https://fairworkmate.com.au/tools/pay-rates/real-estate-agent-nsw,,
real estate agent wages,1600,0,1,fairworkmate.com.au,5,https://fairworkmate.com.au/tools/pay-rates/real-estate-agent-nsw,,
right to disconnect australia,1600,6,1,fairworkmate.com.au,20,https://fairworkmate.com.au/blog/right-to-disconnect-australia-2026,,
salary carpenter,1600,0,1,fairworkmate.com.au,16,https://fairworkmate.com.au/tools/pay-rates/job/carpenter,,
salary for carpenter,1600,0,1,fairworkmate.com.au,20,https://fairworkmate.com.au/tools/pay-rates/job/carpenter,,
wage of plumber,1600,0,1,fairworkmate.com.au,6,https://fairworkmate.com.au/tools/pay-rates/job/plumber,,
what are working credits centrelink,1600,0,1,fairworkmate.com.au,9,https://fairworkmate.com.au/tools/working-credit-calculator,,
what is centrelink working credit,1600,0,1,fairworkmate.com.au,8,https://fairworkmate.com.au/tools/working-credit-calculator,,
what is working credit centrelink,1600,0,1,fairworkmate.com.au,7,https://fairworkmate.com.au/tools/working-credit-calculator,,
woolworth pay rate,1600,0,1,fairworkmate.com.au,2,https://fairworkmate.com.au/blog/woolworths-pay-rates-2026,,
woolworths australia pay rates,1600,0,1,fairworkmate.com.au,2,https://fairworkmate.com.au/blog/woolworths-pay-rates-2026,,
woolworths pay rate,1600,0,1,fairworkmate.com.au,2,https://fairworkmate.com.au/blog/woolworths-pay-rates-2026,,
woolworths pay rates,1600,0,1,fairworkmate.com.au,2,https://fairworkmate.com.au/blog/woolworths-pay-rates-2026,,
woolworths wage rates,1600,0,1,fairworkmate.com.au,3,https://fairworkmate.com.au/blog/woolworths-pay-rates-2026,,
worker compensation act 1987,1600,0,1,fairworkmate.com.au,13,https://fairworkmate.com.au/state/nsw/workers-compensation,,
working credit centrelink,1600,0,1,fairworkmate.com.au,7,https://fairworkmate.com.au/tools/working-credit-calculator,,
working credits centrelink,1600,0,1,fairworkmate.com.au,7,https://fairworkmate.com.au/tools/working-credit-calculator,,
youth allowance amount,1600,1,1,fairworkmate.com.au,7,https://fairworkmate.com.au/tools/youth-allowance,,
youth allowance rate,1600,0,1,fairworkmate.com.au,5,https://fairworkmate.com.au/tools/youth-allowance,,
youth allowance rates,1600,8,1,fairworkmate.com.au,6,https://fairworkmate.com.au/tools/youth-allowance,,
act tax calculator,1600,28,1,paycalculator.com.au,5,https://paycalculator.com.au/,,
repaying hecs debt,1600,12,1,paycalculator.com.au,20,https://paycalculator.com.au/student-loan/,62,https://pay-calculator-australia.com/hecs-help-guide/
tax act calculator,1600,38,1,paycalculator.com.au,8,https://paycalculator.com.au/,,
taxes paid,1600,18,1,paycalculator.com.au,12,https://paycalculator.com.au/,,
ato depreciation rates,1600,6,1,atotaxrates.info,12,https://atotaxrates.info/tax-deductions/ato-depreciation/,,
ato div 7a calculator,1600,0,1,atotaxrates.info,16,https://atotaxrates.info/businesses/division-7a-benchmark-interest-rates/division-7a-calculator-and-decision-tool/,,
ato fuel tax credits calculator,1600,0,1,atotaxrates.info,12,https://atotaxrates.info/businesses/fuel-tax-credit/,,
ato tax rate 2025,1600,37,1,atotaxrates.info,9,https://atotaxrates.info/,,
ato tax rates 2025,1600,32,1,atotaxrates.info,8,https://atotaxrates.info/,,
australia income tax rates,1600,43,1,atotaxrates.info,18,https://atotaxrates.info/,53,https://pay-calculator-australia.com/tax-brackets/
australian income tax rates,1600,43,1,atotaxrates.info,17,https://atotaxrates.info/,52,https://pay-calculator-australia.com/tax-brackets/
australian tax brackets 2025,1600,37,1,atotaxrates.info,14,https://atotaxrates.info/,40,https://pay-calculator-australia.com/tax-brackets/
calculate franking credits,1600,0,1,atotaxrates.info,3,https://atotaxrates.info/businesses/company-tax-rates/dividend-franking-credit-calculators/,,
calculating franking credits,1600,0,1,atotaxrates.info,3,https://atotaxrates.info/businesses/company-tax-rates/dividend-franking-credit-calculators/,,
centrelink $250 and $750 payments schedule,1600,0,1,atotaxrates.info,20,https://atotaxrates.info/centrelink-payment-rates/,,
centrelink $950 payment eligibility,1600,7,1,atotaxrates.info,13,https://atotaxrates.info/centrelink-payment-rates/,,
centrelink lump sum payment 2025 sydney,1600,3,1,atotaxrates.info,11,https://atotaxrates.info/centrelink-payment-rates/,,
centrelink november 2025 payments,1600,3,1,atotaxrates.info,13,https://atotaxrates.info/centrelink-payment-rates/,,
cents per km,1600,0,1,atotaxrates.info,11,https://atotaxrates.info/tax-deductions/work-related-car-expenses/cents-per-kilometre/,,
div 7a calculator ato,1600,8,1,atotaxrates.info,15,https://atotaxrates.info/businesses/division-7a-benchmark-interest-rates/division-7a-calculator-and-decision-tool/,,
division 7a calculator,1600,0,1,atotaxrates.info,12,https://atotaxrates.info/businesses/division-7a-benchmark-interest-rates/division-7a-calculator-and-decision-tool/,,
fbt year,1600,1,1,atotaxrates.info,16,https://atotaxrates.info/businesses/fringe-benefits-tax/fbt-benchmark-interest-rate/,47,https://pay-calculator-australia.com/fringe-benefits-tax/
franking credit calculation,1600,2,1,atotaxrates.info,3,https://atotaxrates.info/businesses/company-tax-rates/dividend-franking-credit-calculators/,,
franking credit calculator,1600,0,1,atotaxrates.info,1,https://atotaxrates.info/businesses/company-tax-rates/dividend-franking-credit-calculators/,,
fuel tax credit calculator ato,1600,1,1,atotaxrates.info,11,https://atotaxrates.info/businesses/fuel-tax-credit/,,
ato individual income tax calculator,1300,38,2,paycalculator.com.au,8,https://paycalculator.com.au/,,
gross salary calculator,1300,5,4,paycalculator.com.au,2,https://paycalculator.com.au/,35,https://pay-calculator-australia.com/gross-pay-calculator/
calculate gross wage,1300,0,4,paycalculator.com.au,2,https://paycalculator.com.au/,,
calculate my pay,1300,15,4,paycalculator.com.au,1,https://paycalculator.com.au/,,
calculator for gross pay,1300,0,4,paycalculator.com.au,2,https://paycalculator.com.au/,31,https://pay-calculator-australia.com/gross-pay-calculator/
create online invoice,1300,59,1,paycal.com.au,16,https://paycal.com.au/invoice-generator/,,
gross pay calculator,1300,0,4,paycalculator.com.au,2,https://paycalculator.com.au/,35,https://pay-calculator-australia.com/gross-pay-calculator/
gross payment calculator,1300,2,4,paycalculator.com.au,2,https://paycalculator.com.au/,38,https://pay-calculator-australia.com/gross-pay-calculator/
gross payments,1300,0,2,paycalculator.com.au,6,https://paycalculator.com.au/,31,https://pay-calculator-australia.com/gross-pay-calculator/
gross wage calculator,1300,2,4,paycalculator.com.au,2,https://paycalculator.com.au/,,
gross wages calculator,1300,2,4,paycalculator.com.au,2,https://paycalculator.com.au/,31,https://pay-calculator-australia.com/gross-pay-calculator/
income calculator australia,1300,7,4,paycalculator.com.au,1,https://paycalculator.com.au/,,
income calculator gross,1300,12,3,paycalculator.com.au,2,https://paycalculator.com.au/,40,https://pay-calculator-australia.com/gross-pay-calculator/
income gross calculator,1300,12,3,paycalculator.com.au,3,https://paycalculator.com.au/,41,https://pay-calculator-australia.com/gross-pay-calculator/
invoice maker online,1300,57,1,paycal.com.au,18,https://paycal.com.au/invoice-generator/,,
pact pay calculator,1300,0,4,wagecalculator.com.au,10,https://www.wagecalculator.com.au/awards,,
pay salary calculator,1300,11,4,paycalculator.com.au,1,https://paycalculator.com.au/,,
pay slip,1300,0,1,paycal.com.au,19,https://paycal.com.au/payslip-generator/,,
paycheck gross calculator,1300,35,4,paycalculator.com.au,2,https://paycalculator.com.au/,39,https://pay-calculator-australia.com/gross-pay-calculator/
payment slip,1300,1,1,paycal.com.au,10,https://paycal.com.au/payslip-generator/,,
salary calculator gross,1300,7,4,paycalculator.com.au,2,https://paycalculator.com.au/,36,https://pay-calculator-australia.com/gross-pay-calculator/
salary gross calculator,1300,5,4,paycalculator.com.au,1,https://paycalculator.com.au/,37,https://pay-calculator-australia.com/gross-pay-calculator/
salary wages calculator,1300,7,4,paycalculator.com.au,1,https://paycalculator.com.au/,,
seek calculator,1300,18,3,wagecalculator.com.au,4,https://www.wagecalculator.com.au/,,
stamp duty car nsw,1300,5,1,paycal.com.au,19,https://paycal.com.au/vehicle-registration-calculator/,,
stamp duty vehicle nsw,1300,5,1,paycal.com.au,17,https://paycal.com.au/vehicle-registration-calculator/,,
stamp duty vehicles nsw,1300,5,1,paycal.com.au,13,https://paycal.com.au/vehicle-registration-calculator/,,
vehicle stamp duty nsw,1300,17,1,paycal.com.au,13,https://paycal.com.au/vehicle-registration-calculator/,,
wage calculator vic,1300,15,4,paycalculator.com.au,1,https://paycalculator.com.au/,32,https://pay-calculator-australia.com/
adf pay rates,1300,0,1,wagecalculator.com.au,3,https://www.wagecalculator.com.au/adf-pay,,
ato tax brackets 2026,1300,42,2,atotaxrates.info,10,https://atotaxrates.info/,64,https://pay-calculator-australia.com/tax-brackets/
ato tax chart weekly,1300,6,2,wagecalculator.com.au,16,https://www.wagecalculator.com.au/tax-rates/weekly-tax-table,42,https://pay-calculator-australia.com/weekly-tax-table/
ato tax tables weekly,1300,7,1,wagecalculator.com.au,16,https://www.wagecalculator.com.au/tax-rates/weekly-tax-table,43,https://pay-calculator-australia.com/weekly-tax-table/
ato weekly tax table,1300,0,2,wagecalculator.com.au,15,https://www.wagecalculator.com.au/tax-rates/weekly-tax-table,33,https://pay-calculator-australia.com/weekly-tax-table/
australian defence force pay rates,1300,0,1,wagecalculator.com.au,2,https://www.wagecalculator.com.au/adf-pay,,
australian defence force pay scales,1300,0,1,wagecalculator.com.au,3,https://www.wagecalculator.com.au/adf-pay,,
defence force pay rates,1300,0,1,wagecalculator.com.au,4,https://www.wagecalculator.com.au/adf-pay,,
fortnightly tax,1300,3,1,wagecalculator.com.au,14,https://www.wagecalculator.com.au/guides/fortnightly-take-home-pay,32,https://pay-calculator-australia.com/fortnightly-tax-table/
gross income calculator,1300,11,3,paycalculator.com.au,2,https://paycalculator.com.au/,36,https://pay-calculator-australia.com/gross-pay-calculator/
gross pay,1300,0,2,paycalculator.com.au,9,https://paycalculator.com.au/,34,https://pay-calculator-australia.com/gross-pay-calculator/
gross payment,1300,0,2,paycalculator.com.au,8,https://paycalculator.com.au/,38,https://pay-calculator-australia.com/gross-pay-calculator/
how much tax do you pay in australia,1300,38,2,paycalculator.com.au,3,https://paycalculator.com.au/,68,https://pay-calculator-australia.com/tax-brackets/
how much tax should i get back,1300,25,2,paycalculator.com.au,16,https://paycalculator.com.au/,51,https://pay-calculator-australia.com/tax-return-calculator/
income tax thresholds,1300,32,1,wagecalculator.com.au,20,https://www.wagecalculator.com.au/tax-rates,54,https://pay-calculator-australia.com/tax-brackets/
jaw tax calculator,1300,6,2,wagecalculator.com.au,11,https://www.wagecalculator.com.au/,,
jaws tax calculator,1300,3,2,paycalculator.com.au,16,https://paycalculator.com.au/,,
land tax vic calculator,1300,15,1,wagecalculator.com.au,20,https://www.wagecalculator.com.au/land-tax-calculator/vic,,
long service leave calculation qld,1300,0,2,wagecalculator.com.au,2,https://www.wagecalculator.com.au/long-service-leave-calculator/qld,69,https://pay-calculator-australia.com/long-service-leave-calculator/
long service leave calculator qld,1300,2,1,wagecalculator.com.au,2,https://www.wagecalculator.com.au/long-service-leave-calculator/qld,59,https://pay-calculator-australia.com/long-service-leave-calculator/
long service leave qld calculator,1300,7,1,wagecalculator.com.au,2,https://www.wagecalculator.com.au/long-service-leave-calculator/qld,,
long service leave queensland calculator,1300,7,1,wagecalculator.com.au,2,https://www.wagecalculator.com.au/long-service-leave-calculator/qld,,
lsl calculator qld,1300,0,2,wagecalculator.com.au,2,https://www.wagecalculator.com.au/long-service-leave-calculator/qld,,
lsl qld calculator,1300,0,1,wagecalculator.com.au,2,https://www.wagecalculator.com.au/long-service-leave-calculator/qld,,
nurses wages qld health,1300,0,1,wagecalculator.com.au,5,https://www.wagecalculator.com.au/nursing-salaries/qld,,
paye,1300,37,2,paycalculator.com.au,1,https://paycalculator.com.au/,,
pdf weekly tax table,1300,0,2,wagecalculator.com.au,10,https://www.wagecalculator.com.au/tax-rates/weekly-tax-table,35,https://pay-calculator-australia.com/weekly-tax-table/
qld long service leave calculator,1300,0,1,wagecalculator.com.au,2,https://www.wagecalculator.com.au/long-service-leave-calculator/qld,61,https://pay-calculator-australia.com/long-service-leave-calculator/
qld lsl calculator,1300,0,1,wagecalculator.com.au,2,https://www.wagecalculator.com.au/long-service-leave-calculator/qld,58,https://pay-calculator-australia.com/long-service-leave-calculator/
queensland long service leave calculator,1300,0,1,wagecalculator.com.au,2,https://www.wagecalculator.com.au/long-service-leave-calculator/qld,57,https://pay-calculator-australia.com/long-service-leave-calculator/
simple tax calculator australia,1300,38,2,paycalculator.com.au,5,https://paycalculator.com.au/,,
tax calculators,1300,14,2,paycalculator.com.au,3,https://paycalculator.com.au/,,
tax fortnightly,1300,3,1,wagecalculator.com.au,11,https://www.wagecalculator.com.au/guides/fortnightly-take-home-pay,31,https://pay-calculator-australia.com/fortnightly-pay-calculator/
tax per week calculator ato,1300,25,3,paycalculator.com.au,3,https://paycalculator.com.au/,,
tax table weekly ato,1300,0,1,wagecalculator.com.au,17,https://www.wagecalculator.com.au/tax-rates/weekly-tax-table,33,https://pay-calculator-australia.com/weekly-tax-table/
tax table weekly pdf,1300,0,2,wagecalculator.com.au,10,https://www.wagecalculator.com.au/tax-rates/weekly-tax-table,33,https://pay-calculator-australia.com/weekly-tax-table/
teacher pay,1300,10,2,wagecalculator.com.au,14,https://www.wagecalculator.com.au/teacher-salaries/nsw,,
teachers pay,1300,8,2,wagecalculator.com.au,13,https://www.wagecalculator.com.au/teacher-salaries/vic,,
vps salary 2026,1300,0,1,wagecalculator.com.au,4,https://www.wagecalculator.com.au/public-service-salaries/vic,,
weekly tax table pdf,1300,0,2,wagecalculator.com.au,10,https://www.wagecalculator.com.au/tax-rates/weekly-tax-table,32,https://pay-calculator-australia.com/weekly-tax-table/
work calculator,1300,38,3,paycalculator.com.au,5,https://paycalculator.com.au/,,
working calculator,1300,27,2,paycalculator.com.au,7,https://paycalculator.com.au/,,
aged care award,1300,0,1,fairworkmate.com.au,16,https://fairworkmate.com.au/tools/pay-rates/aged-care,,
award rate pharmacy,1300,0,1,fairworkmate.com.au,10,https://fairworkmate.com.au/tools/pay-rates/pharmacy,,
bereavement leave nsw,1300,3,1,fairworkmate.com.au,19,https://fairworkmate.com.au/blog/compassionate-bereavement-leave-australia-guide,,
casual employment information statement,1300,0,1,fairworkmate.com.au,20,https://fairworkmate.com.au/blog/fair-work-information-statement-2026,,
centrelink christmas payment dates 2025,1300,0,2,fairworkmate.com.au,10,https://fairworkmate.com.au/tools/centrelink-payment-dates,,
centrelink payments for unemployed,1300,20,1,fairworkmate.com.au,19,https://fairworkmate.com.au/wiki/centrelink-payment-rates,,
centrelink single parenting payment,1300,0,1,fairworkmate.com.au,4,https://fairworkmate.com.au/tools/parenting-payment,,
compassionate leave nsw,1300,0,1,fairworkmate.com.au,17,https://fairworkmate.com.au/blog/compassionate-bereavement-leave-australia-guide,,
electrical award,1300,0,1,fairworkmate.com.au,11,https://fairworkmate.com.au/tools/pay-rates/electrical,,
electrical awards,1300,0,1,fairworkmate.com.au,11,https://fairworkmate.com.au/tools/pay-rates/electrical,,
fair work eba,1300,11,1,fairworkmate.com.au,8,https://fairworkmate.com.au/agreements,,
fair work enterprise agreement,1300,7,1,fairworkmate.com.au,16,https://fairworkmate.com.au/blog/enterprise-agreements-australia-explained,,
fair work notice period,1300,18,1,fairworkmate.com.au,20,https://fairworkmate.com.au/blog/notice-period-australia,,
fast food award rates,1300,0,1,fairworkmate.com.au,10,https://fairworkmate.com.au/tools/pay-rates/industry/fast-food,,
find my award,1300,42,1,fairworkmate.com.au,9,https://fairworkmate.com.au/tools/what-award-am-i-on,,
how much do physiotherapist earn,1300,0,1,fairworkmate.com.au,19,https://fairworkmate.com.au/tools/pay-rates/job/physiotherapist,,
how much do physiotherapist make,1300,0,1,fairworkmate.com.au,19,https://fairworkmate.com.au/tools/pay-rates/job/physiotherapist,,
how much do physiotherapists make,1300,0,1,fairworkmate.com.au,19,https://fairworkmate.com.au/tools/pay-rates/job/physiotherapist,,
how much do real estate agents earn,1300,0,1,fairworkmate.com.au,20,https://fairworkmate.com.au/tools/pay-rates/real-estate-agent-sa,,
how much does a physio make,1300,0,1,fairworkmate.com.au,16,https://fairworkmate.com.au/tools/pay-rates/job/physiotherapist,,
how much does a physiotherapist make,1300,0,1,fairworkmate.com.au,18,https://fairworkmate.com.au/tools/pay-rates/job/physiotherapist,,
how much does a real estate salesperson make,1300,0,1,fairworkmate.com.au,17,https://fairworkmate.com.au/tools/pay-rates/real-estate-agent-sa,,
how much does physio earn,1300,0,1,fairworkmate.com.au,19,https://fairworkmate.com.au/tools/pay-rates/job/physiotherapist,,
how much does physiotherapist earn,1300,0,1,fairworkmate.com.au,16,https://fairworkmate.com.au/tools/pay-rates/job/physiotherapist,,
how much is carer payment and allowance,1300,3,1,fairworkmate.com.au,19,https://fairworkmate.com.au/blog/carer-payment-rates-2026-australia,,
how much is youth allowance,1300,1,1,fairworkmate.com.au,10,https://fairworkmate.com.au/tools/youth-allowance,,
how much rent assistance can i get,1300,8,1,fairworkmate.com.au,19,https://fairworkmate.com.au/tools/rent-assistance,,
how much rental assistance will i get,1300,7,1,fairworkmate.com.au,16,https://fairworkmate.com.au/tools/rent-assistance,,
how much youth allowance,1300,9,1,fairworkmate.com.au,6,https://fairworkmate.com.au/tools/youth-allowance,,
minimum wage melbourne,1300,26,1,fairworkmate.com.au,18,https://fairworkmate.com.au/tools/minimum-wage,,
new south wales minimum wage,1300,30,1,fairworkmate.com.au,17,https://fairworkmate.com.au/tools/minimum-wage,,
nsw nurses award,1300,6,1,fairworkmate.com.au,19,https://fairworkmate.com.au/tools/pay-rates/nurse-nsw,,
nsw nursing award,1300,0,1,fairworkmate.com.au,18,https://fairworkmate.com.au/tools/pay-rates/nurse-nsw,,
pastoral award,1300,0,1,fairworkmate.com.au,16,https://fairworkmate.com.au/awards/pastoral-award,,
pay for pharmacy assistant,1300,0,1,fairworkmate.com.au,12,https://fairworkmate.com.au/tools/pay-rates/pharmacy-assistant-wa,,
pay rates pharmacy assistant,1300,0,1,fairworkmate.com.au,5,https://fairworkmate.com.au/tools/pay-rates/pharmacy,,
pharmacist assistant pay,1300,0,1,fairworkmate.com.au,9,https://fairworkmate.com.au/tools/pay-rates/pharmacy-assistant-qld,,
pharmacist award rate,1300,0,1,fairworkmate.com.au,12,https://fairworkmate.com.au/tools/pay-rates/pharmacy,,
pharmacy assistant pay,1300,0,1,fairworkmate.com.au,10,https://fairworkmate.com.au/tools/pay-rates/pharmacy-assistant-wa,,
pharmacy assistant pay rate,1300,0,1,fairworkmate.com.au,5,https://fairworkmate.com.au/tools/pay-rates/pharmacy-assistant-vic,,
pharmacy assistant salary,1300,0,1,fairworkmate.com.au,14,https://fairworkmate.com.au/tools/pay-rates/pharmacy-assistant-vic,,
pharmacy assistant wage,1300,0,1,fairworkmate.com.au,9,https://fairworkmate.com.au/tools/pay-rates/pharmacy-assistant-wa,,
pharmacy assistant wages,1300,0,1,fairworkmate.com.au,13,https://fairworkmate.com.au/tools/pay-rates/pharmacy-assistant-qld,,
pharmacy award rate,1300,0,1,fairworkmate.com.au,12,https://fairworkmate.com.au/tools/pay-rates/pharmacy,,
pharmacy award rates,1300,0,1,fairworkmate.com.au,7,https://fairworkmate.com.au/tools/pay-rates/pharmacy,,
physical therapist salary,1300,0,1,fairworkmate.com.au,19,https://fairworkmate.com.au/tools/pay-rates/job/physiotherapist,,
property management wages,1300,0,1,fairworkmate.com.au,8,https://fairworkmate.com.au/tools/pay-rates/real-estate,,
property manager pay rate,1300,0,1,fairworkmate.com.au,5,https://fairworkmate.com.au/tools/pay-rates/real-estate,,
property manager pay rates,1300,0,1,fairworkmate.com.au,5,https://fairworkmate.com.au/tools/pay-rates/real-estate,,
public holiday pay rate,1300,0,1,fairworkmate.com.au,11,https://fairworkmate.com.au/blog/casual-public-holiday-pay-2026,,
public holiday pay rates,1300,0,1,fairworkmate.com.au,9,https://fairworkmate.com.au/blog/casual-public-holiday-pay-2026,,
public holiday penalty rates,1300,0,1,fairworkmate.com.au,12,https://fairworkmate.com.au/blog/casual-public-holiday-pay-2026,,
redundancy payment qld,1300,0,1,fairworkmate.com.au,12,https://fairworkmate.com.au/state/qld/redundancy-pay,,
student youth allowance,1300,1,1,fairworkmate.com.au,14,https://fairworkmate.com.au/tools/youth-allowance,,
wage for pharmacy assistant,1300,0,1,fairworkmate.com.au,9,https://fairworkmate.com.au/tools/pay-rates/pharmacy-assistant-wa,,
wage increase 2026,1300,6,1,fairworkmate.com.au,15,https://fairworkmate.com.au/blog/minimum-wage-2026-australia,60,https://pay-calculator-australia.com/news/minimum-wage-increase-july-2026/
wfh rate 2025,1300,0,1,fairworkmate.com.au,11,https://fairworkmate.com.au/blog/working-from-home-deduction-2026-tax-return,68,https://pay-calculator-australia.com/work-from-home-deductions/
work probation period,1300,0,1,fairworkmate.com.au,19,https://fairworkmate.com.au/blog/probation-period-rights-what-employer-can-do,,
working 8 hours a day,1300,5,1,fairworkmate.com.au,19,https://fairworkmate.com.au/tools/work-hours/8-hour-shift,,
youth allowance how much,1300,9,1,fairworkmate.com.au,8,https://fairworkmate.com.au/tools/youth-allowance,,
youth allowance student,1300,6,1,fairworkmate.com.au,19,https://fairworkmate.com.au/tools/youth-allowance,,
ato super calculator,1300,31,1,paycalculator.com.au,8,https://paycalculator.com.au/,,
paycheck,1300,37,1,paycalculator.com.au,18,https://paycalculator.com.au/,,
what is netto income,1300,15,1,paycalculator.com.au,7,https://paycalculator.com.au/,,
2025 tax brackets,1300,12,1,atotaxrates.info,19,https://atotaxrates.info/,77,https://pay-calculator-australia.com/tax-brackets/
ato fuel tax credit calculator,1300,1,1,atotaxrates.info,11,https://atotaxrates.info/businesses/fuel-tax-credit/,,
ato mailing address,1300,0,1,atotaxrates.info,7,https://atotaxrates.info/ato-contacts/,,
ato postal address,1300,0,1,atotaxrates.info,20,https://atotaxrates.info/ato-contacts/,,
ato working from home rate 2025,1300,2,1,atotaxrates.info,16,https://atotaxrates.info/tax-deductions/home-office-expenses/,,
australia tax thresholds,1300,37,1,atotaxrates.info,20,https://atotaxrates.info/,47,https://pay-calculator-australia.com/tax-brackets/
australian tax thresholds,1300,37,1,atotaxrates.info,20,https://atotaxrates.info/,41,https://pay-calculator-australia.com/tax-brackets/
australian taxation office deductions,1300,16,1,atotaxrates.info,10,https://atotaxrates.info/tax-deductions/,,
centrelink bonus,1300,1,1,atotaxrates.info,15,https://atotaxrates.info/centrelink-payment-rates/,,
centrelink bonus payment dates,1300,0,1,atotaxrates.info,13,https://atotaxrates.info/centrelink-payment-rates/,,
centrelink bonuses,1300,3,1,atotaxrates.info,13,https://atotaxrates.info/centrelink-payment-rates/,,
centrelink cash boost eligibility,1300,3,1,atotaxrates.info,9,https://atotaxrates.info/centrelink-payment-rates/,,
centrelink payment increase couples,1300,6,1,atotaxrates.info,14,https://atotaxrates.info/centrelink-payment-rates/,,
centrelink payments increase november 2025,1300,2,1,atotaxrates.info,16,https://atotaxrates.info/centrelink-payment-rates/,,
centrelink payments increase update,1300,2,1,atotaxrates.info,17,https://atotaxrates.info/centrelink-payment-rates/,,
centrelink welfare payments increase,1300,3,1,atotaxrates.info,11,https://atotaxrates.info/centrelink-payment-rates/,,
cents per km 2026,1300,0,1,atotaxrates.info,11,https://atotaxrates.info/tax-deductions/work-related-car-expenses/cents-per-kilometre/,,
div 7a interest rate,1300,0,1,atotaxrates.info,10,https://atotaxrates.info/businesses/division-7a-benchmark-interest-rates/,,
division 7a interest rate,1300,0,1,atotaxrates.info,12,https://atotaxrates.info/businesses/division-7a-benchmark-interest-rates/,,
division 7a interest rates,1300,0,1,atotaxrates.info,12,https://atotaxrates.info/businesses/division-7a-benchmark-interest-rates/,,
fbt exemption,1300,0,1,atotaxrates.info,11,https://atotaxrates.info/businesses/fringe-benefits-tax/fbt-exempt-vehicles/,,
lodgment or lodgement,1300,0,1,atotaxrates.info,13,https://atotaxrates.info/lodgement-dates/,,
lrba,1300,0,1,atotaxrates.info,18,https://atotaxrates.info/superannuation/smsf-borrowing/,,
marginal tax rates 2026,1300,37,1,atotaxrates.info,17,https://atotaxrates.info/,49,https://pay-calculator-australia.com/tax-brackets/
medicare surcharge,1300,10,1,atotaxrates.info,19,https://atotaxrates.info/individual-tax-rates-resident/medicare-levy-surcharge/,,
payroll tax in sa,1300,0,1,atotaxrates.info,18,https://atotaxrates.info/businesses/payroll-tax/payroll-tax-sa/,,
payroll tax sa,1300,10,1,atotaxrates.info,10,https://atotaxrates.info/businesses/payroll-tax/payroll-tax-sa/,,
sa payroll tax,1300,0,1,atotaxrates.info,17,https://atotaxrates.info/businesses/payroll-tax/payroll-tax-sa/,,
tax brackets 2025--26,1300,25,1,atotaxrates.info,11,https://atotaxrates.info/,53,https://pay-calculator-australia.com/tax-brackets/
tax brackets 2025-26,1300,32,1,atotaxrates.info,18,https://atotaxrates.info/,,
tax brackets 2025/26,1300,32,1,atotaxrates.info,18,https://atotaxrates.info/,,
tax rates australia 2026,1300,36,1,atotaxrates.info,18,https://atotaxrates.info/,69,https://pay-calculator-australia.com/tax-brackets/
ato pay calculator,1000,38,4,paycalculator.com.au,2,https://paycalculator.com.au/,,
ato payment calculator,1000,39,3,paycalculator.com.au,2,https://paycalculator.com.au/,,
gst calculator nsw,1000,10,1,atotaxcalculator.com.au,20,https://atotaxcalculator.com.au/gst-calculator,,
taxcalc 2026,1000,25,2,wagecalculator.com.au,13,https://www.wagecalculator.com.au/tax-rates/2026-27,,
wage calculator ato,1000,38,6,paycalculator.com.au,2,https://paycalculator.com.au/,,
deductions calculator,1000,24,3,paycalculator.com.au,3,https://paycalculator.com.au/,,
gross salary vs net salary,1000,7,3,paycalculator.com.au,6,https://paycalculator.com.au/,40,https://pay-calculator-australia.com/gross-pay-calculator/
gross vs net salary,1000,6,3,paycalculator.com.au,4,https://paycalculator.com.au/,48,https://pay-calculator-australia.com/gross-pay-calculator/
income after tax calculator australia,1000,12,3,paycalculator.com.au,3,https://paycalculator.com.au/,,
net salary vs gross salary,1000,7,3,paycalculator.com.au,6,https://paycalculator.com.au/,44,https://pay-calculator-australia.com/gross-pay-calculator/
net vs gross salary,1000,3,3,paycalculator.com.au,4,https://paycalculator.com.au/,45,https://pay-calculator-australia.com/gross-pay-calculator/
salary after tax calculator australia,1000,9,4,paycalculator.com.au,2,https://paycalculator.com.au/,,
salary gross vs net,1000,5,3,paycalculator.com.au,5,https://paycalculator.com.au/,46,https://pay-calculator-australia.com/gross-pay-calculator/
ccs calculator 2026,1000,17,1,paycal.com.au,20,https://paycal.com.au/child-care-subsidy-calculator/,,
deduction calculator,1000,25,4,paycalculator.com.au,5,https://paycalculator.com.au/,,
fortnightly payment calculator,1000,10,4,paycalculator.com.au,1,https://paycalculator.com.au/,32,https://pay-calculator-australia.com/fortnightly-pay-calculator/
nsw registration cost,1000,2,1,paycal.com.au,19,https://paycal.com.au/vehicle-registration-calculator/,,
nsw rego price,1000,2,1,paycal.com.au,13,https://paycal.com.au/vehicle-registration-calculator/,,
pay after tax calculator australia,1000,12,3,paycalculator.com.au,1,https://paycalculator.com.au/,,
pay calculator 2025,1000,14,4,paycalculator.com.au,1,https://paycalculator.com.au/,50,https://pay-calculator-australia.com/
paycalculator aus,1000,8,4,paycalculator.com.au,1,https://paycalculator.com.au/,,
paycheck calculator australia,1000,3,4,paycalculator.com.au,1,https://paycalculator.com.au/,,
paye calculator australia,1000,9,4,paycalculator.com.au,1,https://paycalculator.com.au/,,
taxes calculator,1000,24,2,paycalculator.com.au,3,https://paycalculator.com.au/,,
weekly income tax calculator,1000,10,3,paycalculator.com.au,1,https://paycalculator.com.au/,,
weekly pay tax calculator,1000,23,3,paycalculator.com.au,1,https://paycalculator.com.au/,,
2026 tax calculator,1000,38,2,paycalculator.com.au,5,https://paycalculator.com.au/,,
act land tax,1000,0,1,wagecalculator.com.au,20,https://www.wagecalculator.com.au/land-tax-calculator/act,,
aps 4 salary,1000,0,1,wagecalculator.com.au,3,https://www.wagecalculator.com.au/public-service-salaries/aps,34,https://pay-calculator-australia.com/public-service-pay-scales/
aps 6,1000,0,1,wagecalculator.com.au,10,https://www.wagecalculator.com.au/public-service-salaries/aps,,
aps4 salary,1000,0,1,wagecalculator.com.au,3,https://www.wagecalculator.com.au/public-service-salaries/aps,,
aps6,1000,0,1,wagecalculator.com.au,10,https://www.wagecalculator.com.au/public-service-salaries/aps,,
ato wage calculator,1000,38,2,paycalculator.com.au,3,https://paycalculator.com.au/,,
ato wages calculator,1000,38,2,paycalculator.com.au,3,https://paycalculator.com.au/,,
australian naval ranks,1000,0,1,wagecalculator.com.au,7,https://www.wagecalculator.com.au/adf-pay/navy,,
calculate long service leave wa,1000,5,1,wagecalculator.com.au,10,https://www.wagecalculator.com.au/long-service-leave-calculator/wa,,
how much do firefighters get paid,1000,0,1,wagecalculator.com.au,16,https://www.wagecalculator.com.au/public-service-salaries/sa/country-fire-service,,
how much does a nurse earn,1000,0,1,wagecalculator.com.au,13,https://www.wagecalculator.com.au/nursing-salaries,40,https://pay-calculator-australia.com/healthcare-worker-pay/vic/
how much tax do i pay australia,1000,41,2,paycalculator.com.au,3,https://paycalculator.com.au/,74,https://pay-calculator-australia.com/
how much tax will i pay australia,1000,38,2,paycalculator.com.au,3,https://paycalculator.com.au/,73,https://pay-calculator-australia.com/
land tax threshold qld,1000,16,1,wagecalculator.com.au,17,https://www.wagecalculator.com.au/land-tax-calculator/qld,,
land tax thresholds qld,1000,16,1,wagecalculator.com.au,19,https://www.wagecalculator.com.au/land-tax-calculator/qld,,
long service leave calculator w a,1000,2,1,wagecalculator.com.au,2,https://www.wagecalculator.com.au/long-service-leave-calculator/wa,61,https://pay-calculator-australia.com/long-service-leave-calculator/
long service leave calculator wa,1000,2,1,wagecalculator.com.au,2,https://www.wagecalculator.com.au/long-service-leave-calculator/wa,58,https://pay-calculator-australia.com/long-service-leave-calculator/
long service leave wa calculator,1000,2,1,wagecalculator.com.au,2,https://www.wagecalculator.com.au/long-service-leave-calculator/wa,60,https://pay-calculator-australia.com/long-service-leave-calculator/
long service leave western australia calculator,1000,0,2,wagecalculator.com.au,2,https://www.wagecalculator.com.au/long-service-leave-calculator/wa,58,https://pay-calculator-australia.com/long-service-leave-calculator/
lsl calculator wa,1000,4,1,wagecalculator.com.au,2,https://www.wagecalculator.com.au/long-service-leave-calculator/wa,57,https://pay-calculator-australia.com/long-service-leave-calculator/
naval ranks australia,1000,0,1,wagecalculator.com.au,7,https://www.wagecalculator.com.au/adf-pay/navy,,
navy officer ranks australia,1000,0,1,wagecalculator.com.au,7,https://www.wagecalculator.com.au/adf-pay/navy,,
navy ranks australia,1000,0,1,wagecalculator.com.au,7,https://www.wagecalculator.com.au/adf-pay/navy,,
net versus gross pay,1000,0,1,wagecalculator.com.au,18,https://www.wagecalculator.com.au/,57,https://pay-calculator-australia.com/gross-pay-calculator/
net vs gross pay,1000,0,2,paycalculator.com.au,14,https://paycalculator.com.au/,50,https://pay-calculator-australia.com/gross-pay-calculator/
nsw nurses pay,1000,2,1,wagecalculator.com.au,19,https://www.wagecalculator.com.au/nursing-salaries/nsw,35,https://pay-calculator-australia.com/healthcare-worker-pay/nsw/
nsw nurses pay rates,1000,0,1,wagecalculator.com.au,17,https://www.wagecalculator.com.au/nursing-salaries/nsw,,
nsw nurses wages,1000,0,1,wagecalculator.com.au,19,https://www.wagecalculator.com.au/nursing-salaries/nsw,38,https://pay-calculator-australia.com/healthcare-worker-pay/nsw/
pay calculator ato,1000,38,2,paycalculator.com.au,2,https://paycalculator.com.au/,,
pt wages,1000,12,2,wagecalculator.com.au,12,https://www.wagecalculator.com.au/,,
qld land tax thresholds,1000,18,1,wagecalculator.com.au,19,https://www.wagecalculator.com.au/land-tax-calculator/qld,,
tax and deduction calculator,1000,38,2,paycalculator.com.au,8,https://paycalculator.com.au/,,
tax bracket calculator,1000,38,2,paycalculator.com.au,3,https://paycalculator.com.au/,,
tax calculator 2026 australia,1000,38,2,paycalculator.com.au,4,https://paycalculator.com.au/,,
tax deduction calculator,1000,38,2,paycalculator.com.au,7,https://paycalculator.com.au/,,
tax deduction estimator,1000,38,2,paycalculator.com.au,8,https://paycalculator.com.au/,,
tax deductions estimator,1000,27,2,paycalculator.com.au,9,https://paycalculator.com.au/,,
tax percentage calculator,1000,25,2,paycalculator.com.au,4,https://paycalculator.com.au/,,
tax rate calculator,1000,38,2,paycalculator.com.au,3,https://paycalculator.com.au/,,
taxation rates calculator,1000,25,2,paycalculator.com.au,3,https://paycalculator.com.au/,,
wa long service leave calculator,1000,2,1,wagecalculator.com.au,2,https://www.wagecalculator.com.au/long-service-leave-calculator/wa,61,https://pay-calculator-australia.com/long-service-leave-calculator/
wa lsl calculator,1000,0,1,wagecalculator.com.au,2,https://www.wagecalculator.com.au/long-service-leave-calculator/wa,57,https://pay-calculator-australia.com/long-service-leave-calculator/
wages australia,1000,57,1,wagecalculator.com.au,13,https://www.wagecalculator.com.au/,,
wages calculator ato,1000,38,2,paycalculator.com.au,2,https://paycalculator.com.au/,,
weekly tax,1000,2,2,wagecalculator.com.au,10,https://www.wagecalculator.com.au/,42,https://pay-calculator-australia.com/weekly-tax-table/
australia pay rate,1000,39,1,fairworkmate.com.au,19,https://fairworkmate.com.au/tools/minimum-wage,39,https://pay-calculator-australia.com/award-rates/
award australia,1000,47,1,fairworkmate.com.au,20,https://fairworkmate.com.au/tools/what-award-am-i-on,,
award health professionals,1000,0,1,fairworkmate.com.au,17,https://fairworkmate.com.au/tools/pay-rates/health-professionals,,
award real estate,1000,0,1,fairworkmate.com.au,15,https://fairworkmate.com.au/awards/real-estate-award,,
bunnings eba,1000,0,1,fairworkmate.com.au,2,https://fairworkmate.com.au/blog/bunnings-enterprise-agreement,,
bunnings eba agreement,1000,0,1,fairworkmate.com.au,2,https://fairworkmate.com.au/blog/bunnings-enterprise-agreement,,
bunnings enterprise agreement,1000,0,1,fairworkmate.com.au,2,https://fairworkmate.com.au/blog/bunnings-enterprise-agreement,,
bus driver pay,1000,0,1,fairworkmate.com.au,16,https://fairworkmate.com.au/tools/pay-rates/bus-driver-qld,,
bus driver salary,1000,0,1,fairworkmate.com.au,15,https://fairworkmate.com.au/tools/pay-rates/bus-driver-qld,,
bus driver wage,1000,0,1,fairworkmate.com.au,16,https://fairworkmate.com.au/tools/pay-rates/bus-driver,,
bus driver wages,1000,0,1,fairworkmate.com.au,4,https://fairworkmate.com.au/tools/pay-rates/job/bus-driver,,
casual loading rate,1000,0,1,fairworkmate.com.au,4,https://fairworkmate.com.au/tools/casual-loading-calculator,,
casual minimum wage,1000,25,1,fairworkmate.com.au,20,https://fairworkmate.com.au/tools/minimum-wage,,
clerks award pay guide,1000,0,1,fairworkmate.com.au,6,https://fairworkmate.com.au/tools/pay-rates/clerks,,
coles pay rate,1000,0,1,fairworkmate.com.au,1,https://fairworkmate.com.au/blog/coles-pay-rates-2026,,
coles pay rates,1000,0,1,fairworkmate.com.au,1,https://fairworkmate.com.au/blog/coles-pay-rates-2026,,
coles penalty rates,1000,0,1,fairworkmate.com.au,2,https://fairworkmate.com.au/blog/coles-pay-rates-2026,,
coles supermarket pay rates,1000,0,1,fairworkmate.com.au,1,https://fairworkmate.com.au/blog/coles-pay-rates-2026,,
eba bunnings,1000,0,1,fairworkmate.com.au,2,https://fairworkmate.com.au/blog/bunnings-enterprise-agreement,,
fair work commission decisions,1000,15,1,fairworkmate.com.au,13,https://fairworkmate.com.au/cases/year/2026,,
full-time work hours australia,1000,6,1,fairworkmate.com.au,16,https://fairworkmate.com.au/tools/work-hours/35-hours-per-week,,
fwc agreements,1000,11,1,fairworkmate.com.au,12,https://fairworkmate.com.au/agreements,,
hair and beauty award,1000,0,1,fairworkmate.com.au,9,https://fairworkmate.com.au/tools/pay-rates/hair-beauty,,
hair and beauty awards,1000,0,1,fairworkmate.com.au,12,https://fairworkmate.com.au/tools/pay-rates/hair-beauty,,
hairdressing and beauty award,1000,0,1,fairworkmate.com.au,9,https://fairworkmate.com.au/tools/pay-rates/hair-beauty,,
health care workers award,1000,0,1,fairworkmate.com.au,16,https://fairworkmate.com.au/industry/healthcare,,
health practitioner award,1000,0,1,fairworkmate.com.au,19,https://fairworkmate.com.au/tools/pay-rates/health-professionals,,
health practitioners award,1000,19,1,fairworkmate.com.au,20,https://fairworkmate.com.au/tools/pay-rates/health-professionals,,
health professional award,1000,0,1,fairworkmate.com.au,15,https://fairworkmate.com.au/tools/pay-rates/health-professionals,,
health professionals award,1000,0,1,fairworkmate.com.au,20,https://fairworkmate.com.au/awards/health-professionals-award,,
horticulture industry award,1000,0,1,fairworkmate.com.au,17,https://fairworkmate.com.au/tools/pay-rates/horticulture,,
how many sick days a year,1000,4,1,fairworkmate.com.au,17,https://fairworkmate.com.au/blog/how-many-sick-days-australia,,
how much does an electrician earn,1000,0,1,fairworkmate.com.au,19,https://fairworkmate.com.au/tools/pay-rates/electrician-wa,,
how much for single parent payment,1000,0,1,fairworkmate.com.au,14,https://fairworkmate.com.au/tools/parenting-payment,,
how much is single parenting payment,1000,2,1,fairworkmate.com.au,6,https://fairworkmate.com.au/tools/parenting-payment,,
how much single parent payment,1000,0,1,fairworkmate.com.au,10,https://fairworkmate.com.au/tools/parenting-payment,,
jobseeker numbers,1000,0,1,fairworkmate.com.au,20,https://fairworkmate.com.au/wiki/centrelink-payment-rates,,
minimum wage perth,1000,24,1,fairworkmate.com.au,20,https://fairworkmate.com.au/tools/minimum-wage,,
minimum wage western australia,1000,1,1,fairworkmate.com.au,13,https://fairworkmate.com.au/tools/pay-rates/factory-worker-wa,,
minimum wages australia,1000,26,1,fairworkmate.com.au,20,https://fairworkmate.com.au/tools/minimum-wage,,
new payment centrelink,1000,19,2,atotaxrates.info,10,https://atotaxrates.info/centrelink-payment-rates/,,
parenting payment calculator,1000,8,1,fairworkmate.com.au,3,https://fairworkmate.com.au/tools/parenting-payment,,
parenting payment estimator,1000,4,1,fairworkmate.com.au,3,https://fairworkmate.com.au/tools/parenting-payment,,
pay rates for truck drivers,1000,0,1,fairworkmate.com.au,2,https://fairworkmate.com.au/tools/pay-rates/job/truck-driver,,
physical therapist wage,1000,0,1,fairworkmate.com.au,14,https://fairworkmate.com.au/tools/pay-rates/job/physiotherapist,,
physiotherapy salary,1000,0,1,fairworkmate.com.au,17,https://fairworkmate.com.au/tools/pay-rates/job/physiotherapist,,
real estate award,1000,0,1,fairworkmate.com.au,9,https://fairworkmate.com.au/tools/pay-rates/job/real-estate-agent,,
realestate award,1000,0,1,fairworkmate.com.au,10,https://fairworkmate.com.au/tools/pay-rates/real-estate,,
redundancy entitlements victoria,1000,22,1,fairworkmate.com.au,17,https://fairworkmate.com.au/state/vic/redundancy-pay,39,https://pay-calculator-australia.com/redundancy-pay-guide/
redundancy payment victoria,1000,16,1,fairworkmate.com.au,15,https://fairworkmate.com.au/state/vic/redundancy-pay,,
redundancy payouts victoria,1000,22,1,fairworkmate.com.au,18,https://fairworkmate.com.au/state/vic/redundancy-pay,,
single parent payment how much,1000,0,1,fairworkmate.com.au,14,https://fairworkmate.com.au/tools/parenting-payment,,
single parent pension,1000,0,1,fairworkmate.com.au,7,https://fairworkmate.com.au/tools/parenting-payment,,
single parenting payment how much,1000,1,1,fairworkmate.com.au,8,https://fairworkmate.com.au/tools/parenting-payment,,
single parenting pension,1000,0,1,fairworkmate.com.au,3,https://fairworkmate.com.au/tools/parenting-payment,,
support worker wage,1000,0,1,fairworkmate.com.au,18,https://fairworkmate.com.au/tools/pay-rates/disability-support-worker-wa,,
truck driver jobs pay,1000,0,1,fairworkmate.com.au,10,https://fairworkmate.com.au/tools/pay-rates/job/truck-driver,,
truck driver pay,1000,0,1,fairworkmate.com.au,10,https://fairworkmate.com.au/tools/pay-rates/job/truck-driver,,
truck drivers wage,1000,0,1,fairworkmate.com.au,6,https://fairworkmate.com.au/tools/pay-rates/job/truck-driver,,
truck driving wages,1000,0,1,fairworkmate.com.au,4,https://fairworkmate.com.au/tools/pay-rates/job/truck-driver,,
wage rate in australia,1000,35,1,fairworkmate.com.au,18,https://fairworkmate.com.au/tools/minimum-wage,,
wages rate in australia,1000,23,1,fairworkmate.com.au,16,https://fairworkmate.com.au/tools/minimum-wage,,
gross income net income,1000,1,1,paycalculator.com.au,12,https://paycalculator.com.au/,56,https://pay-calculator-australia.com/gross-pay-calculator/
gross vs net income,1000,0,1,paycalculator.com.au,12,https://paycalculator.com.au/,82,https://pay-calculator-australia.com/gross-pay-calculator/
net vs gross income,1000,1,1,paycalculator.com.au,12,https://paycalculator.com.au/,,
salary tax table,1000,23,2,paycalculator.com.au,13,https://paycalculator.com.au/,,
tax estimate,1000,21,1,paycalculator.com.au,10,https://paycalculator.com.au/,,
tax weekly,1000,8,1,paycalculator.com.au,8,https://paycalculator.com.au/,,
ato allowances travel,1000,0,1,atotaxrates.info,6,https://atotaxrates.info/allowances/ato-reasonable-travel-allowances/,,
ato industry guides,1000,0,1,atotaxrates.info,17,https://atotaxrates.info/businesses/business-industry-codes/,,
ato tax rates 2025 26,1000,36,1,atotaxrates.info,8,https://atotaxrates.info/,,
ato tax rates 2025--26,1000,37,1,atotaxrates.info,8,https://atotaxrates.info/,,
ato tax rates 2025-26,1000,32,1,atotaxrates.info,7,https://atotaxrates.info/,87,https://pay-calculator-australia.com/income-tax-calculator/
ato travel allowance,1000,0,1,atotaxrates.info,6,https://atotaxrates.info/allowances/ato-reasonable-travel-allowances/,,
ato travel allowances,1000,0,1,atotaxrates.info,5,https://atotaxrates.info/allowances/ato-reasonable-travel-allowances/,,
ato work from home rate 2025,1000,1,1,atotaxrates.info,14,https://atotaxrates.info/tax-deductions/home-office-expenses/,,
centrelink new payments,1000,32,1,atotaxrates.info,13,https://atotaxrates.info/centrelink-payment-rates/,,
centrelink october 2025 bonus,1000,0,1,atotaxrates.info,10,https://atotaxrates.info/centrelink-payment-rates/,,
centrelink payment increase 2026,1000,0,1,atotaxrates.info,11,https://atotaxrates.info/centrelink-payment-rates/,,
cpi indexation,1000,32,1,atotaxrates.info,15,https://atotaxrates.info/numbers/cpi-consumer-price-index/,,
income tax chart,1000,32,1,atotaxrates.info,18,https://atotaxrates.info/,45,https://pay-calculator-australia.com/tax-brackets/
income tax table,1000,32,1,atotaxrates.info,17,https://atotaxrates.info/,48,https://pay-calculator-australia.com/tax-brackets/
new centrelink payments,1000,18,1,atotaxrates.info,14,https://atotaxrates.info/centrelink-payment-rates/,,
nsw payroll tax threshold,1000,11,1,atotaxrates.info,19,https://atotaxrates.info/businesses/payroll-tax/payroll-tax-nsw/,,
payroll tax thresholds nsw,1000,10,1,atotaxrates.info,15,https://atotaxrates.info/businesses/payroll-tax/payroll-tax-nsw/,,
personal tax table,1000,38,1,atotaxrates.info,16,https://atotaxrates.info/,42,https://pay-calculator-australia.com/tax-brackets/
tax breaks australia,1000,32,1,atotaxrates.info,17,https://atotaxrates.info/,33,https://pay-calculator-australia.com/tax-brackets/
tax income table,1000,32,1,atotaxrates.info,17,https://atotaxrates.info/,46,https://pay-calculator-australia.com/tax-brackets/
tax income tables,1000,23,1,atotaxrates.info,16,https://atotaxrates.info/,49,https://pay-calculator-australia.com/tax-brackets/
tax rates 2024 25,1000,32,1,atotaxrates.info,18,https://atotaxrates.info/,45,https://pay-calculator-australia.com/tax-brackets/
tax rates 2024--25,1000,32,1,atotaxrates.info,18,https://atotaxrates.info/,48,https://pay-calculator-australia.com/tax-brackets/
tax rates australia 2025,1000,37,1,atotaxrates.info,18,https://atotaxrates.info/,73,https://pay-calculator-australia.com/tax-brackets/
tax table income,1000,32,1,atotaxrates.info,15,https://atotaxrates.info/,47,https://pay-calculator-australia.com/tax-brackets/
tax table on income,1000,32,1,atotaxrates.info,19,https://atotaxrates.info/,46,https://pay-calculator-australia.com/tax-brackets/
taxable income chart,1000,32,1,atotaxrates.info,15,https://atotaxrates.info/,46,https://pay-calculator-australia.com/tax-brackets/
taxable income table,1000,32,1,atotaxrates.info,13,https://atotaxrates.info/,45,https://pay-calculator-australia.com/tax-brackets/
travel allowance ato,1000,0,1,atotaxrates.info,8,https://atotaxrates.info/allowances/ato-reasonable-travel-allowances/,,
travel allowances ato,1000,0,1,atotaxrates.info,6,https://atotaxrates.info/allowances/ato-reasonable-travel-allowances/,,
vehicle depreciation calculator,1000,27,1,atotaxrates.info,17,https://atotaxrates.info/tax-deductions/work-related-car-expenses/depreciation-of-vehicles/,,
vehicle log book,1000,0,1,atotaxrates.info,20,https://atotaxrates.info/tax-deductions/work-related-car-expenses/log-book-method/,,
ato payment plan calculator,880,15,2,paycalculator.com.au,13,https://paycalculator.com.au/,,
ato tax calculator 2025,880,38,3,paycalculator.com.au,7,https://paycalculator.com.au/,,
hecs indexation 2026,880,2,3,atotaxcalculator.com.au,7,https://atotaxcalculator.com.au/hecs-debt-indexation,76,https://pay-calculator-australia.com/news/hecs-indexation-2026/
help loan repayment threshold,880,7,4,paycalculator.com.au,10,https://paycalculator.com.au/student-loan/,66,https://pay-calculator-australia.com/hecs-repayment-threshold/
tax withheld ato,880,23,1,atotaxcalculator.com.au,17,https://atotaxcalculator.com.au/,,
taxcalc 2025,880,25,2,paycalculator.com.au,15,https://paycalculator.com.au/,,
average salary england,880,16,1,salaryaftertax.com,15,https://salaryaftertax.com/salary-calculator/uk,,
calculator salary uk,880,33,1,salaryaftertax.com,4,https://salaryaftertax.com/salary-calculator/uk,,
calculator uk salary,880,33,2,salaryaftertax.com,3,https://salaryaftertax.com/salary-calculator/uk,,
calculator wages uk,880,42,1,salaryaftertax.com,4,https://salaryaftertax.com/salary-calculator/uk,,
gross net calculator,880,5,5,paycalculator.com.au,1,https://paycalculator.com.au/,41,https://pay-calculator-australia.com/gross-pay-calculator/
income calculator uk,880,32,1,salaryaftertax.com,5,https://salaryaftertax.com/salary-calculator/uk,,
monthly pay calculator,880,12,5,paycalculator.com.au,1,https://paycalculator.com.au/,35,https://pay-calculator-australia.com/
net gross,880,0,3,paycalculator.com.au,3,https://paycalculator.com.au/,45,https://pay-calculator-australia.com/gross-pay-calculator/
pay calculator australia hourly rate,880,3,5,paycalculator.com.au,2,https://paycalculator.com.au/,56,https://pay-calculator-australia.com/hourly-to-annual-salary-calculator/
pay calculator uk,880,41,1,salaryaftertax.com,4,https://salaryaftertax.com/salary-calculator/uk,,
paycalculator uk,880,42,2,paycalculator.com.au,3,https://paycalculator.com.au/,,
paycheck calculator uk,880,29,1,salaryaftertax.com,3,https://salaryaftertax.com/salary-calculator/uk,,
payroll calculator uk,880,37,1,salaryaftertax.com,6,https://salaryaftertax.com/salary-calculator/uk,,
salaries in australia,880,19,1,salaryaftertax.com,19,https://salaryaftertax.com/salary-calculator/australia,,
salary calculator england,880,39,1,salaryaftertax.com,3,https://salaryaftertax.com/salary-calculator/uk,,
salary calculator in uk,880,27,1,salaryaftertax.com,4,https://salaryaftertax.com/salary-calculator/uk,,
salary calculator uk,880,32,1,salaryaftertax.com,5,https://salaryaftertax.com/salary-calculator/uk,,
salary in australia,880,42,1,salaryaftertax.com,13,https://salaryaftertax.com/salary-calculator/australia,,
salary in uk calculator,880,32,2,salaryaftertax.com,3,https://salaryaftertax.com/salary-calculator/uk,,
tax calculator england,880,42,1,salaryaftertax.com,8,https://salaryaftertax.com/salary-calculator/uk,,
tax calculator in uk,880,55,1,salaryaftertax.com,15,https://salaryaftertax.com/salary-calculator/uk,,
tax estimate uk,880,42,1,salaryaftertax.com,17,https://salaryaftertax.com/salary-calculator/uk,,
tax uk calculator,880,42,1,salaryaftertax.com,12,https://salaryaftertax.com/salary-calculator/uk,,
taxation uk calculator,880,42,1,salaryaftertax.com,19,https://salaryaftertax.com/salary-calculator/uk,,
taxes uk calculator,880,42,1,salaryaftertax.com,16,https://salaryaftertax.com/salary-calculator/uk,,
u k tax calculator,880,42,1,salaryaftertax.com,20,https://salaryaftertax.com/salary-calculator/uk,,
uk payroll calculator,880,42,1,salaryaftertax.com,4,https://salaryaftertax.com/salary-calculator/uk,,
uk salary calculator,880,41,1,salaryaftertax.com,6,https://salaryaftertax.com/salary-calculator/uk,,
uk tax calculator,880,42,1,salaryaftertax.com,17,https://salaryaftertax.com/salary-calculator/uk,,
wage calculator uk,880,41,1,salaryaftertax.com,3,https://salaryaftertax.com/salary-calculator/uk,,
wage uk calculator,880,54,3,salaryaftertax.com,3,https://salaryaftertax.com/salary-calculator/uk,,
wages calculator victoria,880,15,5,paycalculator.com.au,1,https://paycalculator.com.au/,35,https://pay-calculator-australia.com/pay-calculator-vic/
annual tax calculator,880,12,3,paycalculator.com.au,3,https://paycalculator.com.au/,,
australian invoice template free,880,5,1,paycal.com.au,11,https://paycal.com.au/invoice-generator/,,
australian salary,880,19,3,paycalculator.com.au,1,https://paycalculator.com.au/,,
calculate my wage,880,15,4,paycalculator.com.au,2,https://paycalculator.com.au/,78,https://pay-calculator-australia.com/pay-calculator-wa/
easy payslip,880,2,1,paycal.com.au,18,https://paycal.com.au/payslip-generator/,,
estimate income after tax,880,10,3,paycalculator.com.au,3,https://paycalculator.com.au/,,
estimate income after taxes,880,4,4,paycalculator.com.au,2,https://paycalculator.com.au/,,
gross to net calculator,880,5,4,paycalculator.com.au,1,https://paycalculator.com.au/,34,https://pay-calculator-australia.com/gross-pay-calculator/
income after tax calculator,880,11,3,paycalculator.com.au,2,https://paycalculator.com.au/,,
monthly salary calculator,880,12,4,paycalculator.com.au,1,https://paycalculator.com.au/,35,https://pay-calculator-australia.com/
mypay calculator,880,34,4,paycalculator.com.au,1,https://paycalculator.com.au/,57,https://pay-calculator-australia.com/
net calculation,880,18,4,paycalculator.com.au,1,https://paycalculator.com.au/,36,https://pay-calculator-australia.com/gross-pay-calculator/
net pay to salary calculator,880,1,4,paycalculator.com.au,1,https://paycalculator.com.au/,66,https://pay-calculator-australia.com/
net salary calculator,880,4,4,paycalculator.com.au,1,https://paycalculator.com.au/,47,https://pay-calculator-australia.com/monthly-pay-calculator/
online tax calculator,880,13,3,paycalculator.com.au,3,https://paycalculator.com.au/,,
pay calculator pro rata,880,5,5,paycalculator.com.au,1,https://paycalculator.com.au/,64,https://pay-calculator-australia.com/
paycheckcity calculator salary,880,10,4,wagecalculator.com.au,3,https://www.wagecalculator.com.au/,38,https://pay-calculator-australia.com/
payg calculator australia,880,24,4,paycalculator.com.au,2,https://paycalculator.com.au/,,
payscale calculator,880,15,4,paycalculator.com.au,1,https://paycalculator.com.au/,34,https://pay-calculator-australia.com/
pro rata pay calculator,880,10,5,paycalculator.com.au,1,https://paycalculator.com.au/,65,https://pay-calculator-australia.com/
pro rata payment calculator,880,0,5,paycalculator.com.au,1,https://paycalculator.com.au/,,
pro rata salary calculator,880,5,5,paycalculator.com.au,1,https://paycalculator.com.au/,66,https://pay-calculator-australia.com/
rego quote,880,23,1,paycal.com.au,15,https://paycal.com.au/vehicle-registration-calculator/,,
salary and super calculator,880,9,4,paycalculator.com.au,1,https://paycalculator.com.au/,57,https://pay-calculator-australia.com/
salary aus,880,19,3,paycalculator.com.au,1,https://paycalculator.com.au/,,
salary checker pro rata,880,3,5,australiapaycalculator.com.au,1,https://australiapaycalculator.com.au/,,
salary pro rata calculator,880,3,5,paycalculator.com.au,1,https://paycalculator.com.au/,64,https://pay-calculator-australia.com/
seek tax calculator,880,8,3,wagecalculator.com.au,3,https://www.wagecalculator.com.au/,,
wage calculator pro rata,880,5,5,paycalculator.com.au,1,https://paycalculator.com.au/,,
what is a net pay,880,5,3,paycalculator.com.au,3,https://paycalculator.com.au/,,
what is net pay,880,8,3,paycalculator.com.au,2,https://paycalculator.com.au/,55,https://pay-calculator-australia.com/gross-pay-calculator/
abn tax calculator,880,19,2,wagecalculator.com.au,9,https://www.wagecalculator.com.au/contractor-calculator,,
adf pay,880,0,1,wagecalculator.com.au,4,https://www.wagecalculator.com.au/adf-pay,,
adf salary,880,0,1,wagecalculator.com.au,6,https://www.wagecalculator.com.au/adf-pay,,
aps level,880,6,1,wagecalculator.com.au,6,https://www.wagecalculator.com.au/public-service-salaries/aps,34,https://pay-calculator-australia.com/public-service-pay-scales/aps/
aps levels,880,0,1,wagecalculator.com.au,9,https://www.wagecalculator.com.au/public-service-salaries/aps,38,https://pay-calculator-australia.com/public-service-pay-scales/aps/
australia salary,880,30,2,paycalculator.com.au,1,https://paycalculator.com.au/,,
australia salary tax,880,37,2,paycalculator.com.au,3,https://paycalculator.com.au/,,
australian abn tax calculator,880,25,2,wagecalculator.com.au,9,https://www.wagecalculator.com.au/contractor-calculator,,
australian defence force salary,880,0,1,wagecalculator.com.au,4,https://www.wagecalculator.com.au/adf-pay,,
australian tax calculator 2026,880,38,2,paycalculator.com.au,3,https://paycalculator.com.au/,,
calculate cgt on property,880,13,1,wagecalculator.com.au,20,https://www.wagecalculator.com.au/cgt-calculator,,
calculator shift,880,5,2,wagecalculator.com.au,17,https://www.wagecalculator.com.au/work-hours-calculator,,
calculator soup hours,880,39,1,wagecalculator.com.au,19,https://www.wagecalculator.com.au/work-hours-calculator,,
compound growth calculator,880,54,1,wagecalculator.com.au,16,https://www.wagecalculator.com.au/investment-calculator,,
help repayment threshold,880,4,2,paycalculator.com.au,18,https://paycalculator.com.au/student-loan/,65,https://pay-calculator-australia.com/hecs-repayment-threshold/
hours calculator week,880,29,1,wagecalculator.com.au,6,https://www.wagecalculator.com.au/work-hours-calculator,,
how calculate income tax,880,13,2,paycalculator.com.au,3,https://paycalculator.com.au/,,
how is income tax calculated,880,25,2,paycalculator.com.au,5,https://paycalculator.com.au/,,
how much do nurses earn,880,0,1,wagecalculator.com.au,15,https://www.wagecalculator.com.au/nursing-salaries,,
how much do nurses make,880,0,1,wagecalculator.com.au,12,https://www.wagecalculator.com.au/nursing-salaries,,
how much does a nurse make,880,0,1,wagecalculator.com.au,13,https://www.wagecalculator.com.au/nursing-salaries,,
how much tax,880,38,2,paycalculator.com.au,3,https://paycalculator.com.au/,72,https://pay-calculator-australia.com/
how to calculate gst from total,880,1,1,wagecalculator.com.au,15,https://www.wagecalculator.com.au/gst-calculator,,
how to calculate income tax,880,13,2,paycalculator.com.au,3,https://paycalculator.com.au/,,
how to calculate taxable income,880,25,2,paycalculator.com.au,3,https://paycalculator.com.au/,,
income tax rates 2026,880,32,2,atotaxrates.info,16,https://atotaxrates.info/,56,https://pay-calculator-australia.com/tax-brackets/
investment and return calculator,880,29,1,wagecalculator.com.au,12,https://www.wagecalculator.com.au/investment-calculator,,
investment and returns calculator,880,28,1,wagecalculator.com.au,20,https://www.wagecalculator.com.au/investment-calculator,,
investment return calculator,880,55,1,wagecalculator.com.au,17,https://www.wagecalculator.com.au/investment-calculator,,
land tax in south australia,880,0,1,wagecalculator.com.au,17,https://www.wagecalculator.com.au/land-tax-calculator/sa,,
land tax sa,880,10,1,wagecalculator.com.au,17,https://www.wagecalculator.com.au/land-tax-calculator/sa,,
land tax south australia,880,9,1,wagecalculator.com.au,13,https://www.wagecalculator.com.au/land-tax-calculator/sa,,
long service leave victoria calculator,880,0,1,wagecalculator.com.au,5,https://www.wagecalculator.com.au/long-service-leave-calculator/vic,65,https://pay-calculator-australia.com/long-service-leave-calculator/
lsl victoria calculator,880,0,1,wagecalculator.com.au,5,https://www.wagecalculator.com.au/long-service-leave-calculator/vic,62,https://pay-calculator-australia.com/long-service-leave-calculator/
nsw salary awards,880,10,1,wagecalculator.com.au,8,https://www.wagecalculator.com.au/public-service-salaries/nsw,,
nurse pay rates victoria,880,0,1,wagecalculator.com.au,6,https://www.wagecalculator.com.au/nursing-salaries/vic,,
nurse pay victoria,880,0,1,wagecalculator.com.au,7,https://www.wagecalculator.com.au/nursing-salaries/vic,,
nurse salary victoria,880,0,1,wagecalculator.com.au,20,https://www.wagecalculator.com.au/nursing-salaries/vic,63,https://pay-calculator-australia.com/healthcare-worker-pay/vic/
nurses pay rates victoria,880,0,1,wagecalculator.com.au,14,https://www.wagecalculator.com.au/nursing-salaries/vic,57,https://pay-calculator-australia.com/healthcare-worker-pay/vic/
nurses pay victoria,880,0,1,wagecalculator.com.au,18,https://www.wagecalculator.com.au/nursing-salaries/vic,75,https://pay-calculator-australia.com/healthcare-worker-pay/vic/
nurses salary in victoria,880,0,1,wagecalculator.com.au,18,https://www.wagecalculator.com.au/nursing-salaries/vic,66,https://pay-calculator-australia.com/healthcare-worker-pay/vic/
nurses salary victoria,880,0,1,wagecalculator.com.au,10,https://www.wagecalculator.com.au/nursing-salaries/vic,66,https://pay-calculator-australia.com/healthcare-worker-pay/vic/
nursing pay rates victoria,880,0,1,wagecalculator.com.au,1,https://www.wagecalculator.com.au/nursing-salaries/vic,,
nursing salary victoria,880,0,1,wagecalculator.com.au,6,https://www.wagecalculator.com.au/nursing-salaries/vic,,
nursing victoria pay rates,880,0,2,wagecalculator.com.au,1,https://www.wagecalculator.com.au/nursing-salaries/vic,,
nursing wage rates victoria,880,0,2,wagecalculator.com.au,6,https://www.wagecalculator.com.au/nursing-salaries/vic,,
pay calculator fair work,880,53,3,paycalculator.com.au,5,https://paycalculator.com.au/,,
pay scale,880,15,2,paycalculator.com.au,1,https://paycalculator.com.au/,,
pay scale for teachers,880,15,1,wagecalculator.com.au,19,https://www.wagecalculator.com.au/teacher-salaries/wa,61,https://pay-calculator-australia.com/teacher-pay-australia/
pay scale teachers,880,4,1,wagecalculator.com.au,20,https://www.wagecalculator.com.au/teacher-salaries/wa,68,https://pay-calculator-australia.com/teacher-pay-australia/
queensland health pay,880,1,1,wagecalculator.com.au,4,https://www.wagecalculator.com.au/public-service-salaries/qld,,
queensland health salary,880,1,1,wagecalculator.com.au,6,https://www.wagecalculator.com.au/public-service-salaries/qld,,
queensland health wage rates,880,0,1,wagecalculator.com.au,4,https://www.wagecalculator.com.au/public-service-salaries/qld,,
sa land tax,880,0,1,wagecalculator.com.au,15,https://www.wagecalculator.com.au/land-tax-calculator/sa,,
sa teachers salary,880,0,1,wagecalculator.com.au,5,https://www.wagecalculator.com.au/teacher-salaries/sa,44,https://pay-calculator-australia.com/teacher-pay-australia/sa/
salary tax australia,880,34,2,paycalculator.com.au,3,https://paycalculator.com.au/,,
sheriff victoria,880,5,1,wagecalculator.com.au,12,https://www.wagecalculator.com.au/public-service-salaries/vic/sheriffs-officers,,
shift calculator,880,31,1,wagecalculator.com.au,11,https://www.wagecalculator.com.au/work-hours-calculator,,
soup calculator hours,880,21,1,wagecalculator.com.au,13,https://www.wagecalculator.com.au/work-hours-calculator,,
south australia teacher salary,880,0,1,wagecalculator.com.au,6,https://www.wagecalculator.com.au/teacher-salaries/sa,31,https://pay-calculator-australia.com/teacher-pay-australia/
tax rates australia 2026 27,880,37,3,wagecalculator.com.au,15,https://www.wagecalculator.com.au/tax-rates/2026-27,56,https://pay-calculator-australia.com/tax-changes-2026-27/
tax rates australia 2026--27,880,24,2,wagecalculator.com.au,12,https://www.wagecalculator.com.au/tax-rates/2026-27,69,https://pay-calculator-australia.com/tax-changes-2026-27/
tax rates australia 2026-27,880,32,2,wagecalculator.com.au,16,https://www.wagecalculator.com.au/tax-rates/2026-27,90,https://pay-calculator-australia.com/income-tax-calculator/
teacher award,880,0,1,wagecalculator.com.au,17,https://www.wagecalculator.com.au/teacher-salaries/award,,
teacher pay rates sa,880,0,2,fairworkmate.com.au,10,https://fairworkmate.com.au/tools/pay-rates/teacher-sa,,
teacher pay scale,880,10,1,wagecalculator.com.au,16,https://www.wagecalculator.com.au/teacher-salaries/wa,49,https://pay-calculator-australia.com/teacher-pay-australia/qld/
teacher pay scales,880,7,1,wagecalculator.com.au,16,https://www.wagecalculator.com.au/teacher-salaries/wa,66,https://pay-calculator-australia.com/teacher-pay-australia/
teacher payment scale,880,10,1,wagecalculator.com.au,15,https://www.wagecalculator.com.au/teacher-salaries/vic,63,https://pay-calculator-australia.com/teacher-pay-australia/wa/
teacher salary sa,880,0,1,wagecalculator.com.au,5,https://www.wagecalculator.com.au/teacher-salaries/sa,,
teachers award,880,3,1,wagecalculator.com.au,19,https://www.wagecalculator.com.au/teacher-salaries/award,,
teachers pay scale,880,5,1,wagecalculator.com.au,17,https://www.wagecalculator.com.au/teacher-salaries/vic,67,https://pay-calculator-australia.com/teacher-pay-australia/vic/
teachers pay scales,880,10,1,wagecalculator.com.au,19,https://www.wagecalculator.com.au/teacher-salaries/wa,51,https://pay-calculator-australia.com/teacher-pay-australia/qld/
teaching pay scale,880,16,1,wagecalculator.com.au,17,https://www.wagecalculator.com.au/teacher-salaries/wa,66,https://pay-calculator-australia.com/teacher-pay-australia/
victoria nurse salary,880,0,1,wagecalculator.com.au,16,https://www.wagecalculator.com.au/nursing-salaries/vic,64,https://pay-calculator-australia.com/healthcare-worker-pay/vic/
victoria nurses pay rates,880,0,1,wagecalculator.com.au,12,https://www.wagecalculator.com.au/nursing-salaries/vic,31,https://pay-calculator-australia.com/healthcare-worker-pay/vic/
victorian nurses salary,880,0,1,wagecalculator.com.au,13,https://www.wagecalculator.com.au/nursing-salaries/vic,67,https://pay-calculator-australia.com/healthcare-worker-pay/vic/
wage rates queensland health,880,0,1,wagecalculator.com.au,4,https://www.wagecalculator.com.au/public-service-salaries/qld,,
weekly tax sheet,880,0,1,wagecalculator.com.au,12,https://www.wagecalculator.com.au/tax-rates/weekly-tax-table,33,https://pay-calculator-australia.com/weekly-tax-table/
weekly tax tables,880,1,1,wagecalculator.com.au,13,https://www.wagecalculator.com.au/tax-rates/weekly-tax-table,37,https://pay-calculator-australia.com/weekly-tax-table/
work hour,880,33,1,wagecalculator.com.au,13,https://www.wagecalculator.com.au/work-hours-calculator,,
works hours,880,13,1,wagecalculator.com.au,9,https://www.wagecalculator.com.au/work-hours-calculator,,
yearly tax calculator,880,25,2,paycalculator.com.au,3,https://paycalculator.com.au/,,
ytd salary calculator,880,6,3,paycalculator.com.au,4,https://paycalculator.com.au/,41,https://pay-calculator-australia.com/ytd-income-calculator/
australian long weekend,880,37,1,australiapaycalculator.com.au,16,https://australiapaycalculator.com.au/long-weekends-planner/,,
australian tax rates 2026,880,43,2,atotaxrates.info,14,https://atotaxrates.info/,52,https://pay-calculator-australia.com/tax-brackets/
15-year olds,880,0,1,fairworkmate.com.au,19,https://fairworkmate.com.au/tools/pay-rates/age/15,,
15-year-olds,880,0,1,fairworkmate.com.au,17,https://fairworkmate.com.au/tools/pay-rates/age/15,,
allied health assistant pay rates,880,0,1,fairworkmate.com.au,17,https://fairworkmate.com.au/blog/allied-health-pay-rates-april-2026-new-classifications,,
australia minimum wage 2026,880,10,1,fairworkmate.com.au,15,https://fairworkmate.com.au/tools/minimum-wage,,
award cleaning,880,0,1,fairworkmate.com.au,11,https://fairworkmate.com.au/tools/pay-rates/cleaner-nsw,,
award for cleaners,880,0,1,fairworkmate.com.au,12,https://fairworkmate.com.au/tools/pay-rates/cleaning,,
award for cleaning,880,0,1,fairworkmate.com.au,10,https://fairworkmate.com.au/tools/pay-rates/cleaner-nsw,,
bidfood townsville,880,0,1,fairworkmate.com.au,13,https://fairworkmate.com.au/agreements/bidfood-townsville-enterprise-agreement-2025-ae530969,,
break times,880,0,1,fairworkmate.com.au,17,https://fairworkmate.com.au/tools/work-hours/8-hour-shift,,
bunnings pay rate,880,0,1,fairworkmate.com.au,1,https://fairworkmate.com.au/blog/bunnings-pay-rates-2026,,
bunnings pay rates,880,0,1,fairworkmate.com.au,7,https://fairworkmate.com.au/blog/bunnings-pay-rates-2026,,
bunnings warehouse pay rate,880,1,1,fairworkmate.com.au,9,https://fairworkmate.com.au/blog/bunnings-pay-rates-2026,,
centrelink christmas payments 2025,880,0,2,fairworkmate.com.au,10,https://fairworkmate.com.au/tools/centrelink-payment-dates,,
centrelink unemployment benefit,880,21,1,fairworkmate.com.au,17,https://fairworkmate.com.au/wiki/centrelink-payment-rates,,
centrelink unemployment payment,880,21,1,fairworkmate.com.au,18,https://fairworkmate.com.au/wiki/centrelink-payment-rates,,
cleaning award,880,0,1,fairworkmate.com.au,14,https://fairworkmate.com.au/tools/pay-rates/cleaning,,
cleaning awards,880,0,1,fairworkmate.com.au,11,https://fairworkmate.com.au/tools/pay-rates/cleaning,,
clerk award pay guide,880,2,1,fairworkmate.com.au,8,https://fairworkmate.com.au/tools/pay-rates/clerks,,
electrician wages australia,880,0,1,fairworkmate.com.au,20,https://fairworkmate.com.au/tools/pay-rates/job/electrician,,
emp hero,880,47,1,fairworkmate.com.au,18,https://fairworkmate.com.au/employment-hero,,
employment hero app,880,29,1,fairworkmate.com.au,16,https://fairworkmate.com.au/employment-hero,,
fair work agreement search,880,18,1,fairworkmate.com.au,7,https://fairworkmate.com.au/blog/how-to-find-your-enterprise-agreement,,
fair work complaints,880,27,1,fairworkmate.com.au,7,https://fairworkmate.com.au/blog/how-to-make-fair-work-complaint,,
fair work find an agreement,880,11,1,fairworkmate.com.au,7,https://fairworkmate.com.au/blog/how-to-find-your-enterprise-agreement,,
fair work ombudsman complaint,880,32,1,fairworkmate.com.au,9,https://fairworkmate.com.au/blog/how-to-make-fair-work-complaint,,
find an agreement,880,9,1,fairworkmate.com.au,17,https://fairworkmate.com.au/blog/how-to-find-your-enterprise-agreement,,
fitness award,880,0,1,fairworkmate.com.au,19,https://fairworkmate.com.au/awards/fitness-award,,
fwc decisions,880,24,1,fairworkmate.com.au,15,https://fairworkmate.com.au/cases/year/2026,,
higa award,880,0,1,fairworkmate.com.au,19,https://fairworkmate.com.au/tools/pay-rates/hospitality,,
how many sick days do you get a year,880,1,1,fairworkmate.com.au,18,https://fairworkmate.com.au/blog/how-many-sick-days-australia,,
how many sick days do you get in a year,880,0,1,fairworkmate.com.au,16,https://fairworkmate.com.au/blog/how-many-sick-days-australia,,
how many sick days per year,880,4,1,fairworkmate.com.au,19,https://fairworkmate.com.au/blog/how-many-sick-days-australia,,
how many sick leave per year,880,4,1,fairworkmate.com.au,16,https://fairworkmate.com.au/blog/personal-leave-carers-leave-sick-days-australia,,
how much is carer allowance,880,12,1,fairworkmate.com.au,20,https://fairworkmate.com.au/blog/carer-payment-rates-2026-australia,,
hpss award,880,0,1,fairworkmate.com.au,18,https://fairworkmate.com.au/tools/pay-rates/health-professionals,,
lunch breaks,880,0,1,fairworkmate.com.au,12,https://fairworkmate.com.au/blog/break-entitlements-by-shift-length-australia,,
medical reception pay,880,0,1,fairworkmate.com.au,7,https://fairworkmate.com.au/tools/pay-rates/job/receptionist,,
medical reception pay rate,880,0,1,fairworkmate.com.au,5,https://fairworkmate.com.au/tools/pay-rates/job/receptionist,,
medical reception wages,880,0,1,fairworkmate.com.au,7,https://fairworkmate.com.au/tools/pay-rates/job/receptionist,,
medical receptionist jobs pay,880,0,1,fairworkmate.com.au,12,https://fairworkmate.com.au/tools/pay-rates/job/receptionist,,
medical receptionist pay rate,880,0,1,fairworkmate.com.au,5,https://fairworkmate.com.au/tools/pay-rates/job/receptionist,,
medical receptionist salary,880,0,1,fairworkmate.com.au,16,https://fairworkmate.com.au/tools/pay-rates/job/receptionist,,
medical receptionist wages,880,0,1,fairworkmate.com.au,10,https://fairworkmate.com.au/tools/pay-rates/job/receptionist,,
minimum wage 2026,880,3,1,fairworkmate.com.au,16,https://fairworkmate.com.au/tools/minimum-wage,,
nurse award 2020,880,0,1,fairworkmate.com.au,17,https://fairworkmate.com.au/awards/nurses-award,,
nurses award 2020,880,0,1,fairworkmate.com.au,16,https://fairworkmate.com.au/awards/nurses-award,,
over time rate,880,0,1,fairworkmate.com.au,20,https://fairworkmate.com.au/tools/overtime,38,https://pay-calculator-australia.com/overtime-pay-calculator/
overtime rates,880,0,1,fairworkmate.com.au,16,https://fairworkmate.com.au/tools/overtime,72,https://pay-calculator-australia.com/overtime-pay-calculator/
parental pay calculator,880,0,2,fairworkmate.com.au,2,https://fairworkmate.com.au/tools/parenting-payment,55,https://pay-calculator-australia.com/parental-leave-pay/
parental payment calculator,880,0,2,fairworkmate.com.au,2,https://fairworkmate.com.au/tools/parenting-payment,,
pay for medical receptionist,880,0,1,fairworkmate.com.au,10,https://fairworkmate.com.au/tools/pay-rates/job/receptionist,,
pay rates in australia,880,21,1,fairworkmate.com.au,10,https://fairworkmate.com.au/tools/pay-rates,37,https://pay-calculator-australia.com/award-rates/
pharmacy guild award wages,880,0,1,fairworkmate.com.au,9,https://fairworkmate.com.au/tools/pay-rates/pharmacy,,
redundancy pay australia,880,16,1,fairworkmate.com.au,18,https://fairworkmate.com.au/state/qld/redundancy-pay,,
redundancy payment australia,880,9,1,fairworkmate.com.au,16,https://fairworkmate.com.au/state/wa/redundancy-pay,72,https://pay-calculator-australia.com/redundancy-pay-guide/
resign mail,880,9,1,fairworkmate.com.au,16,https://fairworkmate.com.au/templates/resignation-letter-immediate,,
resignation letter template australia,880,0,1,fairworkmate.com.au,14,https://fairworkmate.com.au/templates/resignation-letter-immediate,,
restaurant award pay guide,880,0,1,fairworkmate.com.au,11,https://fairworkmate.com.au/tools/pay-rates/restaurant,,
restaurant award rate,880,0,1,fairworkmate.com.au,11,https://fairworkmate.com.au/awards/restaurant-award,,
restaurant award rates,880,0,1,fairworkmate.com.au,14,https://fairworkmate.com.au/tools/pay-rates/restaurant,,
restaurant industry award rate,880,0,1,fairworkmate.com.au,15,https://fairworkmate.com.au/awards/restaurant-award,,
restaurant industry award rates,880,0,1,fairworkmate.com.au,14,https://fairworkmate.com.au/tools/pay-rates/restaurant,,
restaurants award rates,880,0,1,fairworkmate.com.au,12,https://fairworkmate.com.au/awards/restaurant-award,,
retail manager wage,880,0,1,fairworkmate.com.au,13,https://fairworkmate.com.au/tools/pay-rates/retail-worker-nsw,,
salary medical receptionist,880,0,1,fairworkmate.com.au,13,https://fairworkmate.com.au/tools/pay-rates/job/receptionist,,
schads award pdf,880,0,1,fairworkmate.com.au,16,https://fairworkmate.com.au/tools/pay-rates/schads,,
sme powered services,880,0,1,fairworkmate.com.au,12,https://fairworkmate.com.au/agreements/sme-powered-services-vic-pty-ltd-and-etu-electrical-contracting-enterprise-agreement-2025--ae531485,,
store manager pay rate,880,0,1,fairworkmate.com.au,18,https://fairworkmate.com.au/tools/pay-rates/retail,,
student allowance,880,0,1,fairworkmate.com.au,19,https://fairworkmate.com.au/tools/youth-allowance,,
teacher aide pay rate qld,880,0,1,fairworkmate.com.au,16,https://fairworkmate.com.au/tools/pay-rates/teacher-qld,,
victoria long service leave calculator,880,0,1,fairworkmate.com.au,11,https://fairworkmate.com.au/tools/long-service-leave,,
ato day calculator,880,39,1,paycalculator.com.au,7,https://paycalculator.com.au/,,
ato days calculator,880,25,1,paycalculator.com.au,9,https://paycalculator.com.au/,,
ato income tax estimator,880,19,1,paycalculator.com.au,12,https://paycalculator.com.au/,,
days calculator ato,880,30,1,paycalculator.com.au,8,https://paycalculator.com.au/,,
income calculator ytd,880,0,1,paycalculator.com.au,9,https://paycalculator.com.au/,51,https://pay-calculator-australia.com/ytd-income-calculator/
income gross vs net,880,0,1,paycalculator.com.au,11,https://paycalculator.com.au/,,
income year to date calculator,880,0,1,paycalculator.com.au,11,https://paycalculator.com.au/,52,https://pay-calculator-australia.com/ytd-income-calculator/
net income gross income,880,4,1,paycalculator.com.au,11,https://paycalculator.com.au/,,
net or gross income,880,0,1,paycalculator.com.au,7,https://paycalculator.com.au/,,
net pay,880,4,1,paycalculator.com.au,1,https://paycalculator.com.au/,37,https://pay-calculator-australia.com/gross-pay-calculator/
net payable,880,0,1,paycalculator.com.au,7,https://paycalculator.com.au/,,
what is net payment,880,4,1,paycalculator.com.au,3,https://paycalculator.com.au/,,
ytd income calculator,880,0,1,paycalculator.com.au,11,https://paycalculator.com.au/,56,https://pay-calculator-australia.com/ytd-income-calculator/
2025 centrelink payments,880,14,1,atotaxrates.info,13,https://atotaxrates.info/centrelink-payment-rates/,,
adjusted taxable income,880,0,1,atotaxrates.info,20,https://atotaxrates.info/adjusted-taxable-income/,,
allowance travel,880,0,1,atotaxrates.info,10,https://atotaxrates.info/allowances/ato-reasonable-travel-allowances/,,
ato cents per km,880,6,1,atotaxrates.info,12,https://atotaxrates.info/tax-deductions/work-related-car-expenses/cents-per-kilometre/,,
ato email address,880,14,1,atotaxrates.info,16,https://atotaxrates.info/ato-contacts/,,
ato fuel tax credit rates,880,7,1,atotaxrates.info,14,https://atotaxrates.info/businesses/fuel-tax-credit/,,
ato interest rate,880,22,1,atotaxrates.info,16,https://atotaxrates.info/businesses/division-7a-benchmark-interest-rates/,,
ato interest rates,880,22,1,atotaxrates.info,8,https://atotaxrates.info/,,
ato tax brackets 2025,880,37,1,atotaxrates.info,10,https://atotaxrates.info/,76,https://pay-calculator-australia.com/tax-brackets/
australia tax brackets 2026,880,32,1,atotaxrates.info,17,https://atotaxrates.info/,67,https://pay-calculator-australia.com/tax-brackets/
calculate fuel tax,880,0,1,atotaxrates.info,14,https://atotaxrates.info/businesses/fuel-tax-credit/,,
centrelink age pension pay dates 2025,880,9,1,atotaxrates.info,17,https://atotaxrates.info/centrelink-payment-rates/,,
centrelink new payment november 2025,880,8,1,atotaxrates.info,10,https://atotaxrates.info/centrelink-payment-rates/,,
cents per kilometre ato,880,13,1,atotaxrates.info,8,https://atotaxrates.info/tax-deductions/work-related-car-expenses/cents-per-kilometre/,,
cents per km ato,880,6,1,atotaxrates.info,13,https://atotaxrates.info/tax-deductions/work-related-car-expenses/cents-per-kilometre/,,
depreciation calculator ato,880,14,1,atotaxrates.info,14,https://atotaxrates.info/tax-deductions/ato-depreciation/,,
excepted,880,0,1,atotaxrates.info,20,https://atotaxrates.info/individual-tax-rates-resident/children-tax/excepted-income/,,
franked dividends,880,1,1,atotaxrates.info,12,https://atotaxrates.info/businesses/company-tax-rates/dividend-franking-credit-calculators/,,
fuel tax calculator,880,0,1,atotaxrates.info,14,https://atotaxrates.info/businesses/fuel-tax-credit/,,
fuel tax credit rates ato,880,19,1,atotaxrates.info,13,https://atotaxrates.info/businesses/fuel-tax-credit/,,
income tax rate 2026,880,37,1,atotaxrates.info,19,https://atotaxrates.info/,77,https://pay-calculator-australia.com/tax-brackets/
income tax rates 2025,880,37,1,atotaxrates.info,12,https://atotaxrates.info/,83,https://pay-calculator-australia.com/tax-brackets/
lump sum e,880,0,1,atotaxrates.info,11,https://atotaxrates.info/tax-offset/delayed-income-tax-offset/,,
marginal tax rate 2025,880,32,1,atotaxrates.info,15,https://atotaxrates.info/,72,https://pay-calculator-australia.com/tax-brackets/
payroll tax percentage nsw,880,10,1,atotaxrates.info,15,https://atotaxrates.info/businesses/payroll-tax/payroll-tax-nsw/,,
seniors and pensioners tax offset,880,0,1,atotaxrates.info,17,https://atotaxrates.info/tax-offset/senior-australians-tax-offset/,35,https://pay-calculator-australia.com/sapto-calculator/
tax cuts 2026,880,23,1,atotaxrates.info,13,https://atotaxrates.info/,75,https://pay-calculator-australia.com/tax-changes-2026-27/
tax rate 2024-25,880,32,1,atotaxrates.info,15,https://atotaxrates.info/,,
what is single touch payroll,880,31,1,atotaxrates.info,20,https://atotaxrates.info/businesses/single-touch-payroll/,,
ato rate,720,41,2,atotaxrates.info,4,https://atotaxrates.info/,,
ato rates,720,49,2,atotaxrates.info,5,https://atotaxrates.info/,,
australian taxation office rates,720,12,2,atotaxrates.info,4,https://atotaxrates.info/allowances/ato-reasonable-travel-allowances/,,
help debt repayments,720,15,2,paycalculator.com.au,7,https://paycalculator.com.au/student-loan/,59,https://pay-calculator-australia.com/hecs-help-guide/
income tax rate ato,720,38,2,atotaxrates.info,7,https://atotaxrates.info/,,
tax on salary calculator australia,720,38,5,paycalculator.com.au,2,https://paycalculator.com.au/,,
gross net,720,0,3,paycalculator.com.au,3,https://paycalculator.com.au/,44,https://pay-calculator-australia.com/gross-pay-calculator/
how much does a,720,4,1,salaryaftertax.com,6,https://salaryaftertax.com/salary-calculator/australia,,
nz paye calculator,720,16,1,salaryaftertax.com,8,https://salaryaftertax.com/nz/salary-calculator,,
paye australia,720,19,5,paycalculator.com.au,1,https://paycalculator.com.au/,59,https://pay-calculator-australia.com/
paye calculator nz,720,28,1,salaryaftertax.com,13,https://salaryaftertax.com/nz/salary-calculator,,
paye nz calculator,720,19,1,salaryaftertax.com,11,https://salaryaftertax.com/nz/salary-calculator,,
paye tax calculator nz,720,16,1,salaryaftertax.com,15,https://salaryaftertax.com/nz/salary-calculator,,
salary calculator sydney,720,15,5,paycalculator.com.au,1,https://paycalculator.com.au/,,
taxes in england calculator,720,56,1,salaryaftertax.com,7,https://salaryaftertax.com/salary-calculator/uk,,
taxes in uk calculator,720,55,1,salaryaftertax.com,10,https://salaryaftertax.com/salary-calculator/uk,,
wage calculator victoria,720,39,5,paycalculator.com.au,1,https://paycalculator.com.au/,31,https://pay-calculator-australia.com/
australia tax withheld calculator,720,24,2,paycalculator.com.au,8,https://paycalculator.com.au/,,
australian tax salary calculator,720,38,2,paycalculator.com.au,1,https://paycalculator.com.au/,,
australian wages tax calculator,720,9,3,paycalculator.com.au,2,https://paycalculator.com.au/,,
car transfer fee calculator,720,19,1,paycal.com.au,18,https://paycal.com.au/vehicle-registration-calculator/,,
how much tax do i pay calculator,720,25,3,paycalculator.com.au,3,https://paycalculator.com.au/,,
how much tax will i pay calculator,720,10,3,paycalculator.com.au,3,https://paycalculator.com.au/,,
income pay calculator,720,3,3,paycalculator.com.au,1,https://paycalculator.com.au/,,
pay australia,720,53,4,paycalculator.com.au,1,https://paycalculator.com.au/,,
pay calculator tax,720,25,3,paycalculator.com.au,1,https://paycalculator.com.au/,,
pay tax calculator australia,720,12,4,paycalculator.com.au,1,https://paycalculator.com.au/,,
pro-rata calculator,720,6,5,paycalculator.com.au,1,https://paycalculator.com.au/,,
rate calculator,720,53,4,paycalculator.com.au,6,https://paycalculator.com.au/,,
repayment of help debt,720,16,2,paycalculator.com.au,11,https://paycalculator.com.au/student-loan/,57,https://pay-calculator-australia.com/hecs-help-guide/
salary and wages calculator,720,38,4,paycalculator.com.au,1,https://paycalculator.com.au/,,
salary calculator australia tax,720,38,3,paycalculator.com.au,1,https://paycalculator.com.au/,,
take home salary calculator,720,1,4,paycalculator.com.au,1,https://paycalculator.com.au/,,
tax calculator for weekly pay,720,11,4,paycalculator.com.au,2,https://paycalculator.com.au/,,
tax calculator for weekly wage,720,11,4,paycalculator.com.au,2,https://paycalculator.com.au/,,
tax calculator weekly pay,720,11,3,paycalculator.com.au,1,https://paycalculator.com.au/,75,https://pay-calculator-australia.com/pay-calculator-wa/
tax on wages calculator australia,720,38,3,paycalculator.com.au,2,https://paycalculator.com.au/,,
tax salary calculator,720,10,4,paycalculator.com.au,1,https://paycalculator.com.au/,,
tax to salary calculator,720,14,3,paycalculator.com.au,3,https://paycalculator.com.au/,46,https://pay-calculator-australia.com/
tax wages calculator,720,15,3,paycalculator.com.au,2,https://paycalculator.com.au/,,
vehicle registration calculator,720,23,1,paycal.com.au,12,https://paycal.com.au/vehicle-registration-calculator/,,
wage to salary calculator,720,10,4,paycalculator.com.au,1,https://paycalculator.com.au/,72,https://pay-calculator-australia.com/hourly-to-annual-salary-calculator/
year to date salary calculator,720,1,4,paycalculator.com.au,5,https://paycalculator.com.au/,46,https://pay-calculator-australia.com/ytd-income-calculator/
adf pay scale,720,0,1,wagecalculator.com.au,5,https://www.wagecalculator.com.au/adf-pay,,
adf pay scales 2025,720,0,1,wagecalculator.com.au,5,https://www.wagecalculator.com.au/adf-pay,,
aps 5,720,1,1,wagecalculator.com.au,12,https://www.wagecalculator.com.au/public-service-salaries/aps,,
aps5,720,0,1,wagecalculator.com.au,10,https://www.wagecalculator.com.au/public-service-salaries/aps,,
australian defence force pay scale,720,0,1,wagecalculator.com.au,3,https://www.wagecalculator.com.au/adf-pay,,
average rate of pay,720,19,1,wagecalculator.com.au,16,https://www.wagecalculator.com.au/,,
calculate my tax,720,25,2,paycalculator.com.au,2,https://paycalculator.com.au/,,
calculate tax payable,720,25,2,paycalculator.com.au,2,https://paycalculator.com.au/,,
civil air patrol salary,720,3,1,wagecalculator.com.au,19,https://www.wagecalculator.com.au/adf-pay/air-force,,
debt recycling calculator,720,0,1,wagecalculator.com.au,18,https://www.wagecalculator.com.au/debt-recycling-calculator,,
estimated tax calculator,720,25,2,paycalculator.com.au,5,https://paycalculator.com.au/,,
estimating income tax,720,13,2,paycalculator.com.au,6,https://paycalculator.com.au/,,
gross and net,720,0,2,paycalculator.com.au,3,https://paycalculator.com.au/,47,https://pay-calculator-australia.com/gross-pay-calculator/
how much do nurses get paid,720,0,2,wagecalculator.com.au,10,https://www.wagecalculator.com.au/nursing-salaries,80,https://pay-calculator-australia.com/healthcare-worker-pay/vic/
how much does a nurse get paid,720,0,1,wagecalculator.com.au,12,https://www.wagecalculator.com.au/nursing-salaries,,
how much does nurses get paid,720,0,1,wagecalculator.com.au,12,https://www.wagecalculator.com.au/nursing-salaries,,
how much should i pay in tax calculator,720,25,2,paycalculator.com.au,5,https://paycalculator.com.au/,,
how much should i salary sacrifice into super,720,9,1,wagecalculator.com.au,15,https://www.wagecalculator.com.au/salary-sacrifice/super,,
how much tax should i be paying calculator,720,13,2,paycalculator.com.au,5,https://paycalculator.com.au/,,
how tax is calculated,720,25,2,paycalculator.com.au,5,https://paycalculator.com.au/,,
how to calculate tax,720,25,2,paycalculator.com.au,3,https://paycalculator.com.au/,,
income tax estimate calculator,720,25,2,paycalculator.com.au,9,https://paycalculator.com.au/,,
income tax estimator,720,25,2,paycalculator.com.au,7,https://paycalculator.com.au/,,
investment calculator australia,720,22,1,wagecalculator.com.au,15,https://www.wagecalculator.com.au/investment-calculator,,
land tax wa calculator,720,0,1,wagecalculator.com.au,20,https://www.wagecalculator.com.au/land-tax-calculator/wa,,
nsw health pay,720,1,1,wagecalculator.com.au,19,https://www.wagecalculator.com.au/public-service-salaries/nsw,,
nsw health salary,720,6,1,wagecalculator.com.au,14,https://www.wagecalculator.com.au/public-service-salaries/nsw,,
pay increase calculator,720,9,3,australiapaycalculator.com.au,3,https://australiapaycalculator.com.au/percentage-calculator/,55,https://pay-calculator-australia.com/pay-rise-calculator/
pay raise calculator,720,16,3,paycalculator.com.au,8,https://paycalculator.com.au/,82,https://pay-calculator-australia.com/backpay-calculator/
primary teaching salary nsw,720,0,1,wagecalculator.com.au,5,https://www.wagecalculator.com.au/teacher-salaries/nsw,,
principal pay rate,720,4,1,wagecalculator.com.au,10,https://www.wagecalculator.com.au/teacher-salaries/nsw,,
principal salaries,720,6,1,wagecalculator.com.au,19,https://www.wagecalculator.com.au/teacher-salaries/vic,,
principal wage,720,14,1,wagecalculator.com.au,12,https://www.wagecalculator.com.au/teacher-salaries/vic,,
pro rata calculator,720,3,4,australiapaycalculator.com.au,1,https://australiapaycalculator.com.au/,,
public sector csa agreement 2024,720,0,1,wagecalculator.com.au,5,https://www.wagecalculator.com.au/public-service-salaries/wa,,
qld redundancy calculator,720,0,1,wagecalculator.com.au,17,https://www.wagecalculator.com.au/redundancy-payout-calculator,49,https://pay-calculator-australia.com/redundancy-pay-calculator/
redundancy calculator qld,720,16,2,fairworkmate.com.au,14,https://fairworkmate.com.au/tools/redundancy-pay,42,https://pay-calculator-australia.com/redundancy-pay-calculator/
redundancy calculator queensland,720,0,1,wagecalculator.com.au,17,https://www.wagecalculator.com.au/redundancy-payout-calculator,44,https://pay-calculator-australia.com/redundancy-pay-calculator/
salary increase calculator,720,0,3,paycalculator.com.au,3,https://paycalculator.com.au/,58,https://pay-calculator-australia.com/pay-rise-calculator/
salary raise calculator,720,9,3,paycalculator.com.au,5,https://paycalculator.com.au/,59,https://pay-calculator-australia.com/pay-rise-calculator/
smartasset salary calculator,720,64,2,wagecalculator.com.au,12,https://www.wagecalculator.com.au/,,
talent tax calculator,720,20,3,paycalculator.com.au,4,https://paycalculator.com.au/,39,https://pay-calculator-australia.com/
tasmania land tax,720,8,1,wagecalculator.com.au,7,https://www.wagecalculator.com.au/land-tax-calculator/tas,,
tax calculation,720,25,2,paycalculator.com.au,3,https://paycalculator.com.au/,,
tax calculator australia 2025,720,38,2,paycalculator.com.au,3,https://paycalculator.com.au/,,
victoria teacher salary,720,0,1,wagecalculator.com.au,8,https://www.wagecalculator.com.au/teacher-salaries/vic,,
victoria teachers salary,720,0,1,wagecalculator.com.au,7,https://www.wagecalculator.com.au/teacher-salaries/vic,,
victoria teaching salary,720,0,1,wagecalculator.com.au,8,https://www.wagecalculator.com.au/teacher-salaries/vic,,
wa land tax calculator,720,0,1,wagecalculator.com.au,16,https://www.wagecalculator.com.au/land-tax-calculator/wa,,
what percentage of tax do i pay,720,32,2,wagecalculator.com.au,15,https://www.wagecalculator.com.au/,81,https://pay-calculator-australia.com/
work from home calculator,720,3,4,fairworkmate.com.au,8,https://fairworkmate.com.au/tools/wfh-tax-deduction,73,https://pay-calculator-australia.com/work-from-home-deductions/
year to date calculator income,720,0,2,paycalculator.com.au,6,https://paycalculator.com.au/,52,https://pay-calculator-australia.com/ytd-income-calculator/
year to date pay calculator,720,3,3,paycalculator.com.au,4,https://paycalculator.com.au/,48,https://pay-calculator-australia.com/ytd-income-calculator/
australian easter holidays,720,66,1,australiapaycalculator.com.au,20,https://australiapaycalculator.com.au/australian-public-holidays/,,
long weekends in australia,720,37,1,australiapaycalculator.com.au,20,https://australiapaycalculator.com.au/long-weekends-planner/,,
aged care worker salary,720,0,1,fairworkmate.com.au,11,https://fairworkmate.com.au/tools/pay-rates/aged-care-worker-qld,,
australia physiotherapy salary,720,0,1,fairworkmate.com.au,20,https://fairworkmate.com.au/tools/pay-rates/job/physiotherapist,,
bereavement leave queensland,720,0,1,fairworkmate.com.au,19,https://fairworkmate.com.au/blog/compassionate-bereavement-leave-australia-guide,,
bunnings pay,720,0,1,fairworkmate.com.au,1,https://fairworkmate.com.au/blog/bunnings-pay-rates-2026,,
bunnings wages,720,0,1,fairworkmate.com.au,1,https://fairworkmate.com.au/blog/bunnings-pay-rates-2026,,
bus driver salary sydney,720,0,1,fairworkmate.com.au,15,https://fairworkmate.com.au/tools/pay-rates/bus-driver-nsw,,
calculate sick leave,720,0,1,fairworkmate.com.au,15,https://fairworkmate.com.au/tools/sick-leave-calculator,,
casual rate,720,16,1,fairworkmate.com.au,11,https://fairworkmate.com.au/blog/casual-loading-25-percent,,
centrelink christmas payments,720,0,1,fairworkmate.com.au,14,https://fairworkmate.com.au/tools/centrelink-payment-dates,,
centrelink payments christmas,720,0,1,fairworkmate.com.au,15,https://fairworkmate.com.au/tools/centrelink-payment-dates,,
centrelink payments for public holidays,720,2,1,fairworkmate.com.au,13,https://fairworkmate.com.au/tools/centrelink-payment-dates,,
centrelink xmas holiday payments,720,0,1,fairworkmate.com.au,15,https://fairworkmate.com.au/tools/centrelink-payment-dates,,
centrelink xmas payment,720,0,2,fairworkmate.com.au,13,https://fairworkmate.com.au/tools/centrelink-payment-dates,,
christmas payments centrelink,720,1,1,fairworkmate.com.au,16,https://fairworkmate.com.au/tools/centrelink-payment-dates,,
cleaning services award,720,0,1,fairworkmate.com.au,16,https://fairworkmate.com.au/tools/pay-rates/cleaner-nsw,,
compassionate leave fair work,720,4,1,fairworkmate.com.au,12,https://fairworkmate.com.au/blog/compassionate-bereavement-leave-australia-guide,,
construction award,720,0,1,fairworkmate.com.au,14,https://fairworkmate.com.au/tools/pay-rates/building,,
construction industry award,720,0,1,fairworkmate.com.au,11,https://fairworkmate.com.au/tools/pay-rates/building,,
diesel mechanic pay rate,720,0,1,fairworkmate.com.au,12,https://fairworkmate.com.au/tools/pay-rates/job/mechanic,,
diesel mechanic pay rates,720,0,1,fairworkmate.com.au,5,https://fairworkmate.com.au/tools/pay-rates/job/mechanic,,
fair work compassionate leave,720,8,1,fairworkmate.com.au,13,https://fairworkmate.com.au/blog/compassionate-bereavement-leave-australia-guide,,
fair work eba finder,720,1,1,fairworkmate.com.au,6,https://fairworkmate.com.au/blog/how-to-find-your-enterprise-agreement,,
fair work eba search,720,11,1,fairworkmate.com.au,6,https://fairworkmate.com.au/blog/how-to-find-your-enterprise-agreement,,
fair work information statement 2026,720,27,1,fairworkmate.com.au,10,https://fairworkmate.com.au/blog/fair-work-information-statement-2026,,
fair work redundancy pay,720,13,1,fairworkmate.com.au,15,https://fairworkmate.com.au/state/sa/redundancy-pay,,
full time working hour,720,4,1,fairworkmate.com.au,19,https://fairworkmate.com.au/tools/work-hours/35-hours-per-week,,
health service award,720,0,1,fairworkmate.com.au,14,https://fairworkmate.com.au/tools/pay-rates/health-professionals,,
health services award,720,0,1,fairworkmate.com.au,10,https://fairworkmate.com.au/awards/health-professionals-award,,
hitachi rail sts australia pty ltd,720,1,1,fairworkmate.com.au,20,https://fairworkmate.com.au/agreements/hitachi-rail-sts-australia-pty-ltd-enterprise-agreement-2025-ae532673,,
hospitality industry general award,720,0,1,fairworkmate.com.au,13,https://fairworkmate.com.au/tools/pay-rates/hospitality,,
how much are centrelink payments,720,21,2,fairworkmate.com.au,5,https://fairworkmate.com.au/wiki/centrelink-payment-rates,,
how much centrelink payments,720,27,2,fairworkmate.com.au,7,https://fairworkmate.com.au/wiki/centrelink-payment-rates,,
how much is centrelink payment,720,24,2,fairworkmate.com.au,2,https://fairworkmate.com.au/wiki/centrelink-payment-rates,,
how much is centrelink payments,720,17,2,fairworkmate.com.au,3,https://fairworkmate.com.au/wiki/centrelink-payment-rates,,
how much is job seeker payment in australia,720,0,1,fairworkmate.com.au,4,https://fairworkmate.com.au/wiki/centrelink-payment-rates,,
how much is the unemployment benefit in australia,720,1,1,fairworkmate.com.au,5,https://fairworkmate.com.au/wiki/centrelink-payment-rates,,
how much is unemployment benefit in australia,720,6,1,fairworkmate.com.au,8,https://fairworkmate.com.au/wiki/centrelink-payment-rates,,
how much is unemployment benefits in australia,720,6,1,fairworkmate.com.au,6,https://fairworkmate.com.au/wiki/centrelink-payment-rates,,
job outlook,720,28,1,fairworkmate.com.au,12,https://fairworkmate.com.au/tools/job-growth-outlook,,
local gov award,720,0,1,fairworkmate.com.au,17,https://fairworkmate.com.au/tools/pay-rates/industry/local-government,,
local government award,720,0,1,fairworkmate.com.au,15,https://fairworkmate.com.au/tools/pay-rates/local-government,,
mcdonald pay,720,0,1,fairworkmate.com.au,4,https://fairworkmate.com.au/blog/mcdonalds-pay-rates-2026,,
mcdonald pay rates,720,1,1,fairworkmate.com.au,2,https://fairworkmate.com.au/blog/mcdonalds-pay-rates-2026,,
mcdonald paycheck,720,0,1,fairworkmate.com.au,8,https://fairworkmate.com.au/blog/mcdonalds-pay-rates-2026,,
mcdonald wage,720,2,1,fairworkmate.com.au,3,https://fairworkmate.com.au/blog/mcdonalds-pay-rates-2026,,
mcdonald's pay,720,10,1,fairworkmate.com.au,3,https://fairworkmate.com.au/blog/mcdonalds-pay-rates-2026,,
mcdonald's pay rate,720,0,1,fairworkmate.com.au,2,https://fairworkmate.com.au/blog/mcdonalds-pay-rates-2026,,
mcdonald's pay rates,720,0,1,fairworkmate.com.au,2,https://fairworkmate.com.au/blog/mcdonalds-pay-rates-2026,,
mcdonald's paycheck,720,0,1,fairworkmate.com.au,3,https://fairworkmate.com.au/blog/mcdonalds-pay-rates-2026,,
mcdonald's penalty rates,720,0,1,fairworkmate.com.au,2,https://fairworkmate.com.au/blog/mcdonalds-pay-rates-2026,,
mcdonald's rates of pay,720,0,1,fairworkmate.com.au,2,https://fairworkmate.com.au/blog/mcdonalds-pay-rates-2026,,
mcdonald's wage,720,0,1,fairworkmate.com.au,2,https://fairworkmate.com.au/blog/mcdonalds-pay-rates-2026,,
mcdonald's wages,720,0,1,fairworkmate.com.au,2,https://fairworkmate.com.au/blog/mcdonalds-pay-rates-2026,,
mcdonalds pay rate,720,0,1,fairworkmate.com.au,2,https://fairworkmate.com.au/blog/mcdonalds-pay-rates-2026,,
mcdonalds pay rates,720,0,1,fairworkmate.com.au,2,https://fairworkmate.com.au/blog/mcdonalds-pay-rates-2026,,
mechanic pay rate,720,0,1,fairworkmate.com.au,2,https://fairworkmate.com.au/tools/pay-rates/job/mechanic,,
mechanic pay rates,720,0,1,fairworkmate.com.au,2,https://fairworkmate.com.au/tools/pay-rates/job/mechanic,,
mechanics pay rate,720,0,1,fairworkmate.com.au,3,https://fairworkmate.com.au/tools/pay-rates/mechanic-vic,,
mechanics salary,720,0,1,fairworkmate.com.au,15,https://fairworkmate.com.au/tools/pay-rates/job/mechanic,,
minimum wage full time australia,720,23,1,fairworkmate.com.au,19,https://fairworkmate.com.au/tools/minimum-wage,,
minimum wage south australia,720,22,1,fairworkmate.com.au,14,https://fairworkmate.com.au/tools/pay-rates/retail-worker-sa,,
minimum wages 2026,720,30,1,fairworkmate.com.au,18,https://fairworkmate.com.au/blog/minimum-wage-2026-australia,,
miscellaneous award pay guide,720,0,1,fairworkmate.com.au,8,https://fairworkmate.com.au/tools/pay-rates/miscellaneous,,
national minimum wage australia,720,30,1,fairworkmate.com.au,18,https://fairworkmate.com.au/tools/minimum-wage,,
nes notice periods,720,0,1,fairworkmate.com.au,14,https://fairworkmate.com.au/blog/notice-period-australia,,
notice period nes,720,0,1,fairworkmate.com.au,14,https://fairworkmate.com.au/blog/notice-period-australia,,
pay for public holidays,720,6,1,fairworkmate.com.au,11,https://fairworkmate.com.au/blog/public-holiday-pay-casual-vs-full-time,,
pay rate for mcdonald's,720,0,1,fairworkmate.com.au,2,https://fairworkmate.com.au/blog/mcdonalds-pay-rates-2026,,
pay rates at mcdonalds,720,0,1,fairworkmate.com.au,2,https://fairworkmate.com.au/blog/mcdonalds-pay-rates-2026,,
pay rates mcdonalds,720,0,1,fairworkmate.com.au,2,https://fairworkmate.com.au/blog/mcdonalds-pay-rates-2026,,
pay rates on public holidays,720,0,1,fairworkmate.com.au,12,https://fairworkmate.com.au/blog/casual-public-holiday-pay-2026,,
pay rates public holidays,720,0,1,fairworkmate.com.au,12,https://fairworkmate.com.au/blog/casual-public-holiday-pay-2026,,
physical therapist in australia salary,720,0,1,fairworkmate.com.au,18,https://fairworkmate.com.au/tools/pay-rates/job/physiotherapist,,
physical therapist salary australia,720,0,1,fairworkmate.com.au,19,https://fairworkmate.com.au/tools/pay-rates/job/physiotherapist,,
physical therapy in australia salary,720,0,1,fairworkmate.com.au,20,https://fairworkmate.com.au/tools/pay-rates/job/physiotherapist,,
physical therapy salary australia,720,0,1,fairworkmate.com.au,20,https://fairworkmate.com.au/tools/pay-rates/job/physiotherapist,,
physiotherapist australia salary,720,0,1,fairworkmate.com.au,17,https://fairworkmate.com.au/tools/pay-rates/job/physiotherapist,,
physiotherapist income australia,720,0,1,fairworkmate.com.au,17,https://fairworkmate.com.au/tools/pay-rates/physiotherapist,,
physiotherapist pay australia,720,0,1,fairworkmate.com.au,17,https://fairworkmate.com.au/tools/pay-rates/job/physiotherapist,,
physiotherapist pay in australia,720,0,1,fairworkmate.com.au,15,https://fairworkmate.com.au/tools/pay-rates/job/physiotherapist,,
physiotherapist salary australia,720,0,1,fairworkmate.com.au,18,https://fairworkmate.com.au/tools/pay-rates/job/physiotherapist,,
physiotherapist salary in australia,720,0,1,fairworkmate.com.au,19,https://fairworkmate.com.au/tools/pay-rates/job/physiotherapist,,
physiotherapy australia salary,720,0,1,fairworkmate.com.au,17,https://fairworkmate.com.au/tools/pay-rates/job/physiotherapist,,
physiotherapy salary in australia,720,0,1,fairworkmate.com.au,19,https://fairworkmate.com.au/tools/pay-rates/job/physiotherapist,,
plumber award,720,0,1,fairworkmate.com.au,8,https://fairworkmate.com.au/tools/pay-rates/plumbing,,
plumbers award,720,0,1,fairworkmate.com.au,15,https://fairworkmate.com.au/tools/pay-rates/job/plumber,,
plumbing award,720,0,1,fairworkmate.com.au,16,https://fairworkmate.com.au/tools/pay-rates/plumbing,,
plumbing awards,720,1,1,fairworkmate.com.au,14,https://fairworkmate.com.au/tools/pay-rates/plumbing,,
plumbing industry award,720,0,1,fairworkmate.com.au,17,https://fairworkmate.com.au/tools/pay-rates/plumbing,,
psychologist wages,720,0,1,fairworkmate.com.au,9,https://fairworkmate.com.au/tools/pay-rates/psychologist,,
pt salary australia,720,0,1,fairworkmate.com.au,16,https://fairworkmate.com.au/tools/pay-rates/personal-trainer-wa,,
public holiday pay,720,2,1,fairworkmate.com.au,14,https://fairworkmate.com.au/blog/casual-public-holiday-pay-2026,,
public holidays pay,720,5,1,fairworkmate.com.au,20,https://fairworkmate.com.au/blog/casual-public-holiday-pay-2026,,
rasier pacific pty ltd,720,0,1,fairworkmate.com.au,12,https://fairworkmate.com.au/cases/2026-fwc-2904,,
retail industry award,720,0,1,fairworkmate.com.au,16,https://fairworkmate.com.au/tools/pay-rates/industry/retail,,
retail industry awards,720,4,1,fairworkmate.com.au,19,https://fairworkmate.com.au/tools/pay-rates/retail,,
road and transport award,720,0,1,fairworkmate.com.au,19,https://fairworkmate.com.au/awards/transport-award,,
salary for physiotherapist in australia,720,0,1,fairworkmate.com.au,15,https://fairworkmate.com.au/tools/pay-rates/job/physiotherapist,,
salary of a physiotherapist in australia,720,0,1,fairworkmate.com.au,18,https://fairworkmate.com.au/tools/pay-rates/physiotherapist,,
security award rate,720,0,1,fairworkmate.com.au,2,https://fairworkmate.com.au/tools/pay-rates/security,,
security award rates,720,0,1,fairworkmate.com.au,2,https://fairworkmate.com.au/tools/pay-rates/security,,
security industry award rates,720,0,1,fairworkmate.com.au,2,https://fairworkmate.com.au/tools/pay-rates/security,,
service australia enterprise agreement,720,0,1,fairworkmate.com.au,13,https://fairworkmate.com.au/agreements,,
services australia enterprise agreement,720,0,1,fairworkmate.com.au,9,https://fairworkmate.com.au/agreements,,
sick days calculator,720,0,1,fairworkmate.com.au,14,https://fairworkmate.com.au/tools/sick-leave-calculator,,
sick leave calculator,720,0,1,fairworkmate.com.au,16,https://fairworkmate.com.au/tools/sick-leave-calculator,56,https://pay-calculator-australia.com/leave-calculator/
sick leave calculator 38-hour week,720,0,1,fairworkmate.com.au,18,https://fairworkmate.com.au/tools/sick-leave-calculator,59,https://pay-calculator-australia.com/leave-calculator/
sick time calculator,720,0,1,fairworkmate.com.au,19,https://fairworkmate.com.au/tools/sick-leave-calculator,,
storage services and wholesale award 2020,720,0,1,fairworkmate.com.au,12,https://fairworkmate.com.au/tools/pay-rates/storage-wholesale,,
unemployment benefits australia how much,720,3,1,fairworkmate.com.au,5,https://fairworkmate.com.au/wiki/centrelink-payment-rates,,
wages at bunnings,720,0,1,fairworkmate.com.au,5,https://fairworkmate.com.au/blog/bunnings-pay-rates-2026,,
wages mcdonalds,720,10,1,fairworkmate.com.au,2,https://fairworkmate.com.au/blog/mcdonalds-pay-rates-2026,,
what is minimum wage in victoria,720,41,1,fairworkmate.com.au,11,https://fairworkmate.com.au/tools/minimum-wage,,
woolworth pay,720,0,1,fairworkmate.com.au,2,https://fairworkmate.com.au/blog/woolworths-pay-rates-2026,,
woolworths pay,720,0,1,fairworkmate.com.au,2,https://fairworkmate.com.au/blog/woolworths-pay-rates-2026,,
working from home calculator,720,0,1,fairworkmate.com.au,15,https://fairworkmate.com.au/tools/wfh-tax-deduction,,
youth allowance job seeker,720,11,1,fairworkmate.com.au,10,https://fairworkmate.com.au/tools/youth-allowance,,
youth allowance jobseeker,720,4,1,fairworkmate.com.au,8,https://fairworkmate.com.au/wiki/centrelink-payment-rates,,
youth allowance payment,720,3,1,fairworkmate.com.au,6,https://fairworkmate.com.au/tools/youth-allowance,,
youth allowance payments,720,11,1,fairworkmate.com.au,16,https://fairworkmate.com.au/tools/youth-allowance,,
help debt repayment,720,13,1,paycalculator.com.au,12,https://paycalculator.com.au/student-loan/,,
help debt repayment threshold,720,10,1,paycalculator.com.au,15,https://paycalculator.com.au/student-loan/,68,https://pay-calculator-australia.com/hecs-repayment-threshold/
income ytd calculator,720,0,1,paycalculator.com.au,11,https://paycalculator.com.au/,51,https://pay-calculator-australia.com/ytd-income-calculator/
simple tax calculator 2026,720,38,1,paycalculator.com.au,6,https://paycalculator.com.au/,,
tax calculator estimator,720,27,1,paycalculator.com.au,10,https://paycalculator.com.au/,,
tax estimate calculator,720,28,1,paycalculator.com.au,7,https://paycalculator.com.au/,,
tax estimator,720,28,1,paycalculator.com.au,9,https://paycalculator.com.au/,,
year to date income calculator,720,0,1,paycalculator.com.au,7,https://paycalculator.com.au/,48,https://pay-calculator-australia.com/ytd-income-calculator/
2025 26 tax rates,720,36,1,atotaxrates.info,10,https://atotaxrates.info/,,
2025--26 tax rates,720,32,1,atotaxrates.info,12,https://atotaxrates.info/,66,https://pay-calculator-australia.com/tax-brackets/
2025/26 tax rates,720,36,1,atotaxrates.info,10,https://atotaxrates.info/,,
ato call number,720,0,1,atotaxrates.info,20,https://atotaxrates.info/ato-contacts/,,
ato cents per km 2026,720,13,1,atotaxrates.info,16,https://atotaxrates.info/tax-deductions/work-related-car-expenses/cents-per-kilometre/,,
ato depreciation rates 2025,720,26,1,atotaxrates.info,10,https://atotaxrates.info/tax-deductions/ato-depreciation/,,
ato fuel tax calculator,720,1,1,atotaxrates.info,11,https://atotaxrates.info/businesses/fuel-tax-credit/,,
ato income tax brackets,720,38,1,atotaxrates.info,11,https://atotaxrates.info/individual-tax-rates-resident/ato-tax-rates-2025/,46,https://pay-calculator-australia.com/tax-brackets/
ato log book,720,0,1,atotaxrates.info,14,https://atotaxrates.info/tax-deductions/work-related-car-expenses/log-book-method/,,
ato logbook,720,9,1,atotaxrates.info,17,https://atotaxrates.info/tax-deductions/work-related-car-expenses/log-book-method/,,
ato tax income brackets,720,38,1,atotaxrates.info,18,https://atotaxrates.info/,47,https://pay-calculator-australia.com/tax-brackets/
ato tax thresholds,720,38,1,atotaxrates.info,6,https://atotaxrates.info/,43,https://pay-calculator-australia.com/tax-brackets/
ato travel allowance rates 2026,720,0,1,atotaxrates.info,5,https://atotaxrates.info/allowances/ato-reasonable-travel-allowances/,,
australia tax cut,720,30,1,atotaxrates.info,14,https://atotaxrates.info/,,
australia tax cuts,720,25,1,atotaxrates.info,15,https://atotaxrates.info/,,
australian tax cuts,720,30,1,atotaxrates.info,10,https://atotaxrates.info/,,
bas example,720,4,1,atotaxrates.info,18,https://atotaxrates.info/businesses/bas-statement/bas-statement-example/,,
bas statement example,720,0,1,atotaxrates.info,10,https://atotaxrates.info/businesses/bas-statement/bas-statement-example/,,
centrelink $1500 payment,720,7,1,atotaxrates.info,12,https://atotaxrates.info/centrelink-payment-rates/,,
centrelink cost of living bonus,720,5,1,atotaxrates.info,15,https://atotaxrates.info/centrelink-payment-rates/,,
centrelink one-off payment 2026,720,4,1,atotaxrates.info,10,https://atotaxrates.info/centrelink-payment-rates/,,
centrelink payment 2025 australia,720,19,1,atotaxrates.info,12,https://atotaxrates.info/centrelink-payment-rates/,,
centrelink payment rise australia,720,0,1,atotaxrates.info,14,https://atotaxrates.info/centrelink-payment-rates/,,
depreciation rates,720,19,1,atotaxrates.info,15,https://atotaxrates.info/tax-deductions/ato-depreciation/,,
ftc rates,720,0,1,atotaxrates.info,14,https://atotaxrates.info/businesses/fuel-tax-credit/,,
fuel tax credit rates 2026,720,6,1,atotaxrates.info,15,https://atotaxrates.info/businesses/fuel-tax-credit/,,
lafha,720,0,1,atotaxrates.info,11,https://atotaxrates.info/allowances/lafha/,,
marginal tax rates 2025,720,32,1,atotaxrates.info,17,https://atotaxrates.info/individual-tax-rates-resident/ato-tax-rates-2025/,74,https://pay-calculator-australia.com/tax-brackets/
nsw office of state revenue payroll tax,720,32,1,atotaxrates.info,15,https://atotaxrates.info/businesses/payroll-tax/payroll-tax-nsw/,,
nsw osr payroll tax,720,5,1,atotaxrates.info,16,https://atotaxrates.info/businesses/payroll-tax/payroll-tax-nsw/,,
nsw sro payroll tax,720,0,1,atotaxrates.info,17,https://atotaxrates.info/businesses/payroll-tax/payroll-tax-nsw/,,
osr nsw payroll tax,720,16,1,atotaxrates.info,16,https://atotaxrates.info/businesses/payroll-tax/payroll-tax-nsw/,,
osr payroll tax,720,35,1,atotaxrates.info,19,https://atotaxrates.info/businesses/payroll-tax/payroll-tax-nsw/,,
osr payroll tax nsw,720,9,1,atotaxrates.info,10,https://atotaxrates.info/businesses/payroll-tax/payroll-tax-nsw/,,
payroll tax threshold vic,720,26,1,atotaxrates.info,12,https://atotaxrates.info/businesses/payroll-tax/payroll-tax-victoria/,,
sample bas statement,720,6,1,atotaxrates.info,10,https://atotaxrates.info/businesses/bas-statement/bas-statement-example/,,
tax brackets 2025 2026,720,37,1,atotaxrates.info,15,https://atotaxrates.info/,66,https://pay-calculator-australia.com/tax-brackets/
tax brackets 2026 australia,720,37,1,atotaxrates.info,18,https://atotaxrates.info/,,
tax cuts australia,720,25,1,atotaxrates.info,13,https://atotaxrates.info/,,
tax rates australia 2025 26,720,32,1,atotaxrates.info,16,https://atotaxrates.info/,55,https://pay-calculator-australia.com/tax-brackets/
tax rates australia 2025--26,720,32,1,atotaxrates.info,10,https://atotaxrates.info/,,
tax rates australia 2025-26,720,36,1,atotaxrates.info,11,https://atotaxrates.info/,68,https://pay-calculator-australia.com/tax-brackets/
travel allowance,720,0,1,atotaxrates.info,9,https://atotaxrates.info/allowances/ato-reasonable-travel-allowances/,,
vic payroll tax threshold,720,1,1,atotaxrates.info,20,https://atotaxrates.info/businesses/payroll-tax/payroll-tax-victoria/,,
victoria tax brackets,720,37,1,atotaxrates.info,18,https://atotaxrates.info/,40,https://pay-calculator-australia.com/tax-brackets/
victorian payroll tax threshold,720,26,1,atotaxrates.info,13,https://atotaxrates.info/businesses/payroll-tax/payroll-tax-victoria/,,
who gets the $750 centrelink payment 2025,720,0,1,atotaxrates.info,10,https://atotaxrates.info/centrelink-payment-rates/,,
work related car expenses,720,0,1,atotaxrates.info,17,https://atotaxrates.info/tax-deductions/work-related-car-expenses/,,
work-related car expenses,720,0,1,atotaxrates.info,17,https://atotaxrates.info/tax-deductions/work-related-car-expenses/,,
85 000 after tax australia,590,0,4,paycalculator.com.au,9,https://paycalculator.com.au/,40,https://pay-calculator-australia.com/take-home-pay-on/85000/
ato individual calculator,590,38,3,paycalculator.com.au,8,https://paycalculator.com.au/,,
ato individual tax calculator,590,25,3,paycalculator.com.au,12,https://paycalculator.com.au/,,
ato salaries,590,5,3,wagecalculator.com.au,9,https://www.wagecalculator.com.au/public-service-salaries/aps,,
ato salary,590,20,3,atotaxcalculator.com.au,8,https://atotaxcalculator.com.au/,,
ato tax calculator for individuals,590,38,3,paycalculator.com.au,8,https://paycalculator.com.au/,,
ato tax calculator individual,590,38,3,paycalculator.com.au,8,https://paycalculator.com.au/,,
ato tax calculator weekly,590,23,3,paycalculator.com.au,4,https://paycalculator.com.au/,76,https://pay-calculator-australia.com/
ato tax weekly calculator,590,38,3,paycalculator.com.au,4,https://paycalculator.com.au/,71,https://pay-calculator-australia.com/
australian taxation office hecs,590,25,1,atotaxcalculator.com.au,18,https://atotaxcalculator.com.au/help-debt,,
hecs debt repayment calculator,590,1,3,paycalculator.com.au,2,https://paycalculator.com.au/student-loan/,44,https://pay-calculator-australia.com/hecs-help-calculator/
hecs threshold 2026,590,3,4,atotaxcalculator.com.au,9,https://atotaxcalculator.com.au/help-debt,51,https://pay-calculator-australia.com/hecs-help-calculator/
how to find my hecs debt,590,0,1,atotaxcalculator.com.au,20,https://atotaxcalculator.com.au/help-debt,,
individual tax calculator ato,590,38,3,paycalculator.com.au,4,https://paycalculator.com.au/,,
tax calculator ato individual,590,38,3,paycalculator.com.au,7,https://paycalculator.com.au/,,
tax calculator ato weekly,590,39,3,paycalculator.com.au,5,https://paycalculator.com.au/,,
average uk salary,590,15,1,salaryaftertax.com,14,https://salaryaftertax.com/salary-calculator/uk,,
calculate tax new zealand,590,25,1,salaryaftertax.com,10,https://salaryaftertax.com/nz/salary-calculator,,
gross salary,590,6,3,paycalculator.com.au,7,https://paycalculator.com.au/,36,https://pay-calculator-australia.com/gross-pay-calculator/
minimum wages calculator,590,53,4,wagecalculator.com.au,4,https://www.wagecalculator.com.au/awards,56,https://pay-calculator-australia.com/pay-calculator-wa/
new zealand tax calculator,590,28,1,salaryaftertax.com,11,https://salaryaftertax.com/nz/salary-calculator,,
nz tax calculator,590,33,1,salaryaftertax.com,5,https://salaryaftertax.com/nz/salary-calculator,,
paycheck calculator gross to net,590,15,4,paycalculator.com.au,1,https://paycalculator.com.au/,36,https://pay-calculator-australia.com/gross-pay-calculator/
post tax income,590,12,3,paycalculator.com.au,2,https://paycalculator.com.au/,,
post-tax income,590,12,3,paycalculator.com.au,2,https://paycalculator.com.au/,,
salary calculator gross to net,590,0,4,paycalculator.com.au,1,https://paycalculator.com.au/,39,https://pay-calculator-australia.com/gross-pay-calculator/
salary gross,590,4,3,paycalculator.com.au,8,https://paycalculator.com.au/,35,https://pay-calculator-australia.com/gross-pay-calculator/
salary gross to net calculator,590,1,4,paycalculator.com.au,2,https://paycalculator.com.au/,,
salary tax singapore,590,42,1,salaryaftertax.com,12,https://salaryaftertax.com/salary-calculator/singapore,,
singapore salary tax,590,33,1,salaryaftertax.com,9,https://salaryaftertax.com/salary-calculator/singapore,,
tax calculator new zealand,590,28,1,salaryaftertax.com,7,https://salaryaftertax.com/nz/salary-calculator,,
tax calculator nz,590,27,1,salaryaftertax.com,6,https://salaryaftertax.com/nz/salary-calculator,,
tax in singapore on salary,590,34,1,salaryaftertax.com,15,https://salaryaftertax.com/salary-calculator/singapore,,
tax income singapore,590,29,1,salaryaftertax.com,13,https://salaryaftertax.com/salary-calculator/singapore,,
tax new zealand calculator,590,27,1,salaryaftertax.com,10,https://salaryaftertax.com/nz/salary-calculator,,
tax nz calculator,590,28,1,salaryaftertax.com,8,https://salaryaftertax.com/nz/salary-calculator,,
taxes new zealand calculator,590,28,1,salaryaftertax.com,10,https://salaryaftertax.com/nz/salary-calculator,,
australia tax calculator weekly,590,23,4,paycalculator.com.au,2,https://paycalculator.com.au/,,
australian tax calculator weekly,590,13,4,paycalculator.com.au,2,https://paycalculator.com.au/,,
calculate contractor pay,590,0,4,paycal.com.au,1,https://paycal.com.au/contractor-pay-calculator/,62,https://pay-calculator-australia.com/contractor-pay-calculator/
calculate contractor salary,590,0,3,paycal.com.au,1,https://paycal.com.au/contractor-pay-calculator/,69,https://pay-calculator-australia.com/contractor-pay-calculator/
calculate net salary from gross,590,0,4,paycalculator.com.au,2,https://paycalculator.com.au/,33,https://pay-calculator-australia.com/gross-pay-calculator/
contract pay calculator,590,0,4,paycal.com.au,1,https://paycal.com.au/contractor-pay-calculator/,69,https://pay-calculator-australia.com/contractor-pay-calculator/
contract salary calculator,590,0,4,paycal.com.au,1,https://paycal.com.au/contractor-pay-calculator/,69,https://pay-calculator-australia.com/contractor-pay-calculator/
contract to salary calculator,590,0,4,paycal.com.au,1,https://paycal.com.au/contractor-pay-calculator/,80,https://pay-calculator-australia.com/employment-type-calculator/
contracting salary calculator,590,0,3,paycal.com.au,1,https://paycal.com.au/contractor-pay-calculator/,,
contractor pay calculator,590,0,4,paycal.com.au,1,https://paycal.com.au/contractor-pay-calculator/,61,https://pay-calculator-australia.com/contractor-pay-calculator/
contractor payment calculator,590,0,4,paycal.com.au,1,https://paycal.com.au/contractor-pay-calculator/,64,https://pay-calculator-australia.com/contractor-pay-calculator/
contractor salary calculator,590,0,4,paycal.com.au,1,https://paycal.com.au/contractor-pay-calculator/,65,https://pay-calculator-australia.com/contractor-pay-calculator/
contractor to salary calculator,590,0,3,paycal.com.au,1,https://paycal.com.au/contractor-pay-calculator/,67,https://pay-calculator-australia.com/contractor-pay-calculator/
contractor wage calculator,590,0,4,paycal.com.au,1,https://paycal.com.au/contractor-pay-calculator/,63,https://pay-calculator-australia.com/contractor-pay-calculator/
contractor wages calculator,590,0,4,paycal.com.au,1,https://paycal.com.au/contractor-pay-calculator/,65,https://pay-calculator-australia.com/contractor-pay-calculator/
contractor-to-salary-calculator,590,0,3,paycal.com.au,1,https://paycal.com.au/contractor-pay-calculator/,65,https://pay-calculator-australia.com/contractor-vs-employee-calculator/
contractors pay calculator,590,0,4,paycal.com.au,1,https://paycal.com.au/contractor-pay-calculator/,59,https://pay-calculator-australia.com/contractor-pay-calculator/
early payoff mortgage calculator,590,21,1,paycal.com.au,19,https://paycal.com.au/mortgage-payoff-calculator/,,
ex gst calculator,590,4,2,australiapaycalculator.com.au,12,https://australiapaycalculator.com.au/gst-calculator/,,
excluding gst calculator,590,4,2,paycal.com.au,10,https://paycal.com.au/gst-calculator/,,
free online invoice generator,590,48,1,paycal.com.au,16,https://paycal.com.au/invoice-generator/,,
free online invoice maker,590,57,1,paycal.com.au,20,https://paycal.com.au/invoice-generator/,,
free quote,590,2,1,paycal.com.au,3,https://paycal.com.au/quote-generator/,,
gross income and net income calculator,590,2,3,paycalculator.com.au,3,https://paycalculator.com.au/,39,https://pay-calculator-australia.com/gross-pay-calculator/
gross income net income calculator,590,1,4,paycalculator.com.au,1,https://paycalculator.com.au/,37,https://pay-calculator-australia.com/gross-pay-calculator/
gross pay and net pay calculator,590,0,4,paycalculator.com.au,1,https://paycalculator.com.au/,31,https://pay-calculator-australia.com/gross-pay-calculator/
gross salary to net salary calculator,590,1,4,paycalculator.com.au,1,https://paycalculator.com.au/,38,https://pay-calculator-australia.com/gross-pay-calculator/
hourly salary calculator,590,43,4,paycalculator.com.au,2,https://paycalculator.com.au/,35,https://pay-calculator-australia.com/hourly-to-annual-salary-calculator/
income after tax,590,10,3,paycalculator.com.au,2,https://paycalculator.com.au/,,
income calculator net to gross,590,1,4,paycalculator.com.au,2,https://paycalculator.com.au/,36,https://pay-calculator-australia.com/gross-pay-calculator/
net and gross calculator,590,6,4,paycalculator.com.au,2,https://paycalculator.com.au/,36,https://pay-calculator-australia.com/gross-pay-calculator/
net gross calculator,590,0,4,paycalculator.com.au,1,https://paycalculator.com.au/,34,https://pay-calculator-australia.com/gross-pay-calculator/
net income to gross calculator,590,2,3,paycalculator.com.au,3,https://paycalculator.com.au/,37,https://pay-calculator-australia.com/gross-pay-calculator/
net income to gross income calculator,590,0,4,paycalculator.com.au,3,https://paycalculator.com.au/,35,https://pay-calculator-australia.com/gross-pay-calculator/
net to gross calculation,590,1,3,paycalculator.com.au,3,https://paycalculator.com.au/,35,https://pay-calculator-australia.com/gross-pay-calculator/
net to gross calculator,590,9,3,paycalculator.com.au,3,https://paycalculator.com.au/,39,https://pay-calculator-australia.com/gross-pay-calculator/
net to gross income calculator,590,1,3,paycalculator.com.au,3,https://paycalculator.com.au/,35,https://pay-calculator-australia.com/gross-pay-calculator/
net to gross salary calculator,590,1,4,paycalculator.com.au,3,https://paycalculator.com.au/,35,https://pay-calculator-australia.com/gross-pay-calculator/
nsw car transfer fee,590,16,1,paycal.com.au,14,https://paycal.com.au/vehicle-registration-calculator/,,
nsw rego cost 6 months,590,1,1,paycal.com.au,19,https://paycal.com.au/vehicle-registration-calculator/,,
nsw vehicle transfer fee,590,13,1,paycal.com.au,17,https://paycal.com.au/vehicle-registration-calculator/,,
pay calculator for contractors,590,0,4,paycal.com.au,1,https://paycal.com.au/contractor-pay-calculator/,59,https://pay-calculator-australia.com/contractor-pay-calculator/
payslip australia,590,0,1,paycal.com.au,7,https://paycal.com.au/payslip-generator/,,
payslip calculator,590,24,4,paycalculator.com.au,1,https://paycalculator.com.au/,,
payslip nsw,590,9,1,paycal.com.au,8,https://paycal.com.au/payslip-generator/,,
qld rego calculator,590,6,1,paycal.com.au,20,https://paycal.com.au/vehicle-registration-calculator/,,
rego calculator qld,590,13,1,paycal.com.au,14,https://paycal.com.au/vehicle-registration-calculator/,,
rego price,590,24,1,paycal.com.au,18,https://paycal.com.au/vehicle-registration-calculator/,,
salary calculator contractor,590,0,4,paycal.com.au,1,https://paycal.com.au/contractor-pay-calculator/,67,https://pay-calculator-australia.com/contractor-pay-calculator/
salary calculator for contractors,590,0,4,paycal.com.au,1,https://paycal.com.au/contractor-pay-calculator/,64,https://pay-calculator-australia.com/contractor-pay-calculator/
salary calculator hourly rate,590,25,4,paycalculator.com.au,2,https://paycalculator.com.au/,31,https://pay-calculator-australia.com/hourly-to-annual-salary-calculator/
salary to hourly rate calculator,590,0,5,paycalculator.com.au,5,https://paycalculator.com.au/,63,https://pay-calculator-australia.com/hourly-to-annual-salary-calculator/
tax calculator qld,590,14,3,paycalculator.com.au,3,https://paycalculator.com.au/,,
vehicle transfer fee nsw,590,16,1,paycal.com.au,20,https://paycal.com.au/vehicle-registration-calculator/,,
withholding tax calculator australia,590,24,4,paycalculator.com.au,4,https://paycalculator.com.au/,,
adf pay rates 2025,590,0,1,wagecalculator.com.au,7,https://www.wagecalculator.com.au/adf-pay,,
after tax calculator australia,590,38,2,paycalculator.com.au,2,https://paycalculator.com.au/,,
after tax income,590,6,2,paycalculator.com.au,2,https://paycalculator.com.au/,,
army reserve pay,590,0,1,wagecalculator.com.au,12,https://www.wagecalculator.com.au/adf-pay/army,,
ato salary sacrifice calculator,590,38,3,wagecalculator.com.au,11,https://www.wagecalculator.com.au/salary-sacrifice,67,https://pay-calculator-australia.com/salary-packaging-guide/
ato tax rates 2026--27,590,32,2,wagecalculator.com.au,10,https://www.wagecalculator.com.au/tax-rates/2026-27,,
australian army salary,590,0,1,wagecalculator.com.au,2,https://www.wagecalculator.com.au/adf-pay,,
australian redundancy calculator,590,0,2,fairworkmate.com.au,11,https://fairworkmate.com.au/tools/redundancy-pay,56,https://pay-calculator-australia.com/redundancy-pay-calculator/
australian tax brackets 2027,590,32,2,wagecalculator.com.au,12,https://www.wagecalculator.com.au/tax-rates/2026-27,64,https://pay-calculator-australia.com/tax-changes-2026-27/
australian tax calculator 2025,590,38,2,paycalculator.com.au,4,https://paycalculator.com.au/,,
calculate redundancy australia,590,0,1,wagecalculator.com.au,15,https://www.wagecalculator.com.au/redundancy-payout-calculator,56,https://pay-calculator-australia.com/redundancy-pay-calculator/
calculating minimum wage,590,60,2,fairworkmate.com.au,5,https://fairworkmate.com.au/tools/minimum-wage,,
calculator net investment calculator,590,55,1,wagecalculator.com.au,14,https://www.wagecalculator.com.au/investment-calculator,,
calculator.net investment calculator,590,55,1,wagecalculator.com.au,14,https://www.wagecalculator.com.au/investment-calculator,,
defence deca,590,0,1,wagecalculator.com.au,10,https://www.wagecalculator.com.au/public-service-salaries/aps,,
div 293 tax calculator,590,0,1,wagecalculator.com.au,20,https://www.wagecalculator.com.au/guides/superannuation-contributions,66,https://pay-calculator-australia.com/division-293-tax/
el2 salary,590,0,1,wagecalculator.com.au,3,https://www.wagecalculator.com.au/public-service-salaries/aps,31,https://pay-calculator-australia.com/public-service-pay-scales/aps/
hours calculator soup,590,39,1,wagecalculator.com.au,17,https://www.wagecalculator.com.au/work-hours-calculator,,
hours count,590,32,1,wagecalculator.com.au,17,https://www.wagecalculator.com.au/work-hours-calculator,,
how many fortnights per year,590,0,1,wagecalculator.com.au,18,https://www.wagecalculator.com.au/guides/fortnightly-take-home-pay,55,https://pay-calculator-australia.com/fortnightly-pay-calculator/
how much does a teacher make,590,5,1,wagecalculator.com.au,16,https://www.wagecalculator.com.au/teacher-salaries/vic,,
income after taxes,590,6,2,paycalculator.com.au,2,https://paycalculator.com.au/,,
individual tax withheld calculator,590,38,2,paycalculator.com.au,6,https://paycalculator.com.au/,64,https://pay-calculator-australia.com/
individual tax withholding calculator,590,38,2,paycalculator.com.au,7,https://paycalculator.com.au/,62,https://pay-calculator-australia.com/
land tax calculator sa,590,0,1,wagecalculator.com.au,6,https://www.wagecalculator.com.au/land-tax-calculator/sa,,
land tax calculator south australia,590,0,1,wagecalculator.com.au,5,https://www.wagecalculator.com.au/land-tax-calculator/sa,,
land tax in tasmania,590,9,1,wagecalculator.com.au,10,https://www.wagecalculator.com.au/land-tax-calculator/tas,,
land tax sa calculator,590,0,1,wagecalculator.com.au,8,https://www.wagecalculator.com.au/land-tax-calculator/sa,,
land tax south australia calculator,590,0,1,wagecalculator.com.au,8,https://www.wagecalculator.com.au/land-tax-calculator/sa,,
land tax tasmania,590,8,1,wagecalculator.com.au,7,https://www.wagecalculator.com.au/land-tax-calculator/tas,,
long service leave tasmania,590,0,2,wagecalculator.com.au,9,https://www.wagecalculator.com.au/long-service-leave-calculator/tas,38,https://pay-calculator-australia.com/long-service-leave-calculator/tas/
melbourne nurse salary,590,0,1,wagecalculator.com.au,12,https://www.wagecalculator.com.au/nursing-salaries/vic,,
minimum wage calculator,590,56,4,fairworkmate.com.au,4,https://fairworkmate.com.au/tools/minimum-wage,64,https://pay-calculator-australia.com/pay-calculator-wa/
nurse practitioner in australia salary,590,0,1,wagecalculator.com.au,16,https://www.wagecalculator.com.au/nursing-salaries,,
nurse practitioner pay australia,590,0,1,wagecalculator.com.au,18,https://www.wagecalculator.com.au/nursing-salaries,,
nurse salary melbourne,590,0,1,wagecalculator.com.au,10,https://www.wagecalculator.com.au/nursing-salaries/vic,,
nursing practitioner salary australia,590,0,1,wagecalculator.com.au,19,https://www.wagecalculator.com.au/nursing-salaries,,
officer rank in army,590,10,1,wagecalculator.com.au,20,https://www.wagecalculator.com.au/adf-pay/army,,
pay time calculator,590,18,3,paycalculator.com.au,6,https://paycalculator.com.au/,,
pay/ time calculator,590,15,3,wagecalculator.com.au,6,https://www.wagecalculator.com.au/work-hours-calculator,,
payroll time calculator,590,18,1,wagecalculator.com.au,17,https://www.wagecalculator.com.au/work-hours-calculator,,
ran ranks,590,0,1,wagecalculator.com.au,7,https://www.wagecalculator.com.au/adf-pay/navy,,
redundancy australia calculator,590,0,1,wagecalculator.com.au,8,https://www.wagecalculator.com.au/redundancy-payout-calculator,52,https://pay-calculator-australia.com/redundancy-pay-calculator/
redundancy calculator australia,590,0,2,wagecalculator.com.au,17,https://www.wagecalculator.com.au/redundancy-payout-calculator,53,https://pay-calculator-australia.com/redundancy-pay-calculator/
sa land tax calculator,590,0,1,wagecalculator.com.au,8,https://www.wagecalculator.com.au/land-tax-calculator/sa,,
salary packaging calculator ato,590,37,2,paycalculator.com.au,10,https://paycalculator.com.au/,69,https://pay-calculator-australia.com/salary-packaging-guide/
tas long service leave,590,0,2,fairworkmate.com.au,8,https://fairworkmate.com.au/tools/long-service-leave/tas,,
tasmania long service leave,590,0,1,wagecalculator.com.au,14,https://www.wagecalculator.com.au/long-service-leave-calculator/tas,,
tax rates 2026-27,590,24,1,wagecalculator.com.au,15,https://www.wagecalculator.com.au/tax-rates/2026-27,,
tax rates 2027,590,24,2,atotaxrates.info,12,https://atotaxrates.info/,64,https://pay-calculator-australia.com/tax-brackets/
tax withheld calculator australia,590,38,2,paycalculator.com.au,8,https://paycalculator.com.au/,75,https://pay-calculator-australia.com/
teacher pay scale victoria pdf,590,0,1,wagecalculator.com.au,12,https://www.wagecalculator.com.au/teacher-salaries/vic,,
teachers in western australia,590,3,1,wagecalculator.com.au,13,https://www.wagecalculator.com.au/teacher-salaries/wa,,
gst exclusive calculator,590,7,1,australiapaycalculator.com.au,11,https://australiapaycalculator.com.au/gst-calculator/,,
accountant wage australia,590,1,1,fairworkmate.com.au,14,https://fairworkmate.com.au/tools/pay-rates/job/accountant,,
accountant wages australia,590,0,1,fairworkmate.com.au,16,https://fairworkmate.com.au/tools/pay-rates/job/accountant,,
accountants wages australia,590,0,1,fairworkmate.com.au,18,https://fairworkmate.com.au/tools/pay-rates/job/accountant,,
accounting wages australia,590,0,1,fairworkmate.com.au,19,https://fairworkmate.com.au/tools/pay-rates/job/accountant,,
adult minimum wage australia,590,23,1,fairworkmate.com.au,18,https://fairworkmate.com.au/tools/minimum-wage,,
age care pay rate,590,0,1,fairworkmate.com.au,8,https://fairworkmate.com.au/tools/pay-rates/aged-care-worker-qld,,
aged care pay,590,0,1,fairworkmate.com.au,4,https://fairworkmate.com.au/tools/pay-rates/aged-care-worker-qld,,
aged care pay rate,590,0,1,fairworkmate.com.au,7,https://fairworkmate.com.au/tools/pay-rates/aged-care-worker-qld,,
aged care pay rates,590,0,1,fairworkmate.com.au,6,https://fairworkmate.com.au/tools/pay-rates/aged-care-worker-qld,,
aged care penalty rates,590,0,1,fairworkmate.com.au,10,https://fairworkmate.com.au/tools/pay-rates/aged-care-worker-nsw,,
aged care wage rates,590,0,1,fairworkmate.com.au,11,https://fairworkmate.com.au/tools/pay-rates/aged-care-worker-qld,,
amusement events and recreation award,590,0,1,fairworkmate.com.au,11,https://fairworkmate.com.au/tools/pay-rates/amusement-events,,
ato enterprise agreement,590,0,1,fairworkmate.com.au,7,https://fairworkmate.com.au/agreements/australian-taxation-office-ato-enterprise-agreement-2024-caugn096163586,,
australian minimum wage 2026,590,4,1,fairworkmate.com.au,10,https://fairworkmate.com.au/tools/minimum-wage,,
award wage childcare,590,0,1,fairworkmate.com.au,6,https://fairworkmate.com.au/tools/pay-rates/childcare-worker-nsw,,
award wages for childcare,590,0,1,fairworkmate.com.au,8,https://fairworkmate.com.au/tools/pay-rates/childcare-worker-nsw,,
awr,590,0,1,fairworkmate.com.au,16,https://fairworkmate.com.au/tools/awr-impact-estimator-employer,,
banking finance and insurance award,590,0,1,fairworkmate.com.au,17,https://fairworkmate.com.au/tools/pay-rates/banking-finance-insurance,,
banking insurance and finance award,590,0,1,fairworkmate.com.au,17,https://fairworkmate.com.au/tools/pay-rates/banking-finance-insurance,,
calculating leave loading,590,0,1,fairworkmate.com.au,13,https://fairworkmate.com.au/blog/leave-loading-17-5-percent-explained,89,https://pay-calculator-australia.com/leave-calculator/
casual pay rate,590,13,1,fairworkmate.com.au,11,https://fairworkmate.com.au/tools/pay-rates/retail,,
casual pay rates,590,29,1,fairworkmate.com.au,9,https://fairworkmate.com.au/tools/pay-rates,63,https://pay-calculator-australia.com/award-rates/
centrelink christmas shutdown dates,590,0,1,fairworkmate.com.au,13,https://fairworkmate.com.au/tools/centrelink-payment-dates,,
centrelink jobseeker payment,590,19,1,fairworkmate.com.au,7,https://fairworkmate.com.au/wiki/centrelink-payment-rates,,
centrelink payment estimator,590,0,1,fairworkmate.com.au,10,https://fairworkmate.com.au/tools/jobseeker-payment,,
centrelink public holiday payments 2025,590,5,1,fairworkmate.com.au,12,https://fairworkmate.com.au/tools/centrelink-payment-dates,,
centrelink public holiday payments 2026,590,0,1,fairworkmate.com.au,16,https://fairworkmate.com.au/tools/centrelink-payment-dates,,
centrelink.jobseeker payment,590,2,1,fairworkmate.com.au,9,https://fairworkmate.com.au/wiki/centrelink-payment-rates,,
chef and salary,590,0,1,fairworkmate.com.au,14,https://fairworkmate.com.au/tools/pay-rates/job/chef,,
chef pay rate,590,0,1,fairworkmate.com.au,2,https://fairworkmate.com.au/tools/pay-rates/job/chef,,
chef pay rates,590,0,1,fairworkmate.com.au,3,https://fairworkmate.com.au/tools/pay-rates/job/chef,,
chef salary,590,0,1,fairworkmate.com.au,19,https://fairworkmate.com.au/tools/pay-rates/job/chef,,
chefs pay rate,590,0,1,fairworkmate.com.au,1,https://fairworkmate.com.au/tools/pay-rates/job/chef,,
chefs salary,590,0,1,fairworkmate.com.au,18,https://fairworkmate.com.au/tools/pay-rates/job/chef,,
chemist warehouse pay rate,590,0,1,fairworkmate.com.au,1,https://fairworkmate.com.au/blog/chemist-warehouse-pay-rates-2026,,
chemist warehouse wages,590,0,1,fairworkmate.com.au,2,https://fairworkmate.com.au/blog/chemist-warehouse-pay-rates-2026,,
childcare award,590,0,1,fairworkmate.com.au,12,https://fairworkmate.com.au/tools/pay-rates/childcare-worker-nsw,,
childcare awards,590,2,1,fairworkmate.com.au,18,https://fairworkmate.com.au/tools/pay-rates/childcare-worker-nsw,,
childcare industry award,590,0,1,fairworkmate.com.au,20,https://fairworkmate.com.au/tools/pay-rates/industry/childcare,,
dha rent allowance calculator,590,0,1,fairworkmate.com.au,16,https://fairworkmate.com.au/tools/rent-assistance,,
doordash abn,590,0,1,fairworkmate.com.au,17,https://fairworkmate.com.au/blog/do-i-need-abn-airtasker-uber-australia,,
early childhood education wages,590,0,1,fairworkmate.com.au,16,https://fairworkmate.com.au/tools/pay-rates/industry/childcare,,
email format for resignation,590,12,1,fairworkmate.com.au,14,https://fairworkmate.com.au/templates/email-resignation,,
fair work agreements,590,6,1,fairworkmate.com.au,16,https://fairworkmate.com.au/agreements,,
fair work australia enterprise agreements,590,5,1,fairworkmate.com.au,16,https://fairworkmate.com.au/blog/enterprise-agreements-australia-explained,,
fair work case,590,17,1,fairworkmate.com.au,10,https://fairworkmate.com.au/cases,,
fair work cases,590,6,1,fairworkmate.com.au,8,https://fairworkmate.com.au/cases,,
fair work commission cases,590,6,1,fairworkmate.com.au,13,https://fairworkmate.com.au/cases,,
fair work decisions,590,5,1,fairworkmate.com.au,10,https://fairworkmate.com.au/cases,,
fast food industry award pay rates,590,0,1,fairworkmate.com.au,6,https://fairworkmate.com.au/tools/pay-rates/job/fast-food-worker,,
full time job hours per week,590,1,1,fairworkmate.com.au,19,https://fairworkmate.com.au/tools/work-hours/35-hours-per-week,,
full-time hours per week,590,0,1,fairworkmate.com.au,19,https://fairworkmate.com.au/tools/work-hours/35-hours-per-week,,
fwc cases,590,1,1,fairworkmate.com.au,12,https://fairworkmate.com.au/cases/jurisdiction/fca,,
graphic designer pay rate,590,0,1,fairworkmate.com.au,11,https://fairworkmate.com.au/tools/pay-rates/graphic-designer-vic,,
graphic designer salaries,590,0,1,fairworkmate.com.au,19,https://fairworkmate.com.au/tools/pay-rates/graphic-designer,,
hours per week full time,590,0,1,fairworkmate.com.au,16,https://fairworkmate.com.au/tools/work-hours/35-hours-per-week,,
how many hours in 4 days,590,0,1,fairworkmate.com.au,19,https://fairworkmate.com.au/tools/work-hours/4-day-work-week,,
how much can a carpenter make,590,0,1,fairworkmate.com.au,17,https://fairworkmate.com.au/tools/pay-rates/carpenter-qld,,
how much can i earn on single parenting payment,590,0,1,fairworkmate.com.au,4,https://fairworkmate.com.au/tools/parenting-payment,,
how much do bus drivers get paid,590,0,1,fairworkmate.com.au,5,https://fairworkmate.com.au/tools/pay-rates/job/bus-driver,,
how much do carpenters make,590,0,1,fairworkmate.com.au,12,https://fairworkmate.com.au/tools/pay-rates/carpenter-vic,,
how much do truck drivers earn,590,0,1,fairworkmate.com.au,20,https://fairworkmate.com.au/tools/pay-rates/job/truck-driver,,
how much does a carpenter make,590,0,1,fairworkmate.com.au,10,https://fairworkmate.com.au/tools/pay-rates/carpenter-vic,,
how much does a truck driver get paid,590,0,1,fairworkmate.com.au,9,https://fairworkmate.com.au/tools/pay-rates/job/truck-driver,,
how much is carers payment in australia,590,0,1,fairworkmate.com.au,20,https://fairworkmate.com.au/blog/carer-payment-rates-2026-australia,,
how much is casual loading,590,0,1,fairworkmate.com.au,2,https://fairworkmate.com.au/tools/casual-loading-calculator,,
how much is parenting payment,590,3,1,fairworkmate.com.au,15,https://fairworkmate.com.au/tools/parenting-payment,,
how much is the dole in australia,590,6,1,fairworkmate.com.au,8,https://fairworkmate.com.au/wiki/centrelink-payment-rates,,
how much is the parenting payment,590,16,1,fairworkmate.com.au,12,https://fairworkmate.com.au/tools/parenting-payment,,
how much parenting payment,590,3,1,fairworkmate.com.au,7,https://fairworkmate.com.au/tools/parenting-payment,,
job seeker payment centrelink,590,10,1,fairworkmate.com.au,11,https://fairworkmate.com.au/wiki/centrelink-payment-rates,,
job seeker payments centrelink,590,1,1,fairworkmate.com.au,11,https://fairworkmate.com.au/wiki/centrelink-payment-rates,,
lab tech wage,590,0,1,fairworkmate.com.au,7,https://fairworkmate.com.au/tools/pay-rates/job/lab-technician,,
lab technician salary,590,0,1,fairworkmate.com.au,8,https://fairworkmate.com.au/tools/pay-rates/job/lab-technician,,
lab technicians salary,590,0,1,fairworkmate.com.au,7,https://fairworkmate.com.au/tools/pay-rates/job/lab-technician,,
laboratory technician pay rate,590,0,1,fairworkmate.com.au,7,https://fairworkmate.com.au/tools/pay-rates/job/lab-technician,,
laboratory technicians salary,590,0,1,fairworkmate.com.au,6,https://fairworkmate.com.au/tools/pay-rates/job/lab-technician,,
labtech salary,590,0,1,fairworkmate.com.au,8,https://fairworkmate.com.au/tools/pay-rates/job/lab-technician,,
ma000027,590,0,1,fairworkmate.com.au,10,https://fairworkmate.com.au/awards/health-professionals-award,,
maccas pay,590,1,1,fairworkmate.com.au,2,https://fairworkmate.com.au/blog/mcdonalds-pay-rates-2026,,
maccas pay rate,590,10,1,fairworkmate.com.au,2,https://fairworkmate.com.au/blog/mcdonalds-pay-rates-2026,,
maccas pay rates,590,12,1,fairworkmate.com.au,2,https://fairworkmate.com.au/blog/mcdonalds-pay-rates-2026,,
minimum wage per hour australia,590,30,1,fairworkmate.com.au,16,https://fairworkmate.com.au/tools/minimum-wage,,
normal work hours per week,590,8,1,fairworkmate.com.au,16,https://fairworkmate.com.au/tools/work-hours/35-hours-per-week,,
normal working hours per week,590,8,1,fairworkmate.com.au,16,https://fairworkmate.com.au/tools/work-hours/35-hours-per-week,,
parenting partner payment,590,0,1,fairworkmate.com.au,12,https://fairworkmate.com.au/tools/parenting-payment,,
partnered parenting payment,590,0,1,fairworkmate.com.au,6,https://fairworkmate.com.au/tools/parenting-payment,,
pay for public holiday,590,2,1,fairworkmate.com.au,13,https://fairworkmate.com.au/blog/public-holiday-pay-casual-vs-full-time,,
pay increase 2026,590,13,1,fairworkmate.com.au,15,https://fairworkmate.com.au/tools/will-my-award-get-pay-rise-2026,86,https://pay-calculator-australia.com/news/minimum-wage-increase-july-2026/
pay on public holidays,590,0,1,fairworkmate.com.au,19,https://fairworkmate.com.au/blog/casual-public-holiday-pay-2026,,
pay rate for lab technician,590,0,1,fairworkmate.com.au,5,https://fairworkmate.com.au/tools/pay-rates/job/lab-technician,,
pay rate for retail,590,0,1,fairworkmate.com.au,7,https://fairworkmate.com.au/tools/pay-rates/retail-worker-vic,54,https://pay-calculator-australia.com/retail-award-rates/
pay rate retail,590,6,1,fairworkmate.com.au,6,https://fairworkmate.com.au/tools/pay-rates/job/retail-worker,54,https://pay-calculator-australia.com/retail-award-rates/
pay rates for retail,590,0,1,fairworkmate.com.au,6,https://fairworkmate.com.au/tools/pay-rates/retail-worker-vic,57,https://pay-calculator-australia.com/retail-award-rates/
pay rates retail,590,0,1,fairworkmate.com.au,4,https://fairworkmate.com.au/tools/pay-rates/retail,,
personal trainer salary,590,0,1,fairworkmate.com.au,15,https://fairworkmate.com.au/tools/pay-rates/personal-trainer-vic,,
personal trainers pay rate,590,0,1,fairworkmate.com.au,14,https://fairworkmate.com.au/tools/pay-rates/personal-trainer-tas,,
pharmacy pay rates,590,0,1,fairworkmate.com.au,11,https://fairworkmate.com.au/tools/pay-rates/pharmacy,,
public holidays pay rate,590,0,1,fairworkmate.com.au,8,https://fairworkmate.com.au/blog/casual-public-holiday-pay-2026,,
real estate earnings,590,0,1,fairworkmate.com.au,19,https://fairworkmate.com.au/tools/pay-rates/real-estate-agent-vic,,
real estate pay rates,590,0,1,fairworkmate.com.au,3,https://fairworkmate.com.au/tools/pay-rates/real-estate,,
real estate salaries,590,0,1,fairworkmate.com.au,19,https://fairworkmate.com.au/tools/pay-rates/real-estate-agent-sa,,
real estate salary,590,0,1,fairworkmate.com.au,13,https://fairworkmate.com.au/tools/pay-rates/real-estate-agent-sa,,
rent allowance calculator dha,590,0,1,fairworkmate.com.au,17,https://fairworkmate.com.au/tools/rent-assistance,,
resignation email example,590,12,1,fairworkmate.com.au,13,https://fairworkmate.com.au/templates/email-resignation,,
resignation email sample,590,9,1,fairworkmate.com.au,8,https://fairworkmate.com.au/templates/email-resignation,,
retail industry pay rates,590,5,1,fairworkmate.com.au,7,https://fairworkmate.com.au/tools/pay-rates/retail-worker-vic,52,https://pay-calculator-australia.com/retail-award-rates/
retail pay rates,590,6,1,fairworkmate.com.au,6,https://fairworkmate.com.au/tools/pay-rates/retail-worker-vic,58,https://pay-calculator-australia.com/retail-award-rates/
retail penalty rates,590,0,1,fairworkmate.com.au,2,https://fairworkmate.com.au/tools/penalty-rates/retail,,
retail rate of pay,590,0,1,fairworkmate.com.au,4,https://fairworkmate.com.au/tools/pay-rates/retail,,
road transport awards,590,0,1,fairworkmate.com.au,18,https://fairworkmate.com.au/tools/pay-rates/transport,,
roads and transport award,590,0,1,fairworkmate.com.au,15,https://fairworkmate.com.au/tools/pay-rates/transport,,
salary chef,590,0,1,fairworkmate.com.au,16,https://fairworkmate.com.au/tools/pay-rates/job/chef,,
salary for chef,590,0,1,fairworkmate.com.au,11,https://fairworkmate.com.au/tools/pay-rates/job/chef,,
salary for graphic designer,590,0,1,fairworkmate.com.au,19,https://fairworkmate.com.au/tools/pay-rates/graphic-designer,,
salary for laboratory technician,590,0,1,fairworkmate.com.au,9,https://fairworkmate.com.au/tools/pay-rates/job/lab-technician,,
salary graphic designer,590,0,1,fairworkmate.com.au,17,https://fairworkmate.com.au/tools/pay-rates/graphic-designer,,
salary of a chef,590,0,1,fairworkmate.com.au,16,https://fairworkmate.com.au/tools/pay-rates/job/chef,,
salary of a real estate,590,0,1,fairworkmate.com.au,13,https://fairworkmate.com.au/tools/pay-rates/real-estate-agent-sa,,
salary of chef,590,0,1,fairworkmate.com.au,15,https://fairworkmate.com.au/tools/pay-rates/job/chef,,
salary of chefs,590,0,1,fairworkmate.com.au,13,https://fairworkmate.com.au/tools/pay-rates/job/chef,,
salary real estate,590,0,1,fairworkmate.com.au,13,https://fairworkmate.com.au/tools/pay-rates/real-estate-agent-sa,,
saturday penalty rates,590,0,1,fairworkmate.com.au,20,https://fairworkmate.com.au/wiki/overtime-and-penalty-rates,,
sick leave calculator 38 hour week,590,0,1,fairworkmate.com.au,19,https://fairworkmate.com.au/tools/sick-leave-calculator,58,https://pay-calculator-australia.com/leave-calculator/
sunday pay rate,590,0,1,fairworkmate.com.au,13,https://fairworkmate.com.au/tools/penalty-rates,43,https://pay-calculator-australia.com/overtime-penalty-rates-guide/
sunday pay rates,590,0,1,fairworkmate.com.au,18,https://fairworkmate.com.au/tools/penalty-rates,,
sunday penalty rates,590,0,1,fairworkmate.com.au,20,https://fairworkmate.com.au/tools/penalty-rates/local-government,,
technician laboratory salary,590,0,1,fairworkmate.com.au,9,https://fairworkmate.com.au/tools/pay-rates/lab-technician-vic,,
vehicle repair services and retail award 2020,590,0,1,fairworkmate.com.au,12,https://fairworkmate.com.au/awards/vehicle-repair-award,,
wages in aged care,590,0,1,fairworkmate.com.au,13,https://fairworkmate.com.au/tools/pay-rates/aged-care-worker-qld,,
wages on public holidays,590,0,1,fairworkmate.com.au,12,https://fairworkmate.com.au/blog/casual-public-holiday-pay-2026,,
what centrelink payment can i get,590,32,1,fairworkmate.com.au,20,https://fairworkmate.com.au/wiki/centrelink-payment-rates,,
woolworths eba,590,0,1,fairworkmate.com.au,10,https://fairworkmate.com.au/blog/woolworths-enterprise-agreement,,
woolworths eba agreement,590,0,1,fairworkmate.com.au,7,https://fairworkmate.com.au/blog/woolworths-enterprise-agreement,,
woolworths enterprise bargaining agreement,590,0,1,fairworkmate.com.au,5,https://fairworkmate.com.au/blog/woolworths-enterprise-agreement,,
work hero,590,36,1,fairworkmate.com.au,15,https://fairworkmate.com.au/employment-hero,,
working 5 hours break entitlement australia,590,0,1,fairworkmate.com.au,13,https://fairworkmate.com.au/tools/work-hours/5-hour-shift,,
youth allowance $1000 payment,590,9,1,fairworkmate.com.au,10,https://fairworkmate.com.au/tools/youth-allowance,,
australia tax calculator 2025,590,38,1,paycalculator.com.au,3,https://paycalculator.com.au/,,
tax calculator 2024-25,590,39,2,paycalculator.com.au,6,https://paycalculator.com.au/,,
ato benchmark interest rate,590,5,1,atotaxrates.info,10,https://atotaxrates.info/businesses/division-7a-benchmark-interest-rates/,,
ato cents per km 2025,590,13,1,atotaxrates.info,18,https://atotaxrates.info/tax-deductions/work-related-car-expenses/cents-per-kilometre/,,
ato exchange rates 2026,590,11,1,atotaxrates.info,15,https://atotaxrates.info/,,
ato stp,590,22,1,atotaxrates.info,18,https://atotaxrates.info/businesses/single-touch-payroll/,,
ato tax threshold,590,37,1,atotaxrates.info,7,https://atotaxrates.info/,,
australia new financial payment 2025,590,5,1,atotaxrates.info,13,https://atotaxrates.info/centrelink-payment-rates/,,
australian taxation chart,590,32,1,atotaxrates.info,16,https://atotaxrates.info/,32,https://pay-calculator-australia.com/tax-brackets/
benchmark interest rate ato,590,0,1,atotaxrates.info,8,https://atotaxrates.info/businesses/division-7a-benchmark-interest-rates/,,
business activity statement form,590,6,1,atotaxrates.info,16,https://atotaxrates.info/businesses/bas-statement/bas-statement-download/,,
car limit 2025,590,0,1,atotaxrates.info,4,https://atotaxrates.info/tax-deductions/work-related-car-expenses/car-depreciation-limits-guide/,,
car limit 2026,590,0,1,atotaxrates.info,6,https://atotaxrates.info/tax-deductions/work-related-car-expenses/car-depreciation-limits-guide/,,
centrelink $300 payment seniors,590,11,1,atotaxrates.info,12,https://atotaxrates.info/centrelink-payment-rates/,,
centrelink $4100 payment 2025,590,3,1,atotaxrates.info,9,https://atotaxrates.info/centrelink-payment-rates/,,
centrelink $950 payment details,590,19,1,atotaxrates.info,14,https://atotaxrates.info/centrelink-payment-rates/,,
centrelink one off payment 2026,590,4,1,atotaxrates.info,10,https://atotaxrates.info/centrelink-payment-rates/,,
centrelink payment changes,590,3,1,atotaxrates.info,8,https://atotaxrates.info/centrelink-payment-rates/,,
cents per kilometer rate 2025,590,1,1,atotaxrates.info,10,https://atotaxrates.info/tax-deductions/work-related-car-expenses/cents-per-kilometre/,,
cents per km rate 2025,590,0,1,atotaxrates.info,10,https://atotaxrates.info/tax-deductions/work-related-car-expenses/cents-per-kilometre/,,
cost of living payment 2025 australia,590,7,1,atotaxrates.info,17,https://atotaxrates.info/centrelink-payment-rates/,,
depreciation rate for motor vehicles,590,0,1,atotaxrates.info,15,https://atotaxrates.info/tax-deductions/work-related-car-expenses/depreciation-of-vehicles/,,
depreciation rate motor vehicle,590,3,1,atotaxrates.info,13,https://atotaxrates.info/tax-deductions/work-related-car-expenses/depreciation-of-vehicles/,,
div7a,590,0,1,atotaxrates.info,16,https://atotaxrates.info/businesses/division-7a-benchmark-interest-rates/,,
effective life ato,590,5,1,atotaxrates.info,14,https://atotaxrates.info/tax-deductions/ato-depreciation/,,
fbt gross up rate,590,0,1,atotaxrates.info,12,https://atotaxrates.info/businesses/fringe-benefits-tax/,40,https://pay-calculator-australia.com/fringe-benefits-tax/
fbt gross up rates,590,1,1,atotaxrates.info,7,https://atotaxrates.info/businesses/fringe-benefits-tax/,39,https://pay-calculator-australia.com/fringe-benefits-tax/
fbt gross-up rate,590,0,1,atotaxrates.info,14,https://atotaxrates.info/businesses/fringe-benefits-tax/,40,https://pay-calculator-australia.com/fringe-benefits-tax/
fbt gross-up rates,590,2,1,atotaxrates.info,6,https://atotaxrates.info/businesses/fringe-benefits-tax/,39,https://pay-calculator-australia.com/fringe-benefits-tax/
fbt rate,590,0,1,atotaxrates.info,16,https://atotaxrates.info/businesses/fringe-benefits-tax/fbt-benchmark-interest-rate/,38,https://pay-calculator-australia.com/fringe-benefits-tax/
fbt rates,590,2,1,atotaxrates.info,3,https://atotaxrates.info/businesses/fringe-benefits-tax/fbt-benchmark-interest-rate/,38,https://pay-calculator-australia.com/fringe-benefits-tax/
gross-up rate fbt,590,0,1,atotaxrates.info,12,https://atotaxrates.info/businesses/fringe-benefits-tax/,46,https://pay-calculator-australia.com/fringe-benefits-tax/
how much can you earn on jobseeker,590,0,1,atotaxrates.info,18,https://atotaxrates.info/centrelink-payment-rates/,,
income tax rates 2025 26,590,32,1,atotaxrates.info,10,https://atotaxrates.info/,72,https://pay-calculator-australia.com/tax-brackets/
is there any centrelink bonus payments for pensioners,590,0,1,atotaxrates.info,16,https://atotaxrates.info/centrelink-payment-rates/,,
motor vehicle depreciation rate,590,0,1,atotaxrates.info,15,https://atotaxrates.info/tax-deductions/work-related-car-expenses/depreciation-of-vehicles/,,
motor vehicle depreciation rates,590,1,1,atotaxrates.info,13,https://atotaxrates.info/tax-deductions/work-related-car-expenses/depreciation-of-vehicles/,,
payment in arrears,590,0,1,atotaxrates.info,14,https://atotaxrates.info/tax-offset/delayed-income-tax-offset/,,
payments in arrears,590,3,1,atotaxrates.info,17,https://atotaxrates.info/tax-offset/delayed-income-tax-offset/,,
payroll tax nsw threshold,590,5,1,atotaxrates.info,14,https://atotaxrates.info/businesses/payroll-tax/payroll-tax-nsw/,,
payroll tax threshold nsw,590,4,1,atotaxrates.info,16,https://atotaxrates.info/businesses/payroll-tax/payroll-tax-nsw/,,
single touch payroll ato,590,22,1,atotaxrates.info,15,https://atotaxrates.info/businesses/single-touch-payroll/,,
spouse contribution tax offset,590,0,1,atotaxrates.info,18,https://atotaxrates.info/tax-offset/spouse-super-contributions-tax-offset/,61,https://pay-calculator-australia.com/super-co-contribution/
tax 2026,590,32,1,atotaxrates.info,13,https://atotaxrates.info/,,
tax bracket 2024,590,27,1,atotaxrates.info,14,https://atotaxrates.info/,46,https://pay-calculator-australia.com/tax-brackets/
tax slab,590,32,1,atotaxrates.info,18,https://atotaxrates.info/,68,https://pay-calculator-australia.com/tax-brackets/
tax table australia,590,32,1,atotaxrates.info,16,https://atotaxrates.info/,,
tax table for australia,590,32,1,atotaxrates.info,20,https://atotaxrates.info/,51,https://pay-calculator-australia.com/tax-brackets/
tax table in australia,590,32,1,atotaxrates.info,17,https://atotaxrates.info/,39,https://pay-calculator-australia.com/tax-brackets/
what payments can i get from centrelink,590,36,1,atotaxrates.info,20,https://atotaxrates.info/centrelink-payment-rates/,,
zone a tax offset,590,0,1,atotaxrates.info,14,https://atotaxrates.info/tax-offset/zone-tax-offset/,,
ato and hecs debt,480,14,1,atotaxcalculator.com.au,8,https://atotaxcalculator.com.au/help-debt,,
ato hecs,480,36,2,atotaxcalculator.com.au,12,https://atotaxcalculator.com.au/help-debt,,
ato hecs debt,480,36,2,atotaxcalculator.com.au,13,https://atotaxcalculator.com.au/help-debt,,
ato medicare levy,480,24,1,atotaxcalculator.com.au,18,https://atotaxcalculator.com.au/medicare-levy-surcharge,,
ato medicare levy surcharge,480,16,2,atotaxrates.info,13,https://atotaxrates.info/individual-tax-rates-resident/medicare-levy-surcharge/,,
australian taxation office hecs debt,480,24,1,atotaxcalculator.com.au,16,https://atotaxcalculator.com.au/help-debt,,
calculate hecs debt,480,3,3,paycalculator.com.au,2,https://paycalculator.com.au/student-loan/,45,https://pay-calculator-australia.com/hecs-help-calculator/
hecs ato,480,35,2,atotaxcalculator.com.au,10,https://atotaxcalculator.com.au/help-debt,,
hecs debt ato,480,35,1,atotaxcalculator.com.au,12,https://atotaxcalculator.com.au/help-debt,,
hecs interest rate,480,5,1,atotaxcalculator.com.au,13,https://atotaxcalculator.com.au/hecs-debt-indexation,,
hecs-help repayment,480,18,3,wagecalculator.com.au,15,https://www.wagecalculator.com.au/guides/hecs-help-repayment,35,https://pay-calculator-australia.com/hecs-help-calculator/
jaws tax,480,1,2,wagecalculator.com.au,14,https://www.wagecalculator.com.au/,,
after tax salary australia,480,12,5,paycalculator.com.au,2,https://paycalculator.com.au/,,
average salary nz,480,2,1,salaryaftertax.com,11,https://salaryaftertax.com/nz/salary-calculator,,
average uk salary london,480,6,1,salaryaftertax.com,16,https://salaryaftertax.com/salary-calculator/uk,,
calculate salary nz,480,24,1,salaryaftertax.com,4,https://salaryaftertax.com/nz/salary-calculator,,
gross to net,480,7,4,paycalculator.com.au,1,https://paycalculator.com.au/,34,https://pay-calculator-australia.com/gross-pay-calculator/
new zealand salary calculator,480,28,1,salaryaftertax.com,2,https://salaryaftertax.com/nz/salary-calculator,,
nz income calculator,480,30,1,salaryaftertax.com,3,https://salaryaftertax.com/nz/salary-calculator,,
nz salary calculator,480,28,1,salaryaftertax.com,2,https://salaryaftertax.com/nz/salary-calculator,,
pay calculator new zealand,480,29,1,salaryaftertax.com,3,https://salaryaftertax.com/nz/salary-calculator,,
pay calculator nz,480,24,1,salaryaftertax.com,4,https://salaryaftertax.com/nz/salary-calculator,,
paye new zealand,480,17,1,salaryaftertax.com,11,https://salaryaftertax.com/nz/salary-calculator,,
paye nz,480,18,1,salaryaftertax.com,12,https://salaryaftertax.com/nz/salary-calculator,,
salaries nz calculator,480,28,2,salaryaftertax.com,6,https://salaryaftertax.com/nz/salary-calculator,,
salary after tax australia,480,12,4,paycalculator.com.au,1,https://paycalculator.com.au/,,
salary calculator new zealand,480,28,1,salaryaftertax.com,3,https://salaryaftertax.com/nz/salary-calculator,,
salary calculator nz,480,27,1,salaryaftertax.com,2,https://salaryaftertax.com/nz/salary-calculator,,
salary nz calculator,480,28,1,salaryaftertax.com,2,https://salaryaftertax.com/nz/salary-calculator,,
singapore salary average,480,5,1,salaryaftertax.com,20,https://salaryaftertax.com/salary-calculator/singapore,,
wage after tax australia,480,10,3,paycalculator.com.au,1,https://paycalculator.com.au/,,
wage calculator new zealand,480,17,1,salaryaftertax.com,4,https://salaryaftertax.com/nz/salary-calculator,,
wage calculator nz,480,14,1,salaryaftertax.com,3,https://salaryaftertax.com/nz/salary-calculator,,
wages calculator nz,480,18,1,salaryaftertax.com,3,https://salaryaftertax.com/nz/salary-calculator,,
what is a gross salary,480,0,2,wagecalculator.com.au,9,https://www.wagecalculator.com.au/,42,https://pay-calculator-australia.com/gross-pay-calculator/
australia pay scale,480,30,2,paycal.com.au,12,https://paycal.com.au/,,
australian pay slip template,480,0,1,paycal.com.au,3,https://paycal.com.au/payslip-generator/,,
basic payment calculator,480,34,4,paycalculator.com.au,1,https://paycalculator.com.au/,,
calculate salary to hourly,480,33,5,wagecalculator.com.au,3,https://www.wagecalculator.com.au/,75,https://pay-calculator-australia.com/hourly-to-annual-salary-calculator/
calculate super on salary,480,26,3,paycalculator.com.au,2,https://paycalculator.com.au/,36,https://pay-calculator-australia.com/superannuation-calculator/
calculator for weekly pay,480,1,4,paycalculator.com.au,1,https://paycalculator.com.au/,45,https://pay-calculator-australia.com/monthly-pay-calculator/
does gross salary include super,480,0,1,paycal.com.au,14,https://paycal.com.au/,,
ev novated lease calculator,480,0,1,paycal.com.au,11,https://paycal.com.au/ev-ice-novated-lease-calculator/,,
excluding gst,480,3,1,paycal.com.au,19,https://paycal.com.au/gst-calculator/,,
how do you calculate gst in australia,480,16,1,paycal.com.au,17,https://paycal.com.au/gst-calculator/,,
how tax refund is calculated,480,6,1,paycal.com.au,16,https://paycal.com.au/blogs/maximizing-tax-refund-australia/,41,https://pay-calculator-australia.com/tax-refund-guide/
how to calculate gst australia,480,15,1,paycal.com.au,19,https://paycal.com.au/gst-calculator/,,
how to find hourly rate from yearly salary,480,9,4,wagecalculator.com.au,6,https://www.wagecalculator.com.au/,33,https://pay-calculator-australia.com/hourly-to-annual-salary-calculator/
invoice generator by invoiced,480,52,1,paycal.com.au,18,https://paycal.com.au/invoice-generator/,,
monthly calculator,480,26,3,paycalculator.com.au,6,https://paycalculator.com.au/,53,https://pay-calculator-australia.com/monthly-pay-calculator/
monthly tax calculator,480,14,3,paycalculator.com.au,2,https://paycalculator.com.au/,,
motor vehicle duty,480,4,1,paycal.com.au,20,https://paycal.com.au/vehicle-registration-calculator/,,
pay check,480,14,3,paycalculator.com.au,3,https://paycalculator.com.au/,47,https://pay-calculator-australia.com/pay-calculator-wa/
payg calculator 2026,480,15,4,paycalculator.com.au,2,https://paycalculator.com.au/,,
payslip template australia,480,0,1,paycal.com.au,4,https://paycal.com.au/payslip-generator/,,
quotation generator,480,1,1,paycal.com.au,12,https://paycal.com.au/quote-generator/,,
rego price check,480,23,1,paycal.com.au,14,https://paycal.com.au/vehicle-registration-calculator/,,
salary calculator to hourly,480,33,4,paycalculator.com.au,5,https://paycalculator.com.au/,61,https://pay-calculator-australia.com/hourly-to-annual-salary-calculator/
salary calculator to hourly rate,480,26,5,wagecalculator.com.au,3,https://www.wagecalculator.com.au/,63,https://pay-calculator-australia.com/hourly-to-annual-salary-calculator/
salary package calculator,480,5,3,paycalculator.com.au,1,https://paycalculator.com.au/,52,https://pay-calculator-australia.com/salary-package-calculator/
service nsw vehicle registration calculator,480,17,1,paycal.com.au,12,https://paycal.com.au/vehicle-registration-calculator/,,
superannuation calculator salary,480,26,2,paycalculator.com.au,2,https://paycalculator.com.au/,,
tax and super calculator,480,38,4,paycalculator.com.au,1,https://paycalculator.com.au/,,
taxcut,480,26,1,paycal.com.au,11,https://paycal.com.au/tax-cut-calculator/,,
weekly wage calculator,480,7,4,paycalculator.com.au,1,https://paycalculator.com.au/,37,https://pay-calculator-australia.com/weekly-pay-calculator/
adf pay scales 2026,480,0,1,wagecalculator.com.au,4,https://www.wagecalculator.com.au/adf-pay,,
adf rank chart,480,2,1,wagecalculator.com.au,12,https://www.wagecalculator.com.au/adf-pay/compare,,
annual income,480,20,2,paycalculator.com.au,8,https://paycalculator.com.au/,47,https://pay-calculator-australia.com/annual-pay-calculator/
aps meaning,480,0,1,wagecalculator.com.au,20,https://www.wagecalculator.com.au/public-service-salaries/aps,,
australian defence ranks chart,480,2,1,wagecalculator.com.au,12,https://www.wagecalculator.com.au/adf-pay/compare,,
bas pay calculator,480,18,2,paycalculator.com.au,14,https://paycalculator.com.au/,,
calculatehours,480,5,1,wagecalculator.com.au,10,https://www.wagecalculator.com.au/work-hours-calculator,,
calculator hours,480,31,1,wagecalculator.com.au,17,https://www.wagecalculator.com.au/work-hours-calculator,,
car salary sacrifice calculator,480,0,1,wagecalculator.com.au,5,https://www.wagecalculator.com.au/novated-lease-calculator,,
clinical nurse salary,480,2,1,wagecalculator.com.au,11,https://www.wagecalculator.com.au/nursing-salaries/nsw,,
clinical specialist nurse salary,480,0,1,wagecalculator.com.au,18,https://www.wagecalculator.com.au/nursing-salaries/nsw,,
correctional officer pay,480,0,1,wagecalculator.com.au,15,https://www.wagecalculator.com.au/public-service-salaries/nsw/correctional,,
correctional officer pay rates,480,0,1,wagecalculator.com.au,13,https://www.wagecalculator.com.au/public-service-salaries/nsw/correctional,,
correctional officer salary,480,0,1,wagecalculator.com.au,18,https://www.wagecalculator.com.au/public-service-salaries/nsw/correctional,,
correctional worker salary,480,0,1,wagecalculator.com.au,14,https://www.wagecalculator.com.au/public-service-salaries/nsw/correctional,,
ed support level 1-range 2,480,0,1,wagecalculator.com.au,17,https://www.wagecalculator.com.au/teacher-salaries/vic,,
fair work pay guide,480,56,2,fairworkmate.com.au,8,https://fairworkmate.com.au/tools/pay-rates,,
firefighter wage,480,0,1,wagecalculator.com.au,15,https://www.wagecalculator.com.au/public-service-salaries/sa/country-fire-service,,
firefighters salaries,480,0,1,wagecalculator.com.au,13,https://www.wagecalculator.com.au/public-service-salaries/sa/country-fire-service,,
hecs help repayments,480,16,2,paycalculator.com.au,15,https://paycalculator.com.au/student-loan/,48,https://pay-calculator-australia.com/hecs-help-guide/
how much do midwives get paid in australia,480,0,1,wagecalculator.com.au,17,https://www.wagecalculator.com.au/nursing-salaries,,
how much is land tax in victoria,480,10,1,wagecalculator.com.au,12,https://www.wagecalculator.com.au/land-tax-calculator/vic,,
how much will i get taxed,480,37,2,paycalculator.com.au,3,https://paycalculator.com.au/,,
how to calculate hourly rate from salary,480,5,3,paycalculator.com.au,5,https://paycalculator.com.au/,36,https://pay-calculator-australia.com/hourly-to-annual-salary-calculator/
how to calculate hourly rate from yearly salary,480,1,3,wagecalculator.com.au,7,https://www.wagecalculator.com.au/,,
hp pay scale,480,0,1,wagecalculator.com.au,9,https://www.wagecalculator.com.au/public-service-salaries/qld,,
i worked,480,11,1,wagecalculator.com.au,15,https://www.wagecalculator.com.au/work-hours-calculator,,
income tax calculators,480,12,2,paycalculator.com.au,3,https://paycalculator.com.au/,,
income taxation calculator,480,11,2,paycalculator.com.au,2,https://paycalculator.com.au/,,
income taxes calculator,480,25,2,paycalculator.com.au,3,https://paycalculator.com.au/,,
is salary sacrificing worth it,480,1,1,wagecalculator.com.au,19,https://www.wagecalculator.com.au/guides/salary-sacrifice,,
land tax rate victoria,480,9,1,wagecalculator.com.au,19,https://www.wagecalculator.com.au/land-tax-calculator/vic,,
land tax victoria rates,480,9,1,wagecalculator.com.au,20,https://www.wagecalculator.com.au/land-tax-calculator/vic,,
nsw health nurse award,480,2,1,wagecalculator.com.au,12,https://www.wagecalculator.com.au/nursing-salaries/nsw,,
nsw health nurses award,480,0,1,wagecalculator.com.au,10,https://www.wagecalculator.com.au/nursing-salaries/nsw,,
nsw health nursing award,480,1,1,wagecalculator.com.au,11,https://www.wagecalculator.com.au/nursing-salaries/nsw,,
nsw slso pay rate,480,0,2,wagecalculator.com.au,10,https://www.wagecalculator.com.au/public-service-salaries/nsw,,
nt government pay scales,480,0,1,wagecalculator.com.au,3,https://www.wagecalculator.com.au/public-service-salaries/nt,,
ntg pay scales,480,0,1,wagecalculator.com.au,3,https://www.wagecalculator.com.au/public-service-salaries/nt,,
nurse salary south australia,480,0,1,wagecalculator.com.au,17,https://www.wagecalculator.com.au/nursing-salaries/sa,47,https://pay-calculator-australia.com/healthcare-worker-pay/sa/
nursing pay rates south australia,480,0,1,wagecalculator.com.au,11,https://www.wagecalculator.com.au/nursing-salaries/sa,,
payscale australia,480,30,2,paycalculator.com.au,3,https://paycalculator.com.au/,,
personal income tax calculator,480,25,2,paycalculator.com.au,3,https://paycalculator.com.au/,,
personal tax calculator,480,25,2,paycalculator.com.au,3,https://paycalculator.com.au/,,
petty officer rank,480,4,1,wagecalculator.com.au,15,https://www.wagecalculator.com.au/adf-pay/navy,,
queensland teachers salary,480,0,1,wagecalculator.com.au,15,https://www.wagecalculator.com.au/teacher-salaries/qld,,
redundancy calculator tax,480,0,1,wagecalculator.com.au,4,https://www.wagecalculator.com.au/redundancy-payout-calculator,62,https://pay-calculator-australia.com/redundancy-pay-calculator/
redundancy calculator victoria,480,15,2,wagecalculator.com.au,18,https://www.wagecalculator.com.au/redundancy-payout-calculator,44,https://pay-calculator-australia.com/redundancy-pay-calculator/
redundancy calculator wa,480,15,2,fairworkmate.com.au,15,https://fairworkmate.com.au/state/wa/redundancy-pay,46,https://pay-calculator-australia.com/redundancy-pay-calculator/
redundancy payment how much,480,16,1,wagecalculator.com.au,16,https://www.wagecalculator.com.au/redundancy-payout-calculator,71,https://pay-calculator-australia.com/redundancy-pay-guide/
sa nurse pay rates,480,0,1,wagecalculator.com.au,14,https://www.wagecalculator.com.au/nursing-salaries/sa,34,https://pay-calculator-australia.com/healthcare-worker-pay/sa/
salary packaging a car calculator,480,0,1,wagecalculator.com.au,11,https://www.wagecalculator.com.au/salary-sacrifice/novated-lease,,
salary sacrifice calculator australia,480,10,3,paycalculator.com.au,13,https://paycalculator.com.au/,,
salary sacrifice car calculator,480,0,1,wagecalculator.com.au,5,https://www.wagecalculator.com.au/novated-lease-calculator,,
salary to hourly calculator,480,25,4,wagecalculator.com.au,5,https://www.wagecalculator.com.au/,40,https://pay-calculator-australia.com/hourly-to-annual-salary-calculator/
salary wage difference,480,1,1,wagecalculator.com.au,15,https://www.wagecalculator.com.au/compare,,
slso pay rate nsw,480,0,2,fairworkmate.com.au,13,https://fairworkmate.com.au/tools/pay-rates/school-admin-nsw,,
slso pay rates nsw,480,0,2,fairworkmate.com.au,13,https://fairworkmate.com.au/tools/pay-rates/school-admin-nsw,,
slso salary nsw,480,0,2,fairworkmate.com.au,18,https://fairworkmate.com.au/tools/pay-rates/school-admin-nsw,,
smart salary calculator,480,14,2,paycalculator.com.au,14,https://paycalculator.com.au/,74,https://pay-calculator-australia.com/annual-pay-calculator/
social community home care and disability services award,480,0,1,wagecalculator.com.au,20,https://www.wagecalculator.com.au/awards/schads,,
south australia nurse pay rates,480,0,1,wagecalculator.com.au,17,https://www.wagecalculator.com.au/nursing-salaries/sa,34,https://pay-calculator-australia.com/healthcare-worker-pay/sa/
south australia nursing pay rates,480,0,1,wagecalculator.com.au,17,https://www.wagecalculator.com.au/nursing-salaries/sa,34,https://pay-calculator-australia.com/healthcare-worker-pay/sa/
sso pay rate,480,0,1,wagecalculator.com.au,8,https://www.wagecalculator.com.au/public-service-salaries/sa,,
sso pay rates,480,0,1,wagecalculator.com.au,11,https://www.wagecalculator.com.au/public-service-salaries/sa,,
sso rates of pay,480,0,1,wagecalculator.com.au,14,https://www.wagecalculator.com.au/public-service-salaries/sa,,
tax calculator 2025 australia,480,38,2,paycalculator.com.au,3,https://paycalculator.com.au/,,
tax calculator for redundancy,480,0,1,wagecalculator.com.au,4,https://www.wagecalculator.com.au/redundancy-payout-calculator,66,https://pay-calculator-australia.com/redundancy-pay-calculator/
tax calculator redundancy,480,0,1,wagecalculator.com.au,4,https://www.wagecalculator.com.au/redundancy-payout-calculator,66,https://pay-calculator-australia.com/redundancy-pay-calculator/
tax rates 2026/27,480,24,1,wagecalculator.com.au,15,https://www.wagecalculator.com.au/tax-rates/2026-27,,
tax withheld for individuals calculator,480,38,2,paycalculator.com.au,9,https://paycalculator.com.au/,82,https://pay-calculator-australia.com/
teacher pay scale victoria 2026,480,0,1,wagecalculator.com.au,9,https://www.wagecalculator.com.au/teacher-salaries/vic,35,https://pay-calculator-australia.com/teacher-pay-australia/vic/
what is salary,480,15,1,wagecalculator.com.au,17,https://www.wagecalculator.com.au/,,
2026 income tax rates,480,43,2,atotaxrates.info,16,https://atotaxrates.info/,55,https://pay-calculator-australia.com/tax-brackets/
add gst,480,13,1,australiapaycalculator.com.au,15,https://australiapaycalculator.com.au/gst-calculator/,,
ex gst,480,0,1,australiapaycalculator.com.au,19,https://australiapaycalculator.com.au/gst-calculator/,,
gst calculator qld,480,7,1,australiapaycalculator.com.au,19,https://australiapaycalculator.com.au/gst-calculator/,,
how to calculate gst in australia,480,16,1,australiapaycalculator.com.au,16,https://australiapaycalculator.com.au/gst-calculator/,,
adbri quarries penrice,480,0,1,fairworkmate.com.au,9,https://fairworkmate.com.au/agreements/adbri-quarries-penrice-enterprise-agreement-2025-ae532240,,
amusement award,480,0,1,fairworkmate.com.au,4,https://fairworkmate.com.au/tools/pay-rates/amusement-events,,
annual leave payout,480,0,1,fairworkmate.com.au,20,https://fairworkmate.com.au/blog/annual-leave-payout-on-resignation,,
ato work from home calculator,480,6,1,fairworkmate.com.au,19,https://fairworkmate.com.au/tools/wfh-tax-deduction,54,https://pay-calculator-australia.com/work-from-home-deductions/
australia carpenter salary,480,0,1,fairworkmate.com.au,16,https://fairworkmate.com.au/tools/pay-rates/job/carpenter,,
australia midwife salary,480,0,1,fairworkmate.com.au,13,https://fairworkmate.com.au/tools/pay-rates/midwife-sa,,
australia social work salary,480,0,1,fairworkmate.com.au,19,https://fairworkmate.com.au/tools/pay-rates/social-worker-wa,,
australia truck driver pay,480,0,1,fairworkmate.com.au,18,https://fairworkmate.com.au/tools/pay-rates/job/truck-driver,,
australia truck driver salary,480,0,1,fairworkmate.com.au,9,https://fairworkmate.com.au/tools/pay-rates/job/truck-driver,,
australian average income by age,480,1,1,fairworkmate.com.au,19,https://fairworkmate.com.au/blog/average-salary-australia,,
australian chef salary,480,0,1,fairworkmate.com.au,14,https://fairworkmate.com.au/tools/pay-rates/job/chef,,
australian chef wages,480,0,1,fairworkmate.com.au,9,https://fairworkmate.com.au/tools/pay-rates/job/chef,,
australian letter template,480,0,1,fairworkmate.com.au,11,https://fairworkmate.com.au/templates,,
australian midwife salary,480,0,1,fairworkmate.com.au,13,https://fairworkmate.com.au/tools/pay-rates/midwife-sa,,
australian minimum wage 2025,480,25,1,fairworkmate.com.au,19,https://fairworkmate.com.au/blog/minimum-wage-2026-australia,,
australian truck driver salary,480,0,1,fairworkmate.com.au,11,https://fairworkmate.com.au/tools/pay-rates/job/truck-driver,,
average australian income by age,480,4,1,fairworkmate.com.au,19,https://fairworkmate.com.au/blog/average-salary-australia,,
award rates for cleaners,480,0,1,fairworkmate.com.au,4,https://fairworkmate.com.au/tools/pay-rates/cleaning,,
award retail wage,480,4,1,fairworkmate.com.au,7,https://fairworkmate.com.au/tools/pay-rates/retail,55,https://pay-calculator-australia.com/retail-award-rates/
award security,480,0,1,fairworkmate.com.au,13,https://fairworkmate.com.au/tools/pay-rates/security,,
banking and finance award,480,0,1,fairworkmate.com.au,19,https://fairworkmate.com.au/tools/pay-rates/banking-finance-insurance,,
banking finance award,480,0,1,fairworkmate.com.au,17,https://fairworkmate.com.au/tools/pay-rates/banking-finance-insurance,,
banking finance insurance award,480,0,1,fairworkmate.com.au,15,https://fairworkmate.com.au/tools/pay-rates/banking-finance-insurance,,
barista pay,480,2,1,fairworkmate.com.au,5,https://fairworkmate.com.au/tools/pay-rates/job/barista,,
barista pay rate,480,1,1,fairworkmate.com.au,2,https://fairworkmate.com.au/tools/pay-rates/job/barista,,
barista salary,480,0,1,fairworkmate.com.au,4,https://fairworkmate.com.au/tools/pay-rates/job/barista,,
barista wage,480,1,1,fairworkmate.com.au,2,https://fairworkmate.com.au/tools/pay-rates/job/barista,,
barista wages,480,4,1,fairworkmate.com.au,2,https://fairworkmate.com.au/tools/pay-rates/job/barista,,
baristas salary,480,0,1,fairworkmate.com.au,7,https://fairworkmate.com.au/tools/pay-rates/barista-qld,,
cabinet maker pay rates,480,0,1,fairworkmate.com.au,5,https://fairworkmate.com.au/awards/joinery-award,,
calculate leave loading,480,0,1,fairworkmate.com.au,5,https://fairworkmate.com.au/tools/leave-loading,82,https://pay-calculator-australia.com/leave-calculator/
carers allowance rates,480,12,1,fairworkmate.com.au,20,https://fairworkmate.com.au/blog/carer-payment-rates-2026-australia,,
carpenter australia salary,480,0,1,fairworkmate.com.au,18,https://fairworkmate.com.au/tools/pay-rates/job/carpenter,,
carpenter in australia salary,480,0,1,fairworkmate.com.au,16,https://fairworkmate.com.au/tools/pay-rates/job/carpenter,,
carpenter pay australia,480,0,1,fairworkmate.com.au,11,https://fairworkmate.com.au/tools/pay-rates/job/carpenter,,
carpenter salary australia,480,0,1,fairworkmate.com.au,16,https://fairworkmate.com.au/tools/pay-rates/job/carpenter,,
carpenter wage australia,480,0,1,fairworkmate.com.au,7,https://fairworkmate.com.au/tools/pay-rates/job/carpenter,,
carpenter wage in australia,480,0,1,fairworkmate.com.au,7,https://fairworkmate.com.au/tools/pay-rates/job/carpenter,,
carpenter wages australia,480,0,1,fairworkmate.com.au,5,https://fairworkmate.com.au/tools/pay-rates/job/carpenter,,
carpenter wages in australia,480,0,1,fairworkmate.com.au,6,https://fairworkmate.com.au/tools/pay-rates/job/carpenter,,
carpenters wage in australia,480,0,1,fairworkmate.com.au,7,https://fairworkmate.com.au/tools/pay-rates/job/carpenter,,
carpenters wages australia,480,0,1,fairworkmate.com.au,9,https://fairworkmate.com.au/tools/pay-rates/job/carpenter,,
carpenters wages in australia,480,0,1,fairworkmate.com.au,6,https://fairworkmate.com.au/tools/pay-rates/job/carpenter,,
carpentry pay australia,480,0,1,fairworkmate.com.au,13,https://fairworkmate.com.au/tools/pay-rates/job/carpenter,,
carpentry wages australia,480,0,1,fairworkmate.com.au,5,https://fairworkmate.com.au/tools/pay-rates/job/carpenter,,
centrelink payment changes march,480,8,2,atotaxrates.info,8,https://atotaxrates.info/centrelink-payment-rates/,,
centrelink payments over christmas,480,5,1,fairworkmate.com.au,15,https://fairworkmate.com.au/tools/centrelink-payment-dates,,
centrelink payments over xmas,480,0,1,fairworkmate.com.au,14,https://fairworkmate.com.au/tools/centrelink-payment-dates,,
chef australia salary,480,0,1,fairworkmate.com.au,13,https://fairworkmate.com.au/tools/pay-rates/job/chef,,
chef pay australia,480,0,1,fairworkmate.com.au,3,https://fairworkmate.com.au/tools/pay-rates/job/chef,,
chef pay in australia,480,0,1,fairworkmate.com.au,10,https://fairworkmate.com.au/tools/pay-rates/job/chef,,
chef salaries australia,480,0,1,fairworkmate.com.au,13,https://fairworkmate.com.au/tools/pay-rates/job/chef,,
chef salaries in australia,480,0,1,fairworkmate.com.au,17,https://fairworkmate.com.au/tools/pay-rates/job/chef,,
chef wage australia,480,0,1,fairworkmate.com.au,2,https://fairworkmate.com.au/tools/pay-rates/job/chef,,
chef wages australia,480,0,1,fairworkmate.com.au,3,https://fairworkmate.com.au/tools/pay-rates/job/chef,,
chef wages in australia,480,0,1,fairworkmate.com.au,11,https://fairworkmate.com.au/tools/pay-rates/job/chef,,
chefs salary australia,480,0,1,fairworkmate.com.au,14,https://fairworkmate.com.au/tools/pay-rates/job/chef,,
chefs salary in australia,480,0,1,fairworkmate.com.au,15,https://fairworkmate.com.au/tools/pay-rates/job/chef,,
chefs wages australia,480,0,1,fairworkmate.com.au,5,https://fairworkmate.com.au/tools/pay-rates/job/chef,,
chemist warehouse pay,480,0,1,fairworkmate.com.au,2,https://fairworkmate.com.au/blog/chemist-warehouse-pay-rates-2026,,
chemist warehouse pay rates,480,0,1,fairworkmate.com.au,1,https://fairworkmate.com.au/blog/chemist-warehouse-pay-rates-2026,,
chemist warehouse salary,480,0,1,fairworkmate.com.au,2,https://fairworkmate.com.au/blog/chemist-warehouse-pay-rates-2026,,
childcare award rate,480,0,1,fairworkmate.com.au,10,https://fairworkmate.com.au/tools/pay-rates/industry/childcare,,
childcare award wages,480,0,1,fairworkmate.com.au,7,https://fairworkmate.com.au/tools/pay-rates/childcare-worker-nsw,,
childcare worker salary,480,0,1,fairworkmate.com.au,17,https://fairworkmate.com.au/tools/pay-rates/childcare-worker-nsw,,
childcare workers salary,480,0,1,fairworkmate.com.au,13,https://fairworkmate.com.au/tools/pay-rates/childcare-worker-nsw,,
cleaning award rate,480,0,1,fairworkmate.com.au,6,https://fairworkmate.com.au/tools/pay-rates/cleaning,,
cleaning award rates,480,0,1,fairworkmate.com.au,2,https://fairworkmate.com.au/tools/pay-rates/cleaning,,
coles eba,480,0,1,fairworkmate.com.au,5,https://fairworkmate.com.au/blog/coles-enterprise-agreement,,
coles enterprise agreement,480,0,1,fairworkmate.com.au,5,https://fairworkmate.com.au/blog/coles-enterprise-agreement,,
coles enterprise bargaining agreement,480,0,1,fairworkmate.com.au,5,https://fairworkmate.com.au/blog/coles-enterprise-agreement,,
compassionate leave australia,480,0,1,fairworkmate.com.au,18,https://fairworkmate.com.au/blog/compassionate-bereavement-leave-australia-guide,,
compassionate leave meaning,480,0,1,fairworkmate.com.au,19,https://fairworkmate.com.au/blog/compassionate-bereavement-leave-australia-guide,,
electrical wage,480,0,1,fairworkmate.com.au,2,https://fairworkmate.com.au/tools/pay-rates/job/electrician,,
electrician pay,480,0,1,fairworkmate.com.au,13,https://fairworkmate.com.au/tools/pay-rates/job/electrician,,
electrician payment,480,0,1,fairworkmate.com.au,13,https://fairworkmate.com.au/tools/pay-rates/electrician,,
electrician wage,480,0,1,fairworkmate.com.au,4,https://fairworkmate.com.au/tools/pay-rates/job/electrician,,
electrician wages,480,0,1,fairworkmate.com.au,13,https://fairworkmate.com.au/tools/pay-rates/job/electrician,,
electricians pay,480,0,1,fairworkmate.com.au,13,https://fairworkmate.com.au/tools/pay-rates/electrician,,
electricians wage,480,0,1,fairworkmate.com.au,14,https://fairworkmate.com.au/tools/pay-rates/electrician,,
electricians wages,480,0,1,fairworkmate.com.au,7,https://fairworkmate.com.au/tools/pay-rates/job/electrician,,
factory worker,480,0,1,fairworkmate.com.au,11,https://fairworkmate.com.au/tools/pay-rates/factory-worker-qld,,
fair work breaks,480,0,1,fairworkmate.com.au,10,https://fairworkmate.com.au/wiki/breaks-at-work,,
fair work minimum wage,480,43,1,fairworkmate.com.au,20,https://fairworkmate.com.au/tools/minimum-wage,,
fair work ombudsman public holidays,480,31,1,fairworkmate.com.au,16,https://fairworkmate.com.au/wiki/public-holiday-work,,
fair work public holiday,480,6,1,fairworkmate.com.au,16,https://fairworkmate.com.au/state/qld/public-holidays,,
fast food award pay guide,480,4,1,fairworkmate.com.au,12,https://fairworkmate.com.au/tools/pay-rates/job/fast-food-worker,,
fitness award pay rates,480,0,1,fairworkmate.com.au,13,https://fairworkmate.com.au/tools/pay-rates/industry/fitness,,
fitness trainer salary,480,0,1,fairworkmate.com.au,16,https://fairworkmate.com.au/tools/pay-rates/personal-trainer-nsw,,
flt driver salary,480,0,1,fairworkmate.com.au,15,https://fairworkmate.com.au/tools/pay-rates/forklift-driver-wa,,
food beverage and tobacco manufacturing award,480,0,1,fairworkmate.com.au,13,https://fairworkmate.com.au/tools/pay-rates/food-beverage-manufacturing,,
forklift driver pay,480,0,1,fairworkmate.com.au,13,https://fairworkmate.com.au/tools/pay-rates/forklift-driver-nsw,,
forklift driver salary,480,0,1,fairworkmate.com.au,13,https://fairworkmate.com.au/tools/pay-rates/forklift-driver-vic,,
forklift driver wage,480,0,1,fairworkmate.com.au,10,https://fairworkmate.com.au/tools/pay-rates/forklift-driver-nsw,,
forklift driver wages,480,0,1,fairworkmate.com.au,10,https://fairworkmate.com.au/tools/pay-rates/forklift-driver-nsw,,
forklift drivers pay,480,0,1,fairworkmate.com.au,16,https://fairworkmate.com.au/tools/pay-rates/forklift-driver-vic,,
forklift drivers pay rate,480,0,1,fairworkmate.com.au,4,https://fairworkmate.com.au/tools/pay-rates/job/forklift-driver,,
forklift drivers salary,480,0,1,fairworkmate.com.au,17,https://fairworkmate.com.au/tools/pay-rates/forklift-driver-nsw,,
forklift drivers wages,480,0,1,fairworkmate.com.au,15,https://fairworkmate.com.au/tools/pay-rates/forklift-driver-wa,,
forklift truck driver salary,480,0,1,fairworkmate.com.au,12,https://fairworkmate.com.au/tools/pay-rates/forklift-driver-vic,,
full-time job hours per week,480,1,1,fairworkmate.com.au,18,https://fairworkmate.com.au/tools/work-hours/35-hours-per-week,,
general retail award rate,480,0,1,fairworkmate.com.au,11,https://fairworkmate.com.au/tools/pay-rates/industry/retail,,
general retail award rates,480,0,1,fairworkmate.com.au,6,https://fairworkmate.com.au/tools/pay-rates/retail,,
health support services award,480,0,1,fairworkmate.com.au,13,https://fairworkmate.com.au/awards/health-professionals-award,,
hgv driver salary australia,480,0,1,fairworkmate.com.au,17,https://fairworkmate.com.au/tools/pay-rates/job/truck-driver,,
how do you calculate leave loading,480,0,1,fairworkmate.com.au,11,https://fairworkmate.com.au/blog/leave-loading-17-5-percent-explained,85,https://pay-calculator-australia.com/leave-calculator/
how is leave loading calculated,480,0,1,fairworkmate.com.au,13,https://fairworkmate.com.au/blog/leave-loading-17-5-percent-explained,,
how is redundancy calculated,480,15,1,fairworkmate.com.au,20,https://fairworkmate.com.au/tools/redundancy-pay,34,https://pay-calculator-australia.com/redundancy-pay-calculator/
how much do centrelink pay,480,21,1,fairworkmate.com.au,7,https://fairworkmate.com.au/wiki/centrelink-payment-rates,,
how much do mechanics make australia,480,0,1,fairworkmate.com.au,13,https://fairworkmate.com.au/tools/pay-rates/job/mechanic,,
how much do mechanics make in australia,480,0,1,fairworkmate.com.au,17,https://fairworkmate.com.au/tools/pay-rates/job/mechanic,,
how much do woolworths pay,480,0,1,fairworkmate.com.au,10,https://fairworkmate.com.au/blog/woolworths-pay-rates-2026,,
how much does a mechanic earn,480,0,1,fairworkmate.com.au,18,https://fairworkmate.com.au/tools/pay-rates/job/mechanic,,
how much does a mechanic make,480,0,1,fairworkmate.com.au,13,https://fairworkmate.com.au/tools/pay-rates/mechanic-nsw,,
how much does centrelink pay,480,25,2,fairworkmate.com.au,6,https://fairworkmate.com.au/wiki/centrelink-payment-rates,,
how much does woolies pay,480,0,1,fairworkmate.com.au,8,https://fairworkmate.com.au/blog/woolworths-pay-rates-2026,,
how much does woolworths pay,480,0,1,fairworkmate.com.au,9,https://fairworkmate.com.au/blog/woolworths-pay-rates-2026,,
how much is centrelink payment for unemployed,480,20,1,fairworkmate.com.au,4,https://fairworkmate.com.au/wiki/centrelink-payment-rates,,
how much is jobseeker,480,1,1,fairworkmate.com.au,5,https://fairworkmate.com.au/tools/jobseeker-payment,,
how much is redundancy pay,480,3,1,fairworkmate.com.au,18,https://fairworkmate.com.au/tools/redundancy-pay,37,https://pay-calculator-australia.com/redundancy-pay-calculator/
how much is redundancy payment,480,16,1,fairworkmate.com.au,7,https://fairworkmate.com.au/tools/redundancy-pay,33,https://pay-calculator-australia.com/redundancy-pay-calculator/
how much is youth allowance per fortnight,480,1,1,fairworkmate.com.au,5,https://fairworkmate.com.au/tools/youth-allowance,,
how to calculate leave loading,480,0,1,fairworkmate.com.au,14,https://fairworkmate.com.au/blog/leave-loading-17-5-percent-explained,,
insurance banking and finance award,480,0,1,fairworkmate.com.au,20,https://fairworkmate.com.au/tools/pay-rates/banking-finance-insurance,,
is super payable on bonuses,480,5,1,fairworkmate.com.au,20,https://fairworkmate.com.au/blog/do-i-get-super-on-bonuses-commissions-allowances,,
job seeker calculator,480,8,2,fairworkmate.com.au,5,https://fairworkmate.com.au/tools/jobseeker-payment,37,https://pay-calculator-australia.com/centrelink-income-test/
job seekers calculator,480,0,2,fairworkmate.com.au,7,https://fairworkmate.com.au/tools/jobseeker-payment,,
jobseeker payment increase 2026,480,4,2,fairworkmate.com.au,6,https://fairworkmate.com.au/wiki/centrelink-payment-rates,,
jobseeker rates,480,0,1,fairworkmate.com.au,8,https://fairworkmate.com.au/wiki/centrelink-payment-rates,,
leave loading in nsw,480,0,1,fairworkmate.com.au,11,https://fairworkmate.com.au/blog/leave-loading-17-5-percent-explained,,
leave loading nsw,480,0,1,fairworkmate.com.au,15,https://fairworkmate.com.au/blog/leave-loading-17-5-percent-explained,,
ma000010,480,0,1,fairworkmate.com.au,13,https://fairworkmate.com.au/awards/manufacturing-award,,
ma000020,480,0,1,fairworkmate.com.au,9,https://fairworkmate.com.au/awards/building-award,,
ma000025,480,0,1,fairworkmate.com.au,9,https://fairworkmate.com.au/awards/electrical-award,,
ma000089,480,0,1,fairworkmate.com.au,9,https://fairworkmate.com.au/tools/pay-rates/vehicle-repair,,
manufacturing and associated industries and occupations award,480,0,1,fairworkmate.com.au,18,https://fairworkmate.com.au/tools/pay-rates/manufacturing,,
meat industry award,480,0,1,fairworkmate.com.au,19,https://fairworkmate.com.au/awards/meat-industry-award,,
midwife pay in australia,480,0,1,fairworkmate.com.au,16,https://fairworkmate.com.au/tools/pay-rates/midwife-wa,,
midwife salary aus,480,0,1,fairworkmate.com.au,18,https://fairworkmate.com.au/tools/pay-rates/midwife-wa,,
midwife salary in australia,480,0,1,fairworkmate.com.au,19,https://fairworkmate.com.au/tools/pay-rates/midwife-wa,,
midwife wage australia,480,0,1,fairworkmate.com.au,13,https://fairworkmate.com.au/tools/pay-rates/midwife-sa,,
midwifery pay in australia,480,0,1,fairworkmate.com.au,10,https://fairworkmate.com.au/tools/pay-rates/midwife-sa,,
midwifery wage australia,480,0,1,fairworkmate.com.au,17,https://fairworkmate.com.au/tools/pay-rates/midwife-sa,,
midwives australia salary,480,0,1,fairworkmate.com.au,15,https://fairworkmate.com.au/tools/pay-rates/midwife-sa,,
minimum wage australia adult,480,30,1,fairworkmate.com.au,19,https://fairworkmate.com.au/tools/minimum-wage,32,https://pay-calculator-australia.com/junior-pay-rates/
minimum wage for part time,480,20,1,fairworkmate.com.au,16,https://fairworkmate.com.au/tools/part-time-pay-calculator,38,https://pay-calculator-australia.com/junior-pay-rates/
minimum wage for part-time,480,22,1,fairworkmate.com.au,18,https://fairworkmate.com.au/tools/part-time-pay-calculator,39,https://pay-calculator-australia.com/junior-pay-rates/
nurses award pay guide,480,0,1,fairworkmate.com.au,16,https://fairworkmate.com.au/tools/pay-rates/nurses,45,https://pay-calculator-australia.com/healthcare-worker-pay/nsw/
parenting partnered payment,480,0,1,fairworkmate.com.au,7,https://fairworkmate.com.au/tools/parenting-payment,,
parenting payment single rate,480,0,1,fairworkmate.com.au,12,https://fairworkmate.com.au/tools/parenting-payment,,
parenting payment single rates,480,0,1,fairworkmate.com.au,9,https://fairworkmate.com.au/tools/parenting-payment,,
part time minimum wage,480,20,1,fairworkmate.com.au,14,https://fairworkmate.com.au/tools/minimum-wage,,
part time minimum wage australia,480,24,1,fairworkmate.com.au,14,https://fairworkmate.com.au/tools/minimum-wage,,
part-time minimum wage,480,20,1,fairworkmate.com.au,14,https://fairworkmate.com.au/tools/minimum-wage,,
partner parenting payment,480,0,1,fairworkmate.com.au,5,https://fairworkmate.com.au/tools/parenting-payment,,
pay awards australia,480,34,1,fairworkmate.com.au,11,https://fairworkmate.com.au/tools/pay-rates,,
pay for security guard,480,0,1,fairworkmate.com.au,8,https://fairworkmate.com.au/tools/pay-rates/security-guard-wa,,
pay for security guards,480,0,1,fairworkmate.com.au,9,https://fairworkmate.com.au/tools/pay-rates/security-guard-wa,,
pay rate for truck drivers in australia,480,0,1,fairworkmate.com.au,3,https://fairworkmate.com.au/tools/pay-rates/job/truck-driver,,
pay rate security guard,480,0,1,fairworkmate.com.au,4,https://fairworkmate.com.au/tools/pay-rates/security,,
pay rates general retail award,480,6,1,fairworkmate.com.au,10,https://fairworkmate.com.au/tools/pay-rates/retail,58,https://pay-calculator-australia.com/retail-award-rates/
payment days,480,0,1,fairworkmate.com.au,19,https://fairworkmate.com.au/tools/centrelink-payment-dates,,
pharmacy award rate 2026,480,0,1,fairworkmate.com.au,10,https://fairworkmate.com.au/tools/pay-rates/pharmacy,,
plumber pay australia,480,0,1,fairworkmate.com.au,16,https://fairworkmate.com.au/tools/pay-rates/job/plumber,,
plumber wage australia,480,0,1,fairworkmate.com.au,14,https://fairworkmate.com.au/tools/pay-rates/plumber-wa,,
plumber wages australia,480,0,1,fairworkmate.com.au,13,https://fairworkmate.com.au/tools/pay-rates/plumber-wa,,
plumbers rates,480,0,1,fairworkmate.com.au,16,https://fairworkmate.com.au/tools/pay-rates/plumber-wa,,
plumbers wage australia,480,0,1,fairworkmate.com.au,11,https://fairworkmate.com.au/tools/pay-rates/job/plumber,,
plumbers wages australia,480,0,1,fairworkmate.com.au,13,https://fairworkmate.com.au/tools/pay-rates/plumber-wa,,
plumbing wage australia,480,0,1,fairworkmate.com.au,10,https://fairworkmate.com.au/tools/pay-rates/plumber-wa,,
plumbing wages australia,480,0,1,fairworkmate.com.au,4,https://fairworkmate.com.au/tools/pay-rates/job/plumber,,
public holiday pay rates nsw,480,0,1,fairworkmate.com.au,16,https://fairworkmate.com.au/blog/casual-public-holiday-pay-2026,,
public holiday rate victoria,480,0,1,fairworkmate.com.au,17,https://fairworkmate.com.au/blog/public-holiday-pay-casual-vs-full-time,,
reception salary,480,0,1,fairworkmate.com.au,3,https://fairworkmate.com.au/tools/pay-rates/job/receptionist,,
receptionist income,480,0,1,fairworkmate.com.au,9,https://fairworkmate.com.au/tools/pay-rates/job/receptionist,,
receptionist pay,480,0,1,fairworkmate.com.au,6,https://fairworkmate.com.au/tools/pay-rates/job/receptionist,,
receptionist pay rate,480,12,1,fairworkmate.com.au,2,https://fairworkmate.com.au/tools/pay-rates/job/receptionist,,
receptionist salaries,480,0,1,fairworkmate.com.au,9,https://fairworkmate.com.au/tools/pay-rates/receptionist-wa,,
receptionist salary,480,0,1,fairworkmate.com.au,5,https://fairworkmate.com.au/tools/pay-rates/job/receptionist,,
receptionists salary,480,0,1,fairworkmate.com.au,8,https://fairworkmate.com.au/tools/pay-rates/job/receptionist,,
redundancy payment wa,480,0,1,fairworkmate.com.au,14,https://fairworkmate.com.au/state/wa/redundancy-pay,,
retail award pay guide,480,0,1,fairworkmate.com.au,17,https://fairworkmate.com.au/tools/pay-rates/retail,34,https://pay-calculator-australia.com/retail-award-rates/
retail award wage,480,0,1,fairworkmate.com.au,10,https://fairworkmate.com.au/tools/pay-rates/retail,,
retail industry award wages,480,3,1,fairworkmate.com.au,11,https://fairworkmate.com.au/tools/pay-rates/retail-worker-vic,37,https://pay-calculator-australia.com/retail-award-rates/
retail wage award,480,0,1,fairworkmate.com.au,8,https://fairworkmate.com.au/tools/pay-rates/retail-worker-vic,37,https://pay-calculator-australia.com/retail-award-rates/
retail wages,480,8,1,fairworkmate.com.au,12,https://fairworkmate.com.au/tools/pay-rates/job/retail-worker,32,https://pay-calculator-australia.com/retail-award-rates/
retail wages award,480,0,1,fairworkmate.com.au,8,https://fairworkmate.com.au/tools/pay-rates/retail,57,https://pay-calculator-australia.com/retail-award-rates/
retail worker,480,0,1,fairworkmate.com.au,10,https://fairworkmate.com.au/tools/pay-rates/retail-worker-qld,,
retail workers,480,18,1,fairworkmate.com.au,12,https://fairworkmate.com.au/tools/pay-rates/retail-worker-qld,,
salary for barista,480,0,1,fairworkmate.com.au,6,https://fairworkmate.com.au/tools/pay-rates/job/barista,,
salary for childcare worker,480,0,1,fairworkmate.com.au,12,https://fairworkmate.com.au/tools/pay-rates/childcare-worker-nsw,,
salary for childcare workers,480,0,1,fairworkmate.com.au,12,https://fairworkmate.com.au/tools/pay-rates/childcare-worker-nsw,,
salary for forklift driver,480,0,1,fairworkmate.com.au,11,https://fairworkmate.com.au/tools/pay-rates/forklift-driver-vic,,
salary for physical trainer,480,0,1,fairworkmate.com.au,19,https://fairworkmate.com.au/tools/pay-rates/personal-trainer-sa,,
salary for receptionist,480,0,1,fairworkmate.com.au,7,https://fairworkmate.com.au/tools/pay-rates/job/receptionist,,
salary for security guard,480,0,1,fairworkmate.com.au,16,https://fairworkmate.com.au/tools/pay-rates/security-guard-vic,,
salary for security officer,480,0,1,fairworkmate.com.au,19,https://fairworkmate.com.au/tools/pay-rates/security-guard-vic,,
salary for social worker in australia,480,0,1,fairworkmate.com.au,19,https://fairworkmate.com.au/tools/pay-rates/social-worker-wa,,
salary midwife australia,480,0,1,fairworkmate.com.au,20,https://fairworkmate.com.au/tools/pay-rates/midwife-wa,,
salary of a childcare worker,480,0,1,fairworkmate.com.au,16,https://fairworkmate.com.au/tools/pay-rates/childcare-worker-nsw,,
salary of a receptionist,480,0,1,fairworkmate.com.au,9,https://fairworkmate.com.au/tools/pay-rates/job/receptionist,,
salary of a security guard,480,0,1,fairworkmate.com.au,15,https://fairworkmate.com.au/tools/pay-rates/security-guard-vic,,
salary of a security officer,480,0,1,fairworkmate.com.au,13,https://fairworkmate.com.au/tools/pay-rates/security-guard-qld,,
salary of barista,480,0,1,fairworkmate.com.au,7,https://fairworkmate.com.au/tools/pay-rates/job/barista,,
salary of chef in australia,480,0,1,fairworkmate.com.au,9,https://fairworkmate.com.au/tools/pay-rates/job/chef,,
salary of receptionist,480,0,1,fairworkmate.com.au,7,https://fairworkmate.com.au/tools/pay-rates/job/receptionist,,
salary of security guard,480,0,1,fairworkmate.com.au,12,https://fairworkmate.com.au/tools/pay-rates/security-guard-qld,,
salary of security officer,480,0,1,fairworkmate.com.au,14,https://fairworkmate.com.au/tools/pay-rates/security-guard-vic,,
salary of truck driver in australia,480,0,1,fairworkmate.com.au,12,https://fairworkmate.com.au/tools/pay-rates/job/truck-driver,,
salary security guard,480,0,1,fairworkmate.com.au,15,https://fairworkmate.com.au/tools/pay-rates/security-guard-qld,,
schads award 2025 pay rates,480,0,1,fairworkmate.com.au,15,https://fairworkmate.com.au/tools/pay-rates/schads,,
second job,480,0,1,fairworkmate.com.au,19,https://fairworkmate.com.au/blog/second-job-rights-australia,,
security award,480,0,1,fairworkmate.com.au,8,https://fairworkmate.com.au/tools/pay-rates/security,,
security awards,480,0,1,fairworkmate.com.au,9,https://fairworkmate.com.au/tools/pay-rates/security,,
security guard earnings,480,0,1,fairworkmate.com.au,12,https://fairworkmate.com.au/tools/pay-rates/security-guard-qld,,
security guard income,480,0,1,fairworkmate.com.au,11,https://fairworkmate.com.au/tools/pay-rates/security-guard-qld,,
security guard job pay,480,0,1,fairworkmate.com.au,14,https://fairworkmate.com.au/tools/pay-rates/security-guard-qld,,
security guard jobs pay,480,0,1,fairworkmate.com.au,14,https://fairworkmate.com.au/tools/pay-rates/security-guard-qld,,
security guard pay rate,480,0,1,fairworkmate.com.au,4,https://fairworkmate.com.au/tools/pay-rates/job/security-guard,,
security guard salary,480,0,1,fairworkmate.com.au,11,https://fairworkmate.com.au/tools/pay-rates/security-guard-qld,,
security guard starting pay,480,0,1,fairworkmate.com.au,12,https://fairworkmate.com.au/tools/pay-rates/security-guard-qld,,
security guard wage,480,0,1,fairworkmate.com.au,8,https://fairworkmate.com.au/tools/pay-rates/security-guard-qld,,
security guards pay,480,0,1,fairworkmate.com.au,9,https://fairworkmate.com.au/tools/pay-rates/security-guard-wa,,
security guards salary,480,0,1,fairworkmate.com.au,14,https://fairworkmate.com.au/tools/pay-rates/security-guard-wa,,
security officer salary,480,0,1,fairworkmate.com.au,13,https://fairworkmate.com.au/tools/pay-rates/security-guard-qld,,
security officers salary,480,0,1,fairworkmate.com.au,13,https://fairworkmate.com.au/tools/pay-rates/security-guard-vic,,
security personnel salary,480,0,1,fairworkmate.com.au,14,https://fairworkmate.com.au/tools/pay-rates/security-guard-qld,,
single parenting payment amount,480,0,1,fairworkmate.com.au,7,https://fairworkmate.com.au/tools/parenting-payment,,
social work australia salary,480,0,1,fairworkmate.com.au,18,https://fairworkmate.com.au/tools/pay-rates/social-worker-wa,,
social work pay australia,480,0,1,fairworkmate.com.au,14,https://fairworkmate.com.au/tools/pay-rates/social-worker-wa,,
social work salaries in australia,480,0,1,fairworkmate.com.au,18,https://fairworkmate.com.au/tools/pay-rates/social-worker-wa,,
social work salary australia,480,0,1,fairworkmate.com.au,16,https://fairworkmate.com.au/tools/pay-rates/social-worker-wa,,
social work salary in australia,480,0,1,fairworkmate.com.au,20,https://fairworkmate.com.au/tools/pay-rates/social-worker-wa,,
social work wages in australia,480,0,1,fairworkmate.com.au,13,https://fairworkmate.com.au/tools/pay-rates/social-worker-wa,,
social worker australia salary,480,0,1,fairworkmate.com.au,17,https://fairworkmate.com.au/tools/pay-rates/social-worker-wa,,
social worker pay australia,480,0,1,fairworkmate.com.au,13,https://fairworkmate.com.au/tools/pay-rates/social-worker-wa,,
social worker salaries in australia,480,0,1,fairworkmate.com.au,19,https://fairworkmate.com.au/tools/pay-rates/social-worker-wa,,
social worker salary in australia,480,0,1,fairworkmate.com.au,17,https://fairworkmate.com.au/tools/pay-rates/social-worker-wa,,
social worker wage australia,480,0,1,fairworkmate.com.au,12,https://fairworkmate.com.au/tools/pay-rates/social-worker-wa,,
social workers salary australia,480,0,1,fairworkmate.com.au,17,https://fairworkmate.com.au/tools/pay-rates/social-worker-wa,,
social workers salary in australia,480,0,1,fairworkmate.com.au,17,https://fairworkmate.com.au/tools/pay-rates/social-worker-wa,,
software developer wage,480,0,1,fairworkmate.com.au,11,https://fairworkmate.com.au/tools/pay-rates/software-developer-nsw,,
sunday rates,480,0,1,fairworkmate.com.au,17,https://fairworkmate.com.au/tools/penalty-rates,,
teacher strike victoria 2026,480,0,1,fairworkmate.com.au,18,https://fairworkmate.com.au/blog/teacher-strikes-victoria-tasmania-2026,,
timber award,480,0,1,fairworkmate.com.au,9,https://fairworkmate.com.au/tools/pay-rates/timber,,
timber industry award,480,0,1,fairworkmate.com.au,9,https://fairworkmate.com.au/tools/pay-rates/timber,,
truck driver australia salary,480,0,1,fairworkmate.com.au,14,https://fairworkmate.com.au/tools/pay-rates/job/truck-driver,,
truck driver in australia salary,480,0,1,fairworkmate.com.au,10,https://fairworkmate.com.au/tools/pay-rates/job/truck-driver,,
truck driver pay australia,480,0,1,fairworkmate.com.au,13,https://fairworkmate.com.au/tools/pay-rates/job/truck-driver,,
truck driver pay in australia,480,0,1,fairworkmate.com.au,9,https://fairworkmate.com.au/tools/pay-rates/job/truck-driver,,
truck driver pay rates australia,480,0,1,fairworkmate.com.au,2,https://fairworkmate.com.au/tools/pay-rates/job/truck-driver,,
truck driver salary in australia,480,0,1,fairworkmate.com.au,11,https://fairworkmate.com.au/tools/pay-rates/job/truck-driver,,
truck driver wage australia,480,0,1,fairworkmate.com.au,7,https://fairworkmate.com.au/tools/pay-rates/job/truck-driver,,
truck drivers in australia salary,480,0,1,fairworkmate.com.au,11,https://fairworkmate.com.au/tools/pay-rates/job/truck-driver,,
truck drivers salary australia,480,0,1,fairworkmate.com.au,19,https://fairworkmate.com.au/tools/pay-rates/job/truck-driver,,
truck drivers salary in australia,480,0,1,fairworkmate.com.au,14,https://fairworkmate.com.au/tools/pay-rates/job/truck-driver,,
truck drivers wages australia,480,0,1,fairworkmate.com.au,13,https://fairworkmate.com.au/tools/pay-rates/job/truck-driver,,
truck driving in australia salary,480,0,1,fairworkmate.com.au,10,https://fairworkmate.com.au/tools/pay-rates/job/truck-driver,,
truck driving pay rates australia,480,0,1,fairworkmate.com.au,2,https://fairworkmate.com.au/tools/pay-rates/job/truck-driver,,
vehicle award,480,0,1,fairworkmate.com.au,12,https://fairworkmate.com.au/tools/pay-rates/vehicle-repair,,
wages for carpenters in australia,480,0,1,fairworkmate.com.au,5,https://fairworkmate.com.au/tools/pay-rates/job/carpenter,,
wages for truck drivers in australia,480,0,1,fairworkmate.com.au,7,https://fairworkmate.com.au/tools/pay-rates/job/truck-driver,,
wfh rate 2026,480,0,2,fairworkmate.com.au,18,https://fairworkmate.com.au/blog/working-from-home-deduction-2026-tax-return,,
what is the minimum hours for casual workers in australia,480,1,1,fairworkmate.com.au,14,https://fairworkmate.com.au/blog/casual-minimum-hours-australia,,
what is the minimum wage in nsw,480,30,1,fairworkmate.com.au,20,https://fairworkmate.com.au/tools/minimum-wage,,
workplace injury management and workers compensation act 1998,480,0,1,fairworkmate.com.au,11,https://fairworkmate.com.au/state/nsw/workers-compensation,,
hecs help repayment,480,29,1,paycalculator.com.au,16,https://paycalculator.com.au/student-loan/,33,https://pay-calculator-australia.com/hecs-help-guide/
how do i find out my help debt,480,0,1,paycalculator.com.au,19,https://paycalculator.com.au/student-loan/,,
income tax calculator 2026,480,28,1,paycalculator.com.au,5,https://paycalculator.com.au/,64,https://pay-calculator-australia.com/income-tax-calculator/
2025 individual tax rates,480,37,1,atotaxrates.info,20,https://atotaxrates.info/,79,https://pay-calculator-australia.com/tax-brackets/
2025 vs 2026 tax brackets,480,37,1,atotaxrates.info,10,https://atotaxrates.info/,34,https://pay-calculator-australia.com/tax-brackets/
25-26 tax rates,480,32,1,atotaxrates.info,18,https://atotaxrates.info/,,
a guide to australian government payments,480,15,1,atotaxrates.info,16,https://atotaxrates.info/centrelink-payment-rates/,,
ato home office rate 2025,480,2,1,atotaxrates.info,11,https://atotaxrates.info/tax-deductions/home-office-expenses/,,
ato km rate 2026,480,2,1,atotaxrates.info,11,https://atotaxrates.info/tax-deductions/work-related-car-expenses/cents-per-kilometre/,,
ato meal allowance,480,0,1,atotaxrates.info,5,https://atotaxrates.info/allowances/ato-reasonable-travel-allowances/,,
ato meal allowances,480,0,1,atotaxrates.info,5,https://atotaxrates.info/allowances/ato-reasonable-travel-allowances/,,
ato mileage rate 2026,480,13,1,atotaxrates.info,16,https://atotaxrates.info/tax-deductions/work-related-car-expenses/cents-per-kilometre/,,
ato travel allowance rates 2025,480,0,1,atotaxrates.info,4,https://atotaxrates.info/allowances/ato-reasonable-travel-allowances/,,
ato weekly tax table 2025,480,0,1,atotaxrates.info,11,https://atotaxrates.info/,39,https://pay-calculator-australia.com/weekly-tax-table/
automobile depreciation rates,480,4,1,atotaxrates.info,13,https://atotaxrates.info/tax-deductions/work-related-car-expenses/depreciation-of-vehicles/,,
car depreciation rate,480,3,1,atotaxrates.info,12,https://atotaxrates.info/tax-deductions/work-related-car-expenses/depreciation-of-vehicles/,,
car depreciation rates,480,22,1,atotaxrates.info,16,https://atotaxrates.info/tax-deductions/work-related-car-expenses/depreciation-of-vehicles/,,
car limit,480,0,1,atotaxrates.info,14,https://atotaxrates.info/tax-deductions/work-related-car-expenses/car-depreciation-limits-guide/,,
centrelink increase,480,0,1,atotaxrates.info,16,https://atotaxrates.info/centrelink-payment-rates/,,
centrelink increases,480,2,1,atotaxrates.info,15,https://atotaxrates.info/centrelink-payment-rates/,,
cents per km 2024,480,0,1,atotaxrates.info,14,https://atotaxrates.info/tax-deductions/work-related-car-expenses/cents-per-kilometre/,,
cents per km 2025 ato,480,13,1,atotaxrates.info,18,https://atotaxrates.info/tax-deductions/work-related-car-expenses/cents-per-kilometre/,,
changes to centrelink payments,480,0,1,atotaxrates.info,14,https://atotaxrates.info/centrelink-payment-rates/,,
depreciation rate for car,480,3,1,atotaxrates.info,16,https://atotaxrates.info/tax-deductions/work-related-car-expenses/depreciation-of-vehicles/,,
depreciation rate on car,480,22,1,atotaxrates.info,16,https://atotaxrates.info/tax-deductions/work-related-car-expenses/depreciation-of-vehicles/,,
depreciation rate vehicles,480,22,1,atotaxrates.info,14,https://atotaxrates.info/tax-deductions/work-related-car-expenses/depreciation-of-vehicles/,,
depreciation rates for cars,480,4,1,atotaxrates.info,17,https://atotaxrates.info/tax-deductions/work-related-car-expenses/depreciation-of-vehicles/,,
depreciation rates for vehicles,480,1,1,atotaxrates.info,17,https://atotaxrates.info/tax-deductions/work-related-car-expenses/depreciation-of-vehicles/,,
fbt exempt cars,480,5,1,atotaxrates.info,6,https://atotaxrates.info/businesses/fringe-benefits-tax/fbt-exempt-vehicles/,,
fbt exemption vehicle,480,5,1,atotaxrates.info,3,https://atotaxrates.info/businesses/fringe-benefits-tax/fbt-exempt-vehicles/,,
fbt on vehicles calculator,480,0,1,atotaxrates.info,13,https://atotaxrates.info/businesses/fringe-benefits-tax/fbt-exempt-vehicles/,,
firb application fee,480,0,1,atotaxrates.info,18,https://atotaxrates.info/foreign-investment-in-australia-policies/,,
firb application fees,480,0,1,atotaxrates.info,19,https://atotaxrates.info/foreign-investment-in-australia-policies/,,
firb fee,480,1,1,atotaxrates.info,20,https://atotaxrates.info/foreign-investment-in-australia-policies/,,
firb fees,480,3,1,atotaxrates.info,19,https://atotaxrates.info/foreign-investment-in-australia-policies/,,
foreign income tax offset,480,0,1,atotaxrates.info,9,https://atotaxrates.info/tax-offset/foreign-income-tax-offset/,,
fuel rebate rates,480,0,1,atotaxrates.info,13,https://atotaxrates.info/businesses/fuel-tax-credit/,,
government payments,480,44,1,atotaxrates.info,18,https://atotaxrates.info/centrelink-payment-rates/,,
income tax rate 2025 26,480,25,1,atotaxrates.info,10,https://atotaxrates.info/,,
jobseeker payment increase november 2025,480,2,1,atotaxrates.info,11,https://atotaxrates.info/centrelink-payment-rates/,,
meal allowance,480,0,1,atotaxrates.info,17,https://atotaxrates.info/allowances/overtime-meals-allowance/,,
meal allowance ato,480,0,1,atotaxrates.info,7,https://atotaxrates.info/allowances/ato-reasonable-travel-allowances/,,
meal allowances,480,0,1,atotaxrates.info,17,https://atotaxrates.info/allowances/overtime-meals-allowance/,,
meals allowance,480,0,1,atotaxrates.info,9,https://atotaxrates.info/allowances/overtime-meals-allowance/,,
sapto threshold,480,0,1,atotaxrates.info,16,https://atotaxrates.info/tax-offset/senior-australians-tax-offset/,,
sapto thresholds,480,0,1,atotaxrates.info,16,https://atotaxrates.info/tax-offset/senior-australians-tax-offset/,,
tax bands australia,480,37,1,atotaxrates.info,20,https://atotaxrates.info/,42,https://pay-calculator-australia.com/tax-brackets/
tax bracket 2023,480,27,1,atotaxrates.info,13,https://atotaxrates.info/,49,https://pay-calculator-australia.com/tax-bracket-history/
tax bracket 2024-25,480,32,1,atotaxrates.info,16,https://atotaxrates.info/,,
tax brackets 2023,480,27,1,atotaxrates.info,12,https://atotaxrates.info/,47,https://pay-calculator-australia.com/tax-brackets/
tax brackets 2024 25,480,27,1,atotaxrates.info,18,https://atotaxrates.info/,40,https://pay-calculator-australia.com/tax-brackets/
tax brackets 2024--25,480,32,1,atotaxrates.info,12,https://atotaxrates.info/,43,https://pay-calculator-australia.com/tax-brackets/
tax brackets 25 26,480,36,1,atotaxrates.info,13,https://atotaxrates.info/,,
tax cuts,480,25,1,atotaxrates.info,11,https://atotaxrates.info/,,
tax deductions 2026,480,7,1,atotaxrates.info,18,https://atotaxrates.info/,,
vehicle depreciation rate,480,0,1,atotaxrates.info,13,https://atotaxrates.info/tax-deductions/work-related-car-expenses/depreciation-of-vehicles/,,
vehicle depreciation rates,480,0,1,atotaxrates.info,15,https://atotaxrates.info/tax-deductions/work-related-car-expenses/depreciation-of-vehicles/,,
vehicles depreciation rate,480,0,1,atotaxrates.info,14,https://atotaxrates.info/tax-deductions/work-related-car-expenses/depreciation-of-vehicles/,,
what is adjusted taxable income,480,0,1,atotaxrates.info,20,https://atotaxrates.info/adjusted-taxable-income/,,
what is the $750 centrelink payment,480,0,1,atotaxrates.info,20,https://atotaxrates.info/centrelink-payment-rates/,,
ato income tax,390,53,1,atotaxcalculator.com.au,18,https://atotaxcalculator.com.au/,,
ato taxable income,390,43,1,atotaxcalculator.com.au,13,https://atotaxcalculator.com.au/,,
hecs debt interest rate,390,7,1,atotaxcalculator.com.au,15,https://atotaxcalculator.com.au/hecs-debt-indexation,,
income calculator ato,390,38,2,paycalculator.com.au,3,https://paycalculator.com.au/,,
income tax ato,390,51,1,atotaxcalculator.com.au,13,https://atotaxcalculator.com.au/,,
interest rate on hecs debt,390,7,1,atotaxcalculator.com.au,12,https://atotaxcalculator.com.au/hecs-debt-indexation,,
low income tax offset 2025,390,14,1,atotaxcalculator.com.au,18,https://atotaxcalculator.com.au/low-income-tax-offset-lito,,
medicare levy reduction,390,0,1,atotaxcalculator.com.au,17,https://atotaxcalculator.com.au/medicare-levy-surcharge,,
tax and hecs calculator,390,25,4,paycalculator.com.au,1,https://paycalculator.com.au/,44,https://pay-calculator-australia.com/hecs-help-calculator/
tax calculator with hecs,390,16,3,paycalculator.com.au,1,https://paycalculator.com.au/,41,https://pay-calculator-australia.com/hecs-help-calculator/
taxable income ato,390,40,1,atotaxcalculator.com.au,13,https://atotaxcalculator.com.au/,,
after taxes,390,6,3,paycalculator.com.au,2,https://paycalculator.com.au/,,
australia average salary per month,390,5,1,salaryaftertax.com,9,https://salaryaftertax.com/salary-calculator/australia,,
average salary in australia per month,390,5,1,salaryaftertax.com,9,https://salaryaftertax.com/salary-calculator/australia,,
average salary in england,390,19,1,salaryaftertax.com,15,https://salaryaftertax.com/salary-calculator/uk,,
gross to net calculator australia,390,3,5,paycalculator.com.au,1,https://paycalculator.com.au/,39,https://pay-calculator-australia.com/gross-pay-calculator/
norway tax rate,390,21,1,salaryaftertax.com,15,https://salaryaftertax.com/salary-calculator/norway,,
australia tax calculator fortnightly,390,21,4,paycalculator.com.au,2,https://paycalculator.com.au/,43,https://pay-calculator-australia.com/fortnightly-pay-calculator/
estimate salary,390,33,4,paycalculator.com.au,1,https://paycalculator.com.au/,53,https://pay-calculator-australia.com/pay-calculator-nsw/
fair pay calculator,390,16,5,wagecalculator.com.au,5,https://www.wagecalculator.com.au/awards,,
fortnightly pay tax calculator,390,11,4,paycalculator.com.au,2,https://paycalculator.com.au/,33,https://pay-calculator-australia.com/fortnightly-pay-calculator/
gross and net income calculator,390,9,3,paycalculator.com.au,1,https://paycalculator.com.au/,43,https://pay-calculator-australia.com/gross-pay-calculator/
gross pay to net pay calculator,390,0,4,paycalculator.com.au,1,https://paycalculator.com.au/,33,https://pay-calculator-australia.com/gross-pay-calculator/
gross salary and net salary calculator,390,1,4,paycalculator.com.au,1,https://paycalculator.com.au/,37,https://pay-calculator-australia.com/gross-pay-calculator/
gross to net income calculator,390,6,3,paycalculator.com.au,1,https://paycalculator.com.au/,36,https://pay-calculator-australia.com/gross-pay-calculator/
gross to net salary calculator,390,0,3,paycalculator.com.au,1,https://paycalculator.com.au/,39,https://pay-calculator-australia.com/gross-pay-calculator/
gst remover,390,0,1,paycal.com.au,8,https://paycal.com.au/gst-calculator/,,
how to calculate yearly income,390,24,4,paycalculator.com.au,3,https://paycalculator.com.au/,47,https://pay-calculator-australia.com/gross-pay-calculator/
how to compute annual salary,390,24,4,paycalculator.com.au,1,https://paycalculator.com.au/,36,https://pay-calculator-australia.com/hourly-to-annual-salary-calculator/
invoice australia,390,9,1,paycal.com.au,8,https://paycal.com.au/invoice-generator/,,
invoice generator australia,390,0,1,paycal.com.au,12,https://paycal.com.au/invoice-generator/,,
net and gross income calculator,390,0,4,paycalculator.com.au,1,https://paycalculator.com.au/,34,https://pay-calculator-australia.com/gross-pay-calculator/
pay salary,390,34,4,paycalculator.com.au,1,https://paycalculator.com.au/,52,https://pay-calculator-australia.com/pay-calculator-nsw/
pay salary calculator australia,390,10,4,paycalculator.com.au,1,https://paycalculator.com.au/,,
registration calculator nsw,390,0,1,paycal.com.au,5,https://paycal.com.au/vehicle-registration-calculator/,,
registration transfer fee nsw,390,13,1,paycal.com.au,15,https://paycal.com.au/vehicle-registration-calculator/,,
rego transfer fee nsw,390,13,1,paycal.com.au,17,https://paycal.com.au/vehicle-registration-calculator/,,
remove gst,390,4,2,wagecalculator.com.au,12,https://www.wagecalculator.com.au/gst-calculator,,
salary estimator,390,29,4,paycalculator.com.au,1,https://paycalculator.com.au/,71,https://pay-calculator-australia.com/monthly-pay-calculator/
sample payslip,390,0,1,paycal.com.au,14,https://paycal.com.au/payslip-generator/,,
service nsw registration calculator,390,13,1,paycal.com.au,13,https://paycal.com.au/vehicle-registration-calculator/,,
take home calculator,390,5,4,paycalculator.com.au,1,https://paycalculator.com.au/,,
tax calculator 2024 25,390,38,3,paycalculator.com.au,6,https://paycalculator.com.au/,,
tax calculator for fortnightly pay,390,24,3,paycalculator.com.au,2,https://paycalculator.com.au/,32,https://pay-calculator-australia.com/
tax calculator fortnightly pay,390,21,4,paycalculator.com.au,2,https://paycalculator.com.au/,31,https://pay-calculator-australia.com/fortnightly-pay-calculator/
what's my salary,390,33,3,paycalculator.com.au,2,https://paycalculator.com.au/,,
2025 help compulsory repayment credit,390,14,1,wagecalculator.com.au,15,https://www.wagecalculator.com.au/guides/hecs-help-repayment,82,https://pay-calculator-australia.com/hecs-help-guide/
2027 tax rates,390,43,3,atotaxrates.info,10,https://atotaxrates.info/,50,https://pay-calculator-australia.com/tax-brackets/
admin wages qld health,390,0,2,wagecalculator.com.au,4,https://www.wagecalculator.com.au/public-service-salaries/qld,,
after tax,390,20,2,paycalculator.com.au,1,https://paycalculator.com.au/,,
allied health eba,390,0,1,wagecalculator.com.au,19,https://www.wagecalculator.com.au/public-service-salaries/vic/allied-health,,
aps 3 pay,390,0,1,wagecalculator.com.au,5,https://www.wagecalculator.com.au/public-service-salaries/aps,,
aps 6 salary 2025,390,0,1,wagecalculator.com.au,4,https://www.wagecalculator.com.au/public-service-salaries/aps,,
aps4,390,0,1,wagecalculator.com.au,14,https://www.wagecalculator.com.au/public-service-salaries/aps,,
ato salary calculator,390,37,3,paycalculator.com.au,2,https://paycalculator.com.au/,,
ato tax rates 2026 27,390,34,2,atotaxrates.info,11,https://atotaxrates.info/,43,https://pay-calculator-australia.com/tax-changes-2026-27/
ato tax rates 2026-27,390,34,2,atotaxrates.info,11,https://atotaxrates.info/,,
australian firefighters salary,390,0,1,wagecalculator.com.au,15,https://www.wagecalculator.com.au/public-service-salaries/sa/country-fire-service,,
ayers tax calculator,390,15,3,paycalculator.com.au,4,https://paycalculator.com.au/,,
calculate gst from total,390,1,2,wagecalculator.com.au,15,https://www.wagecalculator.com.au/gst-calculator,,
calculate long service leave sa,390,0,1,wagecalculator.com.au,5,https://www.wagecalculator.com.au/long-service-leave-calculator/sa,46,https://pay-calculator-australia.com/long-service-leave-calculator/sa/
crt rate victoria,390,0,2,wagecalculator.com.au,12,https://www.wagecalculator.com.au/teacher-salaries/vic,,
crt rates victoria,390,0,1,wagecalculator.com.au,18,https://www.wagecalculator.com.au/teacher-salaries/vic,,
defence aps,390,0,1,wagecalculator.com.au,10,https://www.wagecalculator.com.au/public-service-salaries/aps,,
defence enterprise agreement,390,0,1,wagecalculator.com.au,6,https://www.wagecalculator.com.au/public-service-salaries/aps,,
educational services teachers award 2020,390,0,1,wagecalculator.com.au,16,https://www.wagecalculator.com.au/teacher-salaries/award,,
el 1,390,0,1,wagecalculator.com.au,9,https://www.wagecalculator.com.au/public-service-salaries/aps,,
el1,390,0,1,wagecalculator.com.au,15,https://www.wagecalculator.com.au/public-service-salaries/aps,,
fair work wages,390,61,2,fairworkmate.com.au,7,https://fairworkmate.com.au/tools/pay-rates,,
fortnightly tax calculator australia,390,24,3,paycalculator.com.au,5,https://paycalculator.com.au/,32,https://pay-calculator-australia.com/fortnightly-pay-calculator/
hecs rate,390,2,2,wagecalculator.com.au,9,https://www.wagecalculator.com.au/guides/hecs-help-repayment,31,https://pay-calculator-australia.com/hecs-repayment-threshold/
hourly rate,390,9,3,wagecalculator.com.au,3,https://www.wagecalculator.com.au/hourly-to-salary-calculator,,
hours worked,390,27,1,wagecalculator.com.au,16,https://www.wagecalculator.com.au/work-hours-calculator,,
how many hours am i working calculator,390,27,1,wagecalculator.com.au,10,https://www.wagecalculator.com.au/work-hours-calculator,,
how much can i get from tax return,390,17,1,wagecalculator.com.au,19,https://www.wagecalculator.com.au/tax-return-calculator,41,https://pay-calculator-australia.com/tax-return-calculator/
how much do registered nurses earn,390,0,1,wagecalculator.com.au,9,https://www.wagecalculator.com.au/nursing-salaries,46,https://pay-calculator-australia.com/healthcare-worker-pay/vic/
how much do registered nurses get paid,390,0,1,wagecalculator.com.au,14,https://www.wagecalculator.com.au/nursing-salaries,46,https://pay-calculator-australia.com/healthcare-worker-pay/vic/
how much does a registered nurse earn,390,0,1,wagecalculator.com.au,12,https://www.wagecalculator.com.au/nursing-salaries,,
how much does a rn make,390,0,1,wagecalculator.com.au,16,https://www.wagecalculator.com.au/nursing-salaries,,
how much does a rn nurse make,390,0,1,wagecalculator.com.au,17,https://www.wagecalculator.com.au/nursing-salaries,,
how much does registered nurse earn,390,0,1,wagecalculator.com.au,16,https://www.wagecalculator.com.au/nursing-salaries,,
how much is long service leave,390,18,1,wagecalculator.com.au,16,https://www.wagecalculator.com.au/long-service-leave-calculator/vic,,
how much registered nurses make,390,0,1,wagecalculator.com.au,17,https://www.wagecalculator.com.au/nursing-salaries,,
how much tax do i pay a week,390,12,3,paycalculator.com.au,2,https://paycalculator.com.au/,,
how much tax do i pay weekly,390,14,2,paycalculator.com.au,4,https://paycalculator.com.au/,,
how much tax return do i get,390,28,1,wagecalculator.com.au,18,https://www.wagecalculator.com.au/tax-return-calculator,,
how much tax return will i get,390,25,1,wagecalculator.com.au,19,https://www.wagecalculator.com.au/tax-return-calculator,,
how much to registered nurses make,390,0,1,wagecalculator.com.au,15,https://www.wagecalculator.com.au/nursing-salaries,,
how to calculate redundancy payment,390,0,2,fairworkmate.com.au,2,https://fairworkmate.com.au/tools/redundancy-pay,64,https://pay-calculator-australia.com/redundancy-pay-calculator/
how to work out redundancy payout,390,0,2,fairworkmate.com.au,6,https://fairworkmate.com.au/tools/redundancy-pay,65,https://pay-calculator-australia.com/redundancy-pay-calculator/
hr rate,390,38,1,wagecalculator.com.au,9,https://www.wagecalculator.com.au/hourly-to-salary-calculator,,
is taxable income before or after tax,390,16,2,wagecalculator.com.au,14,https://www.wagecalculator.com.au/,,
long service leave calculator sa,390,0,1,wagecalculator.com.au,3,https://www.wagecalculator.com.au/long-service-leave-calculator/sa,38,https://pay-calculator-australia.com/long-service-leave-calculator/
long service leave calculator south australia,390,0,1,wagecalculator.com.au,8,https://www.wagecalculator.com.au/long-service-leave-calculator/sa,41,https://pay-calculator-australia.com/long-service-leave-calculator/
long service leave pro rata qld,390,1,1,wagecalculator.com.au,10,https://www.wagecalculator.com.au/long-service-leave-calculator/qld,,
long service leave sa calculator,390,0,1,wagecalculator.com.au,5,https://www.wagecalculator.com.au/long-service-leave-calculator/sa,39,https://pay-calculator-australia.com/long-service-leave-calculator/
long service leave south australia calculator,390,0,1,wagecalculator.com.au,7,https://www.wagecalculator.com.au/long-service-leave-calculator/sa,43,https://pay-calculator-australia.com/long-service-leave-calculator/
lsl calculator sa,390,0,1,wagecalculator.com.au,6,https://www.wagecalculator.com.au/long-service-leave-calculator/sa,39,https://pay-calculator-australia.com/long-service-leave-calculator/sa/
net to gross,390,0,3,paycalculator.com.au,3,https://paycalculator.com.au/,34,https://pay-calculator-australia.com/gross-pay-calculator/
nsw long service levy calculator,390,0,1,wagecalculator.com.au,17,https://www.wagecalculator.com.au/long-service-leave-calculator/nsw,,
nsw teacher salary 2026 pdf,390,0,1,wagecalculator.com.au,4,https://www.wagecalculator.com.au/teacher-salaries/nsw,,
nsw teachers award,390,0,2,wagecalculator.com.au,8,https://www.wagecalculator.com.au/teacher-salaries/nsw,,
nsw teaching award,390,0,1,wagecalculator.com.au,9,https://www.wagecalculator.com.au/teacher-salaries/nsw,,
nurse pay rates,390,0,1,wagecalculator.com.au,17,https://www.wagecalculator.com.au/nursing-salaries,78,https://pay-calculator-australia.com/healthcare-worker-pay/nsw/
nursing pay rate,390,0,1,wagecalculator.com.au,20,https://www.wagecalculator.com.au/nursing-salaries/vic,85,https://pay-calculator-australia.com/healthcare-worker-pay/vic/
nursing pay rates,390,0,2,wagecalculator.com.au,19,https://www.wagecalculator.com.au/nursing-salaries/vic,77,https://pay-calculator-australia.com/healthcare-worker-pay/vic/
overtime calculator,390,4,3,paycalculator.com.au,4,https://paycalculator.com.au/,53,https://pay-calculator-australia.com/overtime-pay-calculator/
payment of salary,390,19,3,paycalculator.com.au,2,https://paycalculator.com.au/,,
principal salaries victoria,390,0,1,wagecalculator.com.au,7,https://www.wagecalculator.com.au/teacher-salaries/vic,,
principal salary victoria,390,0,1,wagecalculator.com.au,3,https://www.wagecalculator.com.au/teacher-salaries/vic,,
qld health admin wages,390,0,2,wagecalculator.com.au,4,https://www.wagecalculator.com.au/public-service-salaries/qld,31,https://pay-calculator-australia.com/public-service-pay-scales/qld/
ra calculator,390,0,1,wagecalculator.com.au,20,https://www.wagecalculator.com.au/,,
rates of pay nsw,390,18,1,wagecalculator.com.au,9,https://www.wagecalculator.com.au/public-service-salaries/nsw,,
redundancy tax calculator,390,0,1,wagecalculator.com.au,2,https://www.wagecalculator.com.au/redundancy-payout-calculator,31,https://pay-calculator-australia.com/redundancy-pay-calculator/
salary calculator australia ato,390,38,3,paycalculator.com.au,2,https://paycalculator.com.au/,,
salary or wages,390,4,1,wagecalculator.com.au,17,https://www.wagecalculator.com.au/,,
salary rates nsw,390,6,1,wagecalculator.com.au,5,https://www.wagecalculator.com.au/public-service-salaries/nsw,,
salary sacrifice novated lease calculator ato,390,0,2,wagecalculator.com.au,3,https://www.wagecalculator.com.au/novated-lease-calculator,,
salary wages,390,25,2,wagecalculator.com.au,16,https://www.wagecalculator.com.au/,,
scs salaries,390,0,1,wagecalculator.com.au,20,https://www.wagecalculator.com.au/public-service-salaries/wa,,
senior civil service salary,390,0,1,wagecalculator.com.au,9,https://www.wagecalculator.com.au/public-service-salaries/wa,,
senior executive service band 1 salary,390,0,1,wagecalculator.com.au,4,https://www.wagecalculator.com.au/public-service-salaries/aps,,
ses band 1 salary,390,0,1,wagecalculator.com.au,3,https://www.wagecalculator.com.au/public-service-salaries/aps,,
simple income tax calculator,390,12,2,paycalculator.com.au,4,https://paycalculator.com.au/,,
sole trader tax calculator,390,38,2,paycalculator.com.au,8,https://paycalculator.com.au/,,
tax calculator australia 2026,390,38,2,paycalculator.com.au,3,https://paycalculator.com.au/,,
teacher award nsw,390,1,2,wagecalculator.com.au,7,https://www.wagecalculator.com.au/teacher-salaries/nsw,,
teacher awards nsw,390,14,1,wagecalculator.com.au,17,https://www.wagecalculator.com.au/teacher-salaries/award,,
teachers award nsw,390,0,2,wagecalculator.com.au,13,https://www.wagecalculator.com.au/teacher-salaries/award,,
teaching award nsw,390,0,2,wagecalculator.com.au,6,https://www.wagecalculator.com.au/teacher-salaries/nsw,,
vps salary bands,390,0,1,wagecalculator.com.au,4,https://www.wagecalculator.com.au/public-service-salaries/vic,,
wage or salary,390,4,1,wagecalculator.com.au,14,https://www.wagecalculator.com.au/,51,https://pay-calculator-australia.com/salary-vs-hourly/
wage salary,390,14,2,wagecalculator.com.au,10,https://www.wagecalculator.com.au/,,
wages and salaries,390,16,1,wagecalculator.com.au,20,https://www.wagecalculator.com.au/,,
wages or salary,390,4,1,wagecalculator.com.au,18,https://www.wagecalculator.com.au/,,
wages rates nsw,390,25,2,fairworkmate.com.au,17,https://fairworkmate.com.au/tools/pay-rates/teacher-nsw,,
wages salary,390,43,2,paycalculator.com.au,7,https://paycalculator.com.au/,54,https://pay-calculator-australia.com/pay-calculator-wa/
work hour in a year,390,3,2,wagecalculator.com.au,10,https://www.wagecalculator.com.au/hourly-to-salary-calculator,76,https://pay-calculator-australia.com/hourly-to-annual-salary-calculator/
2026 tax rates australia,390,37,2,atotaxrates.info,12,https://atotaxrates.info/,52,https://pay-calculator-australia.com/tax-brackets/
abs enterprise agreement,390,0,1,fairworkmate.com.au,20,https://fairworkmate.com.au/agreements,,
age care salary,390,0,1,fairworkmate.com.au,12,https://fairworkmate.com.au/tools/pay-rates/aged-care-worker-qld,,
aged care assistant salary,390,0,1,fairworkmate.com.au,17,https://fairworkmate.com.au/tools/pay-rates/aged-care-worker-qld,,
aged care salaries,390,0,1,fairworkmate.com.au,18,https://fairworkmate.com.au/tools/pay-rates/aged-care-worker-qld,,
aged care salary,390,0,1,fairworkmate.com.au,13,https://fairworkmate.com.au/tools/pay-rates/aged-care-worker-qld,,
aged carer salary,390,0,1,fairworkmate.com.au,12,https://fairworkmate.com.au/tools/pay-rates/aged-care-worker-qld,,
aldi employee salary,390,0,1,fairworkmate.com.au,8,https://fairworkmate.com.au/blog/aldi-pay-rates-2026,,
aldi employees pay,390,0,1,fairworkmate.com.au,5,https://fairworkmate.com.au/blog/aldi-pay-rates-2026,,
aldi salaries,390,0,1,fairworkmate.com.au,7,https://fairworkmate.com.au/blog/aldi-pay-rates-2026,,
aldi workers pay,390,0,1,fairworkmate.com.au,5,https://fairworkmate.com.au/blog/aldi-pay-rates-2026,,
americold ormeau,390,0,1,fairworkmate.com.au,11,https://fairworkmate.com.au/agreements/americold-ormeau-enterprise-agreement-2025-ae530325,,
australia chef salary,390,0,1,fairworkmate.com.au,16,https://fairworkmate.com.au/tools/pay-rates/job/chef,,
australia work hours,390,0,1,fairworkmate.com.au,14,https://fairworkmate.com.au/tools/work-hours/35-hours-per-week,,
australia work time,390,12,1,fairworkmate.com.au,15,https://fairworkmate.com.au/tools/work-hours/35-hours-per-week,,
average pay for physiotherapist,390,0,1,fairworkmate.com.au,14,https://fairworkmate.com.au/tools/pay-rates/job/physiotherapist,,
average physiotherapist salary,390,0,1,fairworkmate.com.au,16,https://fairworkmate.com.au/tools/pay-rates/job/physiotherapist,,
average salary for a physiotherapist,390,0,1,fairworkmate.com.au,16,https://fairworkmate.com.au/tools/pay-rates/job/physiotherapist,,
average salary for physiotherapist,390,0,1,fairworkmate.com.au,16,https://fairworkmate.com.au/tools/pay-rates/job/physiotherapist,,
average salary of a physiotherapist,390,0,1,fairworkmate.com.au,19,https://fairworkmate.com.au/tools/pay-rates/job/physiotherapist,,
award finder,390,45,1,fairworkmate.com.au,8,https://fairworkmate.com.au/tools/award-finder,,
building and construction award pay guide,390,0,1,fairworkmate.com.au,8,https://fairworkmate.com.au/tools/pay-rates/building,,
casual rate australia,390,19,1,fairworkmate.com.au,20,https://fairworkmate.com.au/tools/pay-rates/job/retail-worker,,
casual rates australia,390,22,1,fairworkmate.com.au,16,https://fairworkmate.com.au/tools/minimum-wage,,
centrelink income calculator,390,5,2,fairworkmate.com.au,15,https://fairworkmate.com.au/tools/jobseeker-payment,,
centrelink parental payment calculator,390,0,1,fairworkmate.com.au,3,https://fairworkmate.com.au/tools/parenting-payment,,
centrelink parenting payment calculator,390,0,1,fairworkmate.com.au,3,https://fairworkmate.com.au/tools/parenting-payment,,
centrelink single parent payment calculator,390,0,1,fairworkmate.com.au,3,https://fairworkmate.com.au/tools/parenting-payment,,
centrelink single parent payments calculator,390,0,1,fairworkmate.com.au,3,https://fairworkmate.com.au/tools/parenting-payment,,
chef in australia salary,390,0,1,fairworkmate.com.au,13,https://fairworkmate.com.au/tools/pay-rates/job/chef,,
chef salary australia,390,0,1,fairworkmate.com.au,12,https://fairworkmate.com.au/tools/pay-rates/job/chef,,
childcare jobs pay,390,0,1,fairworkmate.com.au,11,https://fairworkmate.com.au/tools/pay-rates/childcare-worker-nsw,,
childcare pay rate,390,0,1,fairworkmate.com.au,6,https://fairworkmate.com.au/tools/pay-rates/childcare-worker-nsw,,
childcare pay rates,390,0,1,fairworkmate.com.au,7,https://fairworkmate.com.au/tools/pay-rates/childcare-worker-nsw,,
childcare salary,390,0,1,fairworkmate.com.au,13,https://fairworkmate.com.au/tools/pay-rates/childcare-worker-nsw,,
childcare wage,390,0,1,fairworkmate.com.au,10,https://fairworkmate.com.au/tools/pay-rates/childcare-worker-nsw,,
childcare wages,390,0,1,fairworkmate.com.au,14,https://fairworkmate.com.au/tools/pay-rates/job/childcare-worker,,
compassionate leave victoria,390,0,1,fairworkmate.com.au,11,https://fairworkmate.com.au/blog/compassionate-bereavement-leave-australia-guide,,
daff enterprise agreement,390,0,1,fairworkmate.com.au,11,https://fairworkmate.com.au/agreements,,
dental assistant pay,390,0,1,fairworkmate.com.au,5,https://fairworkmate.com.au/tools/pay-rates/job/dental-assistant,,
dental assistant wages,390,0,1,fairworkmate.com.au,3,https://fairworkmate.com.au/tools/pay-rates/dental-assistant-qld,,
dental nursing pay rates,390,0,1,fairworkmate.com.au,13,https://fairworkmate.com.au/tools/pay-rates/dental-assistant-vic,,
dentist assistant pay,390,0,1,fairworkmate.com.au,9,https://fairworkmate.com.au/tools/pay-rates/job/dental-assistant,,
eba finder,390,0,1,fairworkmate.com.au,6,https://fairworkmate.com.au/agreements,,
effective immediately,390,0,1,fairworkmate.com.au,12,https://fairworkmate.com.au/templates/resignation-letter-immediate,,
electrical wages,390,0,1,fairworkmate.com.au,6,https://fairworkmate.com.au/tools/pay-rates/job/electrician,,
employee letter template,390,0,1,fairworkmate.com.au,20,https://fairworkmate.com.au/templates,,
employment hero pricing,390,5,1,fairworkmate.com.au,15,https://fairworkmate.com.au/employment-hero,,
employment hero work,390,56,1,fairworkmate.com.au,16,https://fairworkmate.com.au/employment-hero,,
fair work information statement 2025,390,27,1,fairworkmate.com.au,10,https://fairworkmate.com.au/blog/fair-work-information-statement-2026,,
fair work sick leave,390,0,1,fairworkmate.com.au,15,https://fairworkmate.com.au/blog/personal-leave-carers-leave-sick-days-australia,,
family tax calculator,390,2,2,paycalculator.com.au,7,https://paycalculator.com.au/,,
fast food pay rates,390,0,1,fairworkmate.com.au,4,https://fairworkmate.com.au/tools/pay-rates/fast-food-worker,,
hairdresser income,390,0,1,fairworkmate.com.au,17,https://fairworkmate.com.au/tools/pay-rates/hairdresser-vic,,
hairdresser pay rate,390,0,1,fairworkmate.com.au,4,https://fairworkmate.com.au/tools/pay-rates/hairdresser-nsw,,
hairdresser salary,390,0,1,fairworkmate.com.au,11,https://fairworkmate.com.au/tools/pay-rates/hairdresser-vic,,
hairdresser wages,390,0,1,fairworkmate.com.au,5,https://fairworkmate.com.au/tools/pay-rates/job/hairdresser,,
hairdressers pay rates,390,0,1,fairworkmate.com.au,3,https://fairworkmate.com.au/tools/pay-rates/hairdresser-vic,,
hairdressing pay rates,390,0,1,fairworkmate.com.au,5,https://fairworkmate.com.au/tools/pay-rates/hairdresser-nsw,,
hairdressing wage,390,0,1,fairworkmate.com.au,5,https://fairworkmate.com.au/tools/pay-rates/job/hairdresser,,
hairdressing wages,390,0,1,fairworkmate.com.au,5,https://fairworkmate.com.au/tools/pay-rates/industry/hairdressing,,
hero employment,390,52,1,fairworkmate.com.au,17,https://fairworkmate.com.au/employment-hero,,
holiday loading,390,0,1,fairworkmate.com.au,18,https://fairworkmate.com.au/blog/leave-loading-17-5-percent-explained,,
hours of work australia,390,5,1,fairworkmate.com.au,16,https://fairworkmate.com.au/tools/work-hours/35-hours-per-week,,
hours of work in australia,390,1,1,fairworkmate.com.au,16,https://fairworkmate.com.au/tools/work-hours/35-hours-per-week,,
how do you calculate redundancy pay,390,0,1,fairworkmate.com.au,8,https://fairworkmate.com.au/tools/redundancy-pay,69,https://pay-calculator-australia.com/redundancy-pay-calculator/
how much can i earn on jobseeker,390,0,1,fairworkmate.com.au,18,https://fairworkmate.com.au/wiki/centrelink-payment-rates,,
how much do bunnings pay,390,0,1,fairworkmate.com.au,8,https://fairworkmate.com.au/blog/bunnings-pay-rates-2026,,
how much do childcare workers get paid,390,0,1,fairworkmate.com.au,17,https://fairworkmate.com.au/tools/pay-rates/job/childcare-worker,,
how much do daycare workers get paid,390,0,1,fairworkmate.com.au,14,https://fairworkmate.com.au/tools/pay-rates/childcare-worker-nsw,,
how much do dentist assistant make,390,0,1,fairworkmate.com.au,14,https://fairworkmate.com.au/tools/pay-rates/dental-assistant-vic,,
how much does a childcare worker get paid,390,0,1,fairworkmate.com.au,15,https://fairworkmate.com.au/tools/pay-rates/childcare-worker-nsw,,
how much does a dental assistant make,390,0,1,fairworkmate.com.au,15,https://fairworkmate.com.au/tools/pay-rates/dental-assistant-vic,,
how much does a dentist assistant make,390,0,1,fairworkmate.com.au,18,https://fairworkmate.com.au/tools/pay-rates/dental-assistant-vic,,
how much does bunnings pay,390,0,1,fairworkmate.com.au,4,https://fairworkmate.com.au/blog/bunnings-pay-rates-2026,,
how much does childcare workers get paid,390,0,1,fairworkmate.com.au,17,https://fairworkmate.com.au/tools/pay-rates/childcare-worker-nsw,,
how much does daycare workers get paid,390,0,1,fairworkmate.com.au,12,https://fairworkmate.com.au/tools/pay-rates/childcare-worker-vic,,
how much does dental assistant make,390,0,1,fairworkmate.com.au,17,https://fairworkmate.com.au/tools/pay-rates/dental-assistant-vic,,
how much does dentist assistant make,390,0,1,fairworkmate.com.au,13,https://fairworkmate.com.au/tools/pay-rates/dental-assistant-vic,,
how much does jobseeker pay,390,0,1,fairworkmate.com.au,4,https://fairworkmate.com.au/wiki/centrelink-payment-rates,,
how much does mcdonald's pay,390,2,1,fairworkmate.com.au,4,https://fairworkmate.com.au/blog/mcdonalds-pay-rates-2026,,
how much does mcdonald's pay an hour,390,0,1,fairworkmate.com.au,7,https://fairworkmate.com.au/blog/mcdonalds-pay-rates-2026,,
how much is a carers pension,390,0,1,fairworkmate.com.au,20,https://fairworkmate.com.au/blog/carer-payment-rates-2026-australia,,
how much is sickness benefit per week,390,0,1,fairworkmate.com.au,11,https://fairworkmate.com.au/wiki/centrelink-payment-rates,,
how much is the carers payment per fortnight,390,0,1,fairworkmate.com.au,19,https://fairworkmate.com.au/blog/carer-payment-rates-2026-australia,,
how much is the jobseeker payment,390,0,1,fairworkmate.com.au,4,https://fairworkmate.com.au/wiki/centrelink-payment-rates,,
how much leave loading,390,0,1,fairworkmate.com.au,20,https://fairworkmate.com.au/blog/leave-loading-17-5-percent-explained,,
how redundancy pay is calculated,390,0,1,fairworkmate.com.au,10,https://fairworkmate.com.au/tools/redundancy-pay,74,https://pay-calculator-australia.com/redundancy-pay-calculator/
how redundancy payment is calculated,390,1,1,fairworkmate.com.au,8,https://fairworkmate.com.au/tools/redundancy-pay,74,https://pay-calculator-australia.com/redundancy-pay-calculator/
how to compute redundancy pay,390,0,1,fairworkmate.com.au,18,https://fairworkmate.com.au/tools/redundancy-pay,57,https://pay-calculator-australia.com/redundancy-pay-calculator/
hungry jacks wage,390,0,1,fairworkmate.com.au,2,https://fairworkmate.com.au/blog/hungry-jacks-pay-rates-2026,,
hungry jacks wages,390,0,1,fairworkmate.com.au,9,https://fairworkmate.com.au/blog/hungry-jacks-pay-rates-2026,,
individual flexibility agreement,390,0,1,fairworkmate.com.au,19,https://fairworkmate.com.au/blog/individual-flexibility-arrangement-ifa-australia,,
job seeker amount,390,0,1,fairworkmate.com.au,5,https://fairworkmate.com.au/wiki/centrelink-payment-rates,,
job seekers allowance rates,390,8,1,fairworkmate.com.au,6,https://fairworkmate.com.au/wiki/centrelink-payment-rates,,
job seekers amount,390,0,1,fairworkmate.com.au,13,https://fairworkmate.com.au/wiki/centrelink-payment-rates,,
job seekers rates,390,0,1,fairworkmate.com.au,7,https://fairworkmate.com.au/wiki/centrelink-payment-rates,,
jobseeker rate,390,0,1,fairworkmate.com.au,9,https://fairworkmate.com.au/wiki/centrelink-payment-rates,,
kmart pay rate,390,0,1,fairworkmate.com.au,2,https://fairworkmate.com.au/blog/kmart-pay-rates-2026,,
kmart pay rates,390,0,1,fairworkmate.com.au,2,https://fairworkmate.com.au/blog/kmart-pay-rates-2026,,
leave loading qld,390,0,1,fairworkmate.com.au,8,https://fairworkmate.com.au/blog/leave-loading-17-5-percent-explained,,
minimum hours for casual,390,2,1,fairworkmate.com.au,12,https://fairworkmate.com.au/blog/casual-minimum-hours-australia,,
minimum wage in retail,390,13,1,fairworkmate.com.au,12,https://fairworkmate.com.au/tools/pay-rates/retail-worker-qld,,
minimum wage retail,390,1,1,fairworkmate.com.au,6,https://fairworkmate.com.au/tools/pay-rates/job/retail-worker,,
minimum wages retail,390,9,1,fairworkmate.com.au,7,https://fairworkmate.com.au/tools/pay-rates/job/retail-worker,,
modern awards list,390,7,1,fairworkmate.com.au,16,https://fairworkmate.com.au/blog/what-award-am-i-under,,
parenting payment calculator centrelink,390,16,1,fairworkmate.com.au,3,https://fairworkmate.com.au/tools/parenting-payment,,
parenting payment partnered calculator,390,16,1,fairworkmate.com.au,2,https://fairworkmate.com.au/tools/parenting-payment,,
pay electrician,390,0,1,fairworkmate.com.au,14,https://fairworkmate.com.au/tools/pay-rates/job/electrician,,
pay rates electrician,390,0,1,fairworkmate.com.au,5,https://fairworkmate.com.au/tools/pay-rates/job/electrician,,
personal leave fair work,390,1,1,fairworkmate.com.au,17,https://fairworkmate.com.au/blog/personal-leave-carers-leave-sick-days-australia,,
physiotherapist average salary,390,0,1,fairworkmate.com.au,14,https://fairworkmate.com.au/tools/pay-rates/job/physiotherapist,,
public holiday pay for casual employees,390,0,1,fairworkmate.com.au,15,https://fairworkmate.com.au/blog/casual-public-holiday-pay-2026,,
real estate industry award,390,0,1,fairworkmate.com.au,9,https://fairworkmate.com.au/tools/pay-rates/job/real-estate-agent,,
redundancy entitlements,390,0,1,fairworkmate.com.au,18,https://fairworkmate.com.au/state/nsw/redundancy-pay,,
redundancy fair work,390,3,1,fairworkmate.com.au,14,https://fairworkmate.com.au/state/nsw/redundancy-pay,,
retail award pay rates 2026,390,0,1,fairworkmate.com.au,5,https://fairworkmate.com.au/tools/pay-rates/retail,,
rotating roster,390,0,1,fairworkmate.com.au,8,https://fairworkmate.com.au/tools/work-hours/rotating-roster,,
rotating rosters,390,0,1,fairworkmate.com.au,8,https://fairworkmate.com.au/tools/work-hours/rotating-roster,,
rotation roster,390,0,1,fairworkmate.com.au,9,https://fairworkmate.com.au/tools/work-hours/rotating-roster,,
salary admin assistant,390,0,1,fairworkmate.com.au,19,https://fairworkmate.com.au/tools/pay-rates/job/admin-officer,,
salary for chef in australia,390,0,1,fairworkmate.com.au,10,https://fairworkmate.com.au/tools/pay-rates/job/chef,,
salary for hairdresser,390,0,1,fairworkmate.com.au,17,https://fairworkmate.com.au/tools/pay-rates/hairdresser-nsw,,
salary in childcare,390,0,1,fairworkmate.com.au,19,https://fairworkmate.com.au/tools/pay-rates/childcare-worker-nsw,,
salary of a software developer,390,0,1,fairworkmate.com.au,13,https://fairworkmate.com.au/tools/pay-rates/software-developer,,
salary security,390,0,1,fairworkmate.com.au,15,https://fairworkmate.com.au/tools/pay-rates/security-guard-vic,,
salary woolworths,390,0,1,fairworkmate.com.au,7,https://fairworkmate.com.au/blog/woolworths-pay-rates-2026,,
saturday rates,390,0,1,fairworkmate.com.au,14,https://fairworkmate.com.au/tools/penalty-rates,,
schads award 2026 pdf,390,0,1,fairworkmate.com.au,9,https://fairworkmate.com.au/tools/pay-rates/schads,,
security job pay,390,0,1,fairworkmate.com.au,9,https://fairworkmate.com.au/tools/pay-rates/security-guard-vic,,
security jobs pay,390,0,1,fairworkmate.com.au,12,https://fairworkmate.com.au/tools/pay-rates/security-guard-vic,,
security pay rate,390,0,1,fairworkmate.com.au,2,https://fairworkmate.com.au/tools/pay-rates/security,,
security pay rates,390,0,1,fairworkmate.com.au,2,https://fairworkmate.com.au/tools/pay-rates/security,,
security salaries,390,0,1,fairworkmate.com.au,12,https://fairworkmate.com.au/tools/pay-rates/security-guard-qld,,
security salary,390,0,1,fairworkmate.com.au,11,https://fairworkmate.com.au/tools/pay-rates/security-guard-qld,,
single parent payment centrelink eligibility,390,0,1,fairworkmate.com.au,20,https://fairworkmate.com.au/tools/parenting-payment,,
skill shortages,390,8,1,fairworkmate.com.au,14,https://fairworkmate.com.au/insights/skills-shortage,,
software developer earnings,390,0,1,fairworkmate.com.au,18,https://fairworkmate.com.au/tools/pay-rates/software-developer,,
software developer pay,390,0,1,fairworkmate.com.au,10,https://fairworkmate.com.au/tools/pay-rates/job/software-developer,,
software developer programmer salary,390,0,1,fairworkmate.com.au,9,https://fairworkmate.com.au/tools/pay-rates/job/software-developer,,
software developers pay,390,0,1,fairworkmate.com.au,14,https://fairworkmate.com.au/tools/pay-rates/software-developer,,
split shift,390,0,1,fairworkmate.com.au,9,https://fairworkmate.com.au/tools/work-hours/split-shift,,
split shifts,390,0,1,fairworkmate.com.au,4,https://fairworkmate.com.au/tools/work-hours/split-shift,,
storage and services award,390,0,1,fairworkmate.com.au,11,https://fairworkmate.com.au/tools/pay-rates/storage-wholesale,,
storage services award,390,0,1,fairworkmate.com.au,13,https://fairworkmate.com.au/tools/pay-rates/storage-wholesale,,
super on overtime,390,0,1,fairworkmate.com.au,16,https://fairworkmate.com.au/blog/super-on-overtime-australia,,
support worker pay rate,390,0,1,fairworkmate.com.au,9,https://fairworkmate.com.au/tools/pay-rates/disability-support-worker-qld,,
support worker pay rates,390,0,1,fairworkmate.com.au,6,https://fairworkmate.com.au/tools/pay-rates/job/disability-support-worker,,
time and a half,390,14,1,fairworkmate.com.au,18,https://fairworkmate.com.au/tools/overtime,78,https://pay-calculator-australia.com/overtime-pay-calculator/
transport award,390,0,1,fairworkmate.com.au,17,https://fairworkmate.com.au/tools/pay-rates/transport,,
transport awards,390,0,1,fairworkmate.com.au,11,https://fairworkmate.com.au/tools/pay-rates/transport,,
transportation award,390,0,1,fairworkmate.com.au,20,https://fairworkmate.com.au/awards/transport-award,,
uber eats doordash minimum rates,390,4,1,fairworkmate.com.au,19,https://fairworkmate.com.au/blog/uber-eats-deliveroo-pay-rates-2026,,
vehicle repair services and retail award,390,0,1,fairworkmate.com.au,13,https://fairworkmate.com.au/tools/pay-rates/vehicle-repair,,
wage for electrician,390,0,1,fairworkmate.com.au,6,https://fairworkmate.com.au/tools/pay-rates/job/electrician,,
wage of electrician,390,0,1,fairworkmate.com.au,10,https://fairworkmate.com.au/tools/pay-rates/job/electrician,,
wages childcare,390,0,1,fairworkmate.com.au,15,https://fairworkmate.com.au/tools/pay-rates/job/childcare-worker,,
wages for administrative assistant,390,0,1,fairworkmate.com.au,15,https://fairworkmate.com.au/tools/pay-rates/job/admin-officer,,
wages for childcare,390,0,1,fairworkmate.com.au,14,https://fairworkmate.com.au/tools/pay-rates/childcare-worker-nsw,,
wages for electricians,390,0,1,fairworkmate.com.au,12,https://fairworkmate.com.au/tools/pay-rates/job/electrician,,
wages retail,390,0,1,fairworkmate.com.au,5,https://fairworkmate.com.au/tools/pay-rates/retail,,
warehouse award,390,0,1,fairworkmate.com.au,11,https://fairworkmate.com.au/tools/pay-rates/job/warehouse-worker,,
warehouse awards,390,0,1,fairworkmate.com.au,5,https://fairworkmate.com.au/tools/pay-rates/job/warehouse-worker,,
warehousing award,390,0,1,fairworkmate.com.au,14,https://fairworkmate.com.au/tools/pay-rates/storage-wholesale,,
woolworth salary,390,0,1,fairworkmate.com.au,5,https://fairworkmate.com.au/blog/woolworths-pay-rates-2026,,
woolworths salaries,390,0,1,fairworkmate.com.au,11,https://fairworkmate.com.au/blog/woolworths-pay-rates-2026,,
woolworths salary,390,0,1,fairworkmate.com.au,5,https://fairworkmate.com.au/blog/woolworths-pay-rates-2026,,
work hours australia,390,2,1,fairworkmate.com.au,16,https://fairworkmate.com.au/tools/work-hours/35-hours-per-week,,
work hours in australia,390,1,1,fairworkmate.com.au,14,https://fairworkmate.com.au/tools/work-hours/35-hours-per-week,,
work time in australia,390,9,1,fairworkmate.com.au,17,https://fairworkmate.com.au/tools/work-hours/35-hours-per-week,,
workers compensation act nsw,390,6,1,fairworkmate.com.au,19,https://fairworkmate.com.au/state/nsw/workers-compensation,,
working hours australia,390,4,1,fairworkmate.com.au,19,https://fairworkmate.com.au/tools/work-hours/35-hours-per-week,,
working hours in australia,390,2,1,fairworkmate.com.au,15,https://fairworkmate.com.au/tools/work-hours/35-hours-per-week,,
annualised income,390,0,1,paycalculator.com.au,14,https://paycalculator.com.au/,,
business tax calculator,390,19,1,paycalculator.com.au,10,https://paycalculator.com.au/,,
calc calculator,390,60,1,paycalculator.com.au,5,https://paycalculator.com.au/,,
company tax calculator,390,15,1,paycalculator.com.au,14,https://paycalculator.com.au/,,
family tax estimator,390,1,1,paycalculator.com.au,13,https://paycalculator.com.au/,,
how is payroll tax calculated,390,23,1,paycalculator.com.au,9,https://paycalculator.com.au/,,
how to calculate employee taxes,390,39,1,paycalculator.com.au,7,https://paycalculator.com.au/,,
how to calculate taxes for payroll,390,17,1,paycalculator.com.au,7,https://paycalculator.com.au/,86,https://pay-calculator-australia.com/site-directory/
income tax calculator simple,390,13,1,paycalculator.com.au,4,https://paycalculator.com.au/,,
online calculator centrelink,390,16,1,paycalculator.com.au,16,https://paycalculator.com.au/,,
2025--26 tax brackets,390,20,1,atotaxrates.info,15,https://atotaxrates.info/,36,https://pay-calculator-australia.com/tax-brackets/
ato division 7a calculator,390,8,1,atotaxrates.info,17,https://atotaxrates.info/businesses/division-7a-benchmark-interest-rates/division-7a-calculator-and-decision-tool/,,
ato email contact,390,14,1,atotaxrates.info,17,https://atotaxrates.info/ato-contacts/,,
ato fringe benefits tax,390,25,1,atotaxrates.info,10,https://atotaxrates.info/businesses/fringe-benefits-tax/,,
ato fuel tax credits,390,18,1,atotaxrates.info,13,https://atotaxrates.info/businesses/fuel-tax-credit/,,
ato job codes,390,0,1,atotaxrates.info,15,https://atotaxrates.info/businesses/business-industry-codes/,,
ato kilometre rate,390,13,1,atotaxrates.info,15,https://atotaxrates.info/tax-deductions/work-related-car-expenses/cents-per-kilometre/,,
ato km rate,390,13,1,atotaxrates.info,17,https://atotaxrates.info/tax-deductions/work-related-car-expenses/cents-per-kilometre/,,
ato meal allowance rates 2025,390,0,1,atotaxrates.info,5,https://atotaxrates.info/allowances/ato-reasonable-travel-allowances/,,
ato meal allowance rates 2026,390,0,1,atotaxrates.info,5,https://atotaxrates.info/allowances/ato-reasonable-travel-allowances/,,
ato mileage rate 2025,390,13,1,atotaxrates.info,20,https://atotaxrates.info/tax-deductions/work-related-car-expenses/cents-per-kilometre/,,
ato occupation code,390,0,1,atotaxrates.info,14,https://atotaxrates.info/businesses/business-industry-codes/,,
ato occupation codes,390,0,1,atotaxrates.info,13,https://atotaxrates.info/businesses/business-industry-codes/,,
ato tax income,390,53,1,atotaxrates.info,13,https://atotaxrates.info/,,
ato tax table 2025,390,24,1,atotaxrates.info,8,https://atotaxrates.info/,44,https://pay-calculator-australia.com/weekly-tax-table/
ato travel expenses,390,15,1,atotaxrates.info,8,https://atotaxrates.info/allowances/ato-reasonable-travel-allowances/,,
ato vehicle log book template,390,0,1,atotaxrates.info,12,https://atotaxrates.info/tax-deductions/work-related-car-expenses/log-book-method/,,
australia tax brackets 2025,390,42,1,atotaxrates.info,19,https://atotaxrates.info/,71,https://pay-calculator-australia.com/tax-brackets/
australian tax sheet,390,23,1,atotaxrates.info,17,https://atotaxrates.info/,,
bsb 944100,390,0,1,atotaxrates.info,15,https://atotaxrates.info/numbers/bsb-search/,,
car allowances ato,390,11,1,atotaxrates.info,17,https://atotaxrates.info/allowances/ato-reasonable-travel-allowances/,,
car depreciation limit 2025,390,0,1,atotaxrates.info,5,https://atotaxrates.info/tax-deductions/work-related-car-expenses/car-depreciation-limits-guide/,,
centrelink christmas payment programs,390,3,1,atotaxrates.info,10,https://atotaxrates.info/centrelink-payment-rates/,,
centrelink indexation september 2025,390,2,1,atotaxrates.info,15,https://atotaxrates.info/centrelink-payment-rates/,,
centrelink one off payment 2025 eligibility,390,19,1,atotaxrates.info,11,https://atotaxrates.info/centrelink-payment-rates/,,
centrelink payment increase australia,390,0,1,atotaxrates.info,10,https://atotaxrates.info/centrelink-payment-rates/,,
centrelink payments 2025 eligibility,390,27,1,atotaxrates.info,9,https://atotaxrates.info/centrelink-payment-rates/,,
centrelink payments 2025: eligibility,390,27,1,atotaxrates.info,9,https://atotaxrates.info/centrelink-payment-rates/,,
current tax rates,390,37,1,atotaxrates.info,18,https://atotaxrates.info/,51,https://pay-calculator-australia.com/tax-brackets/
div 7a interest rate 2025,390,0,1,atotaxrates.info,14,https://atotaxrates.info/businesses/division-7a-benchmark-interest-rates/,,
div 7a interest rate 2026,390,0,1,atotaxrates.info,11,https://atotaxrates.info/businesses/division-7a-benchmark-interest-rates/,,
division 7a interest rate 2025,390,0,1,atotaxrates.info,14,https://atotaxrates.info/businesses/division-7a-benchmark-interest-rates/,,
e invoice,390,2,1,atotaxrates.info,20,https://atotaxrates.info/businesses/e-invoicing-australia/,,
franking,390,1,1,atotaxrates.info,16,https://atotaxrates.info/businesses/company-tax-rates/dividend-franking-credit-calculators/,,
fuel tax credit ato,390,19,1,atotaxrates.info,14,https://atotaxrates.info/businesses/fuel-tax-credit/,,
fuel tax credits ato,390,18,1,atotaxrates.info,12,https://atotaxrates.info/businesses/fuel-tax-credit/,,
fully franked dividend,390,0,1,atotaxrates.info,15,https://atotaxrates.info/businesses/company-tax-rates/dividend-franking-credit-calculators/,,
gst percentage,390,41,1,atotaxrates.info,20,https://atotaxrates.info/businesses/tax-invoices-and-gst/gst-thresholds/,,
guide to australian government payments,390,15,1,atotaxrates.info,16,https://atotaxrates.info/centrelink-payment-rates/,,
lafha allowance,390,0,1,atotaxrates.info,12,https://atotaxrates.info/allowances/lafha/,,
logbook method,390,0,1,atotaxrates.info,13,https://atotaxrates.info/tax-deductions/work-related-car-expenses/log-book-method/,,
medicare levy surcharge 2025,390,5,1,atotaxrates.info,20,https://atotaxrates.info/individual-tax-rates-resident/medicare-levy-surcharge/,,
minor tax rates,390,0,1,atotaxrates.info,8,https://atotaxrates.info/individual-tax-rates-resident/children-tax/,,
minors tax rates,390,3,1,atotaxrates.info,11,https://atotaxrates.info/individual-tax-rates-resident/children-tax/,,
nt payroll tax,390,0,1,atotaxrates.info,15,https://atotaxrates.info/businesses/payroll-tax/payroll-tax-nt/,,
occupation code ato,390,0,1,atotaxrates.info,16,https://atotaxrates.info/businesses/business-industry-codes/,,
payroll tax nt,390,0,1,atotaxrates.info,20,https://atotaxrates.info/businesses/payroll-tax/payroll-tax-nt/,,
payroll tax rate wa,390,0,1,atotaxrates.info,20,https://atotaxrates.info/businesses/payroll-tax/payroll-tax-wa/,,
september 2025 centrelink jobseeker benefits,390,11,1,atotaxrates.info,15,https://atotaxrates.info/centrelink-payment-rates/,,
tax office contact,390,21,1,atotaxrates.info,15,https://atotaxrates.info/ato-contacts/,,
tax rate for minors,390,0,1,atotaxrates.info,12,https://atotaxrates.info/individual-tax-rates-resident/children-tax/,,
tax rates 25 26,390,36,1,atotaxrates.info,11,https://atotaxrates.info/,,
tax rates for minors,390,8,1,atotaxrates.info,12,https://atotaxrates.info/individual-tax-rates-resident/children-tax/,,
tax return form,390,5,1,atotaxrates.info,15,https://atotaxrates.info/other-tax-topics/tax-return-forms-link-page/tax-forms-2025/,,
taxation return forms,390,0,1,atotaxrates.info,8,https://atotaxrates.info/other-tax-topics/tax-return-forms-link-page/tax-forms-2025/,,
travel expense ato,390,3,1,atotaxrates.info,20,https://atotaxrates.info/allowances/ato-reasonable-travel-allowances/,,
travel expenses ato,390,1,1,atotaxrates.info,12,https://atotaxrates.info/allowances/ato-reasonable-travel-allowances/,,
travelling expenses ato,390,0,1,atotaxrates.info,18,https://atotaxrates.info/allowances/ato-reasonable-travel-allowances/,,
vehicle log book template ato,390,0,1,atotaxrates.info,18,https://atotaxrates.info/tax-deductions/work-related-car-expenses/log-book-method/,,
wa tax brackets,390,37,1,atotaxrates.info,16,https://atotaxrates.info/,68,https://pay-calculator-australia.com/tax-brackets/
work related self education expenses,390,0,1,atotaxrates.info,20,https://atotaxrates.info/tax-deductions/work-related-self-education-expenses/,,
25 26 tax calculator,320,37,3,paycalculator.com.au,8,https://paycalculator.com.au/,,
ato fortnightly tax calculator,320,24,3,paycalculator.com.au,5,https://paycalculator.com.au/,35,https://pay-calculator-australia.com/fortnightly-pay-calculator/
ato payg tax withheld calculator,320,37,3,paycalculator.com.au,9,https://paycalculator.com.au/,,
ato payg withholding calculator,320,37,3,paycalculator.com.au,8,https://paycalculator.com.au/,,
ato payg withholding tax calculator,320,38,3,paycalculator.com.au,10,https://paycalculator.com.au/,,
ato tax calculator fortnightly,320,24,3,paycalculator.com.au,4,https://paycalculator.com.au/,37,https://pay-calculator-australia.com/fortnightly-pay-calculator/
ato tax fortnightly calculator,320,39,3,paycalculator.com.au,4,https://paycalculator.com.au/,64,https://pay-calculator-australia.com/fortnightly-pay-calculator/
fortnightly tax calculator ato,320,24,3,paycalculator.com.au,4,https://paycalculator.com.au/,31,https://pay-calculator-australia.com/fortnightly-pay-calculator/
payg calculator 2025,320,38,5,paycalculator.com.au,2,https://paycalculator.com.au/,,
payg withholding calculator ato,320,38,3,paycalculator.com.au,8,https://paycalculator.com.au/,,
america tax calculator,320,56,1,salaryaftertax.com,19,https://salaryaftertax.com/us/salary-calculator,,
american tax calculator,320,56,1,salaryaftertax.com,20,https://salaryaftertax.com/us/salary-calculator,,
american taxes calculator,320,67,1,salaryaftertax.com,11,https://salaryaftertax.com/us/salary-calculator,,
calculate in-hand salary,320,12,5,paycalculator.com.au,1,https://paycalculator.com.au/,,
calculate income tax in uk,320,42,1,salaryaftertax.com,12,https://salaryaftertax.com/salary-calculator/uk,,
calculate income tax uk,320,42,1,salaryaftertax.com,13,https://salaryaftertax.com/salary-calculator/uk,,
calculate tax on income uk,320,42,1,salaryaftertax.com,13,https://salaryaftertax.com/salary-calculator/uk,,
calculator for uk income tax,320,42,1,salaryaftertax.com,14,https://salaryaftertax.com/salary-calculator/uk,,
england income tax calculator,320,42,1,salaryaftertax.com,14,https://salaryaftertax.com/salary-calculator/uk,,
england tax rate calculator,320,56,1,salaryaftertax.com,8,https://salaryaftertax.com/salary-calculator/uk,,
how to calculate tax in australia,320,25,3,paycalculator.com.au,3,https://paycalculator.com.au/,,
income calculator tax uk,320,42,1,salaryaftertax.com,11,https://salaryaftertax.com/salary-calculator/uk,,
income tax calculator england,320,42,1,salaryaftertax.com,10,https://salaryaftertax.com/salary-calculator/uk,,
income tax calculator in uk,320,60,1,salaryaftertax.com,12,https://salaryaftertax.com/salary-calculator/uk,,
income tax calculator united kingdom,320,60,1,salaryaftertax.com,6,https://salaryaftertax.com/salary-calculator/uk,,
income tax in uk calculator,320,42,1,salaryaftertax.com,15,https://salaryaftertax.com/salary-calculator/uk,,
income taxes in uk calculator,320,60,1,salaryaftertax.com,18,https://salaryaftertax.com/salary-calculator/uk,,
net salaries,320,5,4,paycalculator.com.au,2,https://paycalculator.com.au/,38,https://pay-calculator-australia.com/gross-pay-calculator/
netto salary,320,11,3,paycalculator.com.au,1,https://paycalculator.com.au/,52,https://pay-calculator-australia.com/gross-pay-calculator/
pay tax calculator uk,320,42,1,salaryaftertax.com,13,https://salaryaftertax.com/salary-calculator/uk,,
salary calculator uk take home,320,37,1,salaryaftertax.com,3,https://salaryaftertax.com/salary-calculator/uk,,
salary in-hand calculator,320,5,5,paycalculator.com.au,1,https://paycalculator.com.au/,,
salary tax calculator in uk,320,37,1,salaryaftertax.com,8,https://salaryaftertax.com/salary-calculator/uk,,
salary tax calculator uk,320,37,1,salaryaftertax.com,4,https://salaryaftertax.com/salary-calculator/uk,,
take home pay australia,320,0,5,paycalculator.com.au,1,https://paycalculator.com.au/,,
take home pay calculator uk,320,20,1,salaryaftertax.com,8,https://salaryaftertax.com/salary-calculator/uk,,
take home pay uk calculator,320,21,1,salaryaftertax.com,7,https://salaryaftertax.com/salary-calculator/uk,,
take-home pay calculator uk,320,20,1,salaryaftertax.com,7,https://salaryaftertax.com/salary-calculator/uk,,
tax calculator america,320,58,1,salaryaftertax.com,10,https://salaryaftertax.com/us/salary-calculator,,
tax calculator for usa,320,70,1,salaryaftertax.com,16,https://salaryaftertax.com/us/salary-calculator,,
tax calculator in usa,320,77,1,salaryaftertax.com,12,https://salaryaftertax.com/us/salary-calculator,,
tax calculator uk income,320,56,1,salaryaftertax.com,14,https://salaryaftertax.com/salary-calculator/uk,,
tax calculator us,320,91,1,salaryaftertax.com,13,https://salaryaftertax.com/us/salary-calculator,,
tax calculator usa,320,66,1,salaryaftertax.com,16,https://salaryaftertax.com/us/salary-calculator,,
tax income uk calculator,320,42,1,salaryaftertax.com,11,https://salaryaftertax.com/salary-calculator/uk,,
tax on income uk calculator,320,42,1,salaryaftertax.com,10,https://salaryaftertax.com/salary-calculator/uk,,
tax rate calculator uk,320,42,1,salaryaftertax.com,18,https://salaryaftertax.com/salary-calculator/uk,,
tax rate uk calculator,320,56,1,salaryaftertax.com,10,https://salaryaftertax.com/salary-calculator/uk,,
tax rates uk calculator,320,41,1,salaryaftertax.com,12,https://salaryaftertax.com/salary-calculator/uk,,
tax us calculator,320,67,1,salaryaftertax.com,14,https://salaryaftertax.com/us/salary-calculator,,
tax usa calculator,320,71,1,salaryaftertax.com,15,https://salaryaftertax.com/us/salary-calculator,,
taxable income uk calculator,320,42,1,salaryaftertax.com,14,https://salaryaftertax.com/salary-calculator/uk,,
taxes in usa calculator,320,70,1,salaryaftertax.com,16,https://salaryaftertax.com/us/salary-calculator,,
taxes us calculator,320,70,1,salaryaftertax.com,20,https://salaryaftertax.com/us/salary-calculator,,
taxes usa calculator,320,71,1,salaryaftertax.com,15,https://salaryaftertax.com/us/salary-calculator,,
uk income tax calculator,320,42,1,salaryaftertax.com,10,https://salaryaftertax.com/salary-calculator/uk,,
uk salary calculator take-home,320,37,1,salaryaftertax.com,3,https://salaryaftertax.com/salary-calculator/uk,,
uk tax brackets calculator,320,42,1,salaryaftertax.com,17,https://salaryaftertax.com/salary-calculator/uk,,
uk tax rate calculator,320,56,1,salaryaftertax.com,18,https://salaryaftertax.com/salary-calculator/uk,,
annual gross income,320,6,4,paycalculator.com.au,4,https://paycalculator.com.au/,34,https://pay-calculator-australia.com/gross-pay-calculator/
base salary,320,0,3,paycalculator.com.au,8,https://paycalculator.com.au/,,
find my pay,320,23,3,paycalculator.com.au,9,https://paycalculator.com.au/,,
gross annual income,320,6,4,paycalculator.com.au,4,https://paycalculator.com.au/,38,https://pay-calculator-australia.com/gross-pay-calculator/
gross income yearly,320,24,4,paycalculator.com.au,4,https://paycalculator.com.au/,41,https://pay-calculator-australia.com/gross-pay-calculator/
help repayment,320,15,2,paycal.com.au,16,https://paycal.com.au/student-loan-repayment-calculator/,34,https://pay-calculator-australia.com/hecs-help-calculator/
income tax on salary,320,32,3,paycalculator.com.au,9,https://paycalculator.com.au/,,
motorbike rego nsw,320,16,1,paycal.com.au,9,https://paycal.com.au/vehicle-registration-calculator/,,
my salary calculator,320,16,4,paycalculator.com.au,1,https://paycalculator.com.au/,41,https://pay-calculator-australia.com/hourly-to-annual-salary-calculator/
nsw payroll tax calculator,320,33,3,paycalculator.com.au,8,https://paycalculator.com.au/,49,https://pay-calculator-australia.com/pay-calculator-nsw/
pay slip template,320,0,1,paycal.com.au,7,https://paycal.com.au/payslip-generator/,,
payslip generator free,320,0,2,paycal.com.au,2,https://paycal.com.au/payslip-generator/,,
rego cost calculator,320,23,1,paycal.com.au,12,https://paycal.com.au/vehicle-registration-calculator/,,
rego for motorbike nsw,320,16,1,paycal.com.au,17,https://paycal.com.au/vehicle-registration-calculator/,,
remove gst calculator,320,4,2,australiapaycalculator.com.au,10,https://australiapaycalculator.com.au/gst-calculator/,,
rta transfer fee calculator nsw,320,9,1,paycal.com.au,5,https://paycal.com.au/vehicle-registration-calculator/,,
salary inclusive of super calculator,320,6,4,paycalculator.com.au,1,https://paycalculator.com.au/,59,https://pay-calculator-australia.com/
salary inclusive of superannuation calculator,320,3,4,paycalculator.com.au,1,https://paycalculator.com.au/,,
salary tax,320,37,3,paycalculator.com.au,2,https://paycalculator.com.au/,44,https://pay-calculator-australia.com/
salary to hourly rate,320,25,5,fairworkmate.com.au,5,https://fairworkmate.com.au/tools/salary-converter,31,https://pay-calculator-australia.com/hourly-to-annual-salary-calculator/
salary to weekly pay calculator,320,7,4,paycalculator.com.au,1,https://paycalculator.com.au/,34,https://pay-calculator-australia.com/weekly-pay-calculator/
simple pay calculator,320,9,4,paycalculator.com.au,1,https://paycalculator.com.au/,45,https://pay-calculator-australia.com/
student loan repayment,320,15,2,paycalculator.com.au,5,https://paycalculator.com.au/student-loan/,,
student loan repayments,320,16,2,paycalculator.com.au,4,https://paycalculator.com.au/student-loan/,,
student loans and repayment,320,14,2,paycalculator.com.au,5,https://paycalculator.com.au/student-loan/,,
student loans repayment,320,19,2,paycalculator.com.au,5,https://paycalculator.com.au/student-loan/,,
study loan repayment,320,12,2,paycalculator.com.au,6,https://paycalculator.com.au/student-loan/,,
tax on salary,320,37,3,paycalculator.com.au,2,https://paycalculator.com.au/,,
2025 tax calculator,320,37,2,paycalculator.com.au,4,https://paycalculator.com.au/,,
2026-27 tax rates,320,42,2,wagecalculator.com.au,11,https://www.wagecalculator.com.au/tax-rates/2026-27,44,https://pay-calculator-australia.com/tax-changes-2026-27/
2026/27 tax rates,320,32,3,atotaxrates.info,11,https://atotaxrates.info/,47,https://pay-calculator-australia.com/tax-changes-2026-27/
70 000,320,0,1,wagecalculator.com.au,10,https://www.wagecalculator.com.au/salary/70000,55,https://pay-calculator-australia.com/tax-on/70000/
air force rank australia,320,4,1,wagecalculator.com.au,8,https://www.wagecalculator.com.au/adf-pay/air-force,,
air force rankings australia,320,0,1,wagecalculator.com.au,7,https://www.wagecalculator.com.au/adf-pay/air-force,,
air force ranks aus,320,0,1,wagecalculator.com.au,8,https://www.wagecalculator.com.au/adf-pay/air-force,,
air force ranks australia,320,0,1,wagecalculator.com.au,8,https://www.wagecalculator.com.au/adf-pay/air-force,,
amp salary sacrifice calculator,320,8,1,wagecalculator.com.au,9,https://www.wagecalculator.com.au/salary-sacrifice/super,,
ato tax rates 2027,320,35,3,atotaxrates.info,9,https://atotaxrates.info/,,
australian army ranks and pay,320,0,1,wagecalculator.com.au,3,https://www.wagecalculator.com.au/adf-pay,,
australian navy ranks and pay,320,0,1,wagecalculator.com.au,3,https://www.wagecalculator.com.au/adf-pay/navy,,
beginner teacher salary,320,1,1,wagecalculator.com.au,7,https://www.wagecalculator.com.au/teacher-salaries/nsw,,
beginning teacher salary,320,4,1,wagecalculator.com.au,12,https://www.wagecalculator.com.au/teacher-salaries/qld,,
crown employees award,320,0,1,wagecalculator.com.au,8,https://www.wagecalculator.com.au/public-service-salaries/nsw,,
defence pay rates,320,0,1,wagecalculator.com.au,5,https://www.wagecalculator.com.au/adf-pay,,
defence pay scales,320,0,1,wagecalculator.com.au,5,https://www.wagecalculator.com.au/adf-pay,,
enrolled nurse pay,320,1,1,wagecalculator.com.au,19,https://www.wagecalculator.com.au/nursing-salaries,,
fair work australia wages,320,61,2,fairworkmate.com.au,8,https://fairworkmate.com.au/tools/pay-rates,,
formula for taxable income,320,9,2,paycalculator.com.au,5,https://paycalculator.com.au/,,
hourly time calculator,320,33,1,wagecalculator.com.au,12,https://www.wagecalculator.com.au/work-hours-calculator,,
how is tax calculated in australia,320,25,2,paycalculator.com.au,5,https://paycalculator.com.au/,,
how much do i get taxed,320,37,2,paycalculator.com.au,3,https://paycalculator.com.au/,,
how much do nurses earn a year,320,0,1,wagecalculator.com.au,14,https://www.wagecalculator.com.au/nursing-salaries,,
how much do nurses make a year,320,0,1,wagecalculator.com.au,15,https://www.wagecalculator.com.au/nursing-salaries,,
how much do nurses make in australia,320,0,1,wagecalculator.com.au,17,https://www.wagecalculator.com.au/nursing-salaries,,
how much do teachers make a year,320,6,1,wagecalculator.com.au,17,https://www.wagecalculator.com.au/teacher-salaries/vic,,
how much does a nurse make a year,320,0,1,wagecalculator.com.au,15,https://www.wagecalculator.com.au/nursing-salaries,,
how much does a teacher make a year,320,5,1,wagecalculator.com.au,16,https://www.wagecalculator.com.au/teacher-salaries/vic,,
how much does an rn make a year,320,0,1,wagecalculator.com.au,18,https://www.wagecalculator.com.au/nursing-salaries/nsw,,
how much money does a nurse make a year,320,0,1,wagecalculator.com.au,20,https://www.wagecalculator.com.au/nursing-salaries,,
how much percentage is tax,320,32,2,paycalculator.com.au,15,https://paycalculator.com.au/,62,https://pay-calculator-australia.com/tax-brackets/
how much tax percentage,320,31,2,paycalculator.com.au,10,https://paycalculator.com.au/,65,https://pay-calculator-australia.com/tax-brackets/
how much tax should i pay australia,320,38,2,paycalculator.com.au,3,https://paycalculator.com.au/,47,https://pay-calculator-australia.com/
hp3 pay scale,320,0,1,wagecalculator.com.au,4,https://www.wagecalculator.com.au/public-service-salaries/qld,,
hr pay rates,320,0,1,wagecalculator.com.au,20,https://www.wagecalculator.com.au/public-service-salaries/nsw,,
income tax equation,320,13,2,paycalculator.com.au,8,https://paycalculator.com.au/,,
income tax formula,320,37,2,paycalculator.com.au,4,https://paycalculator.com.au/,,
income tax on salaries,320,21,2,wagecalculator.com.au,12,https://www.wagecalculator.com.au/,,
income tax salaries,320,24,2,paycalculator.com.au,4,https://paycalculator.com.au/,,
income tax salary,320,32,2,paycalculator.com.au,5,https://paycalculator.com.au/,,
income taxation formula,320,2,2,paycalculator.com.au,11,https://paycalculator.com.au/,,
investment growth calculator,320,55,1,wagecalculator.com.au,12,https://www.wagecalculator.com.au/investment-calculator,,
is net before or after tax,320,13,2,paycalculator.com.au,14,https://paycalculator.com.au/,,
land tax queensland rates,320,19,1,wagecalculator.com.au,14,https://www.wagecalculator.com.au/land-tax-calculator/qld,,
land tax rate qld,320,16,1,wagecalculator.com.au,20,https://www.wagecalculator.com.au/land-tax-calculator/qld,,
long service leave northern territory,320,0,2,wagecalculator.com.au,10,https://www.wagecalculator.com.au/long-service-leave-calculator/nt,,
long service leave nt,320,0,2,wagecalculator.com.au,6,https://www.wagecalculator.com.au/long-service-leave-calculator/nt,,
long service leave queensland,320,0,1,wagecalculator.com.au,12,https://www.wagecalculator.com.au/long-service-leave-calculator/qld,,
melbourne teacher salary,320,2,1,wagecalculator.com.au,14,https://www.wagecalculator.com.au/teacher-salaries/vic,35,https://pay-calculator-australia.com/teacher-pay-australia/vic/
melbourne teachers salary,320,1,2,wagecalculator.com.au,17,https://www.wagecalculator.com.au/teacher-salaries/vic,31,https://pay-calculator-australia.com/teacher-pay-australia/vic/
minimum wage annual salary,320,19,2,wagecalculator.com.au,16,https://www.wagecalculator.com.au/,,
minimum wage yearly income,320,31,1,wagecalculator.com.au,20,https://www.wagecalculator.com.au/,43,https://pay-calculator-australia.com/minimum-wage-history-australia/
money calculator aus,320,54,2,paycalculator.com.au,4,https://paycalculator.com.au/,,
navy officer,320,6,1,wagecalculator.com.au,19,https://www.wagecalculator.com.au/adf-pay/navy,,
northern territory long service leave,320,0,2,wagecalculator.com.au,6,https://www.wagecalculator.com.au/long-service-leave-calculator/nt,,
nsw health nurse salary,320,0,1,wagecalculator.com.au,15,https://www.wagecalculator.com.au/nursing-salaries/nsw,38,https://pay-calculator-australia.com/healthcare-worker-pay/nsw/
nsw health nursing pay rates,320,0,1,wagecalculator.com.au,10,https://www.wagecalculator.com.au/nursing-salaries/nsw,36,https://pay-calculator-australia.com/healthcare-worker-pay/nsw/
nsw pay rates for nurses,320,1,1,wagecalculator.com.au,14,https://www.wagecalculator.com.au/nursing-salaries/nsw,33,https://pay-calculator-australia.com/healthcare-worker-pay/nsw/
nsw teacher salary 2025 pdf,320,0,1,wagecalculator.com.au,6,https://www.wagecalculator.com.au/teacher-salaries/nsw,,
nt long service leave,320,0,1,wagecalculator.com.au,7,https://www.wagecalculator.com.au/long-service-leave-calculator/nt,,
nurse pay rates nsw,320,0,2,wagecalculator.com.au,15,https://www.wagecalculator.com.au/nursing-salaries,31,https://pay-calculator-australia.com/healthcare-worker-pay/nsw/
nurse salary nsw health,320,0,1,wagecalculator.com.au,7,https://www.wagecalculator.com.au/nursing-salaries/nsw,33,https://pay-calculator-australia.com/healthcare-worker-pay/nsw/
nurses award nsw,320,0,1,wagecalculator.com.au,17,https://www.wagecalculator.com.au/nursing-salaries/nsw,,
nursing award qld,320,0,2,wagecalculator.com.au,10,https://www.wagecalculator.com.au/nursing-salaries/qld,31,https://pay-calculator-australia.com/healthcare-worker-pay/qld/
nursing rates of pay nsw,320,0,1,wagecalculator.com.au,14,https://www.wagecalculator.com.au/nursing-salaries/nsw,36,https://pay-calculator-australia.com/healthcare-worker-pay/nsw/
osr nsw land tax,320,9,1,wagecalculator.com.au,13,https://www.wagecalculator.com.au/land-tax-calculator/nsw,,
pay rates for nurses in nsw,320,0,1,wagecalculator.com.au,16,https://www.wagecalculator.com.au/nursing-salaries/nsw,38,https://pay-calculator-australia.com/healthcare-worker-pay/nsw/
payroll tax calculator wa,320,23,2,paycalculator.com.au,6,https://paycalculator.com.au/,34,https://pay-calculator-australia.com/pay-calculator-wa/
private teacher salary,320,0,1,wagecalculator.com.au,17,https://www.wagecalculator.com.au/teacher-salaries/vic,,
public service award,320,0,1,wagecalculator.com.au,11,https://www.wagecalculator.com.au/public-service-salaries/qld,,
public service award 1992,320,0,1,wagecalculator.com.au,11,https://www.wagecalculator.com.au/public-service-salaries/wa,,
public services award,320,0,1,wagecalculator.com.au,11,https://www.wagecalculator.com.au/public-service-salaries/qld,,
qld health pay rates 2026,320,0,1,wagecalculator.com.au,6,https://www.wagecalculator.com.au/public-service-salaries/qld,,
racq tax calculator,320,1,2,paycalculator.com.au,12,https://paycalculator.com.au/,,
redundancy tax calculator australia,320,0,1,wagecalculator.com.au,4,https://www.wagecalculator.com.au/redundancy-payout-calculator,32,https://pay-calculator-australia.com/redundancy-pay-calculator/
redundancy tax free threshold,320,0,1,wagecalculator.com.au,13,https://www.wagecalculator.com.au/guides/redundancy-tax,,
redundancy tax-free threshold,320,0,1,wagecalculator.com.au,17,https://www.wagecalculator.com.au/guides/redundancy-tax,,
registered nurse wage,320,0,1,wagecalculator.com.au,20,https://www.wagecalculator.com.au/nursing-salaries/vic,,
salary and tax,320,37,2,paycalculator.com.au,2,https://paycalculator.com.au/,,
salary bracket tax,320,31,1,wagecalculator.com.au,19,https://www.wagecalculator.com.au/,43,https://pay-calculator-australia.com/tax-brackets/
salary check,320,34,2,paycalculator.com.au,7,https://paycalculator.com.au/,,
salary checker,320,34,2,paycalculator.com.au,2,https://paycalculator.com.au/,,
salary tax formula,320,37,2,paycalculator.com.au,3,https://paycalculator.com.au/,,
salary to tax,320,37,2,paycalculator.com.au,1,https://paycalculator.com.au/,,
salary with tax,320,10,2,paycalculator.com.au,1,https://paycalculator.com.au/,,
schads level 2,320,0,1,wagecalculator.com.au,17,https://www.wagecalculator.com.au/awards/schads,,
social and community services award,320,0,1,wagecalculator.com.au,17,https://www.wagecalculator.com.au/awards/schads,,
social community services award,320,0,1,wagecalculator.com.au,19,https://www.wagecalculator.com.au/awards/schads,,
starting pay for teachers,320,8,1,wagecalculator.com.au,15,https://www.wagecalculator.com.au/teacher-salaries/vic,,
starting salary for teachers,320,8,1,wagecalculator.com.au,16,https://www.wagecalculator.com.au/teacher-salaries/wa,,
starting salary teacher,320,5,1,wagecalculator.com.au,16,https://www.wagecalculator.com.au/teacher-salaries/vic,,
starting salary teachers,320,5,1,wagecalculator.com.au,12,https://www.wagecalculator.com.au/teacher-salaries/vic,,
starting teacher salary,320,9,1,wagecalculator.com.au,15,https://www.wagecalculator.com.au/teacher-salaries/nsw,,
tas teacher salary,320,0,1,wagecalculator.com.au,11,https://www.wagecalculator.com.au/teacher-salaries/tas,,
tasmania teacher salary,320,0,1,wagecalculator.com.au,10,https://www.wagecalculator.com.au/teacher-salaries/tas,,
tax bracket salary,320,26,2,paycalculator.com.au,14,https://paycalculator.com.au/,46,https://pay-calculator-australia.com/tax-brackets/
tax brackets 2026--27,320,24,2,wagecalculator.com.au,13,https://www.wagecalculator.com.au/tax-rates/2026-27,,
tax brackets 2026-27,320,24,1,wagecalculator.com.au,9,https://www.wagecalculator.com.au/tax-rates/2026-27,,
tax brackets 2027,320,35,3,atotaxrates.info,11,https://atotaxrates.info/,,
tax calculator 2025-26,320,38,2,paycalculator.com.au,8,https://paycalculator.com.au/,,
tax for salary,320,37,2,paycalculator.com.au,2,https://paycalculator.com.au/,,
tax free limit redundancy,320,0,1,wagecalculator.com.au,14,https://www.wagecalculator.com.au/guides/redundancy-tax,,
tax free redundancy threshold,320,0,1,wagecalculator.com.au,11,https://www.wagecalculator.com.au/guides/redundancy-tax,,
tax free threshold calculator,320,37,2,paycalculator.com.au,3,https://paycalculator.com.au/,,
tax free threshold for redundancy,320,0,1,wagecalculator.com.au,19,https://www.wagecalculator.com.au/guides/redundancy-tax,,
tax free threshold redundancy,320,0,1,wagecalculator.com.au,11,https://www.wagecalculator.com.au/guides/redundancy-tax,,
tax margins,320,13,1,wagecalculator.com.au,13,https://www.wagecalculator.com.au/tax-rates,40,https://pay-calculator-australia.com/tax-brackets/
tax-free limit redundancy,320,0,1,wagecalculator.com.au,14,https://www.wagecalculator.com.au/guides/redundancy-tax,,
tax-free threshold calculator,320,37,2,paycalculator.com.au,3,https://paycalculator.com.au/,,
taxation of salary,320,43,2,paycalculator.com.au,3,https://paycalculator.com.au/,,
taxation salary,320,37,2,paycalculator.com.au,4,https://paycalculator.com.au/,,
taxes salary,320,37,2,paycalculator.com.au,4,https://paycalculator.com.au/,,
teacher base salary,320,9,1,wagecalculator.com.au,13,https://www.wagecalculator.com.au/teacher-salaries/wa,,
teacher pay private schools,320,0,1,wagecalculator.com.au,20,https://www.wagecalculator.com.au/teacher-salaries/vic,,
teacher starting salaries,320,9,1,wagecalculator.com.au,16,https://www.wagecalculator.com.au/teacher-salaries/vic,,
teachers salary melbourne,320,3,1,wagecalculator.com.au,16,https://www.wagecalculator.com.au/teacher-salaries/vic,,
transfer duty wa calculator,320,10,1,wagecalculator.com.au,20,https://www.wagecalculator.com.au/stamp-duty-calculator/wa,,
wa payroll tax calculator,320,0,3,paycalculator.com.au,11,https://paycalculator.com.au/,31,https://pay-calculator-australia.com/pay-calculator-wa/
weekly hours worked,320,13,1,wagecalculator.com.au,10,https://www.wagecalculator.com.au/work-hours-calculator,42,https://pay-calculator-australia.com/work-hours-calculator/
weekly tax tables 2026,320,0,1,wagecalculator.com.au,19,https://www.wagecalculator.com.au/tax-rates/weekly-tax-table,42,https://pay-calculator-australia.com/payg-withholding-tables/
what is the tax free threshold in australia 2026,320,17,1,wagecalculator.com.au,12,https://www.wagecalculator.com.au/tax-rates/2026-27,,
work hours calculator australia,320,27,2,wagecalculator.com.au,3,https://www.wagecalculator.com.au/work-hours-calculator,31,https://pay-calculator-australia.com/work-hours-calculator/
cost of employee calculator,320,0,2,australiapaycalculator.com.au,16,https://australiapaycalculator.com.au/,33,https://pay-calculator-australia.com/employer-cost-calculator/
gst calculator reverse,320,0,1,australiapaycalculator.com.au,6,https://australiapaycalculator.com.au/gst-calculator/,,
gst reverse calculator,320,0,1,australiapaycalculator.com.au,6,https://australiapaycalculator.com.au/gst-calculator/,,
part time job pay,320,8,2,fairworkmate.com.au,11,https://fairworkmate.com.au/tools/part-time-pay-calculator,,
part time pay,320,1,2,australiapaycalculator.com.au,4,https://australiapaycalculator.com.au/,34,https://pay-calculator-australia.com/employment-type-calculator/
reverse calculate gst,320,0,1,australiapaycalculator.com.au,7,https://australiapaycalculator.com.au/gst-calculator/,,
reverse gst calculator,320,0,1,australiapaycalculator.com.au,6,https://australiapaycalculator.com.au/gst-calculator/,,
tax calculator 2025 26,320,39,2,paycalculator.com.au,7,https://paycalculator.com.au/,66,https://pay-calculator-australia.com/income-tax-calculator/
tax rates 2026 australia,320,37,2,atotaxrates.info,16,https://atotaxrates.info/,53,https://pay-calculator-australia.com/tax-brackets/
time and half calculator,320,7,2,fairworkmate.com.au,3,https://fairworkmate.com.au/tools/overtime,65,https://pay-calculator-australia.com/overtime-pay-calculator/
admin award,320,11,1,fairworkmate.com.au,7,https://fairworkmate.com.au/tools/pay-rates/job/admin-officer,,
administration award,320,11,1,fairworkmate.com.au,8,https://fairworkmate.com.au/tools/pay-rates/job/admin-officer,,
administration awards,320,4,1,fairworkmate.com.au,12,https://fairworkmate.com.au/tools/pay-rates/job/admin-officer,,
administrator award,320,0,1,fairworkmate.com.au,13,https://fairworkmate.com.au/tools/pay-rates/job/admin-officer,,
aged care award pay guide,320,0,1,fairworkmate.com.au,8,https://fairworkmate.com.au/tools/pay-rates/aged-care,,
aged care cert 3 pay rate,320,0,1,fairworkmate.com.au,17,https://fairworkmate.com.au/tools/pay-rates/job/aged-care-worker,,
aldi employee pay,320,0,1,fairworkmate.com.au,5,https://fairworkmate.com.au/blog/aldi-pay-rates-2026,,
aldi jobs pay,320,0,1,fairworkmate.com.au,13,https://fairworkmate.com.au/blog/aldi-pay-rates-2026,,
aldi pay rate,320,0,1,fairworkmate.com.au,4,https://fairworkmate.com.au/blog/aldi-pay-rates-2026,,
aldi pay rates,320,0,1,fairworkmate.com.au,3,https://fairworkmate.com.au/blog/aldi-pay-rates-2026,,
aldi salary,320,0,1,fairworkmate.com.au,6,https://fairworkmate.com.au/blog/aldi-pay-rates-2026,,
apprentice hairdresser wage,320,0,1,fairworkmate.com.au,11,https://fairworkmate.com.au/tools/pay-rates/industry/hairdressing,,
apprentice hairdresser wages,320,0,1,fairworkmate.com.au,17,https://fairworkmate.com.au/tools/pay-rates/hairdresser-nsw,,
apprentice hairdressing wage,320,0,1,fairworkmate.com.au,11,https://fairworkmate.com.au/tools/pay-rates/industry/hairdressing,,
apprentice hairdressing wages,320,0,1,fairworkmate.com.au,17,https://fairworkmate.com.au/tools/pay-rates/industry/hairdressing,,
apprentice wages hairdressing,320,0,1,fairworkmate.com.au,18,https://fairworkmate.com.au/tools/pay-rates/hairdresser-nsw,,
apprenticeship hairdressing wages,320,0,1,fairworkmate.com.au,13,https://fairworkmate.com.au/tools/pay-rates/industry/hairdressing,,
apprenticeships minimum wage,320,0,1,fairworkmate.com.au,14,https://fairworkmate.com.au/tools/apprentice-wages,,
ato employee or contractor,320,0,1,fairworkmate.com.au,19,https://fairworkmate.com.au/blog/contractor-vs-employee-test-australia,,
australia family tax benefit calculator,320,0,1,fairworkmate.com.au,16,https://fairworkmate.com.au/tools/family-tax-benefit,,
australia retail minimum wage,320,17,1,fairworkmate.com.au,4,https://fairworkmate.com.au/tools/pay-rates/job/retail-worker,,
australian retail minimum wage,320,15,1,fairworkmate.com.au,4,https://fairworkmate.com.au/tools/pay-rates/job/retail-worker,,
award administration,320,0,1,fairworkmate.com.au,8,https://fairworkmate.com.au/tools/pay-rates/job/admin-officer,,
award for administration,320,0,1,fairworkmate.com.au,9,https://fairworkmate.com.au/tools/pay-rates/job/admin-officer,,
award rates qld hospitality,320,0,1,fairworkmate.com.au,5,https://fairworkmate.com.au/tools/pay-rates/hospitality,,
award rates wa,320,19,1,fairworkmate.com.au,10,https://fairworkmate.com.au/tools/pay-rates,,
award wages qld hospitality,320,0,1,fairworkmate.com.au,6,https://fairworkmate.com.au/tools/pay-rates/hospitality,,
banking finance and insurance award 2020,320,0,1,fairworkmate.com.au,19,https://fairworkmate.com.au/tools/pay-rates/banking-finance-insurance,,
bar man salary,320,0,1,fairworkmate.com.au,13,https://fairworkmate.com.au/tools/pay-rates/bartender-qld,,
barmaid salary,320,0,1,fairworkmate.com.au,15,https://fairworkmate.com.au/tools/pay-rates/bartender-qld,,
barman salary,320,0,1,fairworkmate.com.au,16,https://fairworkmate.com.au/tools/pay-rates/bartender-nsw,,
bartender earnings,320,0,1,fairworkmate.com.au,3,https://fairworkmate.com.au/tools/pay-rates/job/bartender,,
bartender pay,320,0,1,fairworkmate.com.au,1,https://fairworkmate.com.au/tools/pay-rates/job/bartender,,
bartender salary,320,0,1,fairworkmate.com.au,8,https://fairworkmate.com.au/tools/pay-rates/job/bartender,,
bartenders pay,320,0,1,fairworkmate.com.au,4,https://fairworkmate.com.au/tools/pay-rates/job/bartender,,
bartenders pay rate,320,0,1,fairworkmate.com.au,1,https://fairworkmate.com.au/tools/pay-rates/job/bartender,,
bartenders salary,320,0,1,fairworkmate.com.au,16,https://fairworkmate.com.au/tools/pay-rates/job/bartender,,
bartending pay,320,0,1,fairworkmate.com.au,3,https://fairworkmate.com.au/tools/pay-rates/job/bartender,,
batchfire callide mine,320,0,1,fairworkmate.com.au,19,https://fairworkmate.com.au/cases/2026-fwc-2104,,
bfi award,320,0,1,fairworkmate.com.au,19,https://fairworkmate.com.au/tools/pay-rates/banking-finance-insurance,,
boot test,320,0,1,fairworkmate.com.au,16,https://fairworkmate.com.au/tools/boot-calculator,,
break for work,320,0,1,fairworkmate.com.au,20,https://fairworkmate.com.au/wiki/breaks-at-work,,
breaks at work,320,0,1,fairworkmate.com.au,17,https://fairworkmate.com.au/wiki/breaks-at-work,,
breaks for work,320,0,1,fairworkmate.com.au,20,https://fairworkmate.com.au/wiki/breaks-at-work,,
breaks work,320,0,1,fairworkmate.com.au,18,https://fairworkmate.com.au/wiki/breaks-at-work,,
building award,320,0,1,fairworkmate.com.au,11,https://fairworkmate.com.au/awards/building-award,,
bunnings hourly rate,320,0,1,fairworkmate.com.au,4,https://fairworkmate.com.au/blog/bunnings-pay-rates-2026,,
bunnings salaries,320,0,1,fairworkmate.com.au,5,https://fairworkmate.com.au/blog/bunnings-pay-rates-2026,,
bunnings salary,320,0,1,fairworkmate.com.au,3,https://fairworkmate.com.au/blog/bunnings-pay-rates-2026,,
bunnings warehouse hourly rate,320,0,1,fairworkmate.com.au,6,https://fairworkmate.com.au/blog/bunnings-pay-rates-2026,,
carer payment income calculator,320,0,1,fairworkmate.com.au,12,https://fairworkmate.com.au/tools/carer-payment,,
casual loading meaning,320,0,1,fairworkmate.com.au,10,https://fairworkmate.com.au/blog/casual-loading-25-percent,,
casual minimum hours,320,2,1,fairworkmate.com.au,12,https://fairworkmate.com.au/blog/casual-minimum-hours-australia,,
casual public holiday rates,320,0,1,fairworkmate.com.au,13,https://fairworkmate.com.au/blog/casual-public-holiday-pay-2026,,
centrelink easter payments 2026,320,0,1,fairworkmate.com.au,15,https://fairworkmate.com.au/tools/centrelink-payment-dates,,
centrelink holiday payment,320,0,1,fairworkmate.com.au,11,https://fairworkmate.com.au/tools/centrelink-payment-dates,,
centrelink holiday payments,320,2,1,fairworkmate.com.au,14,https://fairworkmate.com.au/tools/centrelink-payment-dates,,
centrelink pay day,320,0,1,fairworkmate.com.au,19,https://fairworkmate.com.au/tools/centrelink-payment-dates,,
centrelink payment dates,320,0,1,fairworkmate.com.au,11,https://fairworkmate.com.au/tools/centrelink-payment-dates,,
centrelink payment days,320,0,1,fairworkmate.com.au,19,https://fairworkmate.com.au/tools/centrelink-payment-dates,,
centrelink payment schedule,320,2,1,fairworkmate.com.au,19,https://fairworkmate.com.au/tools/centrelink-payment-dates,,
centrelink payments 2026,320,4,2,fairworkmate.com.au,11,https://fairworkmate.com.au/wiki/centrelink-payment-rates,,
centrelink payments dates,320,0,1,fairworkmate.com.au,12,https://fairworkmate.com.au/tools/centrelink-payment-dates,,
centrelink public holiday payments,320,5,1,fairworkmate.com.au,15,https://fairworkmate.com.au/tools/centrelink-payment-dates,,
cert 3--aged care pay rates,320,0,1,fairworkmate.com.au,9,https://fairworkmate.com.au/tools/pay-rates/aged-care-worker-qld,,
cleaner hourly rate,320,0,1,fairworkmate.com.au,5,https://fairworkmate.com.au/tools/pay-rates/job/cleaner,,
cleaners hourly rate,320,0,1,fairworkmate.com.au,4,https://fairworkmate.com.au/tools/pay-rates/cleaner-qld,,
cleaning hourly rate,320,0,1,fairworkmate.com.au,7,https://fairworkmate.com.au/tools/pay-rates/job/cleaner,,
clerk award pay rates,320,0,1,fairworkmate.com.au,12,https://fairworkmate.com.au/tools/pay-rates/clerks,,
community and social services award,320,0,1,fairworkmate.com.au,15,https://fairworkmate.com.au/tools/pay-rates/industry/social-community,,
compassionate leave qld,320,0,1,fairworkmate.com.au,11,https://fairworkmate.com.au/blog/compassionate-bereavement-leave-australia-guide,,
criteria for youth allowance,320,1,1,fairworkmate.com.au,19,https://fairworkmate.com.au/tools/youth-allowance,,
dates for centrelink payments,320,0,1,fairworkmate.com.au,13,https://fairworkmate.com.au/tools/centrelink-payment-dates,,
double time,320,0,1,fairworkmate.com.au,20,https://fairworkmate.com.au/tools/overtime,,
ea agreement,320,10,1,fairworkmate.com.au,20,https://fairworkmate.com.au/agreements,,
education post secondary,320,0,1,fairworkmate.com.au,18,https://fairworkmate.com.au/tools/penalty-rates/educational-services,,
enrolled nurse wage,320,0,1,fairworkmate.com.au,19,https://fairworkmate.com.au/tools/pay-rates/nurse-qld,35,https://pay-calculator-australia.com/healthcare-worker-pay/qld/
fair work annual leave,320,7,1,fairworkmate.com.au,12,https://fairworkmate.com.au/blog/annual-leave-australia-guide,,
fair work award list,320,41,1,fairworkmate.com.au,13,https://fairworkmate.com.au/blog/what-award-am-i-under,,
fair work awards list,320,41,1,fairworkmate.com.au,15,https://fairworkmate.com.au/awards,,
fair work claim,320,27,1,fairworkmate.com.au,7,https://fairworkmate.com.au/blog/how-to-make-fair-work-complaint,,
fair work wage increase 2026,320,34,1,fairworkmate.com.au,17,https://fairworkmate.com.au/blog/minimum-wage-2026-australia,,
family tax benefit calculator australia,320,5,1,fairworkmate.com.au,16,https://fairworkmate.com.au/tools/family-tax-benefit,,
family tax benefit part b calculator,320,16,1,fairworkmate.com.au,17,https://fairworkmate.com.au/tools/family-tax-benefit,,
fast food industry award 2020,320,0,1,fairworkmate.com.au,5,https://fairworkmate.com.au/awards/fast-food-award,,
fast food industry award pay guide,320,0,1,fairworkmate.com.au,12,https://fairworkmate.com.au/tools/pay-rates/industry/fast-food,,
find an award,320,42,1,fairworkmate.com.au,12,https://fairworkmate.com.au/blog/what-award-am-i-under,,
find award,320,42,1,fairworkmate.com.au,8,https://fairworkmate.com.au/blog/what-award-am-i-under,,
free age pension calculator australia,320,12,1,fairworkmate.com.au,18,https://fairworkmate.com.au/tools/age-pension,,
ftb balancing dates 2026,320,0,1,fairworkmate.com.au,14,https://fairworkmate.com.au/blog/centrelink-balancing-2026-ftb-ccs,,
full time minimum hours,320,4,1,fairworkmate.com.au,19,https://fairworkmate.com.au/tools/work-hours/35-hours-per-week,,
grievance leave,320,0,1,fairworkmate.com.au,14,https://fairworkmate.com.au/blog/compassionate-bereavement-leave-australia-guide,,
hairdresser apprentice wage,320,0,1,fairworkmate.com.au,17,https://fairworkmate.com.au/tools/pay-rates/industry/hairdressing,,
hairdresser apprentice wages,320,0,1,fairworkmate.com.au,12,https://fairworkmate.com.au/tools/pay-rates/hairdresser-nsw,,
hairdresser apprenticeship wage,320,0,1,fairworkmate.com.au,17,https://fairworkmate.com.au/tools/pay-rates/industry/hairdressing,,
hairdresser apprenticeship wages,320,0,1,fairworkmate.com.au,18,https://fairworkmate.com.au/tools/pay-rates/industry/hairdressing,,
hairdresser pay rates,320,0,1,fairworkmate.com.au,5,https://fairworkmate.com.au/tools/pay-rates/industry/hairdressing,,
hairdresser wage,320,0,1,fairworkmate.com.au,4,https://fairworkmate.com.au/tools/pay-rates/job/hairdresser,,
hairdressers apprenticeship wages,320,0,1,fairworkmate.com.au,16,https://fairworkmate.com.au/tools/pay-rates/industry/hairdressing,,
hairdressing apprentice wage,320,0,1,fairworkmate.com.au,10,https://fairworkmate.com.au/tools/pay-rates/industry/hairdressing,,
hairdressing apprenticeship salary,320,0,1,fairworkmate.com.au,19,https://fairworkmate.com.au/tools/pay-rates/hairdresser-nsw,,
hairdressing apprenticeship wages,320,0,1,fairworkmate.com.au,18,https://fairworkmate.com.au/tools/pay-rates/industry/hairdressing,,
hairdressing apprenticeships pay rate,320,0,1,fairworkmate.com.au,16,https://fairworkmate.com.au/tools/pay-rates/hairdresser-nsw,,
hairdressing pay,320,0,1,fairworkmate.com.au,6,https://fairworkmate.com.au/tools/pay-rates/job/hairdresser,,
hairdressing pay rate,320,0,1,fairworkmate.com.au,5,https://fairworkmate.com.au/tools/pay-rates/hairdresser-nsw,,
half of 27,320,0,1,fairworkmate.com.au,6,https://fairworkmate.com.au/tools/overtime-pay/27-per-hour,,
health professionals and support services award ma000027,320,0,1,fairworkmate.com.au,10,https://fairworkmate.com.au/awards/health-professionals-award,,
hospitality award wage qld,320,0,1,fairworkmate.com.au,5,https://fairworkmate.com.au/tools/pay-rates/hospitality,,
hospitality award wage rates,320,0,1,fairworkmate.com.au,4,https://fairworkmate.com.au/tools/pay-rates/hospitality,,
hospitality industry pay rates,320,0,1,fairworkmate.com.au,5,https://fairworkmate.com.au/tools/pay-rates/hospitality,,
hourly rate for cleaners,320,0,1,fairworkmate.com.au,2,https://fairworkmate.com.au/tools/pay-rates/job/cleaner,,
hourly rate for cleaning,320,0,1,fairworkmate.com.au,7,https://fairworkmate.com.au/tools/pay-rates/job/cleaner,,
hourly rates for cleaners,320,0,1,fairworkmate.com.au,2,https://fairworkmate.com.au/tools/pay-rates/job/cleaner,,
how much bartender make,320,0,1,fairworkmate.com.au,14,https://fairworkmate.com.au/tools/pay-rates/job/bartender,,
how much bartenders get paid,320,0,1,fairworkmate.com.au,3,https://fairworkmate.com.au/tools/pay-rates/job/bartender,,
how much bartenders make,320,0,1,fairworkmate.com.au,9,https://fairworkmate.com.au/tools/pay-rates/job/bartender,,
how much do bartenders earn,320,0,1,fairworkmate.com.au,6,https://fairworkmate.com.au/tools/pay-rates/job/bartender,,
how much do bartenders get paid,320,0,1,fairworkmate.com.au,2,https://fairworkmate.com.au/tools/pay-rates/job/bartender,,
how much do bartenders make,320,0,1,fairworkmate.com.au,6,https://fairworkmate.com.au/tools/pay-rates/job/bartender,,
how much do carpenters earn in australia,320,0,1,fairworkmate.com.au,19,https://fairworkmate.com.au/tools/pay-rates/job/carpenter,,
how much do dental assistants make,320,0,1,fairworkmate.com.au,15,https://fairworkmate.com.au/tools/pay-rates/dental-assistant-vic,,
how much do dentists assistants make,320,0,1,fairworkmate.com.au,14,https://fairworkmate.com.au/tools/pay-rates/dental-assistant-vic,,
how much do hairdresser make,320,0,1,fairworkmate.com.au,14,https://fairworkmate.com.au/tools/pay-rates/hairdresser-vic,,
how much do hairdressers make,320,0,1,fairworkmate.com.au,11,https://fairworkmate.com.au/tools/pay-rates/hairdresser-vic,,
how much does a barman earn,320,0,1,fairworkmate.com.au,7,https://fairworkmate.com.au/tools/pay-rates/job/bartender,,
how much does a bartender earn,320,0,1,fairworkmate.com.au,5,https://fairworkmate.com.au/tools/pay-rates/job/bartender,,
how much does a bartender make,320,0,1,fairworkmate.com.au,5,https://fairworkmate.com.au/tools/pay-rates/job/bartender,,
how much does a hairdresser make,320,0,1,fairworkmate.com.au,15,https://fairworkmate.com.au/tools/pay-rates/hairdresser-vic,,
how much does a social worker earn in australia,320,0,1,fairworkmate.com.au,18,https://fairworkmate.com.au/tools/pay-rates/social-worker-wa,,
how much does coles pay 15 year olds,320,0,1,fairworkmate.com.au,5,https://fairworkmate.com.au/blog/coles-pay-rates-2026,,
how much does hairdresser make,320,0,1,fairworkmate.com.au,13,https://fairworkmate.com.au/tools/pay-rates/hairdresser-vic,,
how much is carers payment centrelink,320,4,1,fairworkmate.com.au,10,https://fairworkmate.com.au/blog/carer-payment-rates-2026-australia,,
how much is unemployment benefit,320,2,1,fairworkmate.com.au,20,https://fairworkmate.com.au/wiki/centrelink-payment-rates,,
how much is unemployment benefits,320,4,1,fairworkmate.com.au,12,https://fairworkmate.com.au/wiki/centrelink-payment-rates,,
how much is unemployment payments,320,7,1,fairworkmate.com.au,19,https://fairworkmate.com.au/wiki/centrelink-payment-rates,,
how much job seekers do you get,320,1,1,fairworkmate.com.au,8,https://fairworkmate.com.au/wiki/centrelink-payment-rates,,
how much to bartenders make,320,0,1,fairworkmate.com.au,7,https://fairworkmate.com.au/tools/pay-rates/job/bartender,,
how much unemployment benefits,320,2,1,fairworkmate.com.au,10,https://fairworkmate.com.au/wiki/centrelink-payment-rates,,
how old to work at coles,320,0,1,fairworkmate.com.au,17,https://fairworkmate.com.au/blog/coles-pay-rates-2026,,
hr pay rate,320,3,1,fairworkmate.com.au,13,https://fairworkmate.com.au/tools/salary-converter,,
is compassionate leave paid,320,0,1,fairworkmate.com.au,8,https://fairworkmate.com.au/blog/compassionate-bereavement-leave-australia-guide,,
is youth allowance taxable,320,5,1,fairworkmate.com.au,20,https://fairworkmate.com.au/tools/youth-allowance,,
jobseeker payment increase,320,0,1,fairworkmate.com.au,10,https://fairworkmate.com.au/wiki/centrelink-payment-rates,,
jobseeker payment increase 2025,320,0,2,atotaxrates.info,12,https://atotaxrates.info/centrelink-payment-rates/,,
kfc jobs pay rate,320,0,1,fairworkmate.com.au,1,https://fairworkmate.com.au/blog/kfc-pay-rates-2026,,
kfc pay,320,0,1,fairworkmate.com.au,2,https://fairworkmate.com.au/blog/kfc-pay-rates-2026,,
kfc pay rate,320,0,1,fairworkmate.com.au,2,https://fairworkmate.com.au/blog/kfc-pay-rates-2026,,
kfc pay rates,320,0,1,fairworkmate.com.au,2,https://fairworkmate.com.au/blog/kfc-pay-rates-2026,,
kfc penalty rates,320,0,1,fairworkmate.com.au,2,https://fairworkmate.com.au/blog/kfc-pay-rates-2026,,
leave loading percentage,320,0,1,fairworkmate.com.au,6,https://fairworkmate.com.au/blog/leave-loading-17-5-percent-explained,,
legal services award 2020,320,0,1,fairworkmate.com.au,14,https://fairworkmate.com.au/awards/legal-services-award,,
liquid hr,320,0,1,fairworkmate.com.au,11,https://fairworkmate.com.au/liquid-hr,,
list of awards fair work,320,41,1,fairworkmate.com.au,14,https://fairworkmate.com.au/blog/what-award-am-i-under,,
local government award nsw,320,0,1,fairworkmate.com.au,17,https://fairworkmate.com.au/awards/local-government-award,,
local government state award 2023,320,0,1,fairworkmate.com.au,19,https://fairworkmate.com.au/tools/pay-rates/industry/local-government,,
ma000002,320,0,1,fairworkmate.com.au,20,https://fairworkmate.com.au/tools/pay-rates/clerks,,
ma000004,320,0,1,fairworkmate.com.au,14,https://fairworkmate.com.au/tools/pay-rates/retail,,
ma000119,320,0,1,fairworkmate.com.au,19,https://fairworkmate.com.au/tools/pay-rates/restaurant,,
manufacturing award pay guide,320,0,1,fairworkmate.com.au,11,https://fairworkmate.com.au/tools/pay-rates/industry/manufacturing,,
mechanic salary in australia,320,0,1,fairworkmate.com.au,20,https://fairworkmate.com.au/tools/pay-rates/job/mechanic,,
minimum retail wage australia,320,0,1,fairworkmate.com.au,4,https://fairworkmate.com.au/tools/pay-rates/job/retail-worker,,
minimum wage australia retail,320,0,1,fairworkmate.com.au,4,https://fairworkmate.com.au/tools/pay-rates/job/retail-worker,,
minimum wage for apprentice,320,0,1,fairworkmate.com.au,15,https://fairworkmate.com.au/tools/apprentice-wages,,
minimum wage for apprenticeship,320,3,1,fairworkmate.com.au,15,https://fairworkmate.com.au/tools/apprentice-wages,,
minimum wage for retail australia,320,2,1,fairworkmate.com.au,3,https://fairworkmate.com.au/tools/pay-rates/job/retail-worker,,
minimum wage retail australia,320,1,1,fairworkmate.com.au,4,https://fairworkmate.com.au/tools/pay-rates/job/retail-worker,,
minimum wages for apprentices,320,0,1,fairworkmate.com.au,15,https://fairworkmate.com.au/tools/apprentice-wages,,
ndia enterprise agreement,320,0,1,fairworkmate.com.au,18,https://fairworkmate.com.au/agreements,,
nes redundancy pay,320,0,1,fairworkmate.com.au,16,https://fairworkmate.com.au/tools/redundancy-pay,,
nsw local government award,320,0,1,fairworkmate.com.au,19,https://fairworkmate.com.au/awards/local-government-award,,
nurse award qld,320,1,1,fairworkmate.com.au,11,https://fairworkmate.com.au/tools/pay-rates/nurse-qld,37,https://pay-calculator-australia.com/healthcare-worker-pay/qld/
nurses award qld,320,0,1,fairworkmate.com.au,12,https://fairworkmate.com.au/tools/pay-rates/nurse-qld,33,https://pay-calculator-australia.com/healthcare-worker-pay/qld/
nurses pay rates nsw,320,0,1,fairworkmate.com.au,20,https://fairworkmate.com.au/tools/pay-rates/nurse-nsw,34,https://pay-calculator-australia.com/healthcare-worker-pay/nsw/
part time penalty rates,320,0,1,fairworkmate.com.au,20,https://fairworkmate.com.au/wiki/overtime-and-penalty-rates,,
pay rate for hairdressers,320,0,1,fairworkmate.com.au,4,https://fairworkmate.com.au/tools/pay-rates/job/hairdresser,,
pay rate for kfc,320,0,1,fairworkmate.com.au,2,https://fairworkmate.com.au/blog/kfc-pay-rates-2026,,
pay rate for pharmacy technician,320,0,1,fairworkmate.com.au,15,https://fairworkmate.com.au/tools/pay-rates/pharmacy-assistant-qld,,
pay rate hospitality,320,0,1,fairworkmate.com.au,3,https://fairworkmate.com.au/tools/pay-rates/hospitality,,
pay rates for hospitality,320,0,1,fairworkmate.com.au,5,https://fairworkmate.com.au/tools/pay-rates/hospitality,53,https://pay-calculator-australia.com/retail-hospitality-pay-guide/
pay rates for hospitality industry,320,0,1,fairworkmate.com.au,3,https://fairworkmate.com.au/tools/pay-rates/hospitality,49,https://pay-calculator-australia.com/retail-hospitality-pay-guide/
pay rates hospitality,320,0,1,fairworkmate.com.au,4,https://fairworkmate.com.au/tools/pay-rates/hospitality,,
payment dates centrelink,320,0,1,fairworkmate.com.au,11,https://fairworkmate.com.au/tools/centrelink-payment-dates,,
pharmacy assistant jobs perth,320,0,1,fairworkmate.com.au,17,https://fairworkmate.com.au/tools/pay-rates/pharmacy-assistant-wa,,
pharmacy award 2025,320,0,1,fairworkmate.com.au,13,https://fairworkmate.com.au/tools/pay-rates/industry/pharmacy,,
plumber and fire sprinklers award,320,0,1,fairworkmate.com.au,13,https://fairworkmate.com.au/tools/pay-rates/plumbing,,
plumbers and fire sprinklers award,320,0,1,fairworkmate.com.au,14,https://fairworkmate.com.au/tools/pay-rates/plumbing,,
plumbing and fire sprinklers award,320,0,1,fairworkmate.com.au,15,https://fairworkmate.com.au/tools/pay-rates/plumbing,,
plumbing fire sprinklers award,320,0,1,fairworkmate.com.au,13,https://fairworkmate.com.au/tools/pay-rates/plumbing,,
post secondary education award,320,0,1,fairworkmate.com.au,18,https://fairworkmate.com.au/tools/penalty-rates/educational-services,,
probation period fair work,320,0,1,fairworkmate.com.au,14,https://fairworkmate.com.au/blog/probation-period-rights-what-employer-can-do,,
public holiday casual rates,320,0,1,fairworkmate.com.au,7,https://fairworkmate.com.au/blog/casual-public-holiday-pay-2026,,
public holiday rate qld,320,0,1,fairworkmate.com.au,14,https://fairworkmate.com.au/blog/casual-public-holiday-pay-2026,,
public holiday rates qld,320,0,1,fairworkmate.com.au,15,https://fairworkmate.com.au/blog/casual-public-holiday-pay-2026,,
redundancy nsw,320,16,1,fairworkmate.com.au,16,https://fairworkmate.com.au/state/nsw/redundancy-pay,,
restaurant industry award pay rates,320,0,1,fairworkmate.com.au,12,https://fairworkmate.com.au/tools/pay-rates/restaurant,,
retail award wage nsw,320,0,1,fairworkmate.com.au,6,https://fairworkmate.com.au/tools/pay-rates/retail,,
schads award pay rates 2026 pdf,320,0,1,fairworkmate.com.au,10,https://fairworkmate.com.au/tools/pay-rates/schads,,
single parent payment amount,320,0,1,fairworkmate.com.au,8,https://fairworkmate.com.au/tools/parenting-payment,,
site manager pay,320,0,1,fairworkmate.com.au,14,https://fairworkmate.com.au/tools/pay-rates/job/site-supervisor,,
site manager wage,320,0,1,fairworkmate.com.au,10,https://fairworkmate.com.au/tools/pay-rates/job/site-supervisor,,
stop bullying orders,320,0,1,fairworkmate.com.au,20,https://fairworkmate.com.au/glossary/stop-bullying-order,,
storage services and wholesale award,320,0,1,fairworkmate.com.au,19,https://fairworkmate.com.au/tools/pay-rates/storage-wholesale,,
therapist pay rate,320,0,1,fairworkmate.com.au,4,https://fairworkmate.com.au/tools/pay-rates/job/psychologist,,
time and a half calculator,320,10,1,fairworkmate.com.au,3,https://fairworkmate.com.au/tools/overtime,,
underpaid,320,2,1,fairworkmate.com.au,18,https://fairworkmate.com.au/tools/underpaid-check,,
vet nurse salary au,320,0,1,fairworkmate.com.au,16,https://fairworkmate.com.au/tools/pay-rates/veterinary-nurse-wa,,
vet nurse salary australia,320,0,1,fairworkmate.com.au,17,https://fairworkmate.com.au/tools/pay-rates/veterinary-nurse-wa,,
vet nurse salary in australia,320,0,1,fairworkmate.com.au,19,https://fairworkmate.com.au/tools/pay-rates/veterinary-nurse-wa,,
vet nurse wage australia,320,0,1,fairworkmate.com.au,9,https://fairworkmate.com.au/tools/pay-rates/job/veterinary-nurse,,
vet nurse wages australia,320,0,1,fairworkmate.com.au,8,https://fairworkmate.com.au/tools/pay-rates/job/veterinary-nurse,,
veterinary nurse australia salary,320,0,1,fairworkmate.com.au,17,https://fairworkmate.com.au/tools/pay-rates/veterinary-nurse-wa,,
veterinary nurse award,320,0,1,fairworkmate.com.au,18,https://fairworkmate.com.au/tools/pay-rates/veterinary-nurse-nsw,,
veterinary nurse pay australia,320,0,1,fairworkmate.com.au,18,https://fairworkmate.com.au/tools/pay-rates/veterinary-nurse-wa,,
veterinary nurse salary australia,320,0,1,fairworkmate.com.au,19,https://fairworkmate.com.au/tools/pay-rates/veterinary-nurse-wa,,
veterinary nurse salary in australia,320,0,1,fairworkmate.com.au,19,https://fairworkmate.com.au/tools/pay-rates/veterinary-nurse-wa,,
veterinary nurse wage australia,320,0,1,fairworkmate.com.au,19,https://fairworkmate.com.au/tools/pay-rates/veterinary-nurse-wa,,
veterinary nursing award,320,0,1,fairworkmate.com.au,20,https://fairworkmate.com.au/tools/pay-rates/veterinary-nurse-wa,,
wage increase 2026 australia,320,4,1,fairworkmate.com.au,15,https://fairworkmate.com.au/blog/minimum-wage-2026-australia,,
wages for hairdressers,320,0,1,fairworkmate.com.au,5,https://fairworkmate.com.au/tools/pay-rates/industry/hairdressing,,
wages for hairdressing apprentices,320,0,1,fairworkmate.com.au,14,https://fairworkmate.com.au/tools/pay-rates/industry/hairdressing,,
wages hairdressing,320,0,1,fairworkmate.com.au,5,https://fairworkmate.com.au/tools/pay-rates/job/hairdresser,,
what is a rotating roster,320,0,1,fairworkmate.com.au,7,https://fairworkmate.com.au/tools/work-hours/rotating-roster,,
what is a split shift,320,0,1,fairworkmate.com.au,14,https://fairworkmate.com.au/tools/work-hours/split-shift,,
what is minimum wage in western australia,320,5,1,fairworkmate.com.au,11,https://fairworkmate.com.au/tools/pay-rates/factory-worker-wa,,
what is rotating roster,320,0,1,fairworkmate.com.au,10,https://fairworkmate.com.au/tools/work-hours/rotating-roster,,
what is the minimum wage in western australia,320,6,1,fairworkmate.com.au,13,https://fairworkmate.com.au/tools/pay-rates/factory-worker-wa,,
wine industry award,320,0,1,fairworkmate.com.au,5,https://fairworkmate.com.au/tools/pay-rates/wine-industry,,
woolworths pay rates 2026,320,0,1,fairworkmate.com.au,2,https://fairworkmate.com.au/blog/woolworths-pay-rates-2026,,
work break,320,0,1,fairworkmate.com.au,16,https://fairworkmate.com.au/blog/break-entitlements-by-shift-length-australia,,
work breaks,320,0,1,fairworkmate.com.au,16,https://fairworkmate.com.au/blog/break-entitlements-by-shift-length-australia,,
working 2,320,1,1,fairworkmate.com.au,8,https://fairworkmate.com.au/blog/second-job-rights-australia,,
working hours a week,320,9,1,fairworkmate.com.au,20,https://fairworkmate.com.au/tools/work-hours/35-hours-per-week,,
working week hours,320,9,1,fairworkmate.com.au,19,https://fairworkmate.com.au/tools/work-hours/35-hours-per-week,,
youth allowance criteria,320,2,1,fairworkmate.com.au,19,https://fairworkmate.com.au/tools/youth-allowance,,
afterpay calculator,320,33,1,paycalculator.com.au,14,https://paycalculator.com.au/,,
annualised pay calculator,320,0,1,paycalculator.com.au,4,https://paycalculator.com.au/,91,https://pay-calculator-australia.com/hourly-to-annual-salary-calculator/
calculate estimated tax return,320,26,1,paycalculator.com.au,11,https://paycalculator.com.au/,,
cost of an employee calculator,320,1,1,paycalculator.com.au,20,https://paycalculator.com.au/,79,https://pay-calculator-australia.com/employer-cost-calculator/
education loan repayment,320,10,1,paycalculator.com.au,13,https://paycalculator.com.au/student-loan/,,
employment costs calculator,320,0,1,paycalculator.com.au,15,https://paycalculator.com.au/,39,https://pay-calculator-australia.com/employer-cost-calculator/
financial calculator net,320,49,1,paycalculator.com.au,20,https://paycalculator.com.au/,,
find my payment,320,23,1,paycalculator.com.au,14,https://paycalculator.com.au/,,
how to pay off hecs debt,320,0,1,paycalculator.com.au,15,https://paycalculator.com.au/student-loan/,,
income tax formulas,320,20,1,paycalculator.com.au,18,https://paycalculator.com.au/,,
income tax return calculator,320,25,1,paycalculator.com.au,9,https://paycalculator.com.au/,54,https://pay-calculator-australia.com/tax-return-calculator/
income tax return tax estimate,320,18,1,paycalculator.com.au,13,https://paycalculator.com.au/,,
income taxes formula,320,9,1,paycalculator.com.au,14,https://paycalculator.com.au/,,
loan student repayment,320,13,1,paycalculator.com.au,6,https://paycalculator.com.au/student-loan/,,
payroll tax wa calculator,320,6,1,paycalculator.com.au,9,https://paycalculator.com.au/,51,https://pay-calculator-australia.com/pay-calculator-wa/
repay student loan,320,13,1,paycalculator.com.au,6,https://paycalculator.com.au/student-loan/,,
repay student loans,320,14,1,paycalculator.com.au,6,https://paycalculator.com.au/student-loan/,,
repaying student loans,320,27,1,paycalculator.com.au,7,https://paycalculator.com.au/student-loan/,,
repayment for student loans,320,27,1,paycalculator.com.au,6,https://paycalculator.com.au/student-loan/,,
repayment of student loans,320,12,1,paycalculator.com.au,7,https://paycalculator.com.au/student-loan/,,
repayment student loans,320,16,1,paycalculator.com.au,5,https://paycalculator.com.au/student-loan/,,
repayments student loan,320,21,1,paycalculator.com.au,4,https://paycalculator.com.au/student-loan/,,
simple tax calculator 2025,320,28,1,paycalculator.com.au,5,https://paycalculator.com.au/,,
tax calculator 25 26,320,28,1,paycalculator.com.au,7,https://paycalculator.com.au/,,
tax income formula,320,25,1,paycalculator.com.au,6,https://paycalculator.com.au/,,
taxable income formula,320,8,1,paycalculator.com.au,7,https://paycalculator.com.au/,,
2024 tax rate,320,32,1,atotaxrates.info,15,https://atotaxrates.info/,41,https://pay-calculator-australia.com/tax-brackets/
2025 2026 tax brackets,320,12,1,atotaxrates.info,16,https://atotaxrates.info/,69,https://pay-calculator-australia.com/tax-brackets/
2025/2026 tax brackets,320,24,1,atotaxrates.info,14,https://atotaxrates.info/,41,https://pay-calculator-australia.com/tax-brackets/
63000 bsb,320,0,1,atotaxrates.info,19,https://atotaxrates.info/numbers/bsb-search/,,
ato car log book,320,0,1,atotaxrates.info,12,https://atotaxrates.info/tax-deductions/work-related-car-expenses/log-book-method/,,
ato contact details,320,5,1,atotaxrates.info,15,https://atotaxrates.info/ato-contacts/,,
ato logbook requirements,320,10,1,atotaxrates.info,15,https://atotaxrates.info/tax-deductions/work-related-car-expenses/log-book-method/,,
ato per diem,320,0,1,atotaxrates.info,6,https://atotaxrates.info/allowances/ato-reasonable-travel-allowances/,,
ato private ruling,320,0,1,atotaxrates.info,10,https://atotaxrates.info/other-tax-topics/atos-private-binding-rulings-register/,,
ato private rulings,320,0,1,atotaxrates.info,10,https://atotaxrates.info/other-tax-topics/atos-private-binding-rulings-register/,,
ato salary packaging,320,16,1,atotaxrates.info,19,https://atotaxrates.info/other-tax-topics/tax-planning-topics/what-is-salary-sacrifice/,,
ato travel allowance per kilometre,320,13,1,atotaxrates.info,14,https://atotaxrates.info/allowances/ato-reasonable-travel-allowances/,,
ato travel allowance per km,320,19,1,atotaxrates.info,12,https://atotaxrates.info/allowances/ato-reasonable-travel-allowances/,,
ato travel rate,320,13,1,atotaxrates.info,11,https://atotaxrates.info/allowances/ato-reasonable-travel-allowances/,,
ato travel rates,320,22,1,atotaxrates.info,7,https://atotaxrates.info/allowances/ato-reasonable-travel-allowances/,,
ato wfh rate,320,7,1,atotaxrates.info,9,https://atotaxrates.info/tax-deductions/home-office-expenses/,,
bsb 124899,320,0,1,atotaxrates.info,16,https://atotaxrates.info/numbers/bsb-search/,,
bsb 944600,320,0,1,atotaxrates.info,18,https://atotaxrates.info/numbers/bsb-search/,,
bsb account number search,320,14,1,atotaxrates.info,17,https://atotaxrates.info/numbers/bsb-search/,,
bsb locations,320,23,1,atotaxrates.info,19,https://atotaxrates.info/numbers/bsb-search/,,
bsb: 124899,320,0,1,atotaxrates.info,16,https://atotaxrates.info/numbers/bsb-search/,,
calculate car depreciation ato,320,21,1,atotaxrates.info,16,https://atotaxrates.info/tax-deductions/work-related-car-expenses/depreciation-of-vehicles/,,
car cost limit,320,0,1,atotaxrates.info,3,https://atotaxrates.info/tax-deductions/work-related-car-expenses/car-depreciation-limits-guide/,,
car cost limit 2025,320,0,1,atotaxrates.info,6,https://atotaxrates.info/tax-deductions/work-related-car-expenses/car-depreciation-limits-guide/,,
centrelink $600 payment 2025,320,4,1,atotaxrates.info,12,https://atotaxrates.info/centrelink-payment-rates/,,
centrelink bonus payment,320,3,1,atotaxrates.info,11,https://atotaxrates.info/centrelink-payment-rates/,,
centrelink bonus payments,320,7,1,atotaxrates.info,12,https://atotaxrates.info/centrelink-payment-rates/,,
centrelink bonus payments 2026,320,0,1,atotaxrates.info,12,https://atotaxrates.info/centrelink-payment-rates/,,
centrelink indexation payment increase,320,0,1,atotaxrates.info,19,https://atotaxrates.info/centrelink-payment-rates/,,
deceased estate tax rate,320,0,1,atotaxrates.info,14,https://atotaxrates.info/businesses/trust-tax-rates/,,
diesel fuel rebate calculator,320,0,1,atotaxrates.info,10,https://atotaxrates.info/businesses/fuel-tax-credit/,,
diesel rebate calculator,320,0,1,atotaxrates.info,13,https://atotaxrates.info/businesses/fuel-tax-credit/,,
div7a interest rate,320,0,1,atotaxrates.info,11,https://atotaxrates.info/businesses/division-7a-benchmark-interest-rates/,,
division 7a interest rate 2026,320,0,1,atotaxrates.info,9,https://atotaxrates.info/businesses/division-7a-benchmark-interest-rates/,,
fbt interest rate 2025,320,0,1,atotaxrates.info,2,https://atotaxrates.info/businesses/fringe-benefits-tax/fbt-benchmark-interest-rate/,42,https://pay-calculator-australia.com/fringe-benefits-tax/
formula for gst,320,6,1,atotaxrates.info,20,https://atotaxrates.info/businesses/bas-statement/gst-calculator/,,
formula gst,320,5,1,atotaxrates.info,20,https://atotaxrates.info/businesses/bas-statement/gst-calculator/,,
franking credit refund,320,0,1,atotaxrates.info,15,https://atotaxrates.info/tax-offset/franking-credit-refunds-without-a-tax-return/,,
franking credits calculation,320,0,1,atotaxrates.info,2,https://atotaxrates.info/businesses/company-tax-rates/dividend-franking-credit-calculators/,,
franking credits calculator,320,0,1,atotaxrates.info,1,https://atotaxrates.info/businesses/company-tax-rates/dividend-franking-credit-calculators/,,
franking credits formula,320,0,1,atotaxrates.info,2,https://atotaxrates.info/businesses/company-tax-rates/dividend-franking-credit-calculators/,,
fuel tax credit rates 2025,320,7,1,atotaxrates.info,15,https://atotaxrates.info/businesses/fuel-tax-credit/,,
gst formula,320,11,1,atotaxrates.info,19,https://atotaxrates.info/businesses/bas-statement/gst-calculator/,,
how to calculate franking credits,320,0,1,atotaxrates.info,2,https://atotaxrates.info/businesses/company-tax-rates/dividend-franking-credit-calculators/,,
income tax slabs australia,320,37,1,atotaxrates.info,20,https://atotaxrates.info/,53,https://pay-calculator-australia.com/tax-brackets/
logbook method ato,320,0,1,atotaxrates.info,14,https://atotaxrates.info/tax-deductions/work-related-car-expenses/log-book-method/,,
lump sum e payment,320,0,1,atotaxrates.info,11,https://atotaxrates.info/tax-offset/delayed-income-tax-offset/,,
lump sum e payments,320,0,1,atotaxrates.info,11,https://atotaxrates.info/tax-offset/delayed-income-tax-offset/,,
lump sum payment e,320,0,1,atotaxrates.info,12,https://atotaxrates.info/tax-offset/delayed-income-tax-offset/,,
lump sum payments in arrears,320,0,1,atotaxrates.info,15,https://atotaxrates.info/tax-offset/delayed-income-tax-offset/,,
luxury car limit,320,0,1,atotaxrates.info,6,https://atotaxrates.info/tax-deductions/work-related-car-expenses/car-depreciation-limits-guide/,,
luxury car limits,320,0,1,atotaxrates.info,5,https://atotaxrates.info/tax-deductions/work-related-car-expenses/car-depreciation-limits-guide/,,
luxury vehicle limit,320,0,1,atotaxrates.info,3,https://atotaxrates.info/tax-deductions/work-related-car-expenses/car-depreciation-limits-guide/,,
meal allowance 2025,320,0,1,atotaxrates.info,3,https://atotaxrates.info/allowances/ato-reasonable-travel-allowances/,,
payroll tax due dates nsw,320,0,1,atotaxrates.info,16,https://atotaxrates.info/businesses/payroll-tax/payroll-tax-nsw/,,
per diem ato,320,0,1,atotaxrates.info,6,https://atotaxrates.info/allowances/ato-reasonable-travel-allowances/,,
per diems ato,320,0,1,atotaxrates.info,6,https://atotaxrates.info/allowances/ato-reasonable-travel-allowances/,,
rental property and tax deductions,320,6,1,atotaxrates.info,18,https://atotaxrates.info/tax-deductions/rental-property-tax-deductions/,,
rental property deductions,320,2,1,atotaxrates.info,15,https://atotaxrates.info/tax-deductions/rental-property-tax-deductions/,,
rental property tax deductible expenses,320,6,1,atotaxrates.info,16,https://atotaxrates.info/tax-deductions/rental-property-tax-deductions/,,
tax brackets 2026 27,320,32,1,atotaxrates.info,13,https://atotaxrates.info/,44,https://pay-calculator-australia.com/tax-brackets/
tax nsw rates,320,32,1,atotaxrates.info,9,https://atotaxrates.info/businesses/payroll-tax/payroll-tax-nsw/,,
tax rate 2024,320,27,1,atotaxrates.info,14,https://atotaxrates.info/,46,https://pay-calculator-australia.com/tax-brackets/
tax rate 2025 australia,320,37,1,atotaxrates.info,17,https://atotaxrates.info/,77,https://pay-calculator-australia.com/tax-brackets/
tax rates 2024,320,32,1,atotaxrates.info,10,https://atotaxrates.info/,44,https://pay-calculator-australia.com/tax-brackets/
tax rates 2025 2026,320,36,1,atotaxrates.info,16,https://atotaxrates.info/,74,https://pay-calculator-australia.com/tax-brackets/
tax rates 2025 australia,320,37,1,atotaxrates.info,14,https://atotaxrates.info/,74,https://pay-calculator-australia.com/tax-brackets/
tax rates 2025-2026,320,37,1,atotaxrates.info,13,https://atotaxrates.info/,53,https://pay-calculator-australia.com/tax-brackets/
tax rates 2025/2026,320,37,1,atotaxrates.info,13,https://atotaxrates.info/,,
tax tables 2025--26,320,23,1,atotaxrates.info,12,https://atotaxrates.info/,49,https://pay-calculator-australia.com/tax-bracket-history/
tax tables 2025-26,320,24,1,atotaxrates.info,12,https://atotaxrates.info/,31,https://pay-calculator-australia.com/monthly-tax-table/
tax tables 2025/26,320,23,1,atotaxrates.info,14,https://atotaxrates.info/,94,https://pay-calculator-australia.com/income-tax-calculator/
taxation rates 2024,320,32,1,atotaxrates.info,13,https://atotaxrates.info/,42,https://pay-calculator-australia.com/tax-brackets/
termination value,320,0,1,atotaxrates.info,6,https://atotaxrates.info/tax-deductions/work-related-car-expenses/disposal-of-a-work-related-car/,,
travel expenses,320,0,1,atotaxrates.info,17,https://atotaxrates.info/allowances/ato-reasonable-travel-allowances/,,
trustee tax rates,320,9,1,atotaxrates.info,11,https://atotaxrates.info/businesses/trust-tax-rates/,,
working away from home allowance,320,0,1,atotaxrates.info,19,https://atotaxrates.info/allowances/lafha/,,
working away from home allowances,320,0,1,atotaxrates.info,18,https://atotaxrates.info/allowances/lafha/,,
ato gst calculator,260,6,2,atotaxcalculator.com.au,2,https://atotaxcalculator.com.au/gst-calculator,,
ato tax income calculator,260,28,3,paycalculator.com.au,7,https://paycalculator.com.au/,,
gst calculator ato,260,6,2,atotaxcalculator.com.au,2,https://atotaxcalculator.com.au/gst-calculator,,
hecs debt interest,260,1,1,atotaxcalculator.com.au,14,https://atotaxcalculator.com.au/hecs-debt-indexation,,
hecs indexation 2025,260,0,1,atotaxcalculator.com.au,10,https://atotaxcalculator.com.au/hecs-debt-indexation,,
hecs repayment ato,260,21,2,atotaxcalculator.com.au,9,https://atotaxcalculator.com.au/help-debt,,
if i donate $5000 how much tax refund,260,0,1,atotaxcalculator.com.au,17,https://atotaxcalculator.com.au/donation-tax-deduction-calculator,,
personal tax calculator ato,260,38,3,paycalculator.com.au,6,https://paycalculator.com.au/,76,https://pay-calculator-australia.com/income-tax-calculator/
what is a low income tax offset,260,5,1,atotaxcalculator.com.au,15,https://atotaxcalculator.com.au/low-income-tax-offset-lito,66,https://pay-calculator-australia.com/low-income-tax-offset/
what is the low income tax offset,260,5,1,atotaxcalculator.com.au,15,https://atotaxcalculator.com.au/low-income-tax-offset-lito,60,https://pay-calculator-australia.com/low-income-tax-offset/
100 000 after tax australia,260,9,3,wagecalculator.com.au,3,https://www.wagecalculator.com.au/,97,https://pay-calculator-australia.com/tax-on/100000/
100000 after tax,260,9,3,wagecalculator.com.au,4,https://www.wagecalculator.com.au/salary/100000,61,https://pay-calculator-australia.com/take-home-pay-on/100000/
100000 after tax australia,260,9,3,wagecalculator.com.au,4,https://www.wagecalculator.com.au/,59,https://pay-calculator-australia.com/take-home-pay-on/100000/
100k after tax,260,13,4,wagecalculator.com.au,3,https://www.wagecalculator.com.au/,58,https://pay-calculator-australia.com/take-home-pay-on/100000/
180k after tax australia,260,7,3,salaryaftertax.com,3,https://salaryaftertax.com/salary-calculator/australia,,
45 per hour annual salary,260,0,6,fairworkmate.com.au,1,https://fairworkmate.com.au/tools/salary-converter/hourly/45,41,https://pay-calculator-australia.com/hourly-to-annual-salary-calculator/
70k after tax australia,260,10,4,wagecalculator.com.au,5,https://www.wagecalculator.com.au/,32,https://pay-calculator-australia.com/tax-on/70000/
australia base salary,260,9,2,salaryaftertax.com,11,https://salaryaftertax.com/salary-calculator/australia,,
average salary germany,260,10,1,salaryaftertax.com,13,https://salaryaftertax.com/de/salary-calculator,,
average salary in germany,260,8,1,salaryaftertax.com,11,https://salaryaftertax.com/de/salary-calculator,,
base salary in australia,260,4,3,wagecalculator.com.au,14,https://www.wagecalculator.com.au/,,
gross and net salary,260,6,4,paycalculator.com.au,2,https://paycalculator.com.au/,34,https://pay-calculator-australia.com/gross-pay-calculator/
gross net salary,260,0,4,paycalculator.com.au,1,https://paycalculator.com.au/,31,https://pay-calculator-australia.com/gross-pay-calculator/
gross salary and net salary,260,5,5,paycalculator.com.au,1,https://paycalculator.com.au/,36,https://pay-calculator-australia.com/gross-pay-calculator/
gross to net income,260,0,4,paycalculator.com.au,1,https://paycalculator.com.au/,36,https://pay-calculator-australia.com/gross-pay-calculator/
gross to net pay,260,2,5,paycalculator.com.au,1,https://paycalculator.com.au/,38,https://pay-calculator-australia.com/gross-pay-calculator/
gross to net salary,260,0,4,paycalculator.com.au,3,https://paycalculator.com.au/,37,https://pay-calculator-australia.com/gross-pay-calculator/
in hand salary calculator,260,3,5,paycalculator.com.au,1,https://paycalculator.com.au/,,
in-hand salary calculator,260,14,5,paycalculator.com.au,1,https://paycalculator.com.au/,,
income tax calculator gov uk,260,56,1,salaryaftertax.com,14,https://salaryaftertax.com/salary-calculator/uk,,
income tax calculator uk gov,260,56,1,salaryaftertax.com,12,https://salaryaftertax.com/salary-calculator/uk,,
salary ca,260,34,4,paycalculator.com.au,1,https://paycalculator.com.au/,,
salary in hand calculator,260,1,5,paycalculator.com.au,1,https://paycalculator.com.au/,,
what is annual income gross,260,5,3,paycalculator.com.au,10,https://paycalculator.com.au/,,
builders pay rates,260,0,1,paycal.com.au,15,https://paycal.com.au/contractor-pay-calculator/,36,https://pay-calculator-australia.com/construction-trades-pay/
calculate in hand salary,260,25,3,paycalculator.com.au,1,https://paycalculator.com.au/,,
calculating student loan repayments,260,24,2,paycalculator.com.au,4,https://paycalculator.com.au/student-loan/,,
calculator pay,260,13,4,paycalculator.com.au,1,https://paycalculator.com.au/,,
construction job pay rates,260,0,1,paycal.com.au,20,https://paycal.com.au/contractor-pay-calculator/,,
construction workers payment,260,0,1,paycal.com.au,18,https://paycal.com.au/contractor-pay-calculator/,,
create a payslip,260,7,2,paycal.com.au,2,https://paycal.com.au/payslip-generator/,43,https://pay-calculator-australia.com/payslip-generator/
education loan repayment calculator,260,11,2,paycalculator.com.au,4,https://paycalculator.com.au/student-loan/,,
free tax invoice template,260,24,1,paycal.com.au,16,https://paycal.com.au/invoice-generator/,,
gst invoice,260,3,1,paycal.com.au,17,https://paycal.com.au/invoice-generator/,,
how much is 6 months rego nsw,260,1,1,paycal.com.au,15,https://paycal.com.au/vehicle-registration-calculator/,,
how much tax should i pay calculator,260,28,4,paycalculator.com.au,3,https://paycalculator.com.au/,,
how much to transfer rego nsw,260,19,1,paycal.com.au,14,https://paycal.com.au/vehicle-registration-calculator/,,
how to find annual income,260,24,3,paycalculator.com.au,7,https://paycalculator.com.au/,,
how to work out net income,260,8,3,paycalculator.com.au,6,https://paycalculator.com.au/,48,https://pay-calculator-australia.com/gross-pay-calculator/
loan repayment calculator student,260,20,2,paycalculator.com.au,2,https://paycalculator.com.au/student-loan/,,
net calculator,260,14,4,paycalculator.com.au,1,https://paycalculator.com.au/,40,https://pay-calculator-australia.com/gross-pay-calculator/
net income to gross,260,4,4,paycalculator.com.au,3,https://paycalculator.com.au/,36,https://pay-calculator-australia.com/gross-pay-calculator/
pay student loan calculator,260,32,2,paycalculator.com.au,3,https://paycalculator.com.au/student-loan/,,
payment calculator student loan,260,26,2,paycalculator.com.au,4,https://paycalculator.com.au/student-loan/,,
payroll calculator wa,260,20,4,paycalculator.com.au,1,https://paycalculator.com.au/,61,https://pay-calculator-australia.com/
payroll tax calculator nsw,260,33,3,paycalculator.com.au,4,https://paycalculator.com.au/,52,https://pay-calculator-australia.com/pay-calculator-nsw/
payroll tax calculator qld,260,23,3,paycalculator.com.au,9,https://paycalculator.com.au/,65,https://pay-calculator-australia.com/pay-calculator-qld/
payroll tax queensland calculator,260,9,3,wagecalculator.com.au,15,https://www.wagecalculator.com.au/,62,https://pay-calculator-australia.com/pay-calculator-qld/
registration calculator,260,23,1,paycal.com.au,15,https://paycal.com.au/vehicle-registration-calculator/,,
repaye student loan calculator,260,43,2,paycalculator.com.au,5,https://paycalculator.com.au/student-loan/,,
repayment student loan calculator,260,23,2,paycalculator.com.au,4,https://paycalculator.com.au/student-loan/,,
salary builder,260,2,3,paycalculator.com.au,2,https://paycalculator.com.au/,,
salary cal,260,11,4,paycalculator.com.au,1,https://paycalculator.com.au/,56,https://pay-calculator-australia.com/pay-calculator-nsw/
salary calculator vic,260,34,4,paycalculator.com.au,1,https://paycalculator.com.au/,37,https://pay-calculator-australia.com/pay-calculator-vic/
salary converter,260,54,4,paycalculator.com.au,1,https://paycalculator.com.au/,,
seek wage calculator,260,4,3,wagecalculator.com.au,4,https://www.wagecalculator.com.au/,,
student loan payments calculator,260,24,2,paycalculator.com.au,4,https://paycalculator.com.au/student-loan/,,
student loan repayments calculator,260,20,2,paycalculator.com.au,5,https://paycalculator.com.au/student-loan/,,
student loans repayment calculator,260,20,2,paycalculator.com.au,4,https://paycalculator.com.au/student-loan/,,
tax calculator victoria,260,12,2,paycalculator.com.au,2,https://paycalculator.com.au/,39,https://pay-calculator-australia.com/pay-calculator-vic/
tax per week calculator,260,13,3,paycalculator.com.au,2,https://paycalculator.com.au/,,
weekly tax calculator 2026,260,21,2,paycalculator.com.au,3,https://paycalculator.com.au/,,
what my pay,260,16,4,paycalculator.com.au,2,https://paycalculator.com.au/,75,https://pay-calculator-australia.com/pay-calculator-wa/
100 000 after tax,260,7,2,wagecalculator.com.au,5,https://www.wagecalculator.com.au/salary/100000,51,https://pay-calculator-australia.com/take-home-pay-on/100000/
a03 pay rate,260,0,1,wagecalculator.com.au,4,https://www.wagecalculator.com.au/public-service-salaries/qld,,
admin wage,260,0,2,wagecalculator.com.au,5,https://www.wagecalculator.com.au/public-service-salaries/qld,,
admin wages,260,0,2,wagecalculator.com.au,5,https://www.wagecalculator.com.au/public-service-salaries/qld,,
administration wage,260,1,2,fairworkmate.com.au,5,https://fairworkmate.com.au/tools/pay-rates/job/admin-officer,,
ao3 pay rate,260,0,1,wagecalculator.com.au,5,https://www.wagecalculator.com.au/public-service-salaries/qld,,
ao3 salary,260,0,1,wagecalculator.com.au,5,https://www.wagecalculator.com.au/public-service-salaries/qld,,
ao5 salary queensland government,260,0,1,wagecalculator.com.au,3,https://www.wagecalculator.com.au/public-service-salaries/qld,,
ao8 salary queensland government,260,0,1,wagecalculator.com.au,3,https://www.wagecalculator.com.au/public-service-salaries/qld,,
aps 4,260,0,1,wagecalculator.com.au,10,https://www.wagecalculator.com.au/public-service-salaries/aps,,
aps 4 salary 2025,260,0,1,wagecalculator.com.au,6,https://www.wagecalculator.com.au/public-service-salaries/aps,,
aps 5 salary 2025,260,0,1,wagecalculator.com.au,4,https://www.wagecalculator.com.au/public-service-salaries/aps,,
aps level 5 salary,260,0,1,wagecalculator.com.au,5,https://www.wagecalculator.com.au/public-service-salaries/aps,,
aps pay scales 2025,260,0,1,wagecalculator.com.au,5,https://www.wagecalculator.com.au/public-service-salaries/aps,,
aps salary bands,260,0,1,wagecalculator.com.au,6,https://www.wagecalculator.com.au/public-service-salaries/aps,,
aps4 salary 2025,260,0,1,wagecalculator.com.au,5,https://www.wagecalculator.com.au/public-service-salaries/aps,,
aps5 salary 2025,260,0,1,wagecalculator.com.au,5,https://www.wagecalculator.com.au/public-service-salaries/aps,,
asd determination,260,0,1,wagecalculator.com.au,4,https://www.wagecalculator.com.au/public-service-salaries/asd,,
aso4 pay rate,260,0,1,wagecalculator.com.au,3,https://www.wagecalculator.com.au/public-service-salaries/sa,,
aso4 salary,260,0,1,wagecalculator.com.au,4,https://www.wagecalculator.com.au/public-service-salaries/sa,,
ato pay rates,260,9,3,wagecalculator.com.au,8,https://www.wagecalculator.com.au/public-service-salaries/aps,,
australian army salary by rank,260,0,1,wagecalculator.com.au,3,https://www.wagecalculator.com.au/adf-pay,,
award minimum wage,260,34,2,fairworkmate.com.au,8,https://fairworkmate.com.au/tools/pay-rates,,
base salary australia,260,9,2,paycalculator.com.au,9,https://paycalculator.com.au/,,
calculate my hours,260,25,1,wagecalculator.com.au,9,https://www.wagecalculator.com.au/work-hours-calculator,,
calculator soup work hours,260,22,1,wagecalculator.com.au,18,https://www.wagecalculator.com.au/work-hours-calculator,,
cewa pay scale,260,0,1,wagecalculator.com.au,9,https://www.wagecalculator.com.au/teacher-salaries/wa,,
educational services teachers award,260,0,1,wagecalculator.com.au,15,https://www.wagecalculator.com.au/teacher-salaries/award,,
fair work australia pay calculator,260,54,3,paycalculator.com.au,5,https://paycalculator.com.au/,,
grad nurse pay,260,0,1,wagecalculator.com.au,20,https://www.wagecalculator.com.au/nursing-salaries/vic,,
graduate nurse salaries,260,0,1,wagecalculator.com.au,20,https://www.wagecalculator.com.au/nursing-salaries,,
graduate nurse salary qld,260,0,1,wagecalculator.com.au,8,https://www.wagecalculator.com.au/nursing-salaries/qld,38,https://pay-calculator-australia.com/healthcare-worker-pay/qld/
graduate nurse wage,260,0,1,wagecalculator.com.au,20,https://www.wagecalculator.com.au/nursing-salaries,,
graduate nurses salary,260,0,1,wagecalculator.com.au,19,https://www.wagecalculator.com.au/nursing-salaries,,
gross amount,260,3,2,wagecalculator.com.au,12,https://www.wagecalculator.com.au/,46,https://pay-calculator-australia.com/gross-pay-calculator/
gross and net pay,260,7,2,paycalculator.com.au,2,https://paycalculator.com.au/,38,https://pay-calculator-australia.com/gross-pay-calculator/
gross pay vs net pay,260,0,2,paycalculator.com.au,11,https://paycalculator.com.au/,41,https://pay-calculator-australia.com/gross-pay-calculator/
gross wages,260,0,2,paycalculator.com.au,7,https://paycalculator.com.au/,40,https://pay-calculator-australia.com/gross-pay-calculator/
gross wages vs net wages,260,0,1,wagecalculator.com.au,16,https://www.wagecalculator.com.au/,44,https://pay-calculator-australia.com/gross-pay-calculator/
hour calculator with break,260,15,1,wagecalculator.com.au,12,https://www.wagecalculator.com.au/work-hours-calculator,,
hours calculator with break,260,31,1,wagecalculator.com.au,15,https://www.wagecalculator.com.au/work-hours-calculator,,
hours calculator with breaks,260,13,1,wagecalculator.com.au,6,https://www.wagecalculator.com.au/work-hours-calculator,,
how calculate net income,260,0,2,paycalculator.com.au,1,https://paycalculator.com.au/,,
how many hours did i work,260,27,1,wagecalculator.com.au,10,https://www.wagecalculator.com.au/work-hours-calculator,,
how many hours do i work,260,13,1,wagecalculator.com.au,14,https://www.wagecalculator.com.au/work-hours-calculator,35,https://pay-calculator-australia.com/work-hours-calculator/
how much are employees taxed,260,37,2,paycalculator.com.au,8,https://paycalculator.com.au/,,
how much do rn earn in australia,260,0,1,wagecalculator.com.au,15,https://www.wagecalculator.com.au/nursing-salaries,,
how much does registered nurse earn in australia,260,0,1,wagecalculator.com.au,12,https://www.wagecalculator.com.au/nursing-salaries,,
how much does rn earn in australia,260,0,1,wagecalculator.com.au,11,https://www.wagecalculator.com.au/nursing-salaries,,
how much money does,260,6,1,wagecalculator.com.au,17,https://www.wagecalculator.com.au/,,
how much tax do you pay on 100k in australia,260,15,1,wagecalculator.com.au,8,https://www.wagecalculator.com.au/salary/100000,58,https://pay-calculator-australia.com/tax-on/100000/
how much tax will,260,24,2,paycalculator.com.au,5,https://paycalculator.com.au/,56,https://pay-calculator-australia.com/income-tax-calculator/
how much this,260,0,2,wagecalculator.com.au,11,https://www.wagecalculator.com.au/,,
how much will i be taxed,260,25,2,paycalculator.com.au,11,https://paycalculator.com.au/,,
how much would,260,10,1,wagecalculator.com.au,8,https://www.wagecalculator.com.au/,,
how to calculate net earnings,260,7,3,paycalculator.com.au,1,https://paycalculator.com.au/,64,https://pay-calculator-australia.com/gross-pay-calculator/
how to calculate net income,260,4,2,paycalculator.com.au,3,https://paycalculator.com.au/,66,https://pay-calculator-australia.com/gross-pay-calculator/
hp pay scale qld health,260,0,1,wagecalculator.com.au,10,https://www.wagecalculator.com.au/public-service-salaries/qld,,
income tax calculator 2025,260,37,2,paycalculator.com.au,5,https://paycalculator.com.au/,,
income tax payable,260,37,2,paycalculator.com.au,5,https://paycalculator.com.au/,,
is net income after tax,260,7,2,paycalculator.com.au,9,https://paycalculator.com.au/,,
land tax calculator tasmania,260,9,1,wagecalculator.com.au,12,https://www.wagecalculator.com.au/land-tax-calculator/tas,,
land tax tasmania calculator,260,0,1,wagecalculator.com.au,9,https://www.wagecalculator.com.au/land-tax-calculator/tas,,
long service leave act canberra,260,2,1,wagecalculator.com.au,15,https://www.wagecalculator.com.au/long-service-leave-calculator/act,,
long service leave canberra,260,17,1,wagecalculator.com.au,18,https://www.wagecalculator.com.au/long-service-leave-calculator/act,,
long service leave in canberra,260,16,1,wagecalculator.com.au,20,https://www.wagecalculator.com.au/long-service-leave-calculator/act,,
long service leave payout on resignation qld,260,0,1,wagecalculator.com.au,5,https://www.wagecalculator.com.au/long-service-leave-calculator/qld,,
long service leave wa 7 years,260,0,1,wagecalculator.com.au,5,https://www.wagecalculator.com.au/long-service-leave-calculator/wa,,
marginal tax calculation,260,23,1,wagecalculator.com.au,16,https://www.wagecalculator.com.au/tax-rates,,
marginal tax calculator,260,37,2,paycalculator.com.au,6,https://paycalculator.com.au/,,
marginal tax rate calculator,260,37,2,wagecalculator.com.au,9,https://www.wagecalculator.com.au/,,
marginal tax rates calculator,260,37,2,paycalculator.com.au,5,https://paycalculator.com.au/,,
military police salary australia,260,0,1,wagecalculator.com.au,15,https://www.wagecalculator.com.au/adf-pay/army,,
naval officer ranks,260,3,1,wagecalculator.com.au,16,https://www.wagecalculator.com.au/adf-pay/navy,,
naval officers ranks,260,4,1,wagecalculator.com.au,16,https://www.wagecalculator.com.au/adf-pay/navy,,
navy commissioned officer ranks,260,7,1,wagecalculator.com.au,15,https://www.wagecalculator.com.au/adf-pay/navy,,
navy officer ranks,260,4,1,wagecalculator.com.au,9,https://www.wagecalculator.com.au/adf-pay/navy,,
nsw health nurse pay,260,0,1,wagecalculator.com.au,14,https://www.wagecalculator.com.au/nursing-salaries/nsw,38,https://pay-calculator-australia.com/healthcare-worker-pay/nsw/
nsw health nurses pay,260,0,1,wagecalculator.com.au,11,https://www.wagecalculator.com.au/nursing-salaries/nsw,39,https://pay-calculator-australia.com/healthcare-worker-pay/nsw/
nsw health nursing pay,260,0,1,wagecalculator.com.au,12,https://www.wagecalculator.com.au/nursing-salaries/nsw,37,https://pay-calculator-australia.com/healthcare-worker-pay/nsw/
nsw principal salary,260,0,1,wagecalculator.com.au,8,https://www.wagecalculator.com.au/teacher-salaries/nsw,,
nt teacher salary,260,0,1,wagecalculator.com.au,8,https://www.wagecalculator.com.au/teacher-salaries/nt,,
nt teachers salary,260,0,1,wagecalculator.com.au,8,https://www.wagecalculator.com.au/teacher-salaries/nt,,
nt teaching salary,260,0,1,wagecalculator.com.au,10,https://www.wagecalculator.com.au/teacher-salaries/nt,,
nurse annual salary,260,2,1,wagecalculator.com.au,18,https://www.wagecalculator.com.au/nursing-salaries,,
nurse unit manager salary,260,0,1,wagecalculator.com.au,15,https://www.wagecalculator.com.au/nursing-salaries/vic,,
nurse yearly salary,260,0,1,wagecalculator.com.au,10,https://www.wagecalculator.com.au/nursing-salaries,,
nurses yearly salary,260,0,1,wagecalculator.com.au,11,https://www.wagecalculator.com.au/nursing-salaries,,
nursing unit manager salary,260,0,1,wagecalculator.com.au,14,https://www.wagecalculator.com.au/nursing-salaries/vic,,
nursing yearly salary,260,0,1,wagecalculator.com.au,9,https://www.wagecalculator.com.au/nursing-salaries/vic,,
pay calculator fair work australia,260,19,3,paycalculator.com.au,4,https://paycalculator.com.au/,,
pdhpe teacher salary,260,0,1,wagecalculator.com.au,14,https://www.wagecalculator.com.au/teacher-salaries/nsw,,
principal salary nsw,260,0,1,wagecalculator.com.au,8,https://www.wagecalculator.com.au/teacher-salaries/nsw,,
qld health hp pay scale,260,0,1,wagecalculator.com.au,8,https://www.wagecalculator.com.au/public-service-salaries/qld,,
qld tax calculator,260,14,2,paycalculator.com.au,3,https://paycalculator.com.au/,,
queensland public service officers and other employees award state 2015,260,0,1,wagecalculator.com.au,4,https://www.wagecalculator.com.au/public-service-salaries/qld,,
redundancy pay tax calculator,260,0,1,wagecalculator.com.au,2,https://www.wagecalculator.com.au/redundancy-payout-calculator,31,https://pay-calculator-australia.com/redundancy-pay-calculator/
registered nurse pay,260,0,1,wagecalculator.com.au,14,https://www.wagecalculator.com.au/nursing-salaries/nsw,,
rn salary qld,260,0,1,wagecalculator.com.au,6,https://www.wagecalculator.com.au/nursing-salaries/qld,33,https://pay-calculator-australia.com/healthcare-worker-pay/qld/
s&t,260,11,1,wagecalculator.com.au,18,https://www.wagecalculator.com.au/public-service-salaries/dstg,,
senior executive service band 1,260,0,1,wagecalculator.com.au,13,https://www.wagecalculator.com.au/public-service-salaries/aps,,
ses band 1,260,0,1,wagecalculator.com.au,14,https://www.wagecalculator.com.au/public-service-salaries/aps,,
smart money tax calculator,260,15,2,paycalculator.com.au,5,https://paycalculator.com.au/,,
state service award tasmania,260,0,1,wagecalculator.com.au,6,https://www.wagecalculator.com.au/public-service-salaries/tas,,
stockspot calculator,260,26,1,wagecalculator.com.au,14,https://www.wagecalculator.com.au/investment-calculator,,
surcharge calculator,260,0,1,wagecalculator.com.au,11,https://www.wagecalculator.com.au/,,
tasmania land tax calculator,260,0,1,wagecalculator.com.au,9,https://www.wagecalculator.com.au/land-tax-calculator/tas,,
tasmanian land tax calculator,260,0,1,wagecalculator.com.au,10,https://www.wagecalculator.com.au/land-tax-calculator/tas,,
tasmanian state service award,260,1,1,wagecalculator.com.au,6,https://www.wagecalculator.com.au/public-service-salaries/tas,,
tax brackets 2026/27,260,24,1,wagecalculator.com.au,16,https://www.wagecalculator.com.au/tax-rates/2026-27,,
tax calculation on redundancy payments,260,0,1,wagecalculator.com.au,2,https://www.wagecalculator.com.au/redundancy-payout-calculator,36,https://pay-calculator-australia.com/redundancy-pay-calculator/
tax calculator 2025-2026,260,28,2,paycalculator.com.au,12,https://paycalculator.com.au/,,
tax calculator moneysmart,260,46,2,paycalculator.com.au,7,https://paycalculator.com.au/,44,https://pay-calculator-australia.com/tax-on/180000/
tax calculator on redundancy payment,260,0,1,wagecalculator.com.au,4,https://www.wagecalculator.com.au/redundancy-payout-calculator,57,https://pay-calculator-australia.com/redundancy-pay-calculator/
tax calculator vic,260,30,2,paycalculator.com.au,3,https://paycalculator.com.au/,,
tax on redundancy pay calculator,260,0,1,wagecalculator.com.au,2,https://www.wagecalculator.com.au/redundancy-payout-calculator,,
tax on redundancy payments calculator,260,0,1,wagecalculator.com.au,4,https://www.wagecalculator.com.au/redundancy-payout-calculator,31,https://pay-calculator-australia.com/redundancy-pay-calculator/
tax on taxable income calculator,260,25,2,paycalculator.com.au,3,https://paycalculator.com.au/,,
tax rate tables,260,32,2,atotaxrates.info,11,https://atotaxrates.info/,47,https://pay-calculator-australia.com/tax-brackets/
tax return calculator 25 26,260,17,1,wagecalculator.com.au,19,https://www.wagecalculator.com.au/tax-return-calculator,,
tax withheld australia,260,38,2,paycalculator.com.au,9,https://paycalculator.com.au/,,
teacher pay nt,260,0,1,wagecalculator.com.au,7,https://www.wagecalculator.com.au/teacher-salaries/nt,,
teacher salary nt,260,0,1,wagecalculator.com.au,8,https://www.wagecalculator.com.au/teacher-salaries/nt,,
victoria teacher pay,260,3,1,wagecalculator.com.au,19,https://www.wagecalculator.com.au/teacher-salaries/vic,34,https://pay-calculator-australia.com/teacher-pay-australia/vic/
victorian allied health award pay rates,260,0,1,wagecalculator.com.au,7,https://www.wagecalculator.com.au/public-service-salaries/vic/allied-health,,
victorian teacher pay rise 2026 pdf,260,0,1,wagecalculator.com.au,13,https://www.wagecalculator.com.au/teacher-salaries/vic,,
wa long service leave entitlement,260,5,1,wagecalculator.com.au,14,https://www.wagecalculator.com.au/long-service-leave-calculator/wa,,
wage calculator fair work australia,260,41,3,paycalculator.com.au,3,https://paycalculator.com.au/,,
wage calculator washington,260,0,2,wagecalculator.com.au,10,https://www.wagecalculator.com.au/,,
wageline wa,260,19,1,wagecalculator.com.au,17,https://www.wagecalculator.com.au/public-service-salaries/wa,,
wages salary difference,260,0,1,wagecalculator.com.au,13,https://www.wagecalculator.com.au/compare,53,https://pay-calculator-australia.com/salary-vs-hourly/
weekly tax calculator 2025,260,37,2,paycalculator.com.au,2,https://paycalculator.com.au/,50,https://pay-calculator-australia.com/weekly-tax-table/
weekly tax table australia,260,0,1,wagecalculator.com.au,16,https://www.wagecalculator.com.au/tax-rates/weekly-tax-table,31,https://pay-calculator-australia.com/weekly-tax-table/
what does aps stand for,260,0,1,wagecalculator.com.au,11,https://www.wagecalculator.com.au/public-service-salaries/aps,,
what is annual gross income,260,0,2,paycalculator.com.au,10,https://paycalculator.com.au/,44,https://pay-calculator-australia.com/gross-pay-calculator/
youth justice worker salary,260,0,1,wagecalculator.com.au,17,https://www.wagecalculator.com.au/public-service-salaries/vic/youth-justice,,
car salary sacrifice calculator australia,260,11,1,australiapaycalculator.com.au,14,https://australiapaycalculator.com.au/salary-sacrifice-calculator/,,
percentage calculator australia,260,1,1,australiapaycalculator.com.au,6,https://australiapaycalculator.com.au/percentage-calculator/,,
2026 public holidays act,260,4,1,fairworkmate.com.au,20,https://fairworkmate.com.au/tools/public-holidays/act,,
3rd year apprentice wage,260,0,1,fairworkmate.com.au,15,https://fairworkmate.com.au/tools/apprentice-wages,,
admin salary,260,0,1,fairworkmate.com.au,15,https://fairworkmate.com.au/tools/pay-rates/admin-officer-nsw,,
aged care pay rise 2026,260,0,1,fairworkmate.com.au,17,https://fairworkmate.com.au/tools/pay-rates/aged-care,,
annual leave payout tax,260,0,1,fairworkmate.com.au,12,https://fairworkmate.com.au/blog/unused-leave-payout-tax,,
annual wage review 2026,260,4,1,fairworkmate.com.au,19,https://fairworkmate.com.au/annual-wage-review,,
apprentice 3rd year wage,260,0,1,fairworkmate.com.au,18,https://fairworkmate.com.au/tools/apprentice-wages,,
australia overtime pay,260,0,1,fairworkmate.com.au,20,https://fairworkmate.com.au/blog/maximum-hours-overtime-australia,,
average carpenter wage,260,0,1,fairworkmate.com.au,18,https://fairworkmate.com.au/tools/pay-rates/job/carpenter,,
average carpentry wage,260,0,1,fairworkmate.com.au,18,https://fairworkmate.com.au/tools/pay-rates/carpenter-wa,,
average real estate agent salary,260,0,1,fairworkmate.com.au,18,https://fairworkmate.com.au/tools/pay-rates/real-estate-agent-nsw,,
average salary for a physiotherapist in australia,260,5,1,fairworkmate.com.au,18,https://fairworkmate.com.au/tools/pay-rates/physiotherapist,,
average salary for physiotherapist in australia,260,7,1,fairworkmate.com.au,20,https://fairworkmate.com.au/tools/pay-rates/physiotherapist,,
average salary of a physiotherapist in australia,260,5,1,fairworkmate.com.au,19,https://fairworkmate.com.au/tools/pay-rates/physiotherapist,,
average wage for a carpenter,260,0,1,fairworkmate.com.au,18,https://fairworkmate.com.au/tools/pay-rates/carpenter-wa,,
award hairdressing,260,0,1,fairworkmate.com.au,7,https://fairworkmate.com.au/tools/pay-rates/hair-beauty,,
award medical receptionist,260,0,1,fairworkmate.com.au,10,https://fairworkmate.com.au/tools/pay-rates/job/receptionist,,
award pay rates hospitality,260,0,1,fairworkmate.com.au,4,https://fairworkmate.com.au/tools/pay-rates/hospitality,,
award wage qld hospitality,260,0,1,fairworkmate.com.au,6,https://fairworkmate.com.au/tools/pay-rates/hospitality,,
award wages queensland hospitality,260,0,1,fairworkmate.com.au,6,https://fairworkmate.com.au/tools/pay-rates/hospitality,,
bar attendant,260,0,1,fairworkmate.com.au,20,https://fairworkmate.com.au/tools/pay-rates/job/bartender,,
beauty therapist income,260,0,1,fairworkmate.com.au,13,https://fairworkmate.com.au/tools/pay-rates/job/beauty-therapist,,
beauty therapist salary,260,0,1,fairworkmate.com.au,8,https://fairworkmate.com.au/tools/pay-rates/job/beauty-therapist,,
bereavement leave fair work,260,0,1,fairworkmate.com.au,8,https://fairworkmate.com.au/blog/compassionate-bereavement-leave-australia-guide,,
better off overall test,260,0,1,fairworkmate.com.au,14,https://fairworkmate.com.au/glossary/better-off-overall-test,,
big w pay,260,0,1,fairworkmate.com.au,3,https://fairworkmate.com.au/blog/big-w-pay-rates-2026,,
big w pay rate,260,0,1,fairworkmate.com.au,2,https://fairworkmate.com.au/blog/big-w-pay-rates-2026,,
big w pay rates,260,0,1,fairworkmate.com.au,2,https://fairworkmate.com.au/blog/big-w-pay-rates-2026,,
big w salary,260,0,1,fairworkmate.com.au,6,https://fairworkmate.com.au/blog/big-w-pay-rates-2026,,
bonus super,260,0,1,fairworkmate.com.au,19,https://fairworkmate.com.au/blog/do-i-get-super-on-bonuses-commissions-allowances,,
breaks fair work,260,0,1,fairworkmate.com.au,14,https://fairworkmate.com.au/blog/break-entitlements-by-shift-length-australia,,
calculate marginal tax rate,260,23,1,paycalculator.com.au,15,https://paycalculator.com.au/,,
calculate taxable income,260,24,1,paycalculator.com.au,3,https://paycalculator.com.au/,,
calculator calculator,260,56,1,paycalculator.com.au,6,https://paycalculator.com.au/,,
centrelink income estimate calculator,260,3,1,paycalculator.com.au,20,https://paycalculator.com.au/,44,https://pay-calculator-australia.com/centrelink-income-test/
estimate student loan payment,260,26,1,paycalculator.com.au,14,https://paycalculator.com.au/student-loan/,,
how much employer tax for on payroll,260,15,1,paycalculator.com.au,9,https://paycalculator.com.au/,,
how much payroll taxes,260,20,1,paycalculator.com.au,18,https://paycalculator.com.au/,,
income tax payment,260,27,1,paycalculator.com.au,10,https://paycalculator.com.au/,,
marginal tax bracket calculator,260,38,1,paycalculator.com.au,10,https://paycalculator.com.au/,46,https://pay-calculator-australia.com/tax-brackets/
my hecs debt,260,1,1,paycalculator.com.au,18,https://paycalculator.com.au/student-loan/,,
pay income tax,260,24,1,paycalculator.com.au,12,https://paycalculator.com.au/,,
payroll tax calculation nsw,260,29,1,paycalculator.com.au,7,https://paycalculator.com.au/,56,https://pay-calculator-australia.com/pay-calculator-nsw/
penalties and interest calculator,260,7,1,paycalculator.com.au,17,https://paycalculator.com.au/,,
penalty and interest calculator,260,6,1,paycalculator.com.au,18,https://paycalculator.com.au/,,
tax calculator 2024,260,37,1,paycalculator.com.au,3,https://paycalculator.com.au/,,
what's my hecs debt,260,0,1,paycalculator.com.au,17,https://paycalculator.com.au/student-loan/,,
what's my payment,260,47,1,paycalculator.com.au,1,https://paycalculator.com.au/,,
2024 tax rates,260,27,1,atotaxrates.info,12,https://atotaxrates.info/,43,https://pay-calculator-australia.com/tax-brackets/
ato car depreciation calculator,260,0,1,atotaxrates.info,8,https://atotaxrates.info/tax-deductions/work-related-car-expenses/depreciation-of-vehicles/,,
ato exchange rates 2024,260,16,1,atotaxrates.info,16,https://atotaxrates.info/numbers/exchange-rates/,,
ato ftc rates,260,18,1,atotaxrates.info,17,https://atotaxrates.info/businesses/fuel-tax-credit/,,
ato fuel rebate,260,18,1,atotaxrates.info,19,https://atotaxrates.info/businesses/fuel-tax-credit/,,
ato industry code,260,0,1,atotaxrates.info,17,https://atotaxrates.info/businesses/business-industry-codes/,,
ato industry codes,260,0,1,atotaxrates.info,17,https://atotaxrates.info/businesses/business-industry-codes/,,
ato monthly tax tables,260,0,1,atotaxrates.info,15,https://atotaxrates.info/payg-tax-tables/,,
ato tax tables 2026 pdf download,260,18,1,atotaxrates.info,14,https://atotaxrates.info/individual-tax-rates-resident/tax-rates-2025-2026-year-2/,,
ato tax tables monthly,260,0,1,atotaxrates.info,14,https://atotaxrates.info/payg-tax-tables/,,
ato weekly tax table 2026 pdf,260,0,1,atotaxrates.info,10,https://atotaxrates.info/payg-tax-tables/,,
ato wfh rate 2025,260,2,1,atotaxrates.info,14,https://atotaxrates.info/individual-tax-rates-resident/ato-tax-rates-2025/,,
australian tax table weekly,260,4,1,atotaxrates.info,20,https://atotaxrates.info/payg-tax-tables/,,
australian tax tables monthly,260,11,1,atotaxrates.info,13,https://atotaxrates.info/payg-tax-tables/,,
benchmark interest rate,260,7,1,atotaxrates.info,16,https://atotaxrates.info/businesses/division-7a-benchmark-interest-rates/,,
beneficiary tax offset,260,0,1,atotaxrates.info,10,https://atotaxrates.info/tax-offset/beneficiary-tax-offset/,,
car depreciation calculator ato,260,2,1,atotaxrates.info,9,https://atotaxrates.info/tax-deductions/work-related-car-expenses/depreciation-of-vehicles/,,
car depreciation limit,260,0,1,atotaxrates.info,4,https://atotaxrates.info/tax-deductions/work-related-car-expenses/car-depreciation-limits-guide/,,
cent per km 2025,260,0,1,atotaxrates.info,10,https://atotaxrates.info/tax-deductions/work-related-car-expenses/cents-per-kilometre/,,
centrelink christmas payment dates 2025 australia,260,0,1,atotaxrates.info,12,https://atotaxrates.info/centrelink-payment-rates/,,
centrelink increase 2026,260,0,1,atotaxrates.info,14,https://atotaxrates.info/centrelink-payment-rates/,,
centrelink relief payment 2026 eligibility,260,1,1,atotaxrates.info,11,https://atotaxrates.info/centrelink-payment-rates/,,
centrelink social security payments increase september,260,6,1,atotaxrates.info,11,https://atotaxrates.info/centrelink-payment-rates/,,
cents per km method,260,0,1,atotaxrates.info,18,https://atotaxrates.info/tax-deductions/work-related-car-expenses/cents-per-kilometre/,,
cents per km rate,260,0,1,atotaxrates.info,18,https://atotaxrates.info/tax-deductions/work-related-car-expenses/cents-per-kilometre/,,
cents per km rates,260,0,1,atotaxrates.info,20,https://atotaxrates.info/tax-deductions/work-related-car-expenses/cents-per-kilometre/,,
deceased estate tax rates,260,0,1,atotaxrates.info,13,https://atotaxrates.info/businesses/trust-tax-rates/,,
depreciation calculator car australia,260,19,1,atotaxrates.info,19,https://atotaxrates.info/tax-deductions/work-related-car-expenses/depreciation-of-vehicles/,,
depreciation cost limit 2025,260,0,1,atotaxrates.info,11,https://atotaxrates.info/tax-deductions/work-related-car-expenses/car-depreciation-limits-guide/,,
div 7a interest,260,0,1,atotaxrates.info,11,https://atotaxrates.info/businesses/division-7a-benchmark-interest-rates/,,
div 7a rate,260,0,1,atotaxrates.info,12,https://atotaxrates.info/businesses/division-7a-benchmark-interest-rates/,,
dividend formula,260,3,1,atotaxrates.info,15,https://atotaxrates.info/businesses/company-tax-rates/dividend-franking-credit-calculators/,,
division 7a interest,260,0,1,atotaxrates.info,11,https://atotaxrates.info/businesses/division-7a-benchmark-interest-rates/,,
division 7a rate,260,0,1,atotaxrates.info,13,https://atotaxrates.info/businesses/division-7a-benchmark-interest-rates/,,
fbt interest rate 2026,260,0,1,atotaxrates.info,2,https://atotaxrates.info/businesses/fringe-benefits-tax/fbt-benchmark-interest-rate/,,
franking credit formula,260,0,1,atotaxrates.info,2,https://atotaxrates.info/businesses/company-tax-rates/dividend-franking-credit-calculators/,,
franking credits refund,260,0,1,atotaxrates.info,16,https://atotaxrates.info/tax-offset/franking-credit-refunds-without-a-tax-return/,,
ftc calculator ato,260,1,1,atotaxrates.info,13,https://atotaxrates.info/businesses/fuel-tax-credit/,,
fuel rebate calculator,260,0,1,atotaxrates.info,12,https://atotaxrates.info/businesses/fuel-tax-credit/,,
income tax brackets 2025 26,260,20,1,atotaxrates.info,15,https://atotaxrates.info/,33,https://pay-calculator-australia.com/tax-brackets/
industry code,260,7,1,atotaxrates.info,19,https://atotaxrates.info/businesses/business-industry-codes/,,
interest rate benchmark,260,12,1,atotaxrates.info,18,https://atotaxrates.info/businesses/division-7a-benchmark-interest-rates/,,
is centrelink giving a one-off payment,260,19,1,atotaxrates.info,15,https://atotaxrates.info/centrelink-payment-rates/,,
is long service leave taxable,260,0,1,atotaxrates.info,15,https://atotaxrates.info/employment-termination-payments/long-service-leave/,,
jobseeker payment rates,260,0,1,atotaxrates.info,14,https://atotaxrates.info/centrelink-payment-rates/,,
list of centrelink payments,260,22,1,atotaxrates.info,16,https://atotaxrates.info/centrelink-payment-rates/,,
log book for tax,260,0,1,atotaxrates.info,18,https://atotaxrates.info/tax-deductions/work-related-car-expenses/log-book-method/,,
low income australian payment 2025,260,16,1,atotaxrates.info,10,https://atotaxrates.info/centrelink-payment-rates/,,
lump sum payment in arrears,260,0,1,atotaxrates.info,8,https://atotaxrates.info/tax-offset/delayed-income-tax-offset/,,
luxury car tax threshold 2026,260,4,1,atotaxrates.info,18,https://atotaxrates.info/tax-deductions/work-related-car-expenses/car-depreciation-limits-guide/,,
mobile phone depreciation rate,260,0,1,atotaxrates.info,14,https://atotaxrates.info/tax-deductions/ato-depreciation/depreciation-mobile-phone/,,
motor vehicle cents per km,260,1,1,atotaxrates.info,12,https://atotaxrates.info/tax-deductions/work-related-car-expenses/cents-per-kilometre/,,
motor vehicle cost limit 2025,260,0,1,atotaxrates.info,3,https://atotaxrates.info/tax-deductions/work-related-car-expenses/car-depreciation-limits-guide/,,
overtime meal allowance,260,0,1,atotaxrates.info,4,https://atotaxrates.info/allowances/overtime-meals-allowance/,,
overtime meal allowance 2025,260,0,1,atotaxrates.info,6,https://atotaxrates.info/allowances/overtime-meals-allowance/,,
payroll tax threshold victoria,260,23,1,atotaxrates.info,15,https://atotaxrates.info/businesses/payroll-tax/payroll-tax-victoria/,,
rebatable,260,0,1,atotaxrates.info,20,https://atotaxrates.info/wp-content/uploads/2012/09/FBT-rebate-_-Australian-Taxation-Office.pdf,,
refund of franking credits,260,0,1,atotaxrates.info,12,https://atotaxrates.info/tax-offset/franking-credit-refunds-without-a-tax-return/,,
residential tax rate,260,32,1,atotaxrates.info,15,https://atotaxrates.info/,46,https://pay-calculator-australia.com/tax-brackets/
residential tax rates,260,37,1,atotaxrates.info,16,https://atotaxrates.info/,50,https://pay-calculator-australia.com/tax-brackets/
search bsb numbers,260,14,1,atotaxrates.info,19,https://atotaxrates.info/numbers/bsb-search/,,
tax brackets wa,260,37,1,atotaxrates.info,20,https://atotaxrates.info/,,
tax car,260,25,1,atotaxrates.info,19,https://atotaxrates.info/tax-deductions/work-related-car-expenses/car-depreciation-limits-guide/,,
tax code australia,260,40,1,atotaxrates.info,19,https://atotaxrates.info/,,
tax codes,260,27,1,atotaxrates.info,12,https://atotaxrates.info/,,
tax codes australia,260,32,1,atotaxrates.info,13,https://atotaxrates.info/,,
tax rate table,260,32,1,atotaxrates.info,16,https://atotaxrates.info/,48,https://pay-calculator-australia.com/tax-brackets/
tax rates 2024 2025,260,37,1,atotaxrates.info,13,https://atotaxrates.info/,47,https://pay-calculator-australia.com/tax-brackets/
tax rates 2024-2025,260,37,1,atotaxrates.info,14,https://atotaxrates.info/,49,https://pay-calculator-australia.com/tax-brackets/
tax rates 2024/2025,260,37,1,atotaxrates.info,14,https://atotaxrates.info/,48,https://pay-calculator-australia.com/tax-brackets/
tax table rates,260,32,1,atotaxrates.info,15,https://atotaxrates.info/,48,https://pay-calculator-australia.com/tax-brackets/
taxation on cars,260,10,1,atotaxrates.info,13,https://atotaxrates.info/tax-deductions/work-related-car-expenses/car-depreciation-limits-guide/,,
travel allowance rates 2025,260,0,1,atotaxrates.info,4,https://atotaxrates.info/allowances/ato-reasonable-travel-allowances/,,
trust tax return 2025,260,0,1,atotaxrates.info,14,https://atotaxrates.info/businesses/trust-tax-rates/,,
weekly tax table 2025 26,260,0,1,atotaxrates.info,16,https://atotaxrates.info/payg-tax-tables/,37,https://pay-calculator-australia.com/weekly-tax-table/
weekly tax table 2025--26,260,2,1,atotaxrates.info,17,https://atotaxrates.info/,39,https://pay-calculator-australia.com/weekly-tax-table/
weekly tax table 2025-26,260,0,1,atotaxrates.info,16,https://atotaxrates.info/payg-tax-tables/,38,https://pay-calculator-australia.com/weekly-tax-table/
what is my tax rate,260,37,1,atotaxrates.info,16,https://atotaxrates.info/,49,https://pay-calculator-australia.com/tax-brackets/
when will i get $750 government payment 2025,260,5,1,atotaxrates.info,10,https://atotaxrates.info/centrelink-payment-rates/,,
who gets the $750 centrelink payment,260,0,1,atotaxrates.info,19,https://atotaxrates.info/centrelink-payment-rates/,,
120000 after tax,210,9,4,paycalculator.com.au,3,https://paycalculator.com.au/,69,https://pay-calculator-australia.com/tax-on/120000/
160k after tax australia,210,19,4,paycalculator.com.au,5,https://paycalculator.com.au/,36,https://pay-calculator-australia.com/take-home-pay-on/160000/
ato 2026 tax rates,210,53,2,atotaxrates.info,9,https://atotaxrates.info/,,
ato medicare levy calculator,210,28,1,atotaxcalculator.com.au,19,https://atotaxcalculator.com.au/medicare-levy-surcharge,58,https://pay-calculator-australia.com/medicare-levy/
ato tax withholding calculator,210,21,2,paycalculator.com.au,9,https://paycalculator.com.au/,,
hecs calculator 2026,210,0,5,atotaxcalculator.com.au,2,https://atotaxcalculator.com.au/help-debt,35,https://pay-calculator-australia.com/hecs-help-calculator/
help debt calculator,210,0,3,paycalculator.com.au,3,https://paycalculator.com.au/student-loan/,,
how much income taxes,210,31,1,atotaxcalculator.com.au,12,https://atotaxcalculator.com.au/,,
repayment calculator student loan,210,20,3,paycalculator.com.au,4,https://paycalculator.com.au/student-loan/,,
repayment of student loans calculator,210,13,3,paycalculator.com.au,4,https://paycalculator.com.au/student-loan/,,
student debt repayment calculator,210,20,3,paycalculator.com.au,2,https://paycalculator.com.au/student-loan/,,
student loan payment calculator,210,26,3,paycalculator.com.au,3,https://paycalculator.com.au/student-loan/,,
study loan repayment calculator,210,13,3,paycalculator.com.au,2,https://paycalculator.com.au/student-loan/,,
tax calculator paye,210,10,6,paycalculator.com.au,2,https://paycalculator.com.au/,,
tax on,210,43,1,atotaxcalculator.com.au,7,https://atotaxcalculator.com.au/,,
tax on 120k salary australia,210,15,4,paycalculator.com.au,7,https://paycalculator.com.au/,38,https://pay-calculator-australia.com/take-home-pay-on/120000/
50 per hour annual salary,210,0,4,wagecalculator.com.au,3,https://www.wagecalculator.com.au/hourly-to-salary-calculator,44,https://pay-calculator-australia.com/hourly-to-annual-salary-calculator/
annual base salary,210,0,5,wagecalculator.com.au,3,https://www.wagecalculator.com.au/,,
germany average salary,210,14,1,salaryaftertax.com,11,https://salaryaftertax.com/de/salary-calculator,,
how much should i be getting paid,210,16,4,paycalculator.com.au,4,https://paycalculator.com.au/,,
ireland average salary,210,8,1,salaryaftertax.com,10,https://salaryaftertax.com/ie/salary-calculator,,
italy average salary,210,4,1,salaryaftertax.com,7,https://salaryaftertax.com/it/salary-calculator,,
italy average wage,210,5,1,salaryaftertax.com,8,https://salaryaftertax.com/it/salary-calculator,,
melbourne salary calculator,210,16,5,paycalculator.com.au,1,https://paycalculator.com.au/,46,https://pay-calculator-australia.com/pay-calculator-vic/
minimum wage australia per year,210,26,1,salaryaftertax.com,12,https://salaryaftertax.com/salary-calculator/australia,,
norway average salary,210,1,1,salaryaftertax.com,11,https://salaryaftertax.com/salary-calculator/norway,,
norway average wage,210,7,1,salaryaftertax.com,18,https://salaryaftertax.com/salary-calculator/norway,,
singapore tax calculator,210,19,1,salaryaftertax.com,6,https://salaryaftertax.com/salary-calculator/singapore,,
singapore taxes calculator,210,14,1,salaryaftertax.com,6,https://salaryaftertax.com/salary-calculator/singapore,,
take home,210,2,4,paycalculator.com.au,1,https://paycalculator.com.au/,,
take home salary,210,8,5,paycalculator.com.au,1,https://paycalculator.com.au/,,
tax on 140k australia,210,13,3,paycalculator.com.au,8,https://paycalculator.com.au/,33,https://pay-calculator-australia.com/tax-on/140000/
tax on 180k australia,210,20,3,salaryaftertax.com,11,https://salaryaftertax.com/salary-calculator/australia,40,https://pay-calculator-australia.com/take-home-pay-on/180000/
tax on 55000 australia,210,17,3,salaryaftertax.com,8,https://salaryaftertax.com/salary-calculator/australia,40,https://pay-calculator-australia.com/take-home-pay-on/55000/
add gst calculator,210,9,1,paycal.com.au,17,https://paycal.com.au/gst-calculator/,,
australia calculator,210,53,4,paycalculator.com.au,1,https://paycalculator.com.au/,,
calculate paye tax,210,10,4,paycalculator.com.au,2,https://paycalculator.com.au/,,
calculate registration fees,210,21,1,paycal.com.au,18,https://paycal.com.au/vehicle-registration-calculator/,,
calculate student loan repayments,210,22,2,paycalculator.com.au,4,https://paycalculator.com.au/student-loan/,,
calculator for student loan repayment,210,22,2,paycalculator.com.au,4,https://paycalculator.com.au/student-loan/,,
calculator tax,210,24,3,paycalculator.com.au,2,https://paycalculator.com.au/,,
convert gst,210,6,1,paycal.com.au,10,https://paycal.com.au/gst-calculator/,,
create invoice online free,210,57,1,paycal.com.au,14,https://paycal.com.au/invoice-generator/,,
deductions on income tax return,210,12,1,paycal.com.au,20,https://paycal.com.au/blogs/maximizing-tax-refund-australia/,,
does salary include super,210,0,1,paycal.com.au,18,https://paycal.com.au/,,
free payslip template,210,0,1,paycal.com.au,3,https://paycal.com.au/payslip-generator/,,
free payslip template word,210,0,1,paycal.com.au,17,https://paycal.com.au/payslip-generator/,,
free quote generator,210,1,1,paycal.com.au,3,https://paycal.com.au/quote-generator/,,
gst calculator online,210,6,1,paycal.com.au,14,https://paycal.com.au/gst-calculator/,,
gst converter,210,13,1,paycal.com.au,19,https://paycal.com.au/gst-calculator/,,
hours calculator payroll,210,10,3,paycalculator.com.au,8,https://paycalculator.com.au/,,
how do you get a tax refund,210,2,1,paycal.com.au,18,https://paycal.com.au/blogs/maximizing-tax-refund-australia/,,
how much i should get paid,210,53,4,paycalculator.com.au,7,https://paycalculator.com.au/,51,https://pay-calculator-australia.com/hourly-to-annual-salary-calculator/
how much pay should i get,210,22,4,paycalculator.com.au,2,https://paycalculator.com.au/,76,https://pay-calculator-australia.com/hourly-to-annual-salary-calculator/
how much pay will i get,210,14,4,paycalculator.com.au,1,https://paycalculator.com.au/,37,https://pay-calculator-australia.com/pay-rise-calculator/
how much should i get paid,210,53,4,paycalculator.com.au,3,https://paycalculator.com.au/,,
how much tax is deducted from salary in australia,210,32,3,paycalculator.com.au,5,https://paycalculator.com.au/,47,https://pay-calculator-australia.com/income-tax-calculator/
how much will interest rates go up,210,29,1,paycal.com.au,19,https://paycal.com.au/rate-cut-calculator/,,
income calculator melbourne,210,11,4,paycalculator.com.au,1,https://paycalculator.com.au/,,
net to gross calculator australia,210,0,3,paycalculator.com.au,3,https://paycalculator.com.au/,35,https://pay-calculator-australia.com/gross-pay-calculator/
netpay,210,0,3,paycalculator.com.au,1,https://paycalculator.com.au/,,
nsw rego transfer cost,210,13,1,paycal.com.au,16,https://paycal.com.au/vehicle-registration-calculator/,,
online billing format,210,52,1,paycal.com.au,18,https://paycal.com.au/invoice-generator/,,
online calculator salary,210,39,4,paycalculator.com.au,1,https://paycalculator.com.au/,,
online paycheck calculator,210,38,4,paycalculator.com.au,1,https://paycalculator.com.au/,38,https://pay-calculator-australia.com/
online salary calculator,210,2,3,paycalculator.com.au,1,https://paycalculator.com.au/,,
pay calculator seek,210,8,3,wagecalculator.com.au,4,https://www.wagecalculator.com.au/,40,https://pay-calculator-australia.com/
pay slip template free,210,0,1,paycal.com.au,7,https://paycal.com.au/payslip-generator/,,
paycheck calculator salary,210,10,4,paycalculator.com.au,4,https://paycalculator.com.au/,34,https://pay-calculator-australia.com/
paycheck salary calculator,210,9,4,paycalculator.com.au,1,https://paycalculator.com.au/,31,https://pay-calculator-australia.com/
paye calculator tax,210,10,4,paycalculator.com.au,2,https://paycalculator.com.au/,66,https://pay-calculator-australia.com/
payroll calculator hours,210,8,4,paycalculator.com.au,4,https://paycalculator.com.au/,,
payroll calculator salary,210,34,4,paycalculator.com.au,1,https://paycalculator.com.au/,33,https://pay-calculator-australia.com/
payslip template free,210,0,1,paycal.com.au,3,https://paycal.com.au/payslip-generator/,,
payslip template free australia,210,0,1,paycal.com.au,4,https://paycal.com.au/payslip-generator/,,
quotation generator free,210,0,1,paycal.com.au,6,https://paycal.com.au/quote-generator/,,
quote maker free,210,12,1,paycal.com.au,8,https://paycal.com.au/quote-generator/,,
registration quote,210,23,1,paycal.com.au,16,https://paycal.com.au/vehicle-registration-calculator/,,
rego fee calculator,210,19,1,paycal.com.au,16,https://paycal.com.au/vehicle-registration-calculator/,,
repay student loan calculator,210,23,2,paycalculator.com.au,4,https://paycalculator.com.au/student-loan/,,
repayment calculator for student loans,210,43,2,paycalculator.com.au,4,https://paycalculator.com.au/student-loan/,,
repayment calculator student loans,210,22,2,paycalculator.com.au,3,https://paycalculator.com.au/student-loan/,,
repayment student loans calculator,210,55,2,paycalculator.com.au,5,https://paycalculator.com.au/student-loan/,,
salary calculator melbourne,210,13,4,paycalculator.com.au,1,https://paycalculator.com.au/,,
salary calculator online,210,39,4,paycalculator.com.au,1,https://paycalculator.com.au/,,
salary paycheck calculator,210,14,4,paycalculator.com.au,2,https://paycalculator.com.au/,35,https://pay-calculator-australia.com/
salary to paycheck calculator,210,34,4,paycalculator.com.au,1,https://paycalculator.com.au/,32,https://pay-calculator-australia.com/
student debt payment calculator,210,43,2,paycalculator.com.au,2,https://paycalculator.com.au/student-loan/,,
student loan calculator payback,210,43,2,paycalculator.com.au,4,https://paycalculator.com.au/student-loan/,,
student loan calculator payment,210,27,2,paycalculator.com.au,4,https://paycalculator.com.au/student-loan/,,
student loan calculator repayment,210,27,2,paycalculator.com.au,4,https://paycalculator.com.au/student-loan/,,
student loan pay calculator,210,47,2,paycalculator.com.au,2,https://paycalculator.com.au/student-loan/,,
student loan payback calculator,210,24,2,paycalculator.com.au,6,https://paycalculator.com.au/student-loan/,,
student loan repayment calculator,210,24,2,paycalculator.com.au,5,https://paycalculator.com.au/student-loan/,,
student loans payment calculator,210,32,2,paycalculator.com.au,4,https://paycalculator.com.au/student-loan/,,
take home pay calculator ato,210,26,4,paycalculator.com.au,3,https://paycalculator.com.au/,64,https://pay-calculator-australia.com/take-home-pay-calculator/
tax calculator seek,210,6,4,paycalculator.com.au,3,https://paycalculator.com.au/,,
tax pay as you earn calculator,210,12,4,paycalculator.com.au,2,https://paycalculator.com.au/,,
tradie pay rates,210,0,1,paycal.com.au,14,https://paycal.com.au/contractor-pay-calculator/,,
transfer rego cost nsw,210,16,1,paycal.com.au,13,https://paycal.com.au/vehicle-registration-calculator/,,
weekly pay after tax calculator,210,6,4,paycalculator.com.au,1,https://paycalculator.com.au/,40,https://pay-calculator-australia.com/weekly-pay-calculator/
yearly salary to hourly rate,210,5,4,paycalculator.com.au,4,https://paycalculator.com.au/,46,https://pay-calculator-australia.com/hourly-to-annual-salary-calculator/
2024 25 tax rates,210,31,1,wagecalculator.com.au,14,https://www.wagecalculator.com.au/tax-rates,39,https://pay-calculator-australia.com/tax-brackets/
26 27 tax rates,210,31,2,wagecalculator.com.au,17,https://www.wagecalculator.com.au/tax-rates/2026-27,47,https://pay-calculator-australia.com/tax-brackets/
45 an hour is how much a year,210,0,1,wagecalculator.com.au,4,https://www.wagecalculator.com.au/hourly-to-salary/45,31,https://pay-calculator-australia.com/hourly-to-annual-salary-calculator/
adf reserves pay,210,0,1,wagecalculator.com.au,11,https://www.wagecalculator.com.au/adf-pay/army,,
annual gross salary meaning,210,2,1,wagecalculator.com.au,17,https://www.wagecalculator.com.au/,,
aps 6 pay,210,0,1,wagecalculator.com.au,4,https://www.wagecalculator.com.au/public-service-salaries/aps,,
aps el1 salary,210,0,1,wagecalculator.com.au,5,https://www.wagecalculator.com.au/public-service-salaries/aps,,
aps level 6,210,0,1,wagecalculator.com.au,5,https://www.wagecalculator.com.au/public-service-salaries/aps,,
aps pay levels,210,0,1,wagecalculator.com.au,7,https://www.wagecalculator.com.au/public-service-salaries/aps,,
aps salary levels,210,0,1,wagecalculator.com.au,4,https://www.wagecalculator.com.au/public-service-salaries/aps,,
aps super rate,210,0,1,wagecalculator.com.au,6,https://www.wagecalculator.com.au/public-service-salaries,,
aps superannuation rate,210,0,1,wagecalculator.com.au,6,https://www.wagecalculator.com.au/public-service-salaries,,
aps6 pay,210,0,1,wagecalculator.com.au,6,https://www.wagecalculator.com.au/public-service-salaries/aps,,
army salary australia,210,0,1,wagecalculator.com.au,4,https://www.wagecalculator.com.au/adf-pay,,
asic tax calculator,210,26,2,paycalculator.com.au,5,https://paycalculator.com.au/,,
aso3 pay rate,210,0,1,wagecalculator.com.au,3,https://www.wagecalculator.com.au/public-service-salaries/sa,,
aso3 salary,210,0,1,wagecalculator.com.au,3,https://www.wagecalculator.com.au/public-service-salaries/sa,,
assistant principal salary nsw,210,0,1,wagecalculator.com.au,19,https://www.wagecalculator.com.au/teacher-salaries/nsw,,
assistant principal salary victoria,210,0,1,wagecalculator.com.au,14,https://www.wagecalculator.com.au/teacher-salaries/vic,,
ato take home pay calculator,210,35,2,paycalculator.com.au,3,https://paycalculator.com.au/,62,https://pay-calculator-australia.com/
ato tax thresholds 2026,210,36,2,wagecalculator.com.au,9,https://www.wagecalculator.com.au/tax-rates/2026-27,,
australian tax brackets 2025--26,210,8,1,wagecalculator.com.au,14,https://www.wagecalculator.com.au/tax-rates/2025-26,,
australian tax brackets 2025-26,210,15,1,wagecalculator.com.au,15,https://www.wagecalculator.com.au/tax-rates/2025-26,,
calculate redundancy pay nsw,210,0,1,wagecalculator.com.au,20,https://www.wagecalculator.com.au/redundancy-payout-calculator,42,https://pay-calculator-australia.com/redundancy-pay-calculator/
calculator soup timesheet,210,33,1,wagecalculator.com.au,14,https://www.wagecalculator.com.au/work-hours-calculator,,
cewa salary schedule,210,0,1,wagecalculator.com.au,9,https://www.wagecalculator.com.au/teacher-salaries/wa,,
graduate teachers salary,210,7,1,wagecalculator.com.au,19,https://www.wagecalculator.com.au/teacher-salaries/nsw,,
gross vs net wage,210,9,2,paycalculator.com.au,7,https://paycalculator.com.au/,37,https://pay-calculator-australia.com/gross-pay-calculator/
highest rank in navy,210,13,1,wagecalculator.com.au,15,https://www.wagecalculator.com.au/adf-pay/navy,,
highest rank navy,210,13,1,wagecalculator.com.au,16,https://www.wagecalculator.com.au/adf-pay/navy,,
hourly rate calculation,210,0,2,australiapaycalculator.com.au,4,https://australiapaycalculator.com.au/,,
how much income tax,210,10,2,paycalculator.com.au,12,https://paycalculator.com.au/,50,https://pay-calculator-australia.com/income-tax-calculator/
how much tax on income,210,31,2,paycalculator.com.au,10,https://paycalculator.com.au/,47,https://pay-calculator-australia.com/income-tax-calculator/
how to calculate payg,210,8,2,paycalculator.com.au,3,https://paycalculator.com.au/,,
income australia,210,14,1,wagecalculator.com.au,18,https://www.wagecalculator.com.au/,,
income tax brackets 2026,210,43,3,atotaxrates.info,9,https://atotaxrates.info/,47,https://pay-calculator-australia.com/tax-brackets/
income tax how much,210,24,2,paycalculator.com.au,16,https://paycalculator.com.au/,,
jaws oz tax,210,28,2,paycalculator.com.au,10,https://paycalculator.com.au/,,
jaws oz tax calculator,210,7,2,paycalculator.com.au,14,https://paycalculator.com.au/,,
job salaries,210,44,1,wagecalculator.com.au,15,https://www.wagecalculator.com.au/compare,,
land tax threshold sa,210,0,1,wagecalculator.com.au,14,https://www.wagecalculator.com.au/land-tax-calculator/sa,,
land tax threshold south australia,210,4,1,wagecalculator.com.au,16,https://www.wagecalculator.com.au/land-tax-calculator/sa,,
laptop salary packaging,210,0,1,wagecalculator.com.au,17,https://www.wagecalculator.com.au/salary-sacrifice/work-equipment,,
lcdr navy,210,3,1,wagecalculator.com.au,9,https://www.wagecalculator.com.au/adf-pay/navy,,
lcdr rank navy,210,15,1,wagecalculator.com.au,7,https://www.wagecalculator.com.au/adf-pay/navy,,
lieutenant commander navy,210,12,1,wagecalculator.com.au,10,https://www.wagecalculator.com.au/adf-pay/navy,,
lieutenant commander navy rank,210,8,1,wagecalculator.com.au,11,https://www.wagecalculator.com.au/adf-pay/navy,,
lieutenant commander rank navy,210,12,1,wagecalculator.com.au,14,https://www.wagecalculator.com.au/adf-pay/navy,,
lt commander navy,210,6,1,wagecalculator.com.au,15,https://www.wagecalculator.com.au/adf-pay/navy,,
lt commander navy rank,210,12,1,wagecalculator.com.au,9,https://www.wagecalculator.com.au/adf-pay/navy,,
military police salary,210,0,1,wagecalculator.com.au,13,https://www.wagecalculator.com.au/adf-pay/army,,
navy lieutenant colonel,210,13,1,wagecalculator.com.au,16,https://www.wagecalculator.com.au/adf-pay/navy,,
net and gross,210,0,2,paycalculator.com.au,5,https://paycalculator.com.au/,39,https://pay-calculator-australia.com/gross-pay-calculator/
net payroll,210,0,2,paycalculator.com.au,2,https://paycalculator.com.au/,,
new capital gains tax calculator,210,0,1,wagecalculator.com.au,16,https://www.wagecalculator.com.au/cgt-calculator,,
nsw health pay rates 2026,210,0,1,wagecalculator.com.au,12,https://www.wagecalculator.com.au/public-service-salaries/nsw,,
nsw nurses award 2025,210,2,1,wagecalculator.com.au,16,https://www.wagecalculator.com.au/nursing-salaries/nsw,,
nsw redundancy pay calculator,210,0,1,wagecalculator.com.au,10,https://www.wagecalculator.com.au/redundancy-payout-calculator,44,https://pay-calculator-australia.com/redundancy-pay-calculator/
nursing salary wa,210,0,1,wagecalculator.com.au,16,https://www.wagecalculator.com.au/nursing-salaries/wa,,
nursing wages qld health,210,0,1,wagecalculator.com.au,5,https://www.wagecalculator.com.au/nursing-salaries/qld,,
officer ranks air force,210,9,1,wagecalculator.com.au,19,https://www.wagecalculator.com.au/adf-pay/air-force,,
pay as you earn tax calculator,210,10,3,paycalculator.com.au,2,https://paycalculator.com.au/,,
paye tax calculator,210,25,2,paycalculator.com.au,2,https://paycalculator.com.au/,43,https://pay-calculator-australia.com/
payroll hours calculator,210,13,2,wagecalculator.com.au,7,https://www.wagecalculator.com.au/work-hours-calculator,,
payroll salary calculator,210,38,3,paycalculator.com.au,1,https://paycalculator.com.au/,77,https://pay-calculator-australia.com/pay-calculator-vic/
prison guard salary nsw,210,0,1,wagecalculator.com.au,7,https://www.wagecalculator.com.au/public-service-salaries/nsw/correctional,,
prison officer salary nsw,210,0,1,wagecalculator.com.au,7,https://www.wagecalculator.com.au/public-service-salaries/nsw/correctional,,
prison officer salary victoria,210,0,1,wagecalculator.com.au,12,https://www.wagecalculator.com.au/public-service-salaries/vic/custodial-officers,,
prison officer victoria salary,210,0,1,wagecalculator.com.au,12,https://www.wagecalculator.com.au/public-service-salaries/vic/custodial-officers,,
public schools teacher salary,210,3,1,wagecalculator.com.au,14,https://www.wagecalculator.com.au/teacher-salaries/wa,,
public teacher salary,210,10,1,wagecalculator.com.au,16,https://www.wagecalculator.com.au/teacher-salaries/wa,,
qps pay rates,210,0,1,wagecalculator.com.au,12,https://www.wagecalculator.com.au/public-service-salaries/qld,,
rate hour calculator,210,9,3,paycalculator.com.au,4,https://paycalculator.com.au/,33,https://pay-calculator-australia.com/overtime-pay-calculator/
redundancy tax rate,210,0,1,wagecalculator.com.au,16,https://www.wagecalculator.com.au/guides/redundancy-tax,,
redundancy tax rates,210,0,1,wagecalculator.com.au,18,https://www.wagecalculator.com.au/guides/redundancy-tax,,
registered nurse salary nsw hourly rate,210,0,1,wagecalculator.com.au,12,https://www.wagecalculator.com.au/nursing-salaries,35,https://pay-calculator-australia.com/healthcare-worker-pay/nsw/
retail tax calculator,210,39,3,paycalculator.com.au,10,https://paycalculator.com.au/,,
return calculator,210,25,1,wagecalculator.com.au,19,https://www.wagecalculator.com.au/investment-calculator,,
returns calculator,210,32,1,wagecalculator.com.au,17,https://www.wagecalculator.com.au/investment-calculator,,
revenue nsw calculator,210,46,1,wagecalculator.com.au,18,https://www.wagecalculator.com.au/stamp-duty-calculator/nsw,,
roster calculator,210,2,1,wagecalculator.com.au,17,https://www.wagecalculator.com.au/work-hours-calculator,,
sa land tax threshold,210,4,1,wagecalculator.com.au,18,https://www.wagecalculator.com.au/land-tax-calculator/sa,,
salary sacrifice for laptop,210,0,1,wagecalculator.com.au,16,https://www.wagecalculator.com.au/salary-sacrifice/work-equipment,,
salary sacrifice laptop,210,0,1,wagecalculator.com.au,11,https://www.wagecalculator.com.au/salary-sacrifice/work-equipment,,
sale tax calculator,210,24,1,wagecalculator.com.au,20,https://www.wagecalculator.com.au/cgt-calculator,,
sales tax calculator,210,34,2,paycalculator.com.au,8,https://paycalculator.com.au/,,
schads award level 2,210,0,1,wagecalculator.com.au,16,https://www.wagecalculator.com.au/awards/schads,,
secondary teacher salary victoria,210,0,1,wagecalculator.com.au,18,https://www.wagecalculator.com.au/teacher-salaries/vic,33,https://pay-calculator-australia.com/teacher-pay-australia/vic/
senior executive service band 2 salary,210,0,1,wagecalculator.com.au,6,https://www.wagecalculator.com.au/public-service-salaries/aps,,
ses band 2 salary,210,0,1,wagecalculator.com.au,4,https://www.wagecalculator.com.au/public-service-salaries/aps,,
sole trader tax calculator australia,210,27,2,paycalculator.com.au,10,https://paycalculator.com.au/,,
talent tax,210,37,2,paycalculator.com.au,4,https://paycalculator.com.au/,,
tax deductions calculator,210,24,2,paycalculator.com.au,5,https://paycalculator.com.au/,,
tax free redundancy payments,210,0,1,wagecalculator.com.au,20,https://www.wagecalculator.com.au/guides/redundancy-tax,,
tax on 200000,210,12,2,wagecalculator.com.au,7,https://www.wagecalculator.com.au/salary/200000,69,https://pay-calculator-australia.com/tax-on/200000/
tax rate redundancy,210,0,1,wagecalculator.com.au,19,https://www.wagecalculator.com.au/guides/redundancy-tax,,
tax rates 2026 2027,210,32,2,wagecalculator.com.au,12,https://www.wagecalculator.com.au/tax-rates/2026-27,73,https://pay-calculator-australia.com/tax-changes-2026-27/
tax rates 26 27,210,32,2,atotaxrates.info,15,https://atotaxrates.info/,48,https://pay-calculator-australia.com/tax-changes-2026-27/
tax sale calculator,210,34,2,paycalculator.com.au,9,https://paycalculator.com.au/,,
tax table australia weekly,210,1,1,wagecalculator.com.au,17,https://www.wagecalculator.com.au/tax-rates/weekly-tax-table,36,https://pay-calculator-australia.com/weekly-tax-table/
tax table weekly australia,210,0,2,atotaxrates.info,16,https://atotaxrates.info/payg-tax-tables/,34,https://pay-calculator-australia.com/weekly-tax-table/
tax withheld rate,210,13,1,wagecalculator.com.au,17,https://www.wagecalculator.com.au/,,
teacher graduate salary,210,8,1,wagecalculator.com.au,19,https://www.wagecalculator.com.au/teacher-salaries/qld,,
teacher pay vic,210,0,1,wagecalculator.com.au,14,https://www.wagecalculator.com.au/teacher-salaries/vic,34,https://pay-calculator-australia.com/teacher-pay-australia/vic/
teachers wage qld,210,0,1,wagecalculator.com.au,18,https://www.wagecalculator.com.au/teacher-salaries/qld,,
teaching pay scale victoria,210,0,1,wagecalculator.com.au,9,https://www.wagecalculator.com.au/teacher-salaries/vic,33,https://pay-calculator-australia.com/teacher-pay-australia/vic/
vps 5,210,0,1,wagecalculator.com.au,18,https://www.wagecalculator.com.au/public-service-salaries/vic,,
vps grades,210,0,1,wagecalculator.com.au,12,https://www.wagecalculator.com.au/public-service-salaries/vic,,
vps mobility payment 2026,210,0,1,wagecalculator.com.au,9,https://www.wagecalculator.com.au/public-service-salaries/vic,,
wage rate,210,29,1,wagecalculator.com.au,18,https://www.wagecalculator.com.au/,,
wages rates,210,32,1,wagecalculator.com.au,18,https://www.wagecalculator.com.au/,,
what is payg on schedule 5,210,0,2,wagecalculator.com.au,11,https://www.wagecalculator.com.au/bonus-tax-calculator,,
increase in pay,210,17,2,australiapaycalculator.com.au,4,https://australiapaycalculator.com.au/percentage-calculator/,33,https://pay-calculator-australia.com/pay-rise-calculator/
is it a long weekend this weekend in victoria,210,37,1,australiapaycalculator.com.au,15,https://australiapaycalculator.com.au/long-weekends-planner/,,
tax return calculator simple,210,20,2,paycalculator.com.au,6,https://paycalculator.com.au/,,
what is a pro rata salary,210,0,1,australiapaycalculator.com.au,4,https://australiapaycalculator.com.au/,,
what is pro rata salary,210,0,1,australiapaycalculator.com.au,4,https://australiapaycalculator.com.au/,,
130 000/12,210,0,1,paycalculator.com.au,11,https://paycalculator.com.au/,,
2025 to 2026 tax calculator,210,28,1,paycalculator.com.au,13,https://paycalculator.com.au/,,
2025-26 tax calculator,210,28,1,paycalculator.com.au,7,https://paycalculator.com.au/,88,https://pay-calculator-australia.com/income-tax-calculator/
australia business tax calculator,210,27,1,paycalculator.com.au,10,https://paycalculator.com.au/,,
average hecs debt,210,11,1,paycalculator.com.au,18,https://paycalculator.com.au/student-loan/,,
business tax calculator australia,210,27,1,paycalculator.com.au,6,https://paycalculator.com.au/,,
calculate sales tax,210,28,1,paycalculator.com.au,15,https://paycalculator.com.au/,,
calculator sales tax,210,25,1,paycalculator.com.au,15,https://paycalculator.com.au/,,
company tax calculator australia,210,19,1,paycalculator.com.au,15,https://paycalculator.com.au/,,
compulsory higher education loan repayment,210,3,1,paycalculator.com.au,7,https://paycalculator.com.au/student-loan/,,
debt pay calculator,210,24,1,paycalculator.com.au,18,https://paycalculator.com.au/student-loan/,,
gross vs net pay,210,2,1,paycalculator.com.au,13,https://paycalculator.com.au/,,
help loan repayment,210,13,1,paycalculator.com.au,11,https://paycalculator.com.au/student-loan/,33,https://pay-calculator-australia.com/hecs-help-guide/
help loan repayments,210,13,1,paycalculator.com.au,11,https://paycalculator.com.au/student-loan/,40,https://pay-calculator-australia.com/hecs-help-guide/
help loans repayment,210,13,1,paycalculator.com.au,14,https://paycalculator.com.au/student-loan/,39,https://pay-calculator-australia.com/hecs-help-guide/
how much australian tax do i pay,210,40,1,paycalculator.com.au,3,https://paycalculator.com.au/,,
how much do you get taxed,210,18,1,paycalculator.com.au,18,https://paycalculator.com.au/,,
how much do you have to earn to pay hecs,210,8,1,paycalculator.com.au,6,https://paycalculator.com.au/student-loan/,39,https://pay-calculator-australia.com/hecs-help-guide/
how much in income tax,210,24,1,paycalculator.com.au,17,https://paycalculator.com.au/,,
how much is income tax,210,26,1,paycalculator.com.au,20,https://paycalculator.com.au/,66,https://pay-calculator-australia.com/tax-brackets/
how much is tax on income,210,24,1,paycalculator.com.au,17,https://paycalculator.com.au/,99,https://pay-calculator-australia.com/tax-brackets/
how much is taxable income,210,32,1,paycalculator.com.au,19,https://paycalculator.com.au/,,
how much is taxed on income,210,31,1,paycalculator.com.au,3,https://paycalculator.com.au/,,
how much tax do australia pay,210,38,1,paycalculator.com.au,15,https://paycalculator.com.au/,,
how much tax do australian pay,210,40,1,paycalculator.com.au,12,https://paycalculator.com.au/,73,https://pay-calculator-australia.com/tax-brackets/
how much tax do i pay aus,210,36,1,paycalculator.com.au,3,https://paycalculator.com.au/,,
how much tax income,210,31,1,paycalculator.com.au,14,https://paycalculator.com.au/,,
how much taxable income,210,31,1,paycalculator.com.au,18,https://paycalculator.com.au/,,
income tax calculator ay 2025 26,210,37,1,paycalculator.com.au,6,https://paycalculator.com.au/,56,https://pay-calculator-australia.com/income-tax-calculator/
income tax calculator ay 2025-26,210,29,1,paycalculator.com.au,5,https://paycalculator.com.au/,,
income tax on,210,43,1,paycalculator.com.au,9,https://paycalculator.com.au/,,
it pay rate,210,8,1,paycalculator.com.au,10,https://paycalculator.com.au/,,
loan repayment help,210,39,1,paycalculator.com.au,11,https://paycalculator.com.au/student-loan/,,
payg instalment calculator,210,0,1,paycalculator.com.au,15,https://paycalculator.com.au/,,
payment calculator student loans,210,26,1,paycalculator.com.au,2,https://paycalculator.com.au/student-loan/,,
repay student loans calculator,210,43,1,paycalculator.com.au,3,https://paycalculator.com.au/student-loan/,,
repaying student loans calculator,210,24,1,paycalculator.com.au,5,https://paycalculator.com.au/student-loan/,,
sales calculator tax,210,25,1,paycalculator.com.au,18,https://paycalculator.com.au/,,
sales calculator with tax,210,28,1,paycalculator.com.au,13,https://paycalculator.com.au/,,
simple tax return calculator,210,26,1,paycalculator.com.au,10,https://paycalculator.com.au/,,
student loan repayment estimator,210,29,1,paycalculator.com.au,20,https://paycalculator.com.au/student-loan/,,
superannuation rate calculator,210,11,1,paycalculator.com.au,14,https://paycalculator.com.au/,,
tax calculator sales,210,25,1,paycalculator.com.au,15,https://paycalculator.com.au/,,
tax estimator 2025,210,37,1,paycalculator.com.au,7,https://paycalculator.com.au/,,
tax paid in australia,210,26,1,paycalculator.com.au,18,https://paycalculator.com.au/,,
tax sales calculator,210,26,1,paycalculator.com.au,10,https://paycalculator.com.au/,,
2025 2026 tax rates,210,17,1,atotaxrates.info,14,https://atotaxrates.info/,75,https://pay-calculator-australia.com/tax-brackets/
amending tax return ato,210,0,1,atotaxrates.info,19,https://atotaxrates.info/other-tax-topics/tax-return-amendment/,,
ato amended tax return,210,0,1,atotaxrates.info,20,https://atotaxrates.info/other-tax-topics/tax-return-amendment/,,
ato average exchange rates,210,10,1,atotaxrates.info,7,https://atotaxrates.info/numbers/exchange-rates/,,
ato car limit,210,29,1,atotaxrates.info,6,https://atotaxrates.info/tax-deductions/work-related-car-expenses/car-depreciation-limits-guide/,,
ato div 7a,210,9,1,atotaxrates.info,13,https://atotaxrates.info/businesses/division-7a-benchmark-interest-rates/,,
ato division 7a,210,0,1,atotaxrates.info,14,https://atotaxrates.info/businesses/division-7a-benchmark-interest-rates/,,
ato forex,210,18,1,atotaxrates.info,14,https://atotaxrates.info/numbers/exchange-rates/,,
ato living away from home allowance,210,0,1,atotaxrates.info,7,https://atotaxrates.info/allowances/lafha/,,
ato mileage rate,210,7,1,atotaxrates.info,15,https://atotaxrates.info/tax-deductions/work-related-car-expenses/cents-per-kilometre/,,
ato mileage rates,210,6,1,atotaxrates.info,10,https://atotaxrates.info/tax-deductions/work-related-car-expenses/cents-per-kilometre/,,
ato mileage reimbursement,210,9,1,atotaxrates.info,20,https://atotaxrates.info/tax-deductions/work-related-car-expenses/cents-per-kilometre/,,
ato reasonable travel allowance,210,0,1,atotaxrates.info,6,https://atotaxrates.info/allowances/ato-reasonable-travel-allowances/,,
ato reasonable travel allowances,210,0,1,atotaxrates.info,5,https://atotaxrates.info/allowances/ato-reasonable-travel-allowances/,,
ato salary sacrifice,210,16,1,atotaxrates.info,14,https://atotaxrates.info/other-tax-topics/tax-planning-topics/what-is-salary-sacrifice/,,
ato tax rates 2024 25,210,38,1,atotaxrates.info,8,https://atotaxrates.info/,37,https://pay-calculator-australia.com/tax-brackets/
ato tax rates 2024--25,210,36,1,atotaxrates.info,14,https://atotaxrates.info/,40,https://pay-calculator-australia.com/tax-brackets/
ato tax rates 2024-25,210,36,1,atotaxrates.info,8,https://atotaxrates.info/,55,https://pay-calculator-australia.com/tax-brackets/
ato tax rates non resident,210,26,1,atotaxrates.info,15,https://atotaxrates.info/non-residents/non-resident-tax-rates-2025/,32,https://pay-calculator-australia.com/non-resident-tax/
ato work from home rate,210,0,1,atotaxrates.info,4,https://atotaxrates.info/tax-deductions/home-office-expenses/,,
ato working from home rate,210,18,1,atotaxrates.info,6,https://atotaxrates.info/tax-deductions/home-office-expenses/,,
australian tax office mileage rates,210,3,1,atotaxrates.info,17,https://atotaxrates.info/tax-deductions/work-related-car-expenses/cents-per-kilometre/,,
average foreign exchange rates ato,210,10,1,atotaxrates.info,11,https://atotaxrates.info/numbers/exchange-rates/,,
car cost limit 2026,210,0,1,atotaxrates.info,8,https://atotaxrates.info/tax-deductions/work-related-car-expenses/car-depreciation-limits-guide/,,
car depreciation limit 2026,210,2,1,atotaxrates.info,7,https://atotaxrates.info/tax-deductions/work-related-car-expenses/car-depreciation-limits-guide/,,
centrelink age pension pay dates 2026 victoria,210,0,1,atotaxrates.info,19,https://atotaxrates.info/centrelink-payment-rates/,,
centrelink parenting payment increase,210,0,1,atotaxrates.info,16,https://atotaxrates.info/centrelink-payment-rates/,,
centrelink pension payment dates 2025,210,6,1,atotaxrates.info,16,https://atotaxrates.info/centrelink-payment-rates/,,
centrelink xmas bonus,210,2,1,atotaxrates.info,19,https://atotaxrates.info/centrelink-payment-rates/,,
centrelink xmas payments 2025,210,0,1,atotaxrates.info,10,https://atotaxrates.info/centrelink-payment-rates/,,
cents per km ato 2025,210,2,1,atotaxrates.info,17,https://atotaxrates.info/tax-deductions/work-related-car-expenses/cents-per-kilometre/,,
computer depreciation rate,210,0,1,atotaxrates.info,16,https://atotaxrates.info/tax-deductions/ato-depreciation/depreciation-of-computers/,,
computer depreciation rates,210,0,1,atotaxrates.info,12,https://atotaxrates.info/tax-deductions/ato-depreciation/depreciation-of-computers/,,
concessional contribution caps,210,17,1,atotaxrates.info,17,https://atotaxrates.info/superannuation/superannuation-contribution-caps/,,
div 7a loan interest rate,210,0,1,atotaxrates.info,12,https://atotaxrates.info/businesses/division-7a-benchmark-interest-rates/,,
div7a interest rate 2025,210,0,1,atotaxrates.info,8,https://atotaxrates.info/businesses/division-7a-benchmark-interest-rates/,,
div7a loan interest rate,210,0,1,atotaxrates.info,6,https://atotaxrates.info/businesses/division-7a-benchmark-interest-rates/,,
division 7a ato,210,19,1,atotaxrates.info,19,https://atotaxrates.info/businesses/division-7a-benchmark-interest-rates/,,
division 7a loan interest rate,210,0,1,atotaxrates.info,12,https://atotaxrates.info/businesses/division-7a-benchmark-interest-rates/,,
easter centrelink payments 2026,210,0,1,atotaxrates.info,14,https://atotaxrates.info/centrelink-payment-rates/,,
fbt tax rate,210,8,1,atotaxrates.info,12,https://atotaxrates.info/businesses/fringe-benefits-tax/fbt-benchmark-interest-rate/,35,https://pay-calculator-australia.com/fringe-benefits-tax/
fortnightly pension payment dates 2025,210,0,1,atotaxrates.info,20,https://atotaxrates.info/centrelink-payment-rates/,,
how many percent tax in australia,210,39,1,atotaxrates.info,15,https://atotaxrates.info/,64,https://pay-calculator-australia.com/tax-brackets/
how much is living away from home allowance per day,210,0,1,atotaxrates.info,16,https://atotaxrates.info/allowances/lafha/,,
individual tax,210,37,1,atotaxrates.info,18,https://atotaxrates.info/individual-tax-rates-resident/,,
individual tax return instructions 2025,210,2,1,atotaxrates.info,9,https://atotaxrates.info/other-tax-topics/tax-return-forms-link-page/tax-forms-2025/,,
is centrelink giving a one off payment,210,17,1,atotaxrates.info,20,https://atotaxrates.info/centrelink-payment-rates/,,
itinerant workers,210,0,1,atotaxrates.info,18,https://atotaxrates.info/tax-deductions/work-related-car-expenses/travel-home-work/,,
lafha meaning,210,0,1,atotaxrates.info,19,https://atotaxrates.info/allowances/lafha/,,
laha allowance,210,0,1,atotaxrates.info,9,https://atotaxrates.info/allowances/lafha/,,
limited car,210,0,1,atotaxrates.info,7,https://atotaxrates.info/tax-deductions/work-related-car-expenses/car-depreciation-limits-guide/,,
living away from home allowance ato,210,0,1,atotaxrates.info,9,https://atotaxrates.info/allowances/lafha/,,
lowering tax bracket,210,32,1,atotaxrates.info,15,https://atotaxrates.info/,,
mobile phone effective life ato,210,0,1,atotaxrates.info,16,https://atotaxrates.info/tax-deductions/ato-depreciation/,,
one off centrelink payment 2025,210,19,1,atotaxrates.info,12,https://atotaxrates.info/centrelink-payment-rates/,,
one-off payment centrelink 2025,210,23,1,atotaxrates.info,12,https://atotaxrates.info/centrelink-payment-rates/,,
payg withholding variation application,210,0,1,atotaxrates.info,19,https://atotaxrates.info/PDFS/PAYG-withholding-variation-short-app-2013.pdf,,
payg withholding variation form,210,0,1,atotaxrates.info,15,https://atotaxrates.info/PDFS/PAYG-withholding-variation-short-app-2013.pdf,,
payroll tax registration nsw,210,0,1,atotaxrates.info,10,https://atotaxrates.info/businesses/payroll-tax/payroll-tax-nsw/,,
preservation age ato,210,35,1,atotaxrates.info,19,https://atotaxrates.info/superannuation/ato-preservation-age/,,
queensland tax rates,210,37,1,atotaxrates.info,13,https://atotaxrates.info/,49,https://pay-calculator-australia.com/tax-brackets/
sapto threshold 2026,210,0,1,atotaxrates.info,15,https://atotaxrates.info/tax-offset/senior-australians-tax-offset/,,
search bsb,210,14,1,atotaxrates.info,7,https://atotaxrates.info/numbers/bsb-search/,,
tax brackets 2024 2025,210,31,1,atotaxrates.info,16,https://atotaxrates.info/,49,https://pay-calculator-australia.com/tax-brackets/
tax cut off,210,32,1,atotaxrates.info,18,https://atotaxrates.info/,,
tax cut-off,210,34,1,atotaxrates.info,18,https://atotaxrates.info/,,
tax log book,210,0,1,atotaxrates.info,14,https://atotaxrates.info/tax-deductions/work-related-car-expenses/log-book-method/,,
tax on long service leave,210,0,1,atotaxrates.info,18,https://atotaxrates.info/employment-termination-payments/long-service-leave/,,
tax sheet,210,5,1,atotaxrates.info,20,https://atotaxrates.info/payg-tax-tables/,,
tax tables pdf,210,0,1,atotaxrates.info,14,https://atotaxrates.info/payg-tax-tables/,,
td 2025/4,210,0,1,atotaxrates.info,4,https://atotaxrates.info/allowances/ato-reasonable-travel-allowances/,,
tr 2022/1,210,0,1,atotaxrates.info,8,https://atotaxrates.info/tax-deductions/ato-depreciation/ato-depreciation-rates/,,
weekly tax tables 2025,210,0,1,atotaxrates.info,18,https://atotaxrates.info/,35,https://pay-calculator-australia.com/weekly-tax-table/
yearly tax table,210,15,1,atotaxrates.info,18,https://atotaxrates.info/,,
110 000 after tax australia,170,7,4,paycalculator.com.au,5,https://www.paycalculator.com.au/classic/,46,https://pay-calculator-australia.com/salary-to-hourly/110000/
120k after tax,170,9,4,paycalculator.com.au,3,https://paycalculator.com.au/,52,https://pay-calculator-australia.com/take-home-pay-on/120000/
annual income tax calculator,170,28,2,paycalculator.com.au,4,https://paycalculator.com.au/,,
ato help debt,170,31,1,atotaxcalculator.com.au,13,https://atotaxcalculator.com.au/help-debt,,
ato pay tax calculator,170,38,3,paycalculator.com.au,3,https://paycalculator.com.au/,,
ato payroll tax calculator,170,38,3,paycalculator.com.au,2,https://paycalculator.com.au/,,
ato personal tax calculator,170,38,2,paycalculator.com.au,7,https://paycalculator.com.au/,,
ato simple tax calculator 2026,170,38,2,paycalculator.com.au,9,https://paycalculator.com.au/,,
ato tax calculator income,170,38,3,paycalculator.com.au,3,https://paycalculator.com.au/,77,https://pay-calculator-australia.com/income-tax-calculator/
ato tax payable calculator,170,40,2,paycalculator.com.au,7,https://paycalculator.com.au/,,
ato tax payment calculator,170,38,2,paycalculator.com.au,6,https://paycalculator.com.au/,,
ato taxable income calculator,170,38,3,paycalculator.com.au,8,https://paycalculator.com.au/,,
calculate federal income tax,170,24,1,atotaxcalculator.com.au,12,https://atotaxcalculator.com.au/,,
hecs repayment calculator 2026,170,1,3,paycalculator.com.au,2,https://paycalculator.com.au/student-loan/,,
how much hecs do i have to pay,170,12,2,atotaxcalculator.com.au,10,https://atotaxcalculator.com.au/help-debt,,
how to calculate tax payments,170,28,2,paycalculator.com.au,6,https://paycalculator.com.au/,,
medicare levy surcharge calculator ato,170,24,1,atotaxcalculator.com.au,18,https://atotaxcalculator.com.au/medicare-levy-surcharge,33,https://pay-calculator-australia.com/medicare-levy/
monthly income tax calculator,170,13,3,paycalculator.com.au,2,https://paycalculator.com.au/,,
nsw tax rates calculator,170,28,2,paycalculator.com.au,3,https://paycalculator.com.au/,,
tax payable ato,170,43,1,atotaxcalculator.com.au,10,https://atotaxcalculator.com.au/,,
100k salary after tax australia,170,12,3,paycalculator.com.au,3,https://paycalculator.com.au/,55,https://pay-calculator-australia.com/take-home-pay-on/100000/
100k salary after taxes australia,170,9,3,wagecalculator.com.au,4,https://www.wagecalculator.com.au/,55,https://pay-calculator-australia.com/tax-on/100000/
150 000 after tax australia,170,7,3,wagecalculator.com.au,6,https://www.wagecalculator.com.au/salary/150000,63,https://pay-calculator-australia.com/tax-on/150000/
150000 after tax australia,170,4,3,wagecalculator.com.au,6,https://www.wagecalculator.com.au/salary/150000,67,https://pay-calculator-australia.com/tax-on/150000/
70k a year is how much a week after tax,170,11,3,wagecalculator.com.au,4,https://www.wagecalculator.com.au/,41,https://pay-calculator-australia.com/tax-on/70000/
80k after tax,170,9,4,wagecalculator.com.au,3,https://www.wagecalculator.com.au/,38,https://pay-calculator-australia.com/take-home-pay-on/80000/
american income tax calculator,170,67,1,salaryaftertax.com,13,https://salaryaftertax.com/us/salary-calculator,,
average monthly salary australia,170,10,1,salaryaftertax.com,14,https://salaryaftertax.com/salary-calculator/australia,,
average monthly salary in australia,170,6,1,salaryaftertax.com,6,https://salaryaftertax.com/salary-calculator/australia,,
average salary france,170,16,1,salaryaftertax.com,18,https://salaryaftertax.com/fr/salary-calculator,,
average salary in france,170,3,1,salaryaftertax.com,9,https://salaryaftertax.com/fr/salary-calculator,,
average salary spain,170,3,1,salaryaftertax.com,18,https://salaryaftertax.com/es/salary-calculator,,
average wage in france,170,6,1,salaryaftertax.com,17,https://salaryaftertax.com/fr/salary-calculator,,
calculate gross yearly income,170,24,4,paycalculator.com.au,5,https://paycalculator.com.au/,,
calculate tax rate nz,170,27,1,salaryaftertax.com,18,https://salaryaftertax.com/nz/salary-calculator,,
gov.uk income tax calculator,170,56,1,salaryaftertax.com,16,https://salaryaftertax.com/salary-calculator/uk,,
gross annual salary calculator,170,12,5,paycalculator.com.au,1,https://paycalculator.com.au/,,
how much do i earn after tax,170,10,5,paycalculator.com.au,1,https://paycalculator.com.au/,,
how much will i earn after tax,170,8,5,paycalculator.com.au,1,https://paycalculator.com.au/,,
income calculator us,170,65,2,salaryaftertax.com,1,https://salaryaftertax.com/us/salary-calculator,,
income tax calculation singapore,170,21,1,salaryaftertax.com,10,https://salaryaftertax.com/salary-calculator/singapore,,
income tax calculator for usa,170,62,1,salaryaftertax.com,7,https://salaryaftertax.com/us/salary-calculator,,
income tax calculator nz,170,25,1,salaryaftertax.com,20,https://salaryaftertax.com/nz/salary-calculator,,
income tax calculator singapore,170,15,1,salaryaftertax.com,10,https://salaryaftertax.com/salary-calculator/singapore,,
income tax calculator us,170,71,1,salaryaftertax.com,11,https://salaryaftertax.com/us/salary-calculator,,
income tax calculator usa,170,71,1,salaryaftertax.com,16,https://salaryaftertax.com/us/salary-calculator,,
income tax new zealand calculator,170,21,1,salaryaftertax.com,13,https://salaryaftertax.com/nz/salary-calculator,,
income tax nz calculator,170,15,1,salaryaftertax.com,10,https://salaryaftertax.com/nz/salary-calculator,,
income tax singapore calculator,170,14,1,salaryaftertax.com,13,https://salaryaftertax.com/salary-calculator/singapore,,
japanese tax calculator,170,0,1,salaryaftertax.com,4,https://salaryaftertax.com/jp/salary-calculator,,
new zealand income tax calculator,170,25,1,salaryaftertax.com,9,https://salaryaftertax.com/nz/salary-calculator,,
new zealand salary tax calculator,170,59,1,salaryaftertax.com,6,https://salaryaftertax.com/nz/salary-calculator,,
nz tax rates calculator,170,27,1,salaryaftertax.com,19,https://salaryaftertax.com/nz/salary-calculator,,
part time salary calculator,170,15,5,paycalculator.com.au,1,https://paycalculator.com.au/,68,https://pay-calculator-australia.com/hourly-to-annual-salary-calculator/
part-time salary calculator,170,15,5,paycalculator.com.au,1,https://paycalculator.com.au/,81,https://pay-calculator-australia.com/weekly-pay-calculator/
part-time wage calculator,170,15,5,paycalculator.com.au,1,https://paycalculator.com.au/,73,https://pay-calculator-australia.com/employment-type-calculator/
pay calculator classic,170,2,5,paycalculator.com.au,1,https://paycalculator.com.au/,,
pay calculator part time,170,13,5,paycalculator.com.au,1,https://paycalculator.com.au/,72,https://pay-calculator-australia.com/employment-type-calculator/
pay calculator perth,170,33,5,paycalculator.com.au,1,https://paycalculator.com.au/,38,https://pay-calculator-australia.com/pay-calculator-wa/
pay calculator us,170,62,2,salaryaftertax.com,2,https://salaryaftertax.com/us/salary-calculator,,
pay calculator usa,170,53,4,salaryaftertax.com,2,https://salaryaftertax.com/us/salary-calculator,,
pay tax calculator nz,170,25,1,salaryaftertax.com,3,https://salaryaftertax.com/nz/salary-calculator,,
payg withheld calculator,170,6,2,paycalculator.com.au,4,https://paycalculator.com.au/,,
personal tax calculator singapore,170,15,1,salaryaftertax.com,13,https://salaryaftertax.com/salary-calculator/singapore,,
salary calculator for part time,170,5,5,paycalculator.com.au,1,https://paycalculator.com.au/,65,https://pay-calculator-australia.com/employment-type-calculator/
salary calculator in usa,170,53,3,salaryaftertax.com,1,https://salaryaftertax.com/us/salary-calculator,,
salary calculator part time,170,10,5,paycalculator.com.au,1,https://paycalculator.com.au/,66,https://pay-calculator-australia.com/employment-type-calculator/
salary calculator us,170,62,4,salaryaftertax.com,1,https://salaryaftertax.com/us/salary-calculator,,
salary tax calculator new zealand,170,29,1,salaryaftertax.com,4,https://salaryaftertax.com/nz/salary-calculator,,
salary tax calculator nz,170,25,1,salaryaftertax.com,3,https://salaryaftertax.com/nz/salary-calculator,,
salary tax calculator singapore,170,20,1,salaryaftertax.com,1,https://salaryaftertax.com/salary-calculator/singapore,,
salary tax calculator usa,170,65,2,salaryaftertax.com,1,https://salaryaftertax.com/us/salary-calculator,,
salary tax in singapore calculator,170,20,1,salaryaftertax.com,5,https://salaryaftertax.com/salary-calculator/singapore,,
salary tax singapore calculator,170,23,1,salaryaftertax.com,2,https://salaryaftertax.com/salary-calculator/singapore,,
salary us calculator,170,53,5,salaryaftertax.com,1,https://salaryaftertax.com/us/salary-calculator,,
singapore income tax calculator,170,23,1,salaryaftertax.com,12,https://salaryaftertax.com/salary-calculator/singapore,,
singapore salary calculator tax,170,17,2,salaryaftertax.com,2,https://salaryaftertax.com/salary-calculator/singapore,,
singapore salary tax calculator,170,23,2,salaryaftertax.com,2,https://salaryaftertax.com/salary-calculator/singapore,,
singapore tax rate calculator,170,18,1,salaryaftertax.com,6,https://salaryaftertax.com/salary-calculator/singapore,,
singapore tax rates calculator,170,18,1,salaryaftertax.com,9,https://salaryaftertax.com/salary-calculator/singapore,,
tax brackets nz calculator,170,27,1,salaryaftertax.com,17,https://salaryaftertax.com/nz/salary-calculator,,
tax calculation japan,170,3,1,salaryaftertax.com,10,https://salaryaftertax.com/jp/salary-calculator,,
tax calculator japan,170,0,1,salaryaftertax.com,6,https://salaryaftertax.com/jp/salary-calculator,,
tax in japan calculator,170,0,1,salaryaftertax.com,6,https://salaryaftertax.com/jp/salary-calculator,,
tax in norway,170,18,1,salaryaftertax.com,16,https://salaryaftertax.com/salary-calculator/norway,,
tax income calculator nz,170,25,1,salaryaftertax.com,8,https://salaryaftertax.com/nz/salary-calculator,,
tax income singapore calculator,170,15,1,salaryaftertax.com,3,https://salaryaftertax.com/salary-calculator/singapore,,
tax on income calculator nz,170,25,1,salaryaftertax.com,9,https://salaryaftertax.com/nz/salary-calculator,,
tax rate calculator nz,170,59,1,salaryaftertax.com,12,https://salaryaftertax.com/nz/salary-calculator,,
tax rate calculator singapore,170,22,1,salaryaftertax.com,7,https://salaryaftertax.com/salary-calculator/singapore,,
tax rate nz calculator,170,59,1,salaryaftertax.com,12,https://salaryaftertax.com/nz/salary-calculator,,
tax rate singapore calculator,170,17,1,salaryaftertax.com,8,https://salaryaftertax.com/salary-calculator/singapore,,
taxes norway,170,22,1,salaryaftertax.com,16,https://salaryaftertax.com/salary-calculator/norway,,
us pay calculator,170,54,3,salaryaftertax.com,2,https://salaryaftertax.com/us/salary-calculator,,
us salary calculator,170,62,4,salaryaftertax.com,1,https://salaryaftertax.com/us/salary-calculator,,
wage calculator us,170,62,4,salaryaftertax.com,1,https://salaryaftertax.com/us/salary-calculator,,
adp gross pay calculator,170,17,4,paycalculator.com.au,12,https://paycalculator.com.au/,,
annual gross income calculator,170,31,3,paycalculator.com.au,2,https://paycalculator.com.au/,42,https://pay-calculator-australia.com/gross-pay-calculator/
annual gross salary calculator,170,13,4,paycalculator.com.au,1,https://paycalculator.com.au/,54,https://pay-calculator-australia.com/annual-pay-calculator/
annual salary to hourly,170,27,4,paycalculator.com.au,5,https://paycalculator.com.au/,39,https://pay-calculator-australia.com/hourly-to-annual-salary-calculator/
australia pay,170,20,4,paycalculator.com.au,1,https://paycalculator.com.au/,,
base salary calculator,170,10,3,paycalculator.com.au,1,https://paycalculator.com.au/,71,https://pay-calculator-australia.com/pay-calculator-vic/
calculate gst inclusive,170,11,1,paycal.com.au,17,https://paycal.com.au/gst-calculator/,,
calculate gst online,170,2,1,paycal.com.au,17,https://paycal.com.au/gst-calculator/,,
calculate hour rate from salary,170,27,4,paycalculator.com.au,4,https://paycalculator.com.au/,,
calculate pro rata salary australia,170,2,4,paycalculator.com.au,1,https://paycalculator.com.au/,,
calculating gst inclusive,170,10,1,paycal.com.au,13,https://paycal.com.au/gst-calculator/,,
check my pay,170,24,3,paycalculator.com.au,2,https://paycalculator.com.au/,,
create payslip online free,170,0,2,paycal.com.au,1,https://paycal.com.au/payslip-generator/,,
excluding gst meaning,170,3,1,paycal.com.au,18,https://paycal.com.au/gst-calculator/,,
excluding gst means,170,0,1,paycal.com.au,20,https://paycal.com.au/gst-calculator/,,
fbt novated lease calculator,170,0,2,paycal.com.au,5,https://paycal.com.au/ev-ice-novated-lease-calculator/,,
free gst,170,12,1,paycal.com.au,19,https://paycal.com.au/gst-calculator/,,
free invoice generator australia,170,0,1,paycal.com.au,7,https://paycal.com.au/invoice-generator/,,
free tax invoice templates australia,170,0,1,paycal.com.au,8,https://paycal.com.au/invoice-generator/,,
gst amount australia,170,27,1,paycal.com.au,16,https://paycal.com.au/gst-calculator/,,
gst calculator vic,170,8,1,paycal.com.au,15,https://paycal.com.au/gst-calculator/,,
gst due dates 2026,170,0,1,paycal.com.au,8,https://paycal.com.au/tax-calendar/,,
gst inclusive calculator,170,11,1,paycal.com.au,18,https://paycal.com.au/gst-calculator/,,
gst tax calculator,170,5,1,paycal.com.au,11,https://paycal.com.au/gst-calculator/,,
how much am i getting paid,170,46,4,paycalculator.com.au,2,https://paycalculator.com.au/,84,https://pay-calculator-australia.com/pay-calculator-wa/
how much will i get paid,170,18,4,paycalculator.com.au,1,https://paycalculator.com.au/,36,https://pay-calculator-australia.com/pay-rise-calculator/
how to calculate tax on pay,170,28,4,paycalculator.com.au,1,https://paycalculator.com.au/,,
how to calculate tax paid,170,28,3,paycalculator.com.au,3,https://paycalculator.com.au/,,
how to calculate tax payable,170,28,3,paycalculator.com.au,3,https://paycalculator.com.au/,,
how to calculate tax to be paid,170,28,4,paycalculator.com.au,3,https://paycalculator.com.au/,,
how to calculate tax to pay,170,28,4,paycalculator.com.au,3,https://paycalculator.com.au/,,
how to create payslip,170,0,1,paycal.com.au,2,https://paycal.com.au/payslip-generator/,,
how to figure out gross income,170,21,4,paycalculator.com.au,4,https://paycalculator.com.au/,42,https://pay-calculator-australia.com/gross-pay-calculator/
how to make a payslip,170,0,1,paycal.com.au,3,https://paycal.com.au/payslip-generator/,,
including gst,170,12,1,paycal.com.au,9,https://paycal.com.au/gst-calculator/,,
inclusive gst calculator,170,16,1,paycal.com.au,18,https://paycal.com.au/gst-calculator/,,
inclusive of gst calculator,170,10,1,paycal.com.au,18,https://paycal.com.au/gst-calculator/,,
income tax calculator qld,170,28,3,paycalculator.com.au,3,https://paycalculator.com.au/,,
invoice free,170,57,1,paycal.com.au,20,https://paycal.com.au/invoice-generator/,,
invoice gst template,170,11,1,paycal.com.au,19,https://paycal.com.au/invoice-generator/,,
invoice without gst,170,3,1,paycal.com.au,16,https://paycal.com.au/invoice-generator/,,
is gst 10 percent,170,15,1,paycal.com.au,12,https://paycal.com.au/gst-calculator/,,
is net after tax,170,7,4,paycalculator.com.au,7,https://paycalculator.com.au/,,
make a payslip online free,170,0,2,paycal.com.au,2,https://paycal.com.au/payslip-generator/,,
monthly wage tax calculator,170,15,4,paycalculator.com.au,4,https://paycalculator.com.au/,,
motor vehicle tax nsw,170,4,1,paycal.com.au,15,https://paycal.com.au/vehicle-registration-calculator/,,
my salary,170,53,4,paycalculator.com.au,1,https://paycalculator.com.au/,,
novated lease calculator ev,170,0,1,paycal.com.au,8,https://paycal.com.au/ev-ice-novated-lease-calculator/,,
novated lease electric car calculator,170,0,1,paycal.com.au,9,https://paycal.com.au/ev-ice-novated-lease-calculator/,,
nsw motor vehicle tax,170,2,1,paycal.com.au,13,https://paycal.com.au/vehicle-registration-calculator/,,
part time calculator salary,170,9,4,paycalculator.com.au,1,https://paycalculator.com.au/,68,https://pay-calculator-australia.com/employment-type-calculator/
part time wage calculator,170,15,4,paycalculator.com.au,1,https://paycalculator.com.au/,,
pay calculator online,170,22,4,paycalculator.com.au,1,https://paycalculator.com.au/,73,https://pay-calculator-australia.com/pay-calculator-vic/
payg due dates 2026,170,0,1,paycal.com.au,10,https://paycal.com.au/tax-calendar/,,
payslip tax calculator,170,12,4,paycalculator.com.au,2,https://paycalculator.com.au/,43,https://pay-calculator-australia.com/
payslip template australia free,170,0,1,paycal.com.au,3,https://paycal.com.au/payslip-generator/,,
pro rata salary calculator au,170,8,4,paycalculator.com.au,1,https://paycalculator.com.au/,79,https://pay-calculator-australia.com/annual-pay-calculator/
pro rata salary calculator australia,170,1,4,paycalculator.com.au,1,https://paycalculator.com.au/,,
quote invoice,170,0,1,paycal.com.au,16,https://paycal.com.au/quote-generator/,,
rego price check nsw,170,8,1,paycal.com.au,6,https://paycal.com.au/vehicle-registration-calculator/,,
rego transfer calculator,170,17,1,paycal.com.au,7,https://paycal.com.au/vehicle-registration-calculator/,,
subby to salary calculator,170,0,4,paycal.com.au,3,https://paycal.com.au/contractor-pay-calculator/,,
take home pay calculator nsw,170,7,4,paycalculator.com.au,1,https://paycalculator.com.au/,,
tax calculator for monthly salary,170,9,3,paycalculator.com.au,2,https://paycalculator.com.au/,,
tax calculator take home,170,11,4,paycalculator.com.au,2,https://paycalculator.com.au/,33,https://pay-calculator-australia.com/
tax on a weekly wage,170,14,3,paycalculator.com.au,5,https://paycalculator.com.au/,,
tax rebate aus,170,35,1,paycal.com.au,18,https://paycal.com.au/blogs/maximizing-tax-refund-australia/,,
tax take home calculator,170,37,3,paycalculator.com.au,1,https://paycalculator.com.au/,,
transfer fee nsw,170,18,1,paycal.com.au,16,https://paycal.com.au/vehicle-registration-calculator/,,
wa tax calculator,170,25,3,paycalculator.com.au,3,https://paycalculator.com.au/,,
wage to hourly rate calculator,170,6,4,wagecalculator.com.au,3,https://www.wagecalculator.com.au/,33,https://pay-calculator-australia.com/hourly-to-annual-salary-calculator/
weekly take home pay calculator,170,5,4,paycalculator.com.au,1,https://paycalculator.com.au/,,
2027 tax brackets,170,32,2,wagecalculator.com.au,15,https://www.wagecalculator.com.au/tax-rates/2026-27,78,https://pay-calculator-australia.com/tax-brackets/
7.6hrs,170,0,1,wagecalculator.com.au,12,https://www.wagecalculator.com.au/work-hours-calculator,,
act teacher pay rates,170,0,1,wagecalculator.com.au,7,https://www.wagecalculator.com.au/teacher-salaries/act,,
act teacher salary,170,0,1,wagecalculator.com.au,5,https://www.wagecalculator.com.au/teacher-salaries/act,,
adf pay grades,170,0,1,wagecalculator.com.au,4,https://www.wagecalculator.com.au/adf-pay,,
adf pay rates 2026,170,0,1,wagecalculator.com.au,4,https://www.wagecalculator.com.au/adf-pay,,
adf salary scales,170,0,1,wagecalculator.com.au,5,https://www.wagecalculator.com.au/adf-pay,,
ao4 pay rate,170,0,1,wagecalculator.com.au,5,https://www.wagecalculator.com.au/public-service-salaries/qld,,
ao4 salary,170,0,1,wagecalculator.com.au,4,https://www.wagecalculator.com.au/public-service-salaries/qld,,
ao5 pay rate,170,0,1,wagecalculator.com.au,4,https://www.wagecalculator.com.au/public-service-salaries/qld,,
ao5 salary,170,0,1,wagecalculator.com.au,6,https://www.wagecalculator.com.au/public-service-salaries/qld,,
aps 180,170,0,1,wagecalculator.com.au,17,https://www.wagecalculator.com.au/public-service-salaries/aps,,
aps enterprise agreement,170,0,1,wagecalculator.com.au,17,https://www.wagecalculator.com.au/public-service-salaries/aps,,
aps level 4,170,0,1,wagecalculator.com.au,8,https://www.wagecalculator.com.au/public-service-salaries/aps,,
aps level 4 salary,170,0,1,wagecalculator.com.au,4,https://www.wagecalculator.com.au/public-service-salaries/aps,,
aps level 5,170,0,1,wagecalculator.com.au,7,https://www.wagecalculator.com.au/public-service-salaries/aps,,
aps level salary,170,0,1,wagecalculator.com.au,4,https://www.wagecalculator.com.au/public-service-salaries/aps,,
aps levels salary,170,0,1,wagecalculator.com.au,4,https://www.wagecalculator.com.au/public-service-salaries/aps,,
army job pay,170,0,1,wagecalculator.com.au,6,https://www.wagecalculator.com.au/adf-pay,,
army pay,170,2,1,wagecalculator.com.au,7,https://www.wagecalculator.com.au/adf-pay,,
army pay scale,170,4,1,wagecalculator.com.au,7,https://www.wagecalculator.com.au/adf-pay,,
army pay scales,170,7,1,wagecalculator.com.au,3,https://www.wagecalculator.com.au/adf-pay,,
army salary,170,2,1,wagecalculator.com.au,7,https://www.wagecalculator.com.au/adf-pay/army,,
army wages,170,1,1,wagecalculator.com.au,5,https://www.wagecalculator.com.au/adf-pay,,
asd pay scale,170,0,1,wagecalculator.com.au,4,https://www.wagecalculator.com.au/public-service-salaries/asd,,
asd pay scales,170,0,1,wagecalculator.com.au,4,https://www.wagecalculator.com.au/public-service-salaries/asd,,
aso pay rates,170,0,1,wagecalculator.com.au,5,https://www.wagecalculator.com.au/public-service-salaries/sa,,
aso5 salary,170,0,1,wagecalculator.com.au,6,https://www.wagecalculator.com.au/public-service-salaries/sa,,
aso6 salary,170,0,1,wagecalculator.com.au,5,https://www.wagecalculator.com.au/public-service-salaries/sa,,
ato tax estimator,170,27,2,paycalculator.com.au,3,https://paycalculator.com.au/,,
australia redundancy pay calculator,170,11,1,wagecalculator.com.au,18,https://www.wagecalculator.com.au/redundancy-payout-calculator,55,https://pay-calculator-australia.com/redundancy-pay-calculator/
average teacher salary qld,170,0,1,wagecalculator.com.au,19,https://www.wagecalculator.com.au/teacher-salaries/qld,,
average teacher salary queensland,170,0,1,wagecalculator.com.au,18,https://www.wagecalculator.com.au/teacher-salaries/qld,,
calculate effective tax rate,170,43,2,paycalculator.com.au,4,https://paycalculator.com.au/,,
calculate hourly rate from salary,170,4,2,wagecalculator.com.au,5,https://www.wagecalculator.com.au/,,
calculator effective tax rate,170,43,2,paycalculator.com.au,3,https://paycalculator.com.au/,,
clinical nurse consultant salary,170,0,1,wagecalculator.com.au,14,https://www.wagecalculator.com.au/nursing-salaries/nsw,,
compare salaries,170,18,1,wagecalculator.com.au,1,https://www.wagecalculator.com.au/compare,,
cpsu wage rates,170,3,1,wagecalculator.com.au,13,https://www.wagecalculator.com.au/public-service-salaries/vic,,
crown employees award 2025,170,0,1,wagecalculator.com.au,6,https://www.wagecalculator.com.au/public-service-salaries/nsw,,
defence ea,170,10,1,wagecalculator.com.au,15,https://www.wagecalculator.com.au/public-service-salaries/aps,,
deputy principal salary nsw,170,0,1,wagecalculator.com.au,11,https://www.wagecalculator.com.au/teacher-salaries/nsw,,
education queensland pay scale,170,0,1,wagecalculator.com.au,16,https://www.wagecalculator.com.au/public-service-salaries/qld,,
graduate teacher pay,170,15,1,wagecalculator.com.au,17,https://www.wagecalculator.com.au/teacher-salaries/nsw,,
gross annual salary meaning,170,0,1,wagecalculator.com.au,19,https://www.wagecalculator.com.au/,,
head teacher salary nsw,170,0,1,wagecalculator.com.au,14,https://www.wagecalculator.com.au/teacher-salaries/nsw,,
hourly rate australia,170,32,1,wagecalculator.com.au,16,https://www.wagecalculator.com.au/,,
hourly wage in australia,170,30,1,wagecalculator.com.au,19,https://www.wagecalculator.com.au/,,
how much do nsw teachers get paid,170,0,1,wagecalculator.com.au,19,https://www.wagecalculator.com.au/teacher-salaries/nsw,,
how much do teachers get paid in nsw,170,0,1,wagecalculator.com.au,13,https://www.wagecalculator.com.au/teacher-salaries/nsw,,
how much should i be getting taxed,170,14,2,paycalculator.com.au,5,https://paycalculator.com.au/,,
how much tax do i pay per week,170,12,3,paycalculator.com.au,3,https://paycalculator.com.au/,,
how much tax do you pay,170,31,2,paycalculator.com.au,3,https://paycalculator.com.au/,52,https://pay-calculator-australia.com/income-tax-calculator/
how much tax will i pay per week,170,10,3,paycalculator.com.au,2,https://paycalculator.com.au/,,
how much will i get taxed this week,170,9,2,paycalculator.com.au,2,https://paycalculator.com.au/,47,https://pay-calculator-australia.com/
how to calculate tax payment,170,28,3,paycalculator.com.au,2,https://paycalculator.com.au/,59,https://pay-calculator-australia.com/bonus-tax-calculator/
how to find tax payable,170,28,2,paycalculator.com.au,5,https://paycalculator.com.au/,,
income tax calculator nsw,170,40,2,paycalculator.com.au,3,https://paycalculator.com.au/,,
leave calculator nsw,170,0,1,wagecalculator.com.au,15,https://www.wagecalculator.com.au/long-service-leave-calculator/nsw,41,https://pay-calculator-australia.com/leave-calculator/
my salaries,170,34,3,paycalculator.com.au,1,https://paycalculator.com.au/,,
net amount,170,10,2,paycalculator.com.au,9,https://paycalculator.com.au/,,
novated lease tax benefits,170,0,1,wagecalculator.com.au,16,https://www.wagecalculator.com.au/guides/novated-lease,,
nsw income tax calculator,170,26,2,paycalculator.com.au,3,https://paycalculator.com.au/,,
nsw tax rate calculator,170,34,2,paycalculator.com.au,3,https://paycalculator.com.au/,,
ntg pay,170,0,1,wagecalculator.com.au,12,https://www.wagecalculator.com.au/public-service-salaries/nt,,
ntg pay rates,170,0,1,wagecalculator.com.au,4,https://www.wagecalculator.com.au/public-service-salaries/nt,,
nurses salary wa,170,0,1,wagecalculator.com.au,19,https://www.wagecalculator.com.au/nursing-salaries/wa,,
nurses wages victoria,170,0,1,wagecalculator.com.au,19,https://www.wagecalculator.com.au/nursing-salaries/vic,,
nursing award qld health,170,13,1,wagecalculator.com.au,13,https://www.wagecalculator.com.au/nursing-salaries/qld,,
nursing eba pay rates,170,0,1,wagecalculator.com.au,13,https://www.wagecalculator.com.au/nursing-salaries/vic,,
nursing pay qld,170,0,1,wagecalculator.com.au,19,https://www.wagecalculator.com.au/nursing-salaries/qld,,
nursing wages victoria,170,0,1,wagecalculator.com.au,12,https://www.wagecalculator.com.au/nursing-salaries/vic,,
pay bands,170,11,1,wagecalculator.com.au,15,https://www.wagecalculator.com.au/public-service-salaries/nsw,,
pay comparison,170,17,2,wagecalculator.com.au,1,https://www.wagecalculator.com.au/compare,,
pay grades army,170,11,1,wagecalculator.com.au,7,https://www.wagecalculator.com.au/adf-pay/army,,
pay scale adf,170,0,1,wagecalculator.com.au,2,https://www.wagecalculator.com.au/adf-pay,,
pay scale in army,170,0,1,wagecalculator.com.au,5,https://www.wagecalculator.com.au/adf-pay,,
pay scales adf,170,0,1,wagecalculator.com.au,4,https://www.wagecalculator.com.au/adf-pay,,
pay tax calculator ato,170,28,2,paycalculator.com.au,2,https://paycalculator.com.au/,55,https://pay-calculator-australia.com/
pay tax weekly,170,23,2,paycalculator.com.au,6,https://paycalculator.com.au/,,
payg on schedule 5 meaning,170,0,2,wagecalculator.com.au,11,https://www.wagecalculator.com.au/bonus-tax-calculator,,
payscale adf,170,0,1,wagecalculator.com.au,2,https://www.wagecalculator.com.au/adf-pay,,
pro rata salary,170,0,3,paycalculator.com.au,1,https://paycalculator.com.au/,,
purchase leave calculator,170,0,1,wagecalculator.com.au,17,https://www.wagecalculator.com.au/,,
qld nurses pay rates 2025,170,0,1,wagecalculator.com.au,5,https://www.wagecalculator.com.au/nursing-salaries/qld,,
qld teacher pay scale 2026 pdf download,170,0,1,wagecalculator.com.au,15,https://www.wagecalculator.com.au/teacher-salaries/qld,,
raaf officer ranks,170,0,1,wagecalculator.com.au,7,https://www.wagecalculator.com.au/adf-pay/air-force,,
rate return calculator,170,36,1,wagecalculator.com.au,16,https://www.wagecalculator.com.au/investment-calculator,,
redundancy payment calculator ato,170,0,1,wagecalculator.com.au,16,https://www.wagecalculator.com.au/redundancy-payout-calculator,66,https://pay-calculator-australia.com/redundancy-pay-calculator/
redundancy payment calculator victoria,170,0,1,wagecalculator.com.au,17,https://www.wagecalculator.com.au/redundancy-payout-calculator,42,https://pay-calculator-australia.com/redundancy-pay-calculator/
redundancy payment victoria calculator,170,11,1,wagecalculator.com.au,18,https://www.wagecalculator.com.au/redundancy-payout-calculator,45,https://pay-calculator-australia.com/redundancy-pay-calculator/
redundancy payments victoria calculator,170,11,1,wagecalculator.com.au,20,https://www.wagecalculator.com.au/redundancy-payout-calculator,42,https://pay-calculator-australia.com/redundancy-pay-calculator/
registered nurse pay rates,170,0,1,wagecalculator.com.au,11,https://www.wagecalculator.com.au/nursing-salaries/qld,,
rn salary wa,170,0,1,wagecalculator.com.au,20,https://www.wagecalculator.com.au/nursing-salaries/wa,,
sa public sector pay rates,170,0,1,wagecalculator.com.au,3,https://www.wagecalculator.com.au/public-service-salaries/sa,,
salary admin,170,0,1,wagecalculator.com.au,10,https://www.wagecalculator.com.au/public-service-salaries/qld,,
salary band,170,6,1,wagecalculator.com.au,13,https://www.wagecalculator.com.au/public-service-salaries/tas,,
salary bands,170,3,1,wagecalculator.com.au,14,https://www.wagecalculator.com.au/public-service-salaries/qld,,
salary compare australia,170,15,1,wagecalculator.com.au,12,https://www.wagecalculator.com.au/compare,,
salary comparison,170,18,2,wagecalculator.com.au,3,https://www.wagecalculator.com.au/compare,,
salary comparison australia,170,20,2,wagecalculator.com.au,13,https://www.wagecalculator.com.au/compare,,
salary schedule,170,15,1,wagecalculator.com.au,6,https://www.wagecalculator.com.au/public-service-salaries/qld,,
salary yearly to hourly,170,27,3,wagecalculator.com.au,5,https://www.wagecalculator.com.au/,57,https://pay-calculator-australia.com/hourly-to-annual-salary-calculator/
services australia ea,170,0,1,wagecalculator.com.au,8,https://www.wagecalculator.com.au/public-service-salaries/aps,,
shift hours calculator,170,30,1,wagecalculator.com.au,11,https://www.wagecalculator.com.au/work-hours-calculator,,
south australian public sector enterprise agreement: salaried 2026,170,0,1,wagecalculator.com.au,7,https://www.wagecalculator.com.au/public-service-salaries/sa,,
sso pay rates sa,170,0,1,wagecalculator.com.au,6,https://www.wagecalculator.com.au/public-service-salaries/sa,,
sso pay rates south australia,170,0,1,wagecalculator.com.au,6,https://www.wagecalculator.com.au/public-service-salaries/sa,,
sydney teacher salary,170,0,1,wagecalculator.com.au,11,https://www.wagecalculator.com.au/teacher-salaries/nsw,32,https://pay-calculator-australia.com/teacher-pay-australia/nsw/
tax brackets 2026 2027,170,35,3,atotaxrates.info,10,https://atotaxrates.info/,,
tax brackets australia 2027,170,32,3,wagecalculator.com.au,11,https://www.wagecalculator.com.au/tax-rates/2026-27,,
tax calculator monthly salary,170,25,2,paycalculator.com.au,3,https://paycalculator.com.au/,,
tax calculator wa,170,28,2,paycalculator.com.au,2,https://paycalculator.com.au/,69,https://pay-calculator-australia.com/pay-calculator-wa/
tax in australia on salary,170,46,2,paycalculator.com.au,5,https://paycalculator.com.au/,,
tax on $1000 per week in australia,170,15,2,paycalculator.com.au,7,https://paycalculator.com.au/,,
tax on 120 000 australia,170,21,2,wagecalculator.com.au,4,https://www.wagecalculator.com.au/salary/120000,44,https://pay-calculator-australia.com/take-home-pay-on/120000/
tax on 120000 australia,170,11,1,wagecalculator.com.au,3,https://www.wagecalculator.com.au/salary/120000,,
tax on long service leave calculator,170,0,3,paycalculator.com.au,14,https://paycalculator.com.au/,55,https://pay-calculator-australia.com/leave-calculator/
tax on termination payments calculator,170,0,1,wagecalculator.com.au,9,https://www.wagecalculator.com.au/redundancy-payout-calculator,38,https://pay-calculator-australia.com/redundancy-pay-calculator/
tax rate calculator federal,170,41,2,paycalculator.com.au,5,https://paycalculator.com.au/,,
tax rates 2026-2027,170,32,2,wagecalculator.com.au,14,https://www.wagecalculator.com.au/tax-rates/2026-27,,
teacher pay scale victoria 2026 pdf,170,1,1,wagecalculator.com.au,8,https://www.wagecalculator.com.au/teacher-salaries/vic,,
teacher salary act,170,0,1,wagecalculator.com.au,9,https://www.wagecalculator.com.au/teacher-salaries/act,,
teacher salary in sydney australia,170,0,1,wagecalculator.com.au,17,https://www.wagecalculator.com.au/teacher-salaries/nsw,,
teacher salary perth,170,0,1,wagecalculator.com.au,6,https://www.wagecalculator.com.au/teacher-salaries/wa,,
teachers salary perth,170,1,1,wagecalculator.com.au,6,https://www.wagecalculator.com.au/teacher-salaries/wa,,
termination payment tax calculator,170,0,1,wagecalculator.com.au,3,https://www.wagecalculator.com.au/redundancy-payout-calculator,49,https://pay-calculator-australia.com/final-pay-calculator/
uwa salary scale,170,0,1,wagecalculator.com.au,13,https://www.wagecalculator.com.au/public-service-salaries/wa,,
vps mobility payment,170,0,1,wagecalculator.com.au,17,https://www.wagecalculator.com.au/public-service-salaries/vic,,
wage tax,170,37,2,paycalculator.com.au,15,https://paycalculator.com.au/,57,https://pay-calculator-australia.com/
what is my taxable income,170,23,2,paycalculator.com.au,3,https://paycalculator.com.au/,,
wing commander rank,170,7,1,wagecalculator.com.au,12,https://www.wagecalculator.com.au/adf-pay/air-force,,
withholding calculator,170,12,3,paycalculator.com.au,4,https://paycalculator.com.au/,,
yearly income tax calculator,170,28,2,paycalculator.com.au,3,https://paycalculator.com.au/,,
easter public holidays victoria,170,17,1,australiapaycalculator.com.au,15,https://australiapaycalculator.com.au/australian-public-holidays/,,
final pay calculator,170,0,2,paycalculator.com.au,8,https://paycalculator.com.au/,43,https://pay-calculator-australia.com/final-pay-calculator/
how to calculate work,170,8,2,paycalculator.com.au,5,https://paycalculator.com.au/,,
is it a long weekend in victoria,170,36,1,australiapaycalculator.com.au,15,https://australiapaycalculator.com.au/long-weekends-planner/,,
job pay rates,170,37,1,australiapaycalculator.com.au,14,https://australiapaycalculator.com.au/,,
next saturday,170,20,1,australiapaycalculator.com.au,14,https://australiapaycalculator.com.au/long-weekends-planner/,,
pro rata payment,170,0,1,australiapaycalculator.com.au,4,https://australiapaycalculator.com.au/,,
pro-rata payment,170,0,1,australiapaycalculator.com.au,4,https://australiapaycalculator.com.au/,,
calculate final pay,170,0,1,paycalculator.com.au,9,https://paycalculator.com.au/,38,https://pay-calculator-australia.com/final-pay-calculator/
calculator with sales tax,170,38,1,paycalculator.com.au,13,https://paycalculator.com.au/,,
compulsory hecs repayment,170,11,1,paycalculator.com.au,8,https://paycalculator.com.au/student-loan/,,
estimated family income,170,0,1,paycalculator.com.au,14,https://paycalculator.com.au/,,
family assistance calculator,170,3,1,paycalculator.com.au,14,https://paycalculator.com.au/,,
federal income tax calculator,170,67,1,paycalculator.com.au,14,https://paycalculator.com.au/,,
final payment calculator,170,9,1,paycalculator.com.au,5,https://paycalculator.com.au/,,
gross income or net income,170,3,1,paycalculator.com.au,10,https://paycalculator.com.au/,,
hecs compulsory repayment,170,13,1,paycalculator.com.au,16,https://paycalculator.com.au/student-loan/,,
help threshold,170,5,1,paycalculator.com.au,15,https://paycalculator.com.au/student-loan/,33,https://pay-calculator-australia.com/hecs-help-guide/
how much do i get taxed australia,170,36,1,paycalculator.com.au,3,https://paycalculator.com.au/,,
how much do i get taxed in australia,170,38,1,paycalculator.com.au,3,https://paycalculator.com.au/,50,https://pay-calculator-australia.com/income-tax-calculator/
how to calculate return of earnings,170,0,1,paycalculator.com.au,17,https://paycalculator.com.au/,,
how to calculate the tax payable,170,28,1,paycalculator.com.au,3,https://paycalculator.com.au/,,
how to compute taxable income,170,10,1,paycalculator.com.au,7,https://paycalculator.com.au/,,
lump sum calculator tax,170,6,1,paycalculator.com.au,15,https://paycalculator.com.au/,,
net income or gross income,170,4,1,paycalculator.com.au,13,https://paycalculator.com.au/,,
pay hecs,170,8,1,paycalculator.com.au,20,https://paycalculator.com.au/student-loan/,,
pay off hecs debt,170,1,1,paycalculator.com.au,14,https://paycalculator.com.au/student-loan/,,
payment plan calculator,170,45,1,paycalculator.com.au,13,https://paycalculator.com.au/,,
pcm calculator,170,4,1,paycalculator.com.au,14,https://paycalculator.com.au/,,
purchased leave calculator,170,0,1,paycalculator.com.au,15,https://paycalculator.com.au/,63,https://pay-calculator-australia.com/leave-calculator/
quick tax calculator,170,26,1,paycalculator.com.au,14,https://paycalculator.com.au/,,
quick tax estimator,170,28,1,paycalculator.com.au,14,https://paycalculator.com.au/,,
sale calculator with tax,170,25,1,paycalculator.com.au,14,https://paycalculator.com.au/,,
synonyms for salary,170,0,1,paycalculator.com.au,11,https://paycalculator.com.au/,,
systems analysts salary,170,0,1,paycalculator.com.au,12,https://paycalculator.com.au/,,
tax for salary in australia,170,43,1,paycalculator.com.au,4,https://paycalculator.com.au/,,
tax lump sum calculator,170,25,1,paycalculator.com.au,13,https://paycalculator.com.au/,,
tax on salary in australia,170,45,1,paycalculator.com.au,3,https://paycalculator.com.au/,,
tax on weekly income,170,17,1,paycalculator.com.au,4,https://paycalculator.com.au/,,
tax quick calculator,170,11,1,paycalculator.com.au,14,https://paycalculator.com.au/,,
tax return how much,170,25,1,paycalculator.com.au,12,https://paycalculator.com.au/,,
taxation formula,170,9,1,paycalculator.com.au,13,https://paycalculator.com.au/,,
taxcalc australia,170,25,1,paycalculator.com.au,4,https://paycalculator.com.au/,,
taxes formula,170,14,1,paycalculator.com.au,16,https://paycalculator.com.au/,,
2025 car limit,170,0,1,atotaxrates.info,4,https://atotaxrates.info/tax-deductions/work-related-car-expenses/car-depreciation-limits-guide/,,
allowance ato,170,14,1,atotaxrates.info,7,https://atotaxrates.info/allowances/ato-reasonable-travel-allowances/,,
allowances ato,170,6,1,atotaxrates.info,7,https://atotaxrates.info/allowances/ato-reasonable-travel-allowances/,,
asset depreciation ato,170,26,1,atotaxrates.info,16,https://atotaxrates.info/tax-deductions/ato-depreciation/,,
ato 2025 tax rates,170,31,1,atotaxrates.info,14,https://atotaxrates.info/,83,https://pay-calculator-australia.com/tax-brackets/
ato allowances,170,0,1,atotaxrates.info,15,https://atotaxrates.info/allowances/ato-reasonable-travel-allowances/,,
ato car depreciation rate,170,5,1,atotaxrates.info,14,https://atotaxrates.info/tax-deductions/work-related-car-expenses/depreciation-of-vehicles/,,
ato car depreciation rates,170,5,1,atotaxrates.info,15,https://atotaxrates.info/tax-deductions/work-related-car-expenses/depreciation-of-vehicles/,,
ato depreciating assets,170,33,1,atotaxrates.info,17,https://atotaxrates.info/tax-deductions/ato-depreciation/,,
ato div 7a interest rate,170,0,1,atotaxrates.info,10,https://atotaxrates.info/businesses/division-7a-benchmark-interest-rates/,,
ato division 7a interest rate,170,0,1,atotaxrates.info,11,https://atotaxrates.info/businesses/division-7a-benchmark-interest-rates/,,
ato effective life tables,170,17,1,atotaxrates.info,14,https://atotaxrates.info/tax-deductions/ato-depreciation/,,
ato exchange rates monthly,170,11,1,atotaxrates.info,20,https://atotaxrates.info/numbers/exchange-rates/,,
ato foreign exchange rates monthly,170,17,1,atotaxrates.info,13,https://atotaxrates.info/numbers/exchange-rates/,,
ato fuel calculator,170,4,1,atotaxrates.info,18,https://atotaxrates.info/businesses/fuel-tax-credit/,,
ato home office,170,11,1,atotaxrates.info,16,https://atotaxrates.info/tax-deductions/home-office-expenses/,,
ato monthly exchange rates,170,13,1,atotaxrates.info,14,https://atotaxrates.info/numbers/exchange-rates/,,
ato tax brackets 25 26,170,31,1,atotaxrates.info,12,https://atotaxrates.info/,70,https://pay-calculator-australia.com/tax-brackets/
ato work related car expenses,170,7,1,atotaxrates.info,15,https://atotaxrates.info/tax-deductions/work-related-car-expenses/,,
australian tax rates 2025-26,170,31,1,atotaxrates.info,13,https://atotaxrates.info/,,
business tax return form,170,6,1,atotaxrates.info,17,https://atotaxrates.info/other-tax-topics/tax-return-forms-link-page/tax-forms-2025/,,
capital gains tax and non residents,170,0,1,atotaxrates.info,17,https://atotaxrates.info/capital-gains-tax/cgt-and-non-residents/,,
capital gains tax non residents,170,0,1,atotaxrates.info,14,https://atotaxrates.info/capital-gains-tax/cgt-and-non-residents/,,
car depreciation rate ato,170,8,1,atotaxrates.info,14,https://atotaxrates.info/tax-deductions/work-related-car-expenses/depreciation-of-vehicles/,,
car depreciation rates ato,170,20,1,atotaxrates.info,13,https://atotaxrates.info/tax-deductions/work-related-car-expenses/depreciation-of-vehicles/,,
car km,170,0,1,atotaxrates.info,19,https://atotaxrates.info/tax-deductions/work-related-car-expenses/cents-per-kilometre/,,
centrelink $250 payment 2025,170,16,1,atotaxrates.info,12,https://atotaxrates.info/centrelink-payment-rates/,,
centrelink christmas bonus eligibility,170,4,1,atotaxrates.info,20,https://atotaxrates.info/centrelink-payment-rates/,,
centrelink jobseeker payment increase 2026,170,3,1,atotaxrates.info,12,https://atotaxrates.info/centrelink-payment-rates/,,
centrelink payment amount,170,21,1,atotaxrates.info,10,https://atotaxrates.info/centrelink-payment-rates/,,
centrelink payment amounts,170,11,1,atotaxrates.info,12,https://atotaxrates.info/centrelink-payment-rates/,,
centrelink payment increase indexation australia,170,0,1,atotaxrates.info,15,https://atotaxrates.info/centrelink-payment-rates/,,
centrelink payments amount,170,15,1,atotaxrates.info,13,https://atotaxrates.info/centrelink-payment-rates/,,
centrelink payments christmas 2025,170,0,1,atotaxrates.info,16,https://atotaxrates.info/centrelink-payment-rates/,,
centrelink payments over christmas 2025,170,0,1,atotaxrates.info,11,https://atotaxrates.info/centrelink-payment-rates/,,
centrelink special payment 2025,170,0,1,atotaxrates.info,11,https://atotaxrates.info/centrelink-payment-rates/,,
cents per kilometer calculator,170,0,1,atotaxrates.info,9,https://atotaxrates.info/tax-deductions/work-related-car-expenses/cents-per-kilometre/,,
cents per kilometre method,170,0,1,atotaxrates.info,13,https://atotaxrates.info/tax-deductions/work-related-car-expenses/cents-per-kilometre/,,
cents per kilometre rate 2026,170,0,1,atotaxrates.info,12,https://atotaxrates.info/tax-deductions/work-related-car-expenses/cents-per-kilometre/,,
cents per km calculator,170,0,1,atotaxrates.info,8,https://atotaxrates.info/tax-deductions/work-related-car-expenses/cents-per-kilometre/,,
cgt non resident,170,0,1,atotaxrates.info,12,https://atotaxrates.info/capital-gains-tax/cgt-and-non-residents/,,
depreciation asset ato,170,26,1,atotaxrates.info,18,https://atotaxrates.info/tax-deductions/ato-depreciation/,,
depreciation assets ato,170,26,1,atotaxrates.info,16,https://atotaxrates.info/tax-deductions/ato-depreciation/,,
depreciation cost limit 2026,170,0,1,atotaxrates.info,8,https://atotaxrates.info/tax-deductions/work-related-car-expenses/car-depreciation-limits-guide/,,
depreciation for laptop,170,0,1,atotaxrates.info,17,https://atotaxrates.info/tax-deductions/ato-depreciation/depreciation-of-computers/,,
depreciation motor vehicle,170,0,1,atotaxrates.info,12,https://atotaxrates.info/tax-deductions/work-related-car-expenses/depreciation-of-vehicles/,,
depreciation of assets ato,170,26,1,atotaxrates.info,18,https://atotaxrates.info/tax-deductions/ato-depreciation/,,
depreciation on laptop,170,0,1,atotaxrates.info,17,https://atotaxrates.info/tax-deductions/ato-depreciation/depreciation-of-computers/,,
depreciation on motor vehicles,170,1,1,atotaxrates.info,11,https://atotaxrates.info/tax-deductions/work-related-car-expenses/depreciation-of-vehicles/,,
div 7a benchmark interest rate,170,0,1,atotaxrates.info,7,https://atotaxrates.info/businesses/division-7a-benchmark-interest-rates/,,
dividend franking calculator,170,0,1,atotaxrates.info,1,https://atotaxrates.info/businesses/company-tax-rates/dividend-franking-credit-calculators/,,
excel formula for gst,170,0,1,atotaxrates.info,9,https://atotaxrates.info/businesses/bas-statement/gst-calculator/,,
excel formula gst,170,0,1,atotaxrates.info,11,https://atotaxrates.info/businesses/bas-statement/gst-calculator/,,
excel gst formula,170,0,1,atotaxrates.info,9,https://atotaxrates.info/businesses/bas-statement/gst-calculator/,,
fbt car parking,170,0,1,atotaxrates.info,8,https://atotaxrates.info/businesses/fringe-benefits-tax/car-parking-fbt/,,
fbt operating cost method,170,0,1,atotaxrates.info,20,https://atotaxrates.info/businesses/fringe-benefits-tax/car-fringe-benefits/fbt-operating-cost-method/,,
fixed rate method 2025,170,0,1,atotaxrates.info,20,https://atotaxrates.info/tax-deductions/home-office-expenses/,40,https://pay-calculator-australia.com/work-from-home-deductions/
formula for gst in excel,170,0,1,atotaxrates.info,16,https://atotaxrates.info/businesses/bas-statement/gst-calculator/,,
franked dividend calculator,170,0,1,atotaxrates.info,1,https://atotaxrates.info/businesses/company-tax-rates/dividend-franking-credit-calculators/,,
franking dividend calculator,170,0,1,atotaxrates.info,1,https://atotaxrates.info/businesses/company-tax-rates/dividend-franking-credit-calculators/,,
ftc rates 2026,170,0,1,atotaxrates.info,16,https://atotaxrates.info/businesses/fuel-tax-credit/,,
fuel tax credit calculator 2026,170,0,1,atotaxrates.info,17,https://atotaxrates.info/businesses/fuel-tax-credit/,,
fy25 tax rates,170,31,1,atotaxrates.info,18,https://atotaxrates.info/,43,https://pay-calculator-australia.com/tax-brackets/
gst excel formula,170,0,1,atotaxrates.info,6,https://atotaxrates.info/businesses/bas-statement/gst-calculator/,,
gst formula excel,170,0,1,atotaxrates.info,13,https://atotaxrates.info/businesses/bas-statement/gst-calculator/,,
home office ato,170,11,1,atotaxrates.info,15,https://atotaxrates.info/tax-deductions/home-office-expenses/,,
how much is the special benefit fortnightly payment,170,0,1,atotaxrates.info,18,https://atotaxrates.info/centrelink-payment-rates/,,
income averaging,170,0,1,atotaxrates.info,20,https://atotaxrates.info/Spreadsheets/how-special-income-taxed.xls,,
is car allowance taxable,170,0,1,atotaxrates.info,19,https://atotaxrates.info/car-allowance/,,
itinerant worker,170,0,1,atotaxrates.info,18,https://atotaxrates.info/tax-deductions/work-related-car-expenses/travel-home-work/,,
lct threshold 2025,170,0,1,atotaxrates.info,19,https://atotaxrates.info/tax-deductions/work-related-car-expenses/car-depreciation-limits-guide/,,
lump sum a tax offset,170,0,1,atotaxrates.info,14,https://atotaxrates.info/tax-offset/delayed-income-tax-offset/,,
lump sum tax offset,170,0,1,atotaxrates.info,19,https://atotaxrates.info/tax-offset/,,
market value substitution rule,170,0,1,atotaxrates.info,14,https://atotaxrates.info/capital-gains-tax/capital-proceeds/,,
meal allowance 2026,170,0,1,atotaxrates.info,4,https://atotaxrates.info/allowances/ato-reasonable-travel-allowances/,,
mileage ato,170,6,1,atotaxrates.info,17,https://atotaxrates.info/tax-deductions/work-related-car-expenses/cents-per-kilometre/,,
mileage rate ato,170,7,1,atotaxrates.info,16,https://atotaxrates.info/tax-deductions/work-related-car-expenses/cents-per-kilometre/,,
monthly exchange rates ato,170,9,1,atotaxrates.info,16,https://atotaxrates.info/numbers/exchange-rates/,,
non resident tax rates ato,170,34,1,atotaxrates.info,16,https://atotaxrates.info/non-residents/non-resident-tax-rates-2023/,32,https://pay-calculator-australia.com/non-resident-tax/
nsw payroll tax act,170,0,1,atotaxrates.info,15,https://atotaxrates.info/businesses/payroll-tax/payroll-tax-nsw/,,
one off centrelink payments 2025,170,19,1,atotaxrates.info,12,https://atotaxrates.info/centrelink-payment-rates/,,
one-off centrelink payment 2025,170,19,1,atotaxrates.info,12,https://atotaxrates.info/centrelink-payment-rates/,,
one-off centrelink payments 2025,170,16,1,atotaxrates.info,8,https://atotaxrates.info/centrelink-payment-rates/,,
operating costs method fbt,170,0,1,atotaxrates.info,17,https://atotaxrates.info/businesses/fringe-benefits-tax/car-fringe-benefits/fbt-operating-cost-method/,,
payroll tax act nsw,170,0,1,atotaxrates.info,11,https://atotaxrates.info/businesses/payroll-tax/payroll-tax-nsw/,,
pension bonus 2025,170,0,1,atotaxrates.info,19,https://atotaxrates.info/centrelink-payment-rates/,,
pension one off payment,170,0,1,atotaxrates.info,20,https://atotaxrates.info/centrelink-payment-rates/,,
private health insurance offset,170,4,1,atotaxrates.info,16,https://atotaxrates.info/tax-offset/private-health-insurance-tax-offset/,,
private health insurance threshold,170,2,1,atotaxrates.info,19,https://atotaxrates.info/tax-offset/private-health-insurance-tax-offset/,,
qld tax rate,170,37,1,atotaxrates.info,17,https://atotaxrates.info/,,
rate per km ato,170,4,1,atotaxrates.info,17,https://atotaxrates.info/tax-deductions/work-related-car-expenses/cents-per-kilometre/,,
reasonable travel allowance 2025,170,0,1,atotaxrates.info,3,https://atotaxrates.info/allowances/ato-reasonable-travel-allowances/,,
sapto age,170,2,1,atotaxrates.info,9,https://atotaxrates.info/tax-offset/senior-australians-tax-offset/,31,https://pay-calculator-australia.com/sapto-calculator/
sapto eligibility 2025,170,0,1,atotaxrates.info,18,https://atotaxrates.info/tax-offset/senior-australians-tax-offset/,,
schedule 5,170,0,1,atotaxrates.info,13,https://atotaxrates.info/payg-tax-tables/back-payments-schedule-5/,,
tax brackets australia 2025-26,170,32,1,atotaxrates.info,17,https://atotaxrates.info/,,
tax cuts australia 2026,170,27,1,atotaxrates.info,15,https://atotaxrates.info/,,
tax table 2024,170,10,1,atotaxrates.info,18,https://atotaxrates.info/,37,https://pay-calculator-australia.com/tax-brackets/
tax tables nsw,170,18,1,atotaxrates.info,18,https://atotaxrates.info/,,
travel allowance 2025,170,0,1,atotaxrates.info,3,https://atotaxrates.info/allowances/ato-reasonable-travel-allowances/,,
what are fuel tax credits,170,0,1,atotaxrates.info,18,https://atotaxrates.info/businesses/fuel-tax-credit/,,
what is employee share scheme,170,0,1,atotaxrates.info,19,https://atotaxrates.info/employee-share-schemes/,,
what is lump sum e,170,0,1,atotaxrates.info,12,https://atotaxrates.info/tax-offset/delayed-income-tax-offset/,,
what is the fuel tax credit,170,4,1,atotaxrates.info,12,https://atotaxrates.info/businesses/fuel-tax-credit/,,
work related car expenses ato,170,3,1,atotaxrates.info,16,https://atotaxrates.info/tax-deductions/work-related-car-expenses/,,
work-related car expenses ato,170,3,1,atotaxrates.info,16,https://atotaxrates.info/tax-deductions/work-related-car-expenses/,,
115k after tax australia,140,18,4,salaryaftertax.com,4,https://salaryaftertax.com/salary-calculator/australia,35,https://pay-calculator-australia.com/take-home-pay-on/115000/
130k after tax,140,13,4,paycalculator.com.au,3,https://paycalculator.com.au/,50,https://pay-calculator-australia.com/tax-on/130000/
ato hecs calculator,140,28,4,atotaxcalculator.com.au,3,https://atotaxcalculator.com.au/help-debt,57,https://pay-calculator-australia.com/hecs-help-calculator/
ato individual tax rates 2026,140,42,3,atotaxrates.info,9,https://atotaxrates.info/,,
ato low income tax offset,140,27,2,atotaxcalculator.com.au,9,https://atotaxcalculator.com.au/low-income-tax-offset-lito,33,https://pay-calculator-australia.com/low-income-tax-offset/
ato tax calculator 2025 26,140,38,2,paycalculator.com.au,7,https://paycalculator.com.au/,59,https://pay-calculator-australia.com/income-tax-calculator/
ato tax calculator 2025--26,140,38,2,atotaxcalculator.com.au,13,https://atotaxcalculator.com.au/,,
ato tax calculators,140,9,1,atotaxcalculator.com.au,15,https://atotaxcalculator.com.au/,,
calculator ato,140,36,2,paycalculator.com.au,5,https://paycalculator.com.au/,,
hecs repayment calculator 2025,140,0,5,paycalculator.com.au,4,https://paycalculator.com.au/student-loan/,,
how much tax to pay calculator,140,28,3,paycalculator.com.au,3,https://paycalculator.com.au/,,
income tax ca,140,28,2,paycalculator.com.au,3,https://paycalculator.com.au/,,
income tax online calculator,140,38,2,paycalculator.com.au,7,https://paycalculator.com.au/,,
income tax payable calculator,140,28,2,paycalculator.com.au,3,https://paycalculator.com.au/,,
indexation hecs,140,3,1,atotaxcalculator.com.au,18,https://atotaxcalculator.com.au/hecs-debt-indexation,,
low income offset ato,140,27,1,atotaxcalculator.com.au,10,https://atotaxcalculator.com.au/low-income-tax-offset-lito,,
low income tax offset ato,140,4,1,atotaxcalculator.com.au,9,https://atotaxcalculator.com.au/low-income-tax-offset-lito,,
low income tax threshold,140,4,1,atotaxcalculator.com.au,12,https://atotaxcalculator.com.au/low-income-tax-offset-lito,,
private health insurance tax offset,140,4,1,atotaxcalculator.com.au,18,https://atotaxcalculator.com.au/private-health-insurance-tax-offset,,
student debt calculator,140,24,3,paycalculator.com.au,3,https://paycalculator.com.au/student-loan/,,
student debt relief,140,1,1,atotaxcalculator.com.au,20,https://atotaxcalculator.com.au/help-debt-relief-repayment-reforms,,
study loan calculator,140,18,3,paycalculator.com.au,3,https://paycalculator.com.au/student-loan/,,
tax calculator threshold,140,38,2,paycalculator.com.au,3,https://paycalculator.com.au/,,
tax on 72000 australia,140,28,1,atotaxcalculator.com.au,13,https://atotaxcalculator.com.au/,,
when is hecs indexed,140,0,1,atotaxcalculator.com.au,16,https://atotaxcalculator.com.au/hecs-debt-indexation,,
135k after tax australia,140,11,3,wagecalculator.com.au,4,https://www.wagecalculator.com.au/,37,https://pay-calculator-australia.com/tax-on/135000/
250k after tax australia,140,5,3,salaryaftertax.com,6,https://salaryaftertax.com/salary-calculator/australia,,
30 per hour annual salary,140,0,4,wagecalculator.com.au,1,https://www.wagecalculator.com.au/hourly-to-salary-calculator,35,https://pay-calculator-australia.com/hourly-to-annual-salary-calculator/
55 per hour annual salary,140,0,4,wagecalculator.com.au,5,https://www.wagecalculator.com.au/hourly-to-salary/55,34,https://pay-calculator-australia.com/hourly-to-annual-salary-calculator/
78000 after tax australia,140,0,1,salaryaftertax.com,6,https://salaryaftertax.com/salary-calculator/australia,,
au talent tax calculator,140,20,4,paycalculator.com.au,4,https://paycalculator.com.au/,,
average monthly income australia,140,2,1,salaryaftertax.com,11,https://salaryaftertax.com/salary-calculator/australia,,
average monthly income in australia,140,2,1,salaryaftertax.com,6,https://salaryaftertax.com/salary-calculator/australia,70,https://pay-calculator-australia.com/average-salary-australia/
average monthly wage australia,140,1,1,salaryaftertax.com,8,https://salaryaftertax.com/salary-calculator/australia,,
average monthly wage in australia,140,1,1,salaryaftertax.com,7,https://salaryaftertax.com/salary-calculator/australia,,
average salary in tokyo,140,1,1,salaryaftertax.com,15,https://salaryaftertax.com/jp/salary-calculator,,
average weekly pay,140,8,1,salaryaftertax.com,7,https://salaryaftertax.com/salary-calculator/australia,,
calculate tax japan,140,7,1,salaryaftertax.com,4,https://salaryaftertax.com/jp/salary-calculator,,
find my wage,140,18,5,paycalculator.com.au,8,https://paycalculator.com.au/,,
how much does job pay,140,34,2,wagecalculator.com.au,7,https://www.wagecalculator.com.au/,,
how much will i get paid after tax,140,8,5,paycalculator.com.au,1,https://paycalculator.com.au/,,
in hand salary calculator australia,140,8,5,paycalculator.com.au,1,https://paycalculator.com.au/,,
income tax calculator america,140,67,1,salaryaftertax.com,7,https://salaryaftertax.com/us/salary-calculator,,
income tax calculator in usa,140,71,1,salaryaftertax.com,12,https://salaryaftertax.com/us/salary-calculator,,
income tax in usa calculator,140,71,1,salaryaftertax.com,12,https://salaryaftertax.com/us/salary-calculator,,
income tax united states calculator,140,67,1,salaryaftertax.com,8,https://salaryaftertax.com/us/salary-calculator,,
income tax us calculator,140,67,1,salaryaftertax.com,15,https://salaryaftertax.com/us/salary-calculator,,
income tax usa calculator,140,71,1,salaryaftertax.com,15,https://salaryaftertax.com/us/salary-calculator,,
is net pay after tax,140,9,5,paycalculator.com.au,1,https://paycalculator.com.au/,,
japan tax calculator,140,0,1,salaryaftertax.com,8,https://salaryaftertax.com/jp/salary-calculator,,
monthly take home pay calculator,140,9,5,paycalculator.com.au,1,https://paycalculator.com.au/,44,https://pay-calculator-australia.com/weekly-pay-calculator/
nz salary tax calculator,140,29,1,salaryaftertax.com,3,https://salaryaftertax.com/nz/salary-calculator,,
nz tax rate calculator,140,59,1,salaryaftertax.com,13,https://salaryaftertax.com/nz/salary-calculator,,
pay c,140,7,5,paycalculator.com.au,1,https://paycalculator.com.au/,,
paye aus,140,10,5,paycalculator.com.au,1,https://paycalculator.com.au/,,
salary calculator pro rata australia,140,1,5,paycalculator.com.au,1,https://paycalculator.com.au/,63,https://pay-calculator-australia.com/
salary tax calculator in usa,140,65,2,salaryaftertax.com,2,https://salaryaftertax.com/us/salary-calculator,,
talent tax calculator australia,140,20,4,paycalculator.com.au,4,https://paycalculator.com.au/,,
tax on 250000,140,15,2,paycalculator.com.au,10,https://paycalculator.com.au/,,
tax on 300k australia,140,22,2,salaryaftertax.com,11,https://salaryaftertax.com/salary-calculator/australia,,
taxable income us calculator,140,62,1,salaryaftertax.com,6,https://salaryaftertax.com/us/salary-calculator,,
taxes in japan calculator,140,12,1,salaryaftertax.com,6,https://salaryaftertax.com/jp/salary-calculator,,
tokyo average salary,140,15,1,salaryaftertax.com,16,https://salaryaftertax.com/jp/salary-calculator,,
us income tax calculator,140,91,1,salaryaftertax.com,14,https://salaryaftertax.com/us/salary-calculator,,
wage check,140,21,4,wagecalculator.com.au,3,https://www.wagecalculator.com.au/,,
what is my salary,140,8,5,paycalculator.com.au,1,https://paycalculator.com.au/,,
australia pay rate calculator,140,33,4,paycalculator.com.au,2,https://paycalculator.com.au/,,
australian pay rate calculator,140,33,4,paycalculator.com.au,2,https://paycalculator.com.au/,,
before tax calculator,140,14,4,paycalculator.com.au,5,https://paycalculator.com.au/,,
before taxes calculator,140,14,4,paycalculator.com.au,3,https://paycalculator.com.au/,,
calculate contract rate,140,0,2,paycal.com.au,1,https://paycal.com.au/contractor-pay-calculator/,,
calculate contractor rate,140,0,2,paycal.com.au,1,https://paycal.com.au/contractor-pay-calculator/,,
calculate income tax online,140,28,2,paycalculator.com.au,6,https://paycalculator.com.au/,,
calculating contractor rate,140,0,2,paycal.com.au,1,https://paycal.com.au/contractor-pay-calculator/,,
calculator before tax,140,16,3,paycalculator.com.au,5,https://paycalculator.com.au/,,
calculator for student loans,140,20,2,paycalculator.com.au,3,https://paycalculator.com.au/student-loan/,,
car rego calculator,140,23,1,paycal.com.au,13,https://paycal.com.au/vehicle-registration-calculator/,,
contract calculator,140,0,3,paycal.com.au,1,https://paycal.com.au/contractor-pay-calculator/,,
contract rate calculator,140,0,2,paycal.com.au,1,https://paycal.com.au/contractor-pay-calculator/,,
contract rates calculator,140,0,3,paycal.com.au,1,https://paycal.com.au/contractor-pay-calculator/,75,https://pay-calculator-australia.com/contractor-pay-calculator/
contracting rate calculator,140,0,3,paycal.com.au,1,https://paycal.com.au/contractor-pay-calculator/,80,https://pay-calculator-australia.com/contractor-pay-calculator/
contracting rates calculator,140,0,2,paycal.com.au,1,https://paycal.com.au/contractor-pay-calculator/,71,https://pay-calculator-australia.com/contractor-pay-calculator/
contractor rate calculator,140,0,2,paycal.com.au,1,https://paycal.com.au/contractor-pay-calculator/,72,https://pay-calculator-australia.com/contractor-pay-calculator/
contractor rates calculator,140,0,3,paycal.com.au,1,https://paycal.com.au/contractor-pay-calculator/,71,https://pay-calculator-australia.com/contractor-pay-calculator/
convert annual salary to hourly calculator,140,27,3,wagecalculator.com.au,3,https://www.wagecalculator.com.au/,53,https://pay-calculator-australia.com/hourly-to-annual-salary-calculator/
daily rate calculator,140,9,4,paycal.com.au,1,https://paycal.com.au/contractor-pay-calculator/,,
daily rates calculator,140,0,4,paycal.com.au,1,https://paycal.com.au/contractor-pay-calculator/,,
day rate calculator,140,0,3,paycal.com.au,1,https://paycal.com.au/contractor-pay-calculator/,,
education loan calculator,140,16,1,paycal.com.au,14,https://paycal.com.au/student-loan-repayment-calculator/,,
education loans calculator,140,40,2,paycalculator.com.au,8,https://paycalculator.com.au/student-loan/,,
fortnightly tax calculator 2026,140,23,3,paycalculator.com.au,4,https://paycalculator.com.au/,53,https://pay-calculator-australia.com/fortnightly-pay-calculator/
government holiday calculator,140,7,1,paycal.com.au,18,https://paycal.com.au/public-holidays-calculator/,,
gst amount calculator,140,10,1,paycal.com.au,17,https://paycal.com.au/gst-calculator/,,
inc gst,140,7,1,paycal.com.au,7,https://paycal.com.au/gst-calculator/,,
income tax withheld calculator,140,14,2,paycalculator.com.au,7,https://paycalculator.com.au/,,
income tax withholding estimator,140,13,3,paycalculator.com.au,6,https://paycalculator.com.au/,,
income withheld calculator,140,13,4,paycalculator.com.au,5,https://paycalculator.com.au/,,
interest rate cut calculator,140,12,1,paycal.com.au,4,https://paycal.com.au/rate-cut-calculator/,,
interest rate increase calculator,140,12,1,paycal.com.au,11,https://paycal.com.au/rate-cut-calculator/,,
loan calculator for student loans,140,35,2,paycalculator.com.au,9,https://paycalculator.com.au/student-loan/,,
loan calculator student,140,29,2,paycalculator.com.au,2,https://paycalculator.com.au/student-loan/,,
melbourne tax calculator,140,20,3,paycalculator.com.au,3,https://paycalculator.com.au/,,
monthly salary after tax calculator,140,11,4,paycalculator.com.au,1,https://paycalculator.com.au/,63,https://pay-calculator-australia.com/
novated lease ev calculator,140,0,1,paycal.com.au,9,https://paycal.com.au/ev-ice-novated-lease-calculator/,,
nsw rego fees,140,3,1,paycal.com.au,17,https://paycal.com.au/vehicle-registration-calculator/,,
nsw vehicle registration calculator,140,0,1,paycal.com.au,6,https://paycal.com.au/vehicle-registration-calculator/,,
on road costs calculator,140,17,1,paycal.com.au,20,https://paycal.com.au/vehicle-registration-calculator/,,
online calculator of income tax,140,28,2,paycalculator.com.au,3,https://paycalculator.com.au/,,
online payslip generator,140,0,2,paycal.com.au,2,https://paycal.com.au/payslip-generator/,,
pay slip generator,140,0,2,paycal.com.au,2,https://paycal.com.au/payslip-generator/,,
pay withheld calculator,140,13,4,paycalculator.com.au,5,https://paycalculator.com.au/,,
payg cal,140,45,3,paycalculator.com.au,2,https://paycalculator.com.au/,83,https://pay-calculator-australia.com/fortnightly-pay-calculator/
payslip template simple,140,0,1,paycal.com.au,7,https://paycal.com.au/payslip-generator/,,
pro rata pay calculator australia,140,1,4,paycalculator.com.au,1,https://paycalculator.com.au/,77,https://pay-calculator-australia.com/annual-pay-calculator/
public holiday rate calculator,140,4,3,paycal.com.au,4,https://paycal.com.au/public-holidays-calculator/,,
public holiday rates calculator,140,2,2,paycal.com.au,10,https://paycal.com.au/public-holidays-calculator/,,
qld rego transfer fee,140,34,1,paycal.com.au,12,https://paycal.com.au/vehicle-registration-calculator/,,
qld salary,140,20,2,wagecalculator.com.au,6,https://www.wagecalculator.com.au/public-service-salaries/qld,,
rego fees nsw,140,3,1,paycal.com.au,20,https://paycal.com.au/vehicle-registration-calculator/,,
repayments on 100k mortgage,140,25,1,paycal.com.au,18,https://paycal.com.au/mortgage-calculator/,,
salary base calculator,140,24,4,paycalculator.com.au,1,https://paycalculator.com.au/,72,https://pay-calculator-australia.com/
salary pro rata calculator australia,140,1,4,paycalculator.com.au,1,https://paycalculator.com.au/,71,https://pay-calculator-australia.com/hourly-to-annual-salary-calculator/
seek calculator salary,140,15,4,wagecalculator.com.au,2,https://www.wagecalculator.com.au/,,
student loan calculator,140,29,2,paycalculator.com.au,5,https://paycalculator.com.au/student-loan/,,
study loans calculator,140,26,2,paycalculator.com.au,4,https://paycalculator.com.au/student-loan/,,
sunday pay rates casual calculator,140,7,4,paycalculator.com.au,3,https://paycalculator.com.au/,49,https://pay-calculator-australia.com/retail-hospitality-pay-guide/
take home pay calculator after tax,140,12,4,paycalculator.com.au,2,https://paycalculator.com.au/,78,https://pay-calculator-australia.com/take-home-pay-calculator/
talent.com tax calculator,140,25,3,paycalculator.com.au,3,https://paycalculator.com.au/,,
tax calculator melbourne,140,14,3,paycalculator.com.au,3,https://paycalculator.com.au/,,
tax deductions 2025,140,0,1,paycal.com.au,20,https://paycal.com.au/blogs/maximizing-tax-refund-australia/,,
transfer fees calculator,140,32,1,paycal.com.au,14,https://paycal.com.au/vehicle-registration-calculator/,,
transfer rego nsw calculator,140,17,1,paycal.com.au,4,https://paycal.com.au/vehicle-registration-calculator/,,
transfer rego nsw cost,140,16,1,paycal.com.au,16,https://paycal.com.au/vehicle-registration-calculator/,,
victoria payroll tax calculator,140,0,2,paycalculator.com.au,11,https://paycalculator.com.au/,31,https://pay-calculator-australia.com/pay-calculator-vic/
wages tax calculator australia,140,10,4,paycalculator.com.au,2,https://paycalculator.com.au/,76,https://pay-calculator-australia.com/income-tax-calculator/
wages withholding calculator,140,8,3,paycalculator.com.au,5,https://paycalculator.com.au/,,
what is my rate of pay,140,22,4,paycalculator.com.au,3,https://paycalculator.com.au/,,
withheld calculator,140,10,4,paycalculator.com.au,5,https://paycalculator.com.au/,,
yearly income calculator,140,31,3,paycalculator.com.au,1,https://paycalculator.com.au/,42,https://pay-calculator-australia.com/hourly-to-annual-salary-calculator/
26 27 tax brackets,140,34,2,wagecalculator.com.au,14,https://www.wagecalculator.com.au/tax-rates/2026-27,39,https://pay-calculator-australia.com/tax-brackets/
30 an hour is how much a year,140,0,1,wagecalculator.com.au,1,https://www.wagecalculator.com.au/hourly-to-salary-calculator,33,https://pay-calculator-australia.com/hourly-to-annual-salary-calculator/
70k after tax,140,0,1,wagecalculator.com.au,5,https://www.wagecalculator.com.au/salary/70000,,
a07 salary qld,140,0,1,wagecalculator.com.au,2,https://www.wagecalculator.com.au/public-service-salaries/qld,,
adf pay rise,140,0,1,wagecalculator.com.au,9,https://www.wagecalculator.com.au/adf-pay,,
adf wra,140,0,1,wagecalculator.com.au,19,https://www.wagecalculator.com.au/adf-pay,,
admin officer salary,140,0,1,wagecalculator.com.au,13,https://www.wagecalculator.com.au/public-service-salaries/qld,,
ain pay rate qld,140,0,1,wagecalculator.com.au,10,https://www.wagecalculator.com.au/nursing-salaries/qld,,
ain salary qld,140,0,1,wagecalculator.com.au,5,https://www.wagecalculator.com.au/nursing-salaries/qld,,
air force jobs pay,140,6,1,wagecalculator.com.au,4,https://www.wagecalculator.com.au/adf-pay/air-force,,
air force pay,140,8,1,wagecalculator.com.au,3,https://www.wagecalculator.com.au/adf-pay,,
air force payment,140,3,1,wagecalculator.com.au,3,https://www.wagecalculator.com.au/adf-pay/air-force,,
air force salaries,140,3,1,wagecalculator.com.au,3,https://www.wagecalculator.com.au/adf-pay,,
air force salary,140,0,1,wagecalculator.com.au,3,https://www.wagecalculator.com.au/adf-pay/air-force,,
aps 1,140,17,1,wagecalculator.com.au,16,https://www.wagecalculator.com.au/public-service-salaries/aps,,
aps 5 pay,140,0,1,wagecalculator.com.au,6,https://www.wagecalculator.com.au/public-service-salaries/aps,,
aps el2 salary,140,0,1,wagecalculator.com.au,2,https://www.wagecalculator.com.au/public-service-salaries/aps,,
aps pay,140,0,1,wagecalculator.com.au,8,https://www.wagecalculator.com.au/public-service-salaries/aps,,
aps pay scales 2026,140,0,1,wagecalculator.com.au,2,https://www.wagecalculator.com.au/public-service-salaries/aps,,
aps payment,140,0,1,wagecalculator.com.au,5,https://www.wagecalculator.com.au/public-service-salaries/aps,,
aps-1,140,5,1,wagecalculator.com.au,15,https://www.wagecalculator.com.au/public-service-salaries/aps,,
aps5 pay,140,0,1,wagecalculator.com.au,4,https://www.wagecalculator.com.au/public-service-salaries/aps,,
aps6 salary 2026,140,0,1,wagecalculator.com.au,2,https://www.wagecalculator.com.au/public-service-salaries/aps,,
aso salary,140,0,1,wagecalculator.com.au,3,https://www.wagecalculator.com.au/public-service-salaries/sa,,
aso2 salary,140,0,1,wagecalculator.com.au,2,https://www.wagecalculator.com.au/public-service-salaries/sa,,
aso3,140,0,1,wagecalculator.com.au,6,https://www.wagecalculator.com.au/public-service-salaries/sa,,
aso4,140,0,1,wagecalculator.com.au,5,https://www.wagecalculator.com.au/public-service-salaries/sa,,
aso6,140,0,1,wagecalculator.com.au,8,https://www.wagecalculator.com.au/public-service-salaries/sa,,
aso6 salary sa government,140,0,1,wagecalculator.com.au,3,https://www.wagecalculator.com.au/public-service-salaries/sa,,
assistant in nursing pay rate qld,140,0,1,wagecalculator.com.au,14,https://www.wagecalculator.com.au/nursing-salaries/qld,,
assistant statistical officer salary,140,0,1,wagecalculator.com.au,17,https://www.wagecalculator.com.au/public-service-salaries/sa,,
ato aps pay rates,140,0,1,wagecalculator.com.au,5,https://www.wagecalculator.com.au/public-service-salaries/aps,,
ato aps salary,140,0,1,wagecalculator.com.au,6,https://www.wagecalculator.com.au/public-service-salaries/aps,,
ato el1 salary,140,0,1,wagecalculator.com.au,6,https://www.wagecalculator.com.au/public-service-salaries/aps,,
ato redundancy tax calculator,140,0,1,wagecalculator.com.au,18,https://www.wagecalculator.com.au/redundancy-payout-calculator,61,https://pay-calculator-australia.com/redundancy-pay-calculator/
ato tax free threshold 2026,140,32,2,wagecalculator.com.au,8,https://www.wagecalculator.com.au/tax-rates/2026-27,,
ato tax-free threshold 2026,140,32,2,wagecalculator.com.au,8,https://www.wagecalculator.com.au/tax-rates/2026-27,,
australian army reserves pay,140,1,1,wagecalculator.com.au,14,https://www.wagecalculator.com.au/adf-pay/army,,
australian army salary per month,140,0,1,wagecalculator.com.au,4,https://www.wagecalculator.com.au/adf-pay,,
australian payroll tax calculator,140,18,2,paycalculator.com.au,2,https://paycalculator.com.au/,,
calculate long service leave payout,140,3,1,wagecalculator.com.au,20,https://www.wagecalculator.com.au/long-service-leave-calculator/vic,,
cdr navy rank,140,11,1,wagecalculator.com.au,10,https://www.wagecalculator.com.au/adf-pay/navy,,
cdr rank in navy,140,11,1,wagecalculator.com.au,17,https://www.wagecalculator.com.au/adf-pay/navy,,
commander rank in navy,140,12,1,wagecalculator.com.au,18,https://www.wagecalculator.com.au/adf-pay/navy,,
decd pay rates,140,3,1,wagecalculator.com.au,20,https://www.wagecalculator.com.au/teacher-salaries/sa,,
defence pay,140,0,1,wagecalculator.com.au,5,https://www.wagecalculator.com.au/adf-pay,,
department of defence enterprise agreement,140,0,1,wagecalculator.com.au,7,https://www.wagecalculator.com.au/public-service-salaries/aps,,
effective tax rate calculator,140,24,2,paycalculator.com.au,3,https://paycalculator.com.au/,,
el1 salary 2026,140,0,1,wagecalculator.com.au,2,https://www.wagecalculator.com.au/public-service-salaries/aps,,
el2 salary 2025,140,0,1,wagecalculator.com.au,3,https://www.wagecalculator.com.au/public-service-salaries,,
eq pay scale,140,1,1,wagecalculator.com.au,12,https://www.wagecalculator.com.au/public-service-salaries/qld,,
eq salary schedule,140,0,1,wagecalculator.com.au,9,https://www.wagecalculator.com.au/public-service-salaries/qld,,
how much does a job pay,140,37,1,wagecalculator.com.au,16,https://www.wagecalculator.com.au/,,
how much does this job pay,140,37,2,australiapaycalculator.com.au,15,https://australiapaycalculator.com.au/,,
income taxes withheld calculator,140,13,2,paycalculator.com.au,5,https://paycalculator.com.au/,,
individual tax rates 2027,140,32,2,wagecalculator.com.au,15,https://www.wagecalculator.com.au/tax-rates/2026-27,,
land tax rate nsw,140,0,1,wagecalculator.com.au,8,https://www.wagecalculator.com.au/land-tax-calculator/nsw,,
land tax rates nsw,140,0,1,wagecalculator.com.au,7,https://www.wagecalculator.com.au/land-tax-calculator/nsw,,
lcdr rank,140,7,1,wagecalculator.com.au,4,https://www.wagecalculator.com.au/adf-pay/navy,,
midwife salary nsw,140,0,1,wagecalculator.com.au,19,https://www.wagecalculator.com.au/nursing-salaries/nsw,,
midwifery salary nsw,140,0,1,wagecalculator.com.au,13,https://www.wagecalculator.com.au/nursing-salaries/nsw,,
nsw police pay scales,140,0,1,wagecalculator.com.au,14,https://www.wagecalculator.com.au/public-service-salaries/nsw,,
nsw rn pay rates 2026,140,0,1,wagecalculator.com.au,11,https://www.wagecalculator.com.au/nursing-salaries/nsw,,
nsw teacher pay scale pdf,140,0,1,wagecalculator.com.au,11,https://www.wagecalculator.com.au/public-service-salaries/nsw,,
ombudsman pay calculator,140,10,1,wagecalculator.com.au,12,https://www.wagecalculator.com.au/,,
online calculator for income tax,140,38,2,paycalculator.com.au,6,https://paycalculator.com.au/,,
paid salary,140,9,1,wagecalculator.com.au,5,https://www.wagecalculator.com.au/,,
pay rate qld,140,20,1,wagecalculator.com.au,8,https://www.wagecalculator.com.au/public-service-salaries/qld,,
pay rates wa,140,16,1,wagecalculator.com.au,5,https://www.wagecalculator.com.au/public-service-salaries/wa,,
payroll salaries,140,35,1,wagecalculator.com.au,18,https://www.wagecalculator.com.au/,,
payroll salary,140,0,1,wagecalculator.com.au,3,https://www.wagecalculator.com.au/,,
payroll tax calculator victoria,140,32,2,paycalculator.com.au,5,https://paycalculator.com.au/,,
primary principal salary,140,7,1,wagecalculator.com.au,20,https://www.wagecalculator.com.au/teacher-salaries/wa,,
pscsaa 2024,140,0,1,wagecalculator.com.au,11,https://www.wagecalculator.com.au/public-service-salaries/wa,,
pte army rank,140,5,1,wagecalculator.com.au,6,https://www.wagecalculator.com.au/adf-pay/army,,
public sector nursing pay rates south australia,140,0,1,wagecalculator.com.au,19,https://www.wagecalculator.com.au/nursing-salaries/sa,,
qld health nurse pay,140,0,1,wagecalculator.com.au,20,https://www.wagecalculator.com.au/nursing-salaries/qld,,
qld teacher pay scale 2025 pdf download,140,0,1,wagecalculator.com.au,10,https://www.wagecalculator.com.au/public-service-salaries/qld,,
qld teacher pay scale 2026,140,0,1,wagecalculator.com.au,15,https://www.wagecalculator.com.au/teacher-salaries/qld,,
qtu salary scales,140,0,1,wagecalculator.com.au,15,https://www.wagecalculator.com.au/teacher-salaries/qld,,
queensland health nursing pay rates,140,0,1,wagecalculator.com.au,11,https://www.wagecalculator.com.au/nursing-salaries/qld,,
queensland health nursing wages,140,0,1,wagecalculator.com.au,17,https://www.wagecalculator.com.au/nursing-salaries/qld,,
queensland pay rates,140,23,1,wagecalculator.com.au,9,https://www.wagecalculator.com.au/public-service-salaries/qld,,
queensland salary,140,22,1,wagecalculator.com.au,5,https://www.wagecalculator.com.au/public-service-salaries/qld,,
queensland wage rates,140,17,1,wagecalculator.com.au,7,https://www.wagecalculator.com.au/public-service-salaries/qld,,
redundancy pay calculator australia,140,11,1,wagecalculator.com.au,16,https://www.wagecalculator.com.au/redundancy-payout-calculator,52,https://pay-calculator-australia.com/redundancy-pay-calculator/
redundancy payment calculator australia,140,11,1,wagecalculator.com.au,15,https://www.wagecalculator.com.au/redundancy-payout-calculator,52,https://pay-calculator-australia.com/redundancy-pay-calculator/
sa health nurse pay rates,140,0,1,wagecalculator.com.au,20,https://www.wagecalculator.com.au/nursing-salaries/sa,,
salary qld,140,20,1,wagecalculator.com.au,6,https://www.wagecalculator.com.au/public-service-salaries/qld,,
senior executive service salary,140,0,1,wagecalculator.com.au,14,https://www.wagecalculator.com.au/public-service-salaries/aps,,
ses pay rates,140,0,1,wagecalculator.com.au,7,https://www.wagecalculator.com.au/public-service-salaries/aps,,
tax brackets 26 27,140,32,2,wagecalculator.com.au,13,https://www.wagecalculator.com.au/tax-rates/2026-27,54,https://pay-calculator-australia.com/tax-brackets/
tax calculator before tax,140,35,2,paycalculator.com.au,6,https://paycalculator.com.au/,,
tax free threshold australia 2026,140,18,2,wagecalculator.com.au,10,https://www.wagecalculator.com.au/tax-rates/2026-27,,
tax on $100 000 australia,140,6,1,wagecalculator.com.au,7,https://www.wagecalculator.com.au/,,
tax on abn income calculator,140,26,2,paycalculator.com.au,7,https://paycalculator.com.au/,,
tax rate 2027,140,32,3,atotaxrates.info,12,https://atotaxrates.info/,70,https://pay-calculator-australia.com/tax-changes-2026-27/
tax return brackets,140,36,1,wagecalculator.com.au,17,https://www.wagecalculator.com.au/tax-rates/2024-25,60,https://pay-calculator-australia.com/tax-brackets/
tax table 2025/2026,140,16,2,atotaxrates.info,9,https://atotaxrates.info/individual-tax-rates-resident/tax-rates-2025-2026-year-2/,,
tax table calculator,140,28,2,paycalculator.com.au,6,https://paycalculator.com.au/,,
tax tables calculator,140,12,2,paycalculator.com.au,6,https://paycalculator.com.au/,,
tax thresholds 2024,140,31,1,wagecalculator.com.au,20,https://www.wagecalculator.com.au/tax-rates,44,https://pay-calculator-australia.com/tax-brackets/
tax timetable calculator,140,10,2,paycalculator.com.au,5,https://paycalculator.com.au/,,
teacher salary vic 2026,140,0,1,wagecalculator.com.au,6,https://www.wagecalculator.com.au/teacher-salaries/vic,,
uwa salary scales,140,0,1,wagecalculator.com.au,19,https://www.wagecalculator.com.au/public-service-salaries/wa,,
vps 5 salary 2026,140,0,1,wagecalculator.com.au,5,https://www.wagecalculator.com.au/public-service-salaries/vic,,
wa nurses pay rates,140,0,1,wagecalculator.com.au,20,https://www.wagecalculator.com.au/nursing-salaries/wa,,
wa pay rates,140,6,1,wagecalculator.com.au,8,https://www.wagecalculator.com.au/public-service-salaries/wa,36,https://pay-calculator-australia.com/award-rates/
wage rate qld,140,18,1,wagecalculator.com.au,7,https://www.wagecalculator.com.au/public-service-salaries/qld,,
wage rates qld,140,15,1,wagecalculator.com.au,7,https://www.wagecalculator.com.au/public-service-salaries/qld,,
western australia nursing salary,140,0,1,wagecalculator.com.au,15,https://www.wagecalculator.com.au/nursing-salaries/wa,,
western australia pay rates,140,7,1,wagecalculator.com.au,12,https://www.wagecalculator.com.au/public-service-salaries/wa,,
yearly to hourly wage converter,140,27,3,paycalculator.com.au,3,https://paycalculator.com.au/,56,https://pay-calculator-australia.com/hourly-to-annual-salary-calculator/
australia payroll tax calculator,140,38,2,paycalculator.com.au,1,https://paycalculator.com.au/,,
how to work tax out,140,17,2,paycalculator.com.au,7,https://paycalculator.com.au/,,
is there a long weekend this weekend,140,52,1,australiapaycalculator.com.au,17,https://australiapaycalculator.com.au/long-weekends-planner/,,
long weekend dates,140,52,1,australiapaycalculator.com.au,18,https://australiapaycalculator.com.au/australian-public-holidays/,,
long weekends in 2026,140,36,1,australiapaycalculator.com.au,19,https://australiapaycalculator.com.au/long-weekends-planner/,,
salary finder,140,37,1,australiapaycalculator.com.au,18,https://australiapaycalculator.com.au/,,
why is it a long weekend this weekend,140,52,1,australiapaycalculator.com.au,13,https://australiapaycalculator.com.au/long-weekends-planner/,,
2026 tax calculator australia,140,38,1,paycalculator.com.au,5,https://paycalculator.com.au/,70,https://pay-calculator-australia.com/income-tax-calculator/
access pay calculator,140,10,1,paycalculator.com.au,13,https://paycalculator.com.au/,,
australian tax brackets calculator,140,28,1,paycalculator.com.au,3,https://paycalculator.com.au/,,
calculate tax payable on income,140,28,1,paycalculator.com.au,3,https://paycalculator.com.au/,57,https://pay-calculator-australia.com/income-tax-calculator/
difference between gross and net pay,140,10,1,paycalculator.com.au,10,https://paycalculator.com.au/,,
does gross pay include super,140,0,1,paycalculator.com.au,15,https://paycalculator.com.au/,,
effective tax rate australia,140,46,1,paycalculator.com.au,5,https://paycalculator.com.au/,58,https://pay-calculator-australia.com/tax-brackets/
home office calculator,140,3,1,paycalculator.com.au,16,https://paycalculator.com.au/,62,https://pay-calculator-australia.com/work-from-home-deductions/
how much can,140,0,1,paycalculator.com.au,14,https://paycalculator.com.au/,,
how to find the income tax,140,28,1,paycalculator.com.au,5,https://paycalculator.com.au/,,
income tax calculator federal,140,56,1,paycalculator.com.au,10,https://paycalculator.com.au/,,
income tax calculator online,140,28,1,paycalculator.com.au,8,https://paycalculator.com.au/,,
income tax federal calculator,140,29,1,paycalculator.com.au,9,https://paycalculator.com.au/,,
loan student calculator,140,29,1,paycalculator.com.au,4,https://paycalculator.com.au/student-loan/,,
online income tax calculator,140,28,1,paycalculator.com.au,7,https://paycalculator.com.au/,,
payroll tax calculation victoria,140,0,1,paycalculator.com.au,11,https://paycalculator.com.au/,,
sole trader tax rate calculator,140,27,1,paycalculator.com.au,8,https://paycalculator.com.au/,,
student loans calculator,140,18,1,paycalculator.com.au,6,https://paycalculator.com.au/student-loan/,,
students loan calculator,140,18,1,paycalculator.com.au,3,https://paycalculator.com.au/student-loan/,,
super payment calculator,140,25,1,paycalculator.com.au,9,https://paycalculator.com.au/,,
tax amount,140,36,1,paycalculator.com.au,20,https://paycalculator.com.au/,,
tax calculation table,140,21,1,paycalculator.com.au,13,https://paycalculator.com.au/,,
tax calculator for sole trader,140,27,1,paycalculator.com.au,7,https://paycalculator.com.au/,,
tax calculator table,140,14,1,paycalculator.com.au,14,https://paycalculator.com.au/,,
tax on 170k australia,140,21,1,paycalculator.com.au,19,https://paycalculator.com.au/,38,https://pay-calculator-australia.com/take-home-pay-on/170000/
tax on 180000,140,22,1,paycalculator.com.au,7,https://paycalculator.com.au/,36,https://pay-calculator-australia.com/take-home-pay-on/180000/
tax on taxable income,140,33,1,paycalculator.com.au,8,https://paycalculator.com.au/,56,https://pay-calculator-australia.com/income-tax-calculator/
tax rate withholding calculator,140,14,1,paycalculator.com.au,6,https://paycalculator.com.au/,75,https://pay-calculator-australia.com/
tax threshold calculator,140,24,1,paycalculator.com.au,2,https://paycalculator.com.au/,80,https://pay-calculator-australia.com/income-tax-calculator/
tfn calculator,140,38,1,paycalculator.com.au,2,https://paycalculator.com.au/,,
tfn tax calculator,140,38,1,paycalculator.com.au,3,https://paycalculator.com.au/,,
weekly tax withheld calculator,140,21,1,paycalculator.com.au,6,https://paycalculator.com.au/,48,https://pay-calculator-australia.com/
2026 div 7a interest rate,140,0,1,atotaxrates.info,8,https://atotaxrates.info/businesses/division-7a-benchmark-interest-rates/,,
abs monthly cpi,140,26,1,atotaxrates.info,19,https://atotaxrates.info/wp-content/uploads/2025/07/ABS-announces-the-Monthly-CPI-to-start-in-November-2025-_-Australian-Bureau-of-Statistics.pdf,,
allowance per diem,140,0,1,atotaxrates.info,18,https://atotaxrates.info/allowances/ato-reasonable-travel-allowances/,,
annual tax table,140,31,1,atotaxrates.info,19,https://atotaxrates.info/,,
ato bas forms,140,9,1,atotaxrates.info,20,https://atotaxrates.info/businesses/bas-statement/bas-statement-example/,,
ato benchmark interest rate 2025,140,9,1,atotaxrates.info,6,https://atotaxrates.info/businesses/division-7a-benchmark-interest-rates/,,
ato benchmark interest rate 2026,140,0,1,atotaxrates.info,6,https://atotaxrates.info/businesses/division-7a-benchmark-interest-rates/,,
ato car depreciation,140,0,1,atotaxrates.info,15,https://atotaxrates.info/tax-deductions/work-related-car-expenses/depreciation-of-vehicles/,,
ato daily exchange rates,140,18,1,atotaxrates.info,16,https://atotaxrates.info/numbers/exchange-rates/,,
ato depreciation rates 2026,140,22,1,atotaxrates.info,11,https://atotaxrates.info/tax-deductions/ato-depreciation/,,
ato depreciation rates table,140,20,1,atotaxrates.info,11,https://atotaxrates.info/tax-deductions/ato-depreciation/,,
ato div 7a loan calculator,140,0,1,atotaxrates.info,16,https://atotaxrates.info/businesses/division-7a-benchmark-interest-rates/division-7a-calculator-and-decision-tool/,,
ato division 7a loan calculator,140,0,1,atotaxrates.info,15,https://atotaxrates.info/businesses/division-7a-benchmark-interest-rates/division-7a-calculator-and-decision-tool/,,
ato employment termination payment,140,7,1,atotaxrates.info,9,https://atotaxrates.info/employment-termination-payments/,,
ato exchange rates daily,140,19,1,atotaxrates.info,20,https://atotaxrates.info/numbers/exchange-rates/,,
ato foreign exchange rates daily,140,10,1,atotaxrates.info,7,https://atotaxrates.info/numbers/exchange-rates/,,
ato fuel tax credit,140,18,1,atotaxrates.info,9,https://atotaxrates.info/businesses/fuel-tax-credit/,,
ato home office rate,140,6,1,atotaxrates.info,4,https://atotaxrates.info/tax-deductions/home-office-expenses/,,
ato logbook template,140,0,1,atotaxrates.info,16,https://atotaxrates.info/tax-deductions/work-related-car-expenses/log-book-method/,,
ato mileage,140,8,1,atotaxrates.info,16,https://atotaxrates.info/tax-deductions/work-related-car-expenses/cents-per-kilometre/,,
ato monthly tax table,140,0,1,atotaxrates.info,17,https://atotaxrates.info/payg-tax-tables/,,
ato per diem rates 2026,140,0,1,atotaxrates.info,5,https://atotaxrates.info/allowances/ato-reasonable-travel-allowances/,,
ato reasonable travel allowance 2025--26,140,0,1,atotaxrates.info,5,https://atotaxrates.info/allowances/ato-reasonable-travel-allowances/,,
ato reasonable travel allowance 2025-26,140,0,1,atotaxrates.info,6,https://atotaxrates.info/allowances/ato-reasonable-travel-allowances/,,
ato remote area list,140,4,1,atotaxrates.info,10,https://atotaxrates.info/businesses/fringe-benefits-tax/remote-area-fbt-concessions/,,
ato sapto,140,0,1,atotaxrates.info,11,https://atotaxrates.info/tax-offset/senior-australians-tax-offset/,,
ato small business cgt concessions,140,0,1,atotaxrates.info,17,https://atotaxrates.info/capital-gains-tax/small-business-cgt-concessions/,,
ato tax free threshold 2025,140,24,1,atotaxrates.info,17,https://atotaxrates.info/,,
ato tax thresholds 2025,140,31,1,atotaxrates.info,13,https://atotaxrates.info/individual-tax-rates-resident/ato-tax-rates-2025/,,
ato vehicle log book template excel,140,0,1,atotaxrates.info,11,https://atotaxrates.info/tax-deductions/work-related-car-expenses/log-book-method/,,
australian trust tax rate,140,11,1,atotaxrates.info,19,https://atotaxrates.info/businesses/trust-tax-rates/,,
bas agent due dates,140,0,1,atotaxrates.info,13,https://atotaxrates.info/businesses/bas-statement/bas-statement-due-dates/,,
benchmark interest rate 2025,140,19,1,atotaxrates.info,6,https://atotaxrates.info/businesses/division-7a-benchmark-interest-rates/,,
benchmark interest rate fbt,140,0,1,atotaxrates.info,3,https://atotaxrates.info/businesses/fringe-benefits-tax/fbt-benchmark-interest-rate/,,
bsb 671000,140,5,1,atotaxrates.info,17,https://atotaxrates.info/numbers/bsb-search/,,
bsb number checker,140,15,1,atotaxrates.info,20,https://atotaxrates.info/numbers/bsb-search/,,
car depreciation ato,140,8,1,atotaxrates.info,17,https://atotaxrates.info/tax-deductions/work-related-car-expenses/depreciation-of-vehicles/,,
car limit 2024,140,0,1,atotaxrates.info,6,https://atotaxrates.info/tax-deductions/work-related-car-expenses/car-depreciation-limits-guide/,,
car limit gst,140,0,1,atotaxrates.info,4,https://atotaxrates.info/tax-deductions/work-related-car-expenses/car-depreciation-limits-guide/,,
car parking fringe benefit,140,0,1,atotaxrates.info,9,https://atotaxrates.info/businesses/fringe-benefits-tax/car-parking-fbt/,,
centrelink $400 payment 2025,140,6,1,atotaxrates.info,11,https://atotaxrates.info/centrelink-payment-rates/,,
centrelink age pension pay dates 2025 victoria,140,0,1,atotaxrates.info,15,https://atotaxrates.info/centrelink-payment-rates/,,
centrelink age pension pay dates 2026 qld,140,0,1,atotaxrates.info,18,https://atotaxrates.info/centrelink-payment-rates/,,
centrelink christmas bonus 2025 payment dates,140,0,1,atotaxrates.info,13,https://atotaxrates.info/centrelink-payment-rates/,,
centrelink christmas payment 2025,140,0,1,atotaxrates.info,12,https://atotaxrates.info/centrelink-payment-rates/,,
centrelink jobseeker payment increase,140,9,1,atotaxrates.info,10,https://atotaxrates.info/centrelink-payment-rates/,,
centrelink october 2025 payments increase,140,6,1,atotaxrates.info,10,https://atotaxrates.info/centrelink-payment-rates/,,
centrelink one off payment 2025 when will it be paid,140,17,1,atotaxrates.info,9,https://atotaxrates.info/centrelink-payment-rates/,,
centrelink one-off payment 2025 when will it be paid,140,15,1,atotaxrates.info,7,https://atotaxrates.info/centrelink-payment-rates/,,
centrelink pay rise,140,0,1,atotaxrates.info,19,https://atotaxrates.info/centrelink-payment-rates/,,
centrelink rates,140,28,1,atotaxrates.info,13,https://atotaxrates.info/centrelink-payment-rates/,,
cents per kilometre calculator,140,2,1,atotaxrates.info,14,https://atotaxrates.info/tax-deductions/work-related-car-expenses/cents-per-kilometre/,,
cents per km rate 2026,140,0,1,atotaxrates.info,11,https://atotaxrates.info/tax-deductions/work-related-car-expenses/cents-per-kilometre/,,
cgt rollover,140,0,1,atotaxrates.info,17,https://atotaxrates.info/capital-gains-tax/capital-gains-rollovers/,,
christmas pension payments,140,0,1,atotaxrates.info,15,https://atotaxrates.info/centrelink-payment-rates/,,
cost of living payment 2026 centrelink,140,7,1,atotaxrates.info,10,https://atotaxrates.info/centrelink-payment-rates/,,
daily foreign exchange rates ato,140,10,1,atotaxrates.info,6,https://atotaxrates.info/numbers/exchange-rates/,,
depreciation car ato,140,5,1,atotaxrates.info,17,https://atotaxrates.info/tax-deductions/work-related-car-expenses/depreciation-of-vehicles/,,
depreciation cost limit,140,0,1,atotaxrates.info,11,https://atotaxrates.info/tax-deductions/work-related-car-expenses/car-depreciation-limits-guide/,,
depreciation limit 2025,140,0,1,atotaxrates.info,8,https://atotaxrates.info/tax-deductions/work-related-car-expenses/car-depreciation-limits-guide/,,
excepted income,140,0,1,atotaxrates.info,13,https://atotaxrates.info/individual-tax-rates-resident/children-tax/excepted-income/,,
extra centrelink payments,140,22,1,atotaxrates.info,17,https://atotaxrates.info/centrelink-payment-rates/,,
fbt benchmark interest rate,140,0,1,atotaxrates.info,2,https://atotaxrates.info/businesses/fringe-benefits-tax/fbt-benchmark-interest-rate/,,
fbt exempt vehicles list 2025,140,4,1,atotaxrates.info,8,https://atotaxrates.info/businesses/fringe-benefits-tax/fbt-exempt-vehicles/,,
fbt threshold,140,0,1,atotaxrates.info,13,https://atotaxrates.info/businesses/fringe-benefits-tax/,31,https://pay-calculator-australia.com/fringe-benefits-tax/
franking credit australia,140,17,1,atotaxrates.info,19,https://atotaxrates.info/businesses/company-tax-rates/dividend-franking-credit-calculators/,,
fuel tax calculator ato,140,0,1,atotaxrates.info,10,https://atotaxrates.info/businesses/fuel-tax-credit/,,
fuel tax credit calculator 2025,140,0,1,atotaxrates.info,20,https://atotaxrates.info/businesses/fuel-tax-credit/,,
government allowance beneficiary tax offset,140,0,1,atotaxrates.info,11,https://atotaxrates.info/tax-offset/beneficiary-tax-offset/,,
gst car limit,140,0,1,atotaxrates.info,3,https://atotaxrates.info/tax-deductions/work-related-car-expenses/car-depreciation-limits-guide/,,
gst on cars,140,0,1,atotaxrates.info,14,https://atotaxrates.info/wp-content/uploads/2012/09/GST-and-motor-vehicles-_-Australian-Taxation-Office.pdf,,
gst threshold sole trader,140,4,1,atotaxrates.info,15,https://atotaxrates.info/businesses/tax-invoices-and-gst/gst-thresholds/,,
home office expenses 2025,140,0,1,atotaxrates.info,20,https://atotaxrates.info/tax-deductions/home-office-expenses/,56,https://pay-calculator-australia.com/work-from-home-deductions/
income tax 2026,140,24,1,atotaxrates.info,15,https://atotaxrates.info/individual-tax-rates-resident/tax-rates-2025-2026-year-2/,,
income tax rate 2024 25,140,12,1,atotaxrates.info,17,https://atotaxrates.info/,52,https://pay-calculator-australia.com/tax-brackets/
ipad depreciation rate,140,0,1,atotaxrates.info,16,https://atotaxrates.info/tax-deductions/ato-depreciation/,,
km allowance ato,140,12,1,atotaxrates.info,18,https://atotaxrates.info/tax-deductions/work-related-car-expenses/cents-per-kilometre/,,
km reimbursement rate 2026,140,11,1,atotaxrates.info,9,https://atotaxrates.info/tax-deductions/work-related-car-expenses/cents-per-kilometre/,,
low and middle income tax offset,140,0,1,atotaxrates.info,14,https://atotaxrates.info/tax-offset/low-income-tax-offset/,,
lower tax threshold,140,26,1,atotaxrates.info,19,https://atotaxrates.info/,63,https://pay-calculator-australia.com/tax-brackets/
meal allowance for working away from home,140,0,1,atotaxrates.info,16,https://atotaxrates.info/allowances/ato-reasonable-travel-allowances/,,
meal allowance working away from home,140,0,1,atotaxrates.info,11,https://atotaxrates.info/allowances/ato-reasonable-travel-allowances/,,
medicare levy surcharge 2024,140,16,1,atotaxrates.info,11,https://atotaxrates.info/individual-tax-rates-resident/medicare-levy-surcharge/,,
motor vehicle depreciation limit,140,0,1,atotaxrates.info,6,https://atotaxrates.info/tax-deductions/work-related-car-expenses/car-depreciation-limits-guide/,,
motor vehicle expenses,140,2,1,atotaxrates.info,18,https://atotaxrates.info/tax-deductions/work-related-car-expenses/car-depreciation-limits-guide/,,
new tax rate,140,36,1,atotaxrates.info,15,https://atotaxrates.info/,58,https://pay-calculator-australia.com/tax-bracket-history/
new tax rates,140,32,1,atotaxrates.info,13,https://atotaxrates.info/,,
no abn withholding,140,0,1,atotaxrates.info,15,https://atotaxrates.info/businesses/tax-invoices-and-gst/non-quotation-abn/,,
no abn withholding tax,140,0,1,atotaxrates.info,20,https://atotaxrates.info/businesses/tax-invoices-and-gst/non-quotation-abn/,,
per diem allowance,140,5,1,atotaxrates.info,10,https://atotaxrates.info/allowances/ato-reasonable-travel-allowances/,,
per diems allowance,140,0,1,atotaxrates.info,16,https://atotaxrates.info/allowances/ato-reasonable-travel-allowances/,,
personal income tax rate 2026,140,32,1,atotaxrates.info,15,https://atotaxrates.info/,,
phone depreciation rate ato,140,2,1,atotaxrates.info,12,https://atotaxrates.info/tax-deductions/ato-depreciation/,,
primary production averaging,140,0,1,atotaxrates.info,11,https://atotaxrates.info/individual-tax-rates-resident/income-averaging/,,
private ruling,140,0,1,atotaxrates.info,17,https://atotaxrates.info/other-tax-topics/atos-private-binding-rulings-register/,,
private ruling ato,140,0,1,atotaxrates.info,16,https://atotaxrates.info/other-tax-topics/atos-private-binding-rulings-register/,,
private rulings ato,140,0,1,atotaxrates.info,9,https://atotaxrates.info/other-tax-topics/atos-private-binding-rulings-register/,,
reasonable travel allowance 2026,140,0,1,atotaxrates.info,3,https://atotaxrates.info/allowances/ato-reasonable-travel-allowances/,,
reportable superannuation contributions meaning,140,0,1,atotaxrates.info,15,https://atotaxrates.info/superannuation/reportable-superannuation-contributions/,,
sapto codes,140,0,1,atotaxrates.info,14,https://atotaxrates.info/tax-offset/senior-australians-tax-offset/,,
sapto income threshold,140,0,1,atotaxrates.info,19,https://atotaxrates.info/tax-offset/senior-australians-tax-offset/,,
search bsb number,140,14,1,atotaxrates.info,15,https://atotaxrates.info/numbers/bsb-search/,,
superannuation rules australia,140,48,1,atotaxrates.info,19,https://atotaxrates.info/superannuation/superannuation-laws-australia/,,
t d 2024 3,140,0,1,atotaxrates.info,3,https://atotaxrates.info/allowances/ato-reasonable-travel-allowances/,,
tax brackets 24 25,140,31,1,atotaxrates.info,17,https://atotaxrates.info/,41,https://pay-calculator-australia.com/tax-brackets/
tax rates 2025 26 australia,140,31,1,atotaxrates.info,11,https://atotaxrates.info/,39,https://pay-calculator-australia.com/tax-brackets/
tax rates 2025--26 australia,140,31,1,atotaxrates.info,13,https://atotaxrates.info/,49,https://pay-calculator-australia.com/tax-brackets/
tax rates 2025-26 australia,140,31,1,atotaxrates.info,12,https://atotaxrates.info/,,
tax schedule 2025,140,31,1,atotaxrates.info,19,https://atotaxrates.info/,,
tax table 2025 2026,140,11,1,atotaxrates.info,12,https://atotaxrates.info/,,
tax table fortnightly 2025,140,0,1,atotaxrates.info,18,https://atotaxrates.info/payg-tax-tables/,,
tax table yearly,140,31,1,atotaxrates.info,18,https://atotaxrates.info/,,
tax-free threshold australia 2026,140,19,1,atotaxrates.info,12,https://atotaxrates.info/,,
td 2024/3,140,0,1,atotaxrates.info,3,https://atotaxrates.info/allowances/ato-reasonable-travel-allowances/,,
total super balance cap 2026,140,11,1,atotaxrates.info,9,https://atotaxrates.info/superannuation/superannuation-contribution-caps/,,
tr 2021/1,140,0,1,atotaxrates.info,6,https://atotaxrates.info/tax-deductions/work-related-car-expenses/travel-home-work/,,
tr 97/17,140,0,1,atotaxrates.info,12,https://atotaxrates.info/businesses/fringe-benefits-tax/entertainment-fringe-benefits-tax/,,
travel allowance 2026,140,0,1,atotaxrates.info,4,https://atotaxrates.info/allowances/ato-reasonable-travel-allowances/,,
what centrelink payments am i eligible for,140,26,1,atotaxrates.info,18,https://atotaxrates.info/centrelink-payment-rates/,,
what is exempt reportable fringe benefits,140,0,1,atotaxrates.info,15,https://atotaxrates.info/businesses/fringe-benefits-tax/reportable-fringe-benefits/,,
what is seniors and pensioners tax offset,140,0,1,atotaxrates.info,19,https://atotaxrates.info/tax-offset/senior-australians-tax-offset/,,
work from home ato rate,140,6,1,atotaxrates.info,9,https://atotaxrates.info/tax-deductions/home-office-expenses/,,
working away from home meal allowance,140,0,1,atotaxrates.info,7,https://atotaxrates.info/allowances/ato-reasonable-travel-allowances/,,
working from home ato rate,140,6,1,atotaxrates.info,10,https://atotaxrates.info/tax-deductions/home-office-expenses/,,
working from home rate ato,140,2,1,atotaxrates.info,5,https://atotaxrates.info/tax-deductions/home-office-expenses/,,
wpi index,140,7,1,atotaxrates.info,13,https://atotaxrates.info/numbers/wpi-wages-price-index/,,
110k after tax,110,2,4,paycalculator.com.au,2,https://www.paycalculator.com.au/classic/,46,https://pay-calculator-australia.com/salary-to-hourly/110000/
115 000 after tax australia,110,6,4,salaryaftertax.com,4,https://salaryaftertax.com/salary-calculator/australia,47,https://pay-calculator-australia.com/tax-on/115000/
ato home office calculator,110,0,1,atotaxcalculator.com.au,11,https://atotaxcalculator.com.au/deductions/working-from-home-expenses,,
ato pay scale,110,7,2,wagecalculator.com.au,6,https://www.wagecalculator.com.au/public-service-salaries/aps,,
ato payg calculator 2026,110,39,3,paycalculator.com.au,6,https://paycalculator.com.au/,,
ato tax brackets calculator,110,41,2,atotaxcalculator.com.au,7,https://atotaxcalculator.com.au/,,
ato tax estimate,110,28,2,paycalculator.com.au,5,https://paycalculator.com.au/,,
ato tax rates calculator,110,38,2,paycalculator.com.au,7,https://paycalculator.com.au/,,
ato tax rates payg,110,32,1,atotaxcalculator.com.au,14,https://atotaxcalculator.com.au/,,
deduction donation calculator,110,0,1,atotaxcalculator.com.au,5,https://atotaxcalculator.com.au/donation-tax-deduction-calculator,,
donation deduction calculator,110,0,1,atotaxcalculator.com.au,6,https://atotaxcalculator.com.au/donation-tax-deduction-calculator,,
donation tax deduction calculator,110,0,1,atotaxcalculator.com.au,3,https://atotaxcalculator.com.au/donation-tax-deduction-calculator,,
donation tax write off calculator,110,0,1,atotaxcalculator.com.au,6,https://atotaxcalculator.com.au/donation-tax-deduction-calculator,,
donations tax deduction calculator,110,6,1,atotaxcalculator.com.au,5,https://atotaxcalculator.com.au/donation-tax-deduction-calculator,,
hecs calculator 2025,110,0,4,atotaxcalculator.com.au,2,https://atotaxcalculator.com.au/help-debt,38,https://pay-calculator-australia.com/hecs-help-calculator/
hecs indexation rate,110,0,1,atotaxcalculator.com.au,17,https://atotaxcalculator.com.au/hecs-debt-indexation,,
help calculator,110,14,4,paycalculator.com.au,4,https://paycalculator.com.au/student-loan/,47,https://pay-calculator-australia.com/hecs-help-calculator/
how much after tax,110,20,4,paycalculator.com.au,1,https://paycalculator.com.au/,,
how to calculate income tax in australia,110,28,2,paycalculator.com.au,3,https://paycalculator.com.au/,,
income tax calculator for individual,110,38,3,paycalculator.com.au,7,https://paycalculator.com.au/,,
indexation rate 2026,110,0,1,atotaxcalculator.com.au,19,https://atotaxcalculator.com.au/hecs-debt-indexation,39,https://pay-calculator-australia.com/news/hecs-indexation-2026/
low income rebate,110,12,1,atotaxcalculator.com.au,17,https://atotaxcalculator.com.au/low-income-tax-offset-lito,,
money tax calculator,110,28,2,paycalculator.com.au,4,https://paycalculator.com.au/,,
tax deductible donation calculator,110,0,1,atotaxcalculator.com.au,6,https://atotaxcalculator.com.au/donation-tax-deduction-calculator,,
tax deductible donations calculator,110,1,1,atotaxcalculator.com.au,11,https://atotaxcalculator.com.au/donation-tax-deduction-calculator,,
tax deduction calculator for donations,110,0,1,atotaxcalculator.com.au,6,https://atotaxcalculator.com.au/donation-tax-deduction-calculator,,
tax deduction donation calculator,110,0,1,atotaxcalculator.com.au,6,https://atotaxcalculator.com.au/donation-tax-deduction-calculator,,
tax deductions donations calculator,110,0,1,atotaxcalculator.com.au,7,https://atotaxcalculator.com.au/donation-tax-deduction-calculator,,
tax on 25000 australia,110,22,1,atotaxcalculator.com.au,14,https://atotaxcalculator.com.au/,,
tax payable formula,110,28,2,paycalculator.com.au,5,https://paycalculator.com.au/,,
tax per fortnight calculator,110,12,3,paycalculator.com.au,2,https://paycalculator.com.au/,,
tax return donation calculator,110,0,1,atotaxcalculator.com.au,3,https://atotaxcalculator.com.au/donation-tax-deduction-calculator,,
200k after tax,110,2,2,wagecalculator.com.au,4,https://www.wagecalculator.com.au/salary/200000,52,https://pay-calculator-australia.com/take-home-pay-on/200000/
300k after tax australia,110,5,4,salaryaftertax.com,4,https://salaryaftertax.com/salary-calculator/australia,,
65k after tax australia,110,2,3,salaryaftertax.com,7,https://salaryaftertax.com/salary-calculator/australia,40,https://pay-calculator-australia.com/tax-on/65000/
72000 after tax australia,110,1,3,wagecalculator.com.au,11,https://www.wagecalculator.com.au/,53,https://pay-calculator-australia.com/tax-on/70000/
76000 after tax australia,110,5,3,wagecalculator.com.au,6,https://www.wagecalculator.com.au/,,
average monthly income,110,20,1,salaryaftertax.com,15,https://salaryaftertax.com/salary-calculator/australia,,
average monthly salary,110,9,2,wagecalculator.com.au,11,https://www.wagecalculator.com.au/,,
average part time salary,110,5,1,salaryaftertax.com,11,https://salaryaftertax.com/salary-calculator/australia,,
calculate gross pay from net pay,110,2,4,paycalculator.com.au,3,https://paycalculator.com.au/,,
calculate tax ireland,110,22,1,salaryaftertax.com,3,https://salaryaftertax.com/ie/salary-calculator,,
calculator tax canada,110,59,1,salaryaftertax.com,16,https://salaryaftertax.com/ca/salary-calculator,,
calculator tax ireland,110,20,1,salaryaftertax.com,3,https://salaryaftertax.com/ie/salary-calculator,,
gross weekly earnings,110,0,5,paycalculator.com.au,3,https://paycalculator.com.au/,,
how much do you,110,4,3,wagecalculator.com.au,5,https://www.wagecalculator.com.au/,,
how much does the average australian earn,110,4,1,salaryaftertax.com,16,https://salaryaftertax.com/salary-calculator/australia,,
how much take home after tax,110,13,5,paycalculator.com.au,2,https://paycalculator.com.au/,,
ireland tax calculator,110,20,1,salaryaftertax.com,2,https://salaryaftertax.com/ie/salary-calculator,,
ireland taxes calculator,110,18,1,salaryaftertax.com,2,https://salaryaftertax.com/ie/salary-calculator,,
irish tax calculator,110,20,1,salaryaftertax.com,2,https://salaryaftertax.com/ie/salary-calculator,,
irish taxes calculator,110,20,1,salaryaftertax.com,3,https://salaryaftertax.com/ie/salary-calculator,,
is 140k a good salary in australia,110,0,1,salaryaftertax.com,8,https://salaryaftertax.com/salary-calculator/australia,,
is salary after tax or before,110,7,4,wagecalculator.com.au,4,https://www.wagecalculator.com.au/,,
is salary before or after tax,110,5,4,wagecalculator.com.au,7,https://www.wagecalculator.com.au/,,
job pay,110,30,2,wagecalculator.com.au,6,https://www.wagecalculator.com.au/,,
net calculator income,110,7,5,paycalculator.com.au,1,https://paycalculator.com.au/,,
net income cal,110,7,4,paycalculator.com.au,1,https://paycalculator.com.au/,,
net income estimator,110,7,5,paycalculator.com.au,1,https://paycalculator.com.au/,,
new zealand salary,110,13,1,salaryaftertax.com,19,https://salaryaftertax.com/nz/salary-calculator,,
nz income tax calculator,110,25,1,salaryaftertax.com,10,https://salaryaftertax.com/nz/salary-calculator,,
pay rates in nz,110,11,1,salaryaftertax.com,10,https://salaryaftertax.com/nz/salary-calculator,,
pro rata calculator australia,110,1,5,paycalculator.com.au,1,https://paycalculator.com.au/,,
salary calculator perth,110,8,5,paycalculator.com.au,1,https://paycalculator.com.au/,,
salary new zealand,110,7,1,salaryaftertax.com,16,https://salaryaftertax.com/nz/salary-calculator,,
salary nz,110,14,1,salaryaftertax.com,2,https://salaryaftertax.com/nz/salary-calculator,,
seek income calculator,110,5,4,wagecalculator.com.au,2,https://www.wagecalculator.com.au/,,
singapore payroll calculator,110,9,2,salaryaftertax.com,1,https://salaryaftertax.com/salary-calculator/singapore,,
talent salary calculator,110,21,4,paycalculator.com.au,3,https://paycalculator.com.au/,,
tax calculator ireland,110,18,1,salaryaftertax.com,2,https://salaryaftertax.com/ie/salary-calculator,,
tax in ireland calculator,110,11,1,salaryaftertax.com,3,https://salaryaftertax.com/ie/salary-calculator,,
tax ireland calculator,110,11,1,salaryaftertax.com,2,https://salaryaftertax.com/ie/salary-calculator,,
tax on $1500 per week in australia,110,7,3,wagecalculator.com.au,6,https://www.wagecalculator.com.au/,,
tax on 125k australia,110,20,4,salaryaftertax.com,4,https://salaryaftertax.com/salary-calculator/australia,53,https://pay-calculator-australia.com/take-home-pay-on/125000/
tax on 68000 australia,110,9,3,wagecalculator.com.au,5,https://www.wagecalculator.com.au/,43,https://pay-calculator-australia.com/tax-on/60000/
tax on 78000 australia,110,11,2,salaryaftertax.com,9,https://salaryaftertax.com/salary-calculator/australia,37,https://pay-calculator-australia.com/tax-on/70000/
taxes calculator ireland,110,18,1,salaryaftertax.com,2,https://salaryaftertax.com/ie/salary-calculator,,
taxes ireland calculator,110,20,1,salaryaftertax.com,2,https://salaryaftertax.com/ie/salary-calculator,,
what does the average australian earn,110,3,1,salaryaftertax.com,17,https://salaryaftertax.com/salary-calculator/australia,,
32 per hour annual salary,110,0,3,wagecalculator.com.au,6,https://www.wagecalculator.com.au/,40,https://pay-calculator-australia.com/hourly-to-annual-salary-calculator/
australian monthly tax calculator,110,20,4,paycalculator.com.au,3,https://paycalculator.com.au/,,
australian payslip example,110,0,1,paycal.com.au,5,https://paycal.com.au/payslip-generator/,,
calculate net income,110,11,4,paycalculator.com.au,2,https://paycalculator.com.au/,50,https://pay-calculator-australia.com/gross-pay-calculator/
calculate wage,110,15,4,paycalculator.com.au,2,https://paycalculator.com.au/,40,https://pay-calculator-australia.com/pay-calculator-vic/
calculators and tools,110,38,3,paycalculator.com.au,6,https://paycalculator.com.au/,,
casual tax calculator,110,10,4,paycalculator.com.au,3,https://paycalculator.com.au/,,
create a quote,110,38,1,paycal.com.au,17,https://paycal.com.au/quote-generator/,,
create tax invoice,110,57,1,paycal.com.au,4,https://paycal.com.au/invoice-generator/,,
fake payslips,110,0,1,paycal.com.au,3,https://paycal.com.au/payslip-generator/,,
get calculator,110,34,2,paycalculator.com.au,8,https://paycalculator.com.au/,,
gross salary calculator from net pay,110,7,4,paycalculator.com.au,2,https://paycalculator.com.au/,38,https://pay-calculator-australia.com/gross-pay-calculator/
gross weekly income,110,7,4,paycalculator.com.au,2,https://paycalculator.com.au/,33,https://pay-calculator-australia.com/gross-pay-calculator/
hecs loan repayments,110,12,2,paycalculator.com.au,8,https://paycalculator.com.au/student-loan/,,
hecs repayment 2026,110,4,3,paycalculator.com.au,8,https://paycalculator.com.au/student-loan/,63,https://pay-calculator-australia.com/hecs-help-calculator/
help repayment threshold 2026,110,3,2,paycal.com.au,13,https://paycal.com.au/student-loan-repayment-calculator/,52,https://pay-calculator-australia.com/hecs-help-guide/
how much after taxes,110,11,3,paycalculator.com.au,1,https://paycalculator.com.au/,,
how much is registration in nsw,110,0,1,paycal.com.au,12,https://paycal.com.au/vehicle-registration-calculator/,,
how much tax do i pay weekly calculator,110,11,4,paycalculator.com.au,2,https://paycalculator.com.au/,44,https://pay-calculator-australia.com/weekly-pay-calculator/
how much you,110,0,3,paycalculator.com.au,4,https://paycalculator.com.au/,,
how to create a tax invoice,110,11,1,paycal.com.au,4,https://paycal.com.au/invoice-generator/,,
how to make tax invoice,110,8,1,paycal.com.au,4,https://paycal.com.au/invoice-generator/,,
minus gst calculator,110,10,1,paycal.com.au,17,https://paycal.com.au/gst-calculator/,,
monthly tax calculator australia,110,15,4,paycalculator.com.au,2,https://paycalculator.com.au/,,
mortgage calculator faster pay off,110,16,1,paycal.com.au,12,https://paycal.com.au/mortgage-payoff-calculator/,,
mortgage calculator payoff faster,110,45,1,paycal.com.au,18,https://paycal.com.au/mortgage-payoff-calculator/,,
nett pay calculator,110,6,3,paycalculator.com.au,1,https://paycalculator.com.au/,68,https://pay-calculator-australia.com/
nett payment calculator,110,8,4,paycalculator.com.au,1,https://paycalculator.com.au/,44,https://pay-calculator-australia.com/gross-pay-calculator/
pay calculator weekly,110,11,4,paycalculator.com.au,1,https://paycalculator.com.au/,42,https://pay-calculator-australia.com/weekly-pay-calculator/
pay off home loan faster calculator,110,20,1,paycal.com.au,14,https://paycal.com.au/mortgage-payoff-calculator/,,
pay off house faster calculator,110,53,1,paycal.com.au,14,https://paycal.com.au/mortgage-payoff-calculator/,,
pay rate calculator australia,110,38,4,paycalculator.com.au,2,https://paycalculator.com.au/,,
paycalc australia,110,28,4,paycalculator.com.au,1,https://paycalculator.com.au/,,
payg calculator weekly,110,10,4,paycalculator.com.au,2,https://paycalculator.com.au/,,
paying off mortgage quicker calculator,110,20,1,paycal.com.au,13,https://paycal.com.au/mortgage-payoff-calculator/,,
payslip example australia,110,0,1,paycal.com.au,6,https://paycal.com.au/payslip-generator/,,
payslip generator australia,110,0,2,paycal.com.au,1,https://paycal.com.au/payslip-generator/,,
payslip maker,110,0,1,paycal.com.au,2,https://paycal.com.au/payslip-generator/,,
payslip online,110,0,1,paycal.com.au,5,https://paycal.com.au/payslip-generator/,,
pre gst calculator,110,11,1,paycal.com.au,20,https://paycal.com.au/gst-calculator/,,
qld registration quote,110,10,1,paycal.com.au,18,https://paycal.com.au/vehicle-registration-calculator/,,
rba calculator,110,13,1,paycal.com.au,9,https://paycal.com.au/rate-cut-calculator/,,
rego cost calculator nsw,110,0,1,paycal.com.au,6,https://paycal.com.au/vehicle-registration-calculator/,,
rego renewal cost,110,28,1,paycal.com.au,17,https://paycal.com.au/vehicle-registration-calculator/,,
simple payslip template,110,0,1,paycal.com.au,7,https://paycal.com.au/payslip-generator/,,
simple payslip template word,110,0,1,paycal.com.au,14,https://paycal.com.au/payslip-generator/,,
tax calculator australia monthly,110,20,3,paycalculator.com.au,2,https://paycalculator.com.au/,,
tax calculator casual,110,23,4,paycalculator.com.au,2,https://paycalculator.com.au/,,
tax calculator monthly australia,110,16,3,paycalculator.com.au,2,https://paycalculator.com.au/,,
tax calculator sydney,110,14,3,paycalculator.com.au,3,https://paycalculator.com.au/,,
tax cuts calculator,110,24,2,paycal.com.au,5,https://paycal.com.au/tax-cut-calculator/,,
tax invoice generator,110,1,1,paycal.com.au,2,https://paycal.com.au/invoice-generator/,,
tmr rego quote,110,16,1,paycal.com.au,14,https://paycal.com.au/vehicle-registration-calculator/,,
weekly payg calculator,110,11,4,paycalculator.com.au,2,https://paycalculator.com.au/,,
weekly payroll,110,5,2,paycalculator.com.au,3,https://paycalculator.com.au/,46,https://pay-calculator-australia.com/weekly-pay-calculator/
yearly salary to hourly calculator,110,27,4,wagecalculator.com.au,7,https://www.wagecalculator.com.au/,52,https://pay-calculator-australia.com/hourly-to-annual-salary-calculator/
125000/12,110,0,1,wagecalculator.com.au,12,https://www.wagecalculator.com.au/,63,https://pay-calculator-australia.com/take-home-pay-on/125000/
1st lieutenant army rank,110,10,1,wagecalculator.com.au,17,https://www.wagecalculator.com.au/adf-pay/army,,
2026 2027 tax rates,110,32,2,wagecalculator.com.au,9,https://www.wagecalculator.com.au/tax-rates/2026-27,61,https://pay-calculator-australia.com/tax-changes-2026-27/
30 dollars an hour is how much a year,110,0,1,wagecalculator.com.au,4,https://www.wagecalculator.com.au/hourly-to-salary-calculator,31,https://pay-calculator-australia.com/hourly-to-annual-salary-calculator/
32 an hour is how much a year,110,0,1,wagecalculator.com.au,7,https://www.wagecalculator.com.au/hourly-to-salary-calculator,,
35 dollars an hour is how much a year,110,0,1,wagecalculator.com.au,5,https://www.wagecalculator.com.au/hourly-to-salary-calculator,34,https://pay-calculator-australia.com/hourly-to-annual-salary-calculator/
50 20 30 rule calculator,110,35,1,wagecalculator.com.au,14,https://www.wagecalculator.com.au/budget-planner,,
50/20/30 rule calculator,110,25,1,wagecalculator.com.au,14,https://www.wagecalculator.com.au/budget-planner,,
60000 after tax,110,0,2,wagecalculator.com.au,4,https://www.wagecalculator.com.au/,53,https://pay-calculator-australia.com/tax-on/60000/
8 to 5 is how many hours,110,0,1,wagecalculator.com.au,17,https://www.wagecalculator.com.au/work-hours-calculator,,
80k salary after taxes,110,8,3,wagecalculator.com.au,3,https://www.wagecalculator.com.au/salary/80000,56,https://pay-calculator-australia.com/take-home-pay-on/80000/
a03 salary qld,110,0,1,wagecalculator.com.au,2,https://www.wagecalculator.com.au/public-service-salaries/qld,,
a04 salary qld,110,0,1,wagecalculator.com.au,6,https://www.wagecalculator.com.au/public-service-salaries/qld,,
a05 salary qld,110,0,1,wagecalculator.com.au,2,https://www.wagecalculator.com.au/public-service-salaries/qld,,
a06 salary qld,110,0,1,wagecalculator.com.au,2,https://www.wagecalculator.com.au/public-service-salaries/qld,,
abf salaries,110,0,1,wagecalculator.com.au,16,https://www.wagecalculator.com.au/public-service-salaries/aps,,
act long service leave calculation,110,0,1,wagecalculator.com.au,10,https://www.wagecalculator.com.au/long-service-leave-calculator/act,,
adf navy ranks,110,0,1,wagecalculator.com.au,6,https://www.wagecalculator.com.au/adf-pay/navy,,
adf pay rise 2026,110,0,1,wagecalculator.com.au,11,https://www.wagecalculator.com.au/adf-pay,,
adf superannuation rate,110,0,1,wagecalculator.com.au,13,https://www.wagecalculator.com.au/adf-pay,,
admin pay rate,110,0,1,wagecalculator.com.au,10,https://www.wagecalculator.com.au/public-service-salaries/qld,,
admin pay rates,110,0,1,wagecalculator.com.au,6,https://www.wagecalculator.com.au/public-service-salaries/qld,,
air force pilot pay,110,1,1,wagecalculator.com.au,10,https://www.wagecalculator.com.au/adf-pay/air-force,,
allied health professionals salary,110,0,1,wagecalculator.com.au,20,https://www.wagecalculator.com.au/public-service-salaries/vic/allied-health,,
allied health salaries,110,0,1,wagecalculator.com.au,16,https://www.wagecalculator.com.au/public-service-salaries/vic/allied-health,,
annual salary to hourly converter,110,33,2,wagecalculator.com.au,7,https://www.wagecalculator.com.au/,63,https://pay-calculator-australia.com/hourly-to-annual-salary-calculator/
ao6 salary,110,0,1,wagecalculator.com.au,3,https://www.wagecalculator.com.au/public-service-salaries/qld,,
aps 2 salary,110,0,1,wagecalculator.com.au,4,https://www.wagecalculator.com.au/public-service-salaries/aps,,
aps 4 pay,110,0,1,wagecalculator.com.au,4,https://www.wagecalculator.com.au/public-service-salaries/aps,,
aps classifications,110,0,1,wagecalculator.com.au,16,https://www.wagecalculator.com.au/public-service-salaries/aps,,
aps level 3 salary,110,0,1,wagecalculator.com.au,3,https://www.wagecalculator.com.au/public-service-salaries/aps,,
aps wls,110,0,1,wagecalculator.com.au,13,https://www.wagecalculator.com.au/public-service-salaries/aps,,
aps2,110,0,1,wagecalculator.com.au,15,https://www.wagecalculator.com.au/public-service-salaries/aps,,
aps4 pay,110,0,1,wagecalculator.com.au,3,https://www.wagecalculator.com.au/public-service-salaries/aps,,
aps5 salary 2026,110,0,1,wagecalculator.com.au,2,https://www.wagecalculator.com.au/public-service-salaries/aps,,
army reserve pay australia,110,0,1,wagecalculator.com.au,12,https://www.wagecalculator.com.au/adf-pay,,
asd salary,110,0,1,wagecalculator.com.au,7,https://www.wagecalculator.com.au/public-service-salaries/asd,,
aso4 salary sa government,110,0,1,wagecalculator.com.au,3,https://www.wagecalculator.com.au/public-service-salaries/sa,,
aso5 salary sa gov,110,0,1,wagecalculator.com.au,5,https://www.wagecalculator.com.au/public-service-salaries/sa,,
aso5 salary sa government,110,0,1,wagecalculator.com.au,2,https://www.wagecalculator.com.au/public-service-salaries/sa,,
aso7 sa government salary,110,0,1,wagecalculator.com.au,3,https://www.wagecalculator.com.au/public-service-salaries/sa,,
aso7 salary,110,0,1,wagecalculator.com.au,3,https://www.wagecalculator.com.au/public-service-salaries/sa,,
aso8 salary south australia,110,0,1,wagecalculator.com.au,3,https://www.wagecalculator.com.au/public-service-salaries/sa,,
ato tax brackets 2027,110,32,2,wagecalculator.com.au,10,https://www.wagecalculator.com.au/tax-rates/2026-27,68,https://pay-calculator-australia.com/tax-brackets/
australian after tax calculator,110,11,2,paycalculator.com.au,2,https://paycalculator.com.au/,,
australian navy ranks in order,110,0,1,wagecalculator.com.au,7,https://www.wagecalculator.com.au/adf-pay/navy,,
australian public service pay,110,0,1,wagecalculator.com.au,2,https://www.wagecalculator.com.au/public-service-salaries,,
australian public service pay rates,110,0,1,wagecalculator.com.au,3,https://www.wagecalculator.com.au/public-service-salaries,,
australian public service salary,110,0,1,wagecalculator.com.au,2,https://www.wagecalculator.com.au/public-service-salaries,,
average hourly wage,110,25,1,wagecalculator.com.au,15,https://www.wagecalculator.com.au/,,
cewa pay scale 2026,110,0,1,wagecalculator.com.au,10,https://www.wagecalculator.com.au/teacher-salaries/wa,,
cgt indexation calculator,110,0,1,wagecalculator.com.au,20,https://www.wagecalculator.com.au/cgt-calculator,,
cmdr navy,110,10,1,wagecalculator.com.au,10,https://www.wagecalculator.com.au/adf-pay/navy,,
cmdr navy rank,110,9,1,wagecalculator.com.au,8,https://www.wagecalculator.com.au/adf-pay/navy,,
commander rank navy,110,12,1,wagecalculator.com.au,17,https://www.wagecalculator.com.au/adf-pay/navy,,
crown award,110,0,1,wagecalculator.com.au,7,https://www.wagecalculator.com.au/public-service-salaries/nsw,,
crown employee,110,12,1,wagecalculator.com.au,9,https://www.wagecalculator.com.au/public-service-salaries/nsw,,
crown employees,110,0,1,wagecalculator.com.au,5,https://www.wagecalculator.com.au/public-service-salaries/nsw,,
decyp pay scales,110,0,1,wagecalculator.com.au,3,https://www.wagecalculator.com.au/public-service-salaries/tas,,
defence payment,110,0,1,wagecalculator.com.au,9,https://www.wagecalculator.com.au/adf-pay,,
deputy principal salary,110,15,1,wagecalculator.com.au,11,https://www.wagecalculator.com.au/teacher-salaries/qld,,
deputy principal salary wa,110,0,1,wagecalculator.com.au,6,https://www.wagecalculator.com.au/teacher-salaries/wa,,
dfe pay rates,110,0,1,wagecalculator.com.au,9,https://www.wagecalculator.com.au/teacher-salaries/sa,,
driving hours calculator,110,6,1,wagecalculator.com.au,17,https://www.wagecalculator.com.au/work-hours-calculator,,
fair work ombudsman calculator,110,24,1,wagecalculator.com.au,14,https://www.wagecalculator.com.au/awards,,
fair work ombudsman pay and conditions tool,110,46,1,wagecalculator.com.au,16,https://www.wagecalculator.com.au/awards,,
fair work pact calculator,110,18,2,wagecalculator.com.au,8,https://www.wagecalculator.com.au/awards,,
first year nursing salary,110,0,1,wagecalculator.com.au,8,https://www.wagecalculator.com.au/nursing-salaries/vic,,
first year registered nurse salary,110,0,1,wagecalculator.com.au,11,https://www.wagecalculator.com.au/nursing-salaries/nsw,,
first year rn salary,110,0,1,wagecalculator.com.au,8,https://www.wagecalculator.com.au/nursing-salaries/nsw,,
first year teacher salary qld,110,0,1,wagecalculator.com.au,10,https://www.wagecalculator.com.au/teacher-salaries/qld,,
genuine redundancy tax-free limit,110,0,1,wagecalculator.com.au,14,https://www.wagecalculator.com.au/guides/redundancy-tax,,
gross earnings,110,0,3,paycalculator.com.au,9,https://paycalculator.com.au/,50,https://pay-calculator-australia.com/gross-pay-calculator/
help repayment threshold 2025,110,1,3,atotaxrates.info,13,https://atotaxrates.info/individual-tax-rates-resident/hecs-repayment/,,
how much do army reserves get paid,110,0,1,wagecalculator.com.au,10,https://www.wagecalculator.com.au/adf-pay,,
how much of my tax return will i get back,110,17,1,wagecalculator.com.au,17,https://www.wagecalculator.com.au/tax-return-calculator,,
how to calculate hours worked,110,0,1,wagecalculator.com.au,7,https://www.wagecalculator.com.au/work-hours-calculator,,
how to calculate taxable income australia,110,28,2,paycalculator.com.au,3,https://paycalculator.com.au/,,
how to calculate working hours,110,12,1,wagecalculator.com.au,13,https://www.wagecalculator.com.au/work-hours-calculator,,
hp4 pay scale,110,0,1,wagecalculator.com.au,6,https://www.wagecalculator.com.au/public-service-salaries/qld,,
hp5 qld health,110,0,1,wagecalculator.com.au,10,https://www.wagecalculator.com.au/public-service-salaries/qld,,
hs2 salary victoria,110,0,1,wagecalculator.com.au,12,https://www.wagecalculator.com.au/public-service-salaries/vic/allied-health,,
hs3 pay rate,110,0,1,wagecalculator.com.au,11,https://www.wagecalculator.com.au/public-service-salaries/tas/health,,
hs3 salary victoria,110,0,1,wagecalculator.com.au,13,https://www.wagecalculator.com.au/public-service-salaries/vic/allied-health,,
hs4 salary victoria,110,0,1,wagecalculator.com.au,12,https://www.wagecalculator.com.au/public-service-salaries/vic/allied-health,,
is net income after taxes or before,110,10,2,paycalculator.com.au,9,https://paycalculator.com.au/,,
leading teacher salary victoria,110,0,1,wagecalculator.com.au,20,https://www.wagecalculator.com.au/teacher-salaries/vic,,
leave calculator vic,110,0,1,wagecalculator.com.au,20,https://www.wagecalculator.com.au/long-service-leave-calculator/vic,43,https://pay-calculator-australia.com/leave-calculator/
level 4 schads award,110,0,1,wagecalculator.com.au,20,https://www.wagecalculator.com.au/awards/schads,,
long service leave payout calculator,110,0,1,wagecalculator.com.au,15,https://www.wagecalculator.com.au/long-service-leave-calculator/qld,57,https://pay-calculator-australia.com/leave-calculator/
medicare calculator,110,4,1,wagecalculator.com.au,14,https://www.wagecalculator.com.au/,44,https://pay-calculator-australia.com/medicare-levy/
military pilot salary,110,0,1,wagecalculator.com.au,20,https://www.wagecalculator.com.au/adf-pay/air-force,,
net pay vs gross pay,110,1,1,wagecalculator.com.au,17,https://www.wagecalculator.com.au/,,
net salary means,110,2,1,wagecalculator.com.au,17,https://www.wagecalculator.com.au/,,
nurse award victoria,110,0,1,wagecalculator.com.au,14,https://www.wagecalculator.com.au/nursing-salaries/vic,,
nurse first year salary,110,0,1,wagecalculator.com.au,20,https://www.wagecalculator.com.au/nursing-salaries/vic,,
ocpe rates of pay,110,2,1,wagecalculator.com.au,5,https://www.wagecalculator.com.au/public-service-salaries/nt,,
pay rates australia calculator,110,28,3,paycalculator.com.au,3,https://paycalculator.com.au/,,
paye calculator ird,110,29,3,wagecalculator.com.au,10,https://www.wagecalculator.com.au/,,
payg tax calculator weekly,110,23,2,paycalculator.com.au,3,https://paycalculator.com.au/,68,https://pay-calculator-australia.com/payg-withholding-tables/
payroll tax calculator vic,110,32,2,paycalculator.com.au,4,https://paycalculator.com.au/,56,https://pay-calculator-australia.com/pay-calculator-vic/
per hour,110,8,1,wagecalculator.com.au,12,https://www.wagecalculator.com.au/work-hours-calculator,,
proficient teacher salary nsw,110,0,1,wagecalculator.com.au,11,https://www.wagecalculator.com.au/teacher-salaries/nsw,,
psa salaries,110,0,1,wagecalculator.com.au,6,https://www.wagecalculator.com.au/public-service-salaries/wa,,
public service award qld,110,3,1,wagecalculator.com.au,4,https://www.wagecalculator.com.au/public-service-salaries/qld,,
public service award queensland,110,4,1,wagecalculator.com.au,4,https://www.wagecalculator.com.au/public-service-salaries/qld,,
qld government pay scales,110,0,1,wagecalculator.com.au,2,https://www.wagecalculator.com.au/public-service-salaries/qld,,
qld health pay classification levels pdf,110,0,1,wagecalculator.com.au,7,https://www.wagecalculator.com.au/public-service-salaries/qld,,
qld health pay rates 2025 pdf,110,0,1,wagecalculator.com.au,6,https://www.wagecalculator.com.au/public-service-salaries/qld,,
qld health pay rates 2026 pdf,110,0,1,wagecalculator.com.au,4,https://www.wagecalculator.com.au/public-service-salaries/qld,,
qld nurse salary,110,0,1,wagecalculator.com.au,11,https://www.wagecalculator.com.au/nursing-salaries/qld,,
qld nursing salary,110,0,1,wagecalculator.com.au,8,https://www.wagecalculator.com.au/nursing-salaries/qld,,
qld osr stamp duty calculator,110,24,1,wagecalculator.com.au,19,https://www.wagecalculator.com.au/stamp-duty-calculator/qld,,
qld public service award,110,0,1,wagecalculator.com.au,7,https://www.wagecalculator.com.au/public-service-salaries/qld,,
qld state revenue stamp duty calculator,110,8,1,wagecalculator.com.au,20,https://www.wagecalculator.com.au/stamp-duty-calculator/qld,,
qtu salary,110,0,1,wagecalculator.com.au,18,https://www.wagecalculator.com.au/teacher-salaries/qld,,
registered nurse annual salary,110,0,1,wagecalculator.com.au,18,https://www.wagecalculator.com.au/nursing-salaries/vic,,
registered nurse pay rates qld,110,0,1,wagecalculator.com.au,9,https://www.wagecalculator.com.au/nursing-salaries/qld,,
relief teacher pay qld,110,0,1,wagecalculator.com.au,19,https://www.wagecalculator.com.au/teacher-salaries/qld,,
reverse calculation of tax,110,1,1,wagecalculator.com.au,2,https://www.wagecalculator.com.au/reverse-salary-calculator,,
reverse calculator tax,110,5,1,wagecalculator.com.au,3,https://www.wagecalculator.com.au/reverse-salary-calculator,,
reverse tax calculator,110,13,2,wagecalculator.com.au,2,https://www.wagecalculator.com.au/reverse-salary-calculator,,
rn pay rate qld,110,0,1,wagecalculator.com.au,11,https://www.wagecalculator.com.au/nursing-salaries/qld,,
rn pay rates qld,110,0,1,wagecalculator.com.au,10,https://www.wagecalculator.com.au/nursing-salaries/qld,,
sa health nursing pay rates,110,0,1,wagecalculator.com.au,20,https://www.wagecalculator.com.au/nursing-salaries/sa,,
salary schedule qld government,110,2,1,wagecalculator.com.au,3,https://www.wagecalculator.com.au/public-service-salaries/qld,,
salary to hourly,110,0,3,wagecalculator.com.au,3,https://www.wagecalculator.com.au/,61,https://pay-calculator-australia.com/hourly-to-annual-salary-calculator/
schads level 8 salary,110,0,1,wagecalculator.com.au,9,https://www.wagecalculator.com.au/awards/schads,,
self employed and employed tax calculator,110,27,2,wagecalculator.com.au,9,https://www.wagecalculator.com.au/,,
self employed tax calculator,110,8,2,paycalculator.com.au,11,https://paycalculator.com.au/,,
senior teacher salary qld,110,0,1,wagecalculator.com.au,8,https://www.wagecalculator.com.au/teacher-salaries/qld,,
service nsw award,110,0,1,wagecalculator.com.au,8,https://www.wagecalculator.com.au/public-service-salaries/nsw,,
ses band 2,110,0,1,wagecalculator.com.au,9,https://www.wagecalculator.com.au/public-service-salaries/aps,,
share growth calculator,110,35,1,wagecalculator.com.au,17,https://www.wagecalculator.com.au/investment-calculator,,
slso pay rate nsw 2026,110,0,1,wagecalculator.com.au,11,https://www.wagecalculator.com.au/public-service-salaries/nsw,,
sso wages,110,0,1,wagecalculator.com.au,12,https://www.wagecalculator.com.au/public-service-salaries/sa,,
sydney tax calculator,110,20,2,paycalculator.com.au,3,https://paycalculator.com.au/,,
tax calculator backwards,110,2,2,wagecalculator.com.au,3,https://www.wagecalculator.com.au/reverse-salary-calculator,,
tax calculator per fortnight,110,38,3,paycalculator.com.au,2,https://paycalculator.com.au/,48,https://pay-calculator-australia.com/fortnightly-pay-calculator/
tax calculator reverse,110,8,2,wagecalculator.com.au,2,https://www.wagecalculator.com.au/reverse-salary-calculator,,
tax calculator with salary sacrifice,110,33,3,paycalculator.com.au,2,https://paycalculator.com.au/,67,https://pay-calculator-australia.com/salary-sacrifice-calculator/
tax on 190k australia,110,20,2,wagecalculator.com.au,16,https://www.wagecalculator.com.au/,37,https://pay-calculator-australia.com/tax-on/190000/
tax on 67000 australia,110,3,2,paycalculator.com.au,11,https://paycalculator.com.au/,35,https://pay-calculator-australia.com/tax-on/60000/
tax rate weekly,110,0,1,wagecalculator.com.au,15,https://www.wagecalculator.com.au/tax-rates/weekly-tax-table,34,https://pay-calculator-australia.com/weekly-tax-table/
tax rates 2027 australia,110,32,3,wagecalculator.com.au,11,https://www.wagecalculator.com.au/tax-rates/2026-27,78,https://pay-calculator-australia.com/tax-brackets/
tax repayment calculator,110,28,2,paycalculator.com.au,6,https://paycalculator.com.au/,,
tax reverse calculation,110,28,2,wagecalculator.com.au,3,https://www.wagecalculator.com.au/reverse-salary-calculator,,
teacher award qld,110,7,1,wagecalculator.com.au,18,https://www.wagecalculator.com.au/teacher-salaries/award,,
teacher salary adelaide,110,0,1,wagecalculator.com.au,15,https://www.wagecalculator.com.au/teacher-salaries/sa,,
teachers award qld,110,0,1,wagecalculator.com.au,17,https://www.wagecalculator.com.au/teacher-salaries/award,,
victoria land tax calculator for investment property,110,4,1,wagecalculator.com.au,16,https://www.wagecalculator.com.au/land-tax-calculator/vic,,
victoria teachers pay,110,0,1,wagecalculator.com.au,15,https://www.wagecalculator.com.au/teacher-salaries/vic,36,https://pay-calculator-australia.com/teacher-pay-australia/vic/
vps 4 salary 2026,110,0,1,wagecalculator.com.au,5,https://www.wagecalculator.com.au/public-service-salaries/vic,,
vps 6 salary 2025,110,0,1,wagecalculator.com.au,10,https://www.wagecalculator.com.au/public-service-salaries/vic,,
vps 6 salary 2026,110,0,1,wagecalculator.com.au,5,https://www.wagecalculator.com.au/public-service-salaries/vic,,
wa teacher salary 2025,110,0,1,wagecalculator.com.au,18,https://www.wagecalculator.com.au/teacher-salaries/wa,,
warrant officer australian army,110,2,1,wagecalculator.com.au,4,https://www.wagecalculator.com.au/adf-pay/army,,
weekly tax withheld,110,3,2,paycalculator.com.au,4,https://paycalculator.com.au/,,
what is net pay and gross pay,110,1,2,paycalculator.com.au,8,https://paycalculator.com.au/,55,https://pay-calculator-australia.com/gross-pay-calculator/
work hours calculator online,110,30,1,wagecalculator.com.au,13,https://www.wagecalculator.com.au/work-hours-calculator,,
work time calculator online,110,34,1,wagecalculator.com.au,12,https://www.wagecalculator.com.au/work-hours-calculator,,
working hours calculator online,110,34,1,wagecalculator.com.au,11,https://www.wagecalculator.com.au/work-hours-calculator,,
calculate percentage increase in salary,110,0,1,australiapaycalculator.com.au,4,https://australiapaycalculator.com.au/percentage-calculator/,67,https://pay-calculator-australia.com/pay-rise-calculator/
calculate percentage increase salary,110,6,2,australiapaycalculator.com.au,3,https://australiapaycalculator.com.au/percentage-calculator/,68,https://pay-calculator-australia.com/pay-rise-calculator/
calculate percentage salary increase,110,0,1,australiapaycalculator.com.au,5,https://australiapaycalculator.com.au/percentage-calculator/,68,https://pay-calculator-australia.com/pay-rise-calculator/
calculate salary increase percentage,110,0,1,australiapaycalculator.com.au,4,https://australiapaycalculator.com.au/percentage-calculator/,68,https://pay-calculator-australia.com/pay-rise-calculator/
easter public holiday dates,110,36,1,australiapaycalculator.com.au,18,https://australiapaycalculator.com.au/australian-public-holidays/,,
nsw public holidays 2026 dates,110,5,1,australiapaycalculator.com.au,16,https://australiapaycalculator.com.au/australian-public-holidays/,,
pay increase percentage calculator,110,16,2,australiapaycalculator.com.au,3,https://australiapaycalculator.com.au/percentage-calculator/,50,https://pay-calculator-australia.com/pay-rise-calculator/
pay raise calculator percent,110,16,2,australiapaycalculator.com.au,5,https://australiapaycalculator.com.au/percentage-calculator/,46,https://pay-calculator-australia.com/pay-rise-calculator/
pay raise percentage calculator,110,16,2,australiapaycalculator.com.au,8,https://australiapaycalculator.com.au/percentage-calculator/,49,https://pay-calculator-australia.com/pay-rise-calculator/
pro rata meaning salary,110,0,1,australiapaycalculator.com.au,18,https://australiapaycalculator.com.au/,,
salary calculator percentage increase,110,7,2,australiapaycalculator.com.au,3,https://australiapaycalculator.com.au/percentage-calculator/,63,https://pay-calculator-australia.com/pay-rise-calculator/
salary increase percentage calculator,110,1,1,australiapaycalculator.com.au,4,https://australiapaycalculator.com.au/percentage-calculator/,,
salary percentage increase calculator,110,1,1,australiapaycalculator.com.au,3,https://australiapaycalculator.com.au/percentage-calculator/,,
salary raise percentage calculator,110,4,1,australiapaycalculator.com.au,6,https://australiapaycalculator.com.au/percentage-calculator/,50,https://pay-calculator-australia.com/pay-rise-calculator/
tax calculator employed and self employed,110,16,2,paycalculator.com.au,9,https://paycalculator.com.au/,,
tpav pay calculator,110,2,2,paycalculator.com.au,17,https://paycalculator.com.au/,,
adjusted taxable income calculator,110,13,2,paycalculator.com.au,5,https://paycalculator.com.au/,,
calculate how much tax i will get back,110,24,1,paycalculator.com.au,12,https://paycalculator.com.au/,,
calculate tool,110,64,1,paycalculator.com.au,8,https://paycalculator.com.au/,,
calculator for money online,110,30,1,paycalculator.com.au,5,https://paycalculator.com.au/,,
calculator online money,110,11,1,paycalculator.com.au,15,https://paycalculator.com.au/,,
calculator tools,110,40,1,paycalculator.com.au,5,https://paycalculator.com.au/,,
date pay,110,23,1,paycalculator.com.au,8,https://paycalculator.com.au/,,
employed and self employed tax calculator,110,15,1,paycalculator.com.au,13,https://paycalculator.com.au/,,
estimate family tax benefit calculator,110,4,1,paycalculator.com.au,11,https://paycalculator.com.au/,,
etp calculator,110,0,2,paycalculator.com.au,14,https://paycalculator.com.au/,54,https://pay-calculator-australia.com/redundancy-pay-calculator/
family benefit calculator,110,0,1,paycalculator.com.au,13,https://paycalculator.com.au/,,
family benefits calculator,110,21,1,paycalculator.com.au,9,https://paycalculator.com.au/,,
fifo calculator,110,0,1,paycalculator.com.au,9,https://paycalculator.com.au/,71,https://pay-calculator-australia.com/mining-fifo-pay-guide/
formula for tax payable,110,11,1,paycalculator.com.au,7,https://paycalculator.com.au/,,
how do i pay my hecs debt,110,9,1,paycalculator.com.au,16,https://paycalculator.com.au/student-loan/,,
how much should i be taxed,110,13,1,paycalculator.com.au,6,https://paycalculator.com.au/,48,https://pay-calculator-australia.com/income-tax-calculator/
how much tax do i have to pay,110,28,1,paycalculator.com.au,5,https://paycalculator.com.au/,,
how much tax in australia,110,31,1,paycalculator.com.au,11,https://paycalculator.com.au/,,
how much tax will i get back calculator,110,18,1,paycalculator.com.au,14,https://paycalculator.com.au/,,
how much taxes do i have to pay,110,32,1,paycalculator.com.au,3,https://paycalculator.com.au/,,
how to calculate tax withheld,110,14,1,paycalculator.com.au,6,https://paycalculator.com.au/,,
income tax calculator for individuals,110,38,1,paycalculator.com.au,5,https://paycalculator.com.au/,,
income tax calculator individual,110,38,1,paycalculator.com.au,5,https://paycalculator.com.au/,,
income tax individual calculator,110,28,1,paycalculator.com.au,4,https://paycalculator.com.au/,,
individual income tax calculator,110,28,1,paycalculator.com.au,4,https://paycalculator.com.au/,,
inland revenue tax calculator,110,31,1,paycalculator.com.au,14,https://paycalculator.com.au/,,
is net income before or after tax,110,18,1,paycalculator.com.au,14,https://paycalculator.com.au/,,
money online calculator,110,19,1,paycalculator.com.au,10,https://paycalculator.com.au/,,
online calculator for money,110,54,1,paycalculator.com.au,7,https://paycalculator.com.au/,,
online money calculator,110,4,1,paycalculator.com.au,18,https://paycalculator.com.au/,,
rent calculator for income tax,110,19,1,paycalculator.com.au,20,https://paycalculator.com.au/,,
rental income tax calculator,110,19,1,paycalculator.com.au,16,https://paycalculator.com.au/,,
revenue calculator,110,11,1,paycalculator.com.au,17,https://paycalculator.com.au/,,
single parent pension calculator,110,0,1,paycalculator.com.au,20,https://paycalculator.com.au/,,
smart tax calculator,110,36,1,paycalculator.com.au,5,https://paycalculator.com.au/,,
student loan ca,110,34,1,paycalculator.com.au,5,https://paycalculator.com.au/student-loan/,,
superannuation calculator for employers,110,11,1,paycalculator.com.au,15,https://paycalculator.com.au/,38,https://pay-calculator-australia.com/superannuation-calculator/
tax 2026 calculator,110,28,1,paycalculator.com.au,5,https://paycalculator.com.au/,,
tax calculator perth australia,110,15,1,paycalculator.com.au,3,https://paycalculator.com.au/,,
what is my payment,110,53,1,paycalculator.com.au,2,https://paycalculator.com.au/,,
working holiday visa tax calculator,110,4,1,paycalculator.com.au,6,https://paycalculator.com.au/,68,https://pay-calculator-australia.com/working-holiday-tax/
year to date income,110,0,1,paycalculator.com.au,7,https://paycalculator.com.au/,45,https://pay-calculator-australia.com/ytd-income-calculator/
are centrelink payments going up,110,2,1,atotaxrates.info,16,https://atotaxrates.info/centrelink-payment-rates/,,
ato business code,110,0,1,atotaxrates.info,17,https://atotaxrates.info/businesses/business-industry-codes/,,
ato business codes,110,0,1,atotaxrates.info,15,https://atotaxrates.info/businesses/business-industry-codes/,,
ato car depreciation limit,110,31,1,atotaxrates.info,6,https://atotaxrates.info/tax-deductions/work-related-car-expenses/car-depreciation-limits-guide/,,
ato car expenses per km,110,1,1,atotaxrates.info,12,https://atotaxrates.info/tax-deductions/work-related-car-expenses/cents-per-kilometre/,,
ato car limit 2025,110,0,1,atotaxrates.info,6,https://atotaxrates.info/tax-deductions/work-related-car-expenses/car-depreciation-limits-guide/,,
ato cpi,110,16,1,atotaxrates.info,8,https://atotaxrates.info/numbers/cpi-consumer-price-index/,,
ato cpi rates,110,21,1,atotaxrates.info,6,https://atotaxrates.info/numbers/cpi-consumer-price-index/,,
ato ftc,110,18,1,atotaxrates.info,12,https://atotaxrates.info/businesses/fuel-tax-credit/,,
ato income tax rates 2026,110,32,1,atotaxrates.info,10,https://atotaxrates.info/,,
ato tax-free threshold 2025,110,20,1,atotaxrates.info,14,https://atotaxrates.info/,,
ato trust tax return 2025,110,0,1,atotaxrates.info,13,https://atotaxrates.info/businesses/trust-tax-rates/,,
ato useful life,110,9,1,atotaxrates.info,15,https://atotaxrates.info/tax-deductions/ato-depreciation/,,
award transport payment amount,110,0,1,atotaxrates.info,10,https://atotaxrates.info/allowances/award-transport-payments/,,
awote meaning,110,0,1,atotaxrates.info,11,https://atotaxrates.info/numbers/awote/,,
bas worksheet,110,0,1,atotaxrates.info,20,https://atotaxrates.info/businesses/bas-statement/bas-statement-example/,,
bonus payment centrelink dates,110,7,1,atotaxrates.info,15,https://atotaxrates.info/centrelink-payment-rates/,,
bsb code lookup,110,5,1,atotaxrates.info,18,https://atotaxrates.info/numbers/bsb-search/,,
bsb number lookup,110,19,1,atotaxrates.info,15,https://atotaxrates.info/numbers/bsb-search/,,
capital gains tax australia exemptions,110,13,1,atotaxrates.info,15,https://atotaxrates.info/capital-gains-tax/capital-gains-tax-exemptions/,,
capital gains tax exemptions australia,110,20,1,atotaxrates.info,15,https://atotaxrates.info/capital-gains-tax/capital-gains-tax-exemptions/,,
car depreciation calculator for taxes,110,22,1,atotaxrates.info,15,https://atotaxrates.info/tax-deductions/work-related-car-expenses/depreciation-of-vehicles/,,
car depreciation calculator tax,110,19,1,atotaxrates.info,18,https://atotaxrates.info/tax-deductions/work-related-car-expenses/depreciation-of-vehicles/,,
car depreciation tax calculator,110,28,1,atotaxrates.info,13,https://atotaxrates.info/tax-deductions/work-related-car-expenses/depreciation-of-vehicles/,,
car limit ato,110,29,1,atotaxrates.info,6,https://atotaxrates.info/tax-deductions/work-related-car-expenses/car-depreciation-limits-guide/,,
car tax depreciation calculator,110,19,1,atotaxrates.info,12,https://atotaxrates.info/tax-deductions/work-related-car-expenses/car-depreciation-limits-guide/,,
cars gst,110,0,1,atotaxrates.info,9,https://atotaxrates.info/tax-deductions/work-related-car-expenses/car-depreciation-limits-guide/,,
centrelink age pension pay dates 2026 nsw pdf,110,0,1,atotaxrates.info,20,https://atotaxrates.info/centrelink-payment-rates/,,
centrelink bonus payments 2026 when will it be paid july,110,0,1,atotaxrates.info,12,https://atotaxrates.info/centrelink-payment-rates/,55,https://pay-calculator-australia.com/news/centrelink-payment-increase-january-2026/
centrelink cash boost 2026,110,2,1,atotaxrates.info,9,https://atotaxrates.info/centrelink-payment-rates/,,
centrelink changes 2026,110,3,1,atotaxrates.info,20,https://atotaxrates.info/centrelink-payment-rates/,,
centrelink christmas bonus 2025 eligibility,110,0,1,atotaxrates.info,10,https://atotaxrates.info/centrelink-payment-rates/,,
centrelink christmas payment dates 2025 nsw,110,7,1,atotaxrates.info,11,https://atotaxrates.info/centrelink-payment-rates/,,
centrelink couple payment indexation 2025,110,1,1,atotaxrates.info,14,https://atotaxrates.info/centrelink-payment-rates/,,
centrelink lump sum payment 2025,110,0,1,atotaxrates.info,11,https://atotaxrates.info/centrelink-payment-rates/,,
centrelink payment increase 2026 jobseeker,110,0,1,atotaxrates.info,13,https://atotaxrates.info/centrelink-payment-rates/,,
centrelink payment increase january 1,110,0,1,atotaxrates.info,11,https://atotaxrates.info/centrelink-payment-rates/,,
cents per km 2023,110,0,1,atotaxrates.info,12,https://atotaxrates.info/tax-deductions/work-related-car-expenses/cents-per-kilometre/,,
cents per km rate 2024,110,0,1,atotaxrates.info,12,https://atotaxrates.info/tax-deductions/work-related-car-expenses/cents-per-kilometre/,,
claim overseas travel expenses ato,110,0,1,atotaxrates.info,11,https://atotaxrates.info/allowances/ato-reasonable-travel-allowances/,,
cost of living payment 2025 centrelink,110,4,1,atotaxrates.info,7,https://atotaxrates.info/centrelink-payment-rates/,,
div 7a loan interest,110,0,1,atotaxrates.info,13,https://atotaxrates.info/businesses/division-7a-benchmark-interest-rates/,,
div7a interest rate 2026,110,0,1,atotaxrates.info,6,https://atotaxrates.info/businesses/division-7a-benchmark-interest-rates/,,
div7a loan interest,110,0,1,atotaxrates.info,16,https://atotaxrates.info/businesses/division-7a-benchmark-interest-rates/,,
division 7a loan interest,110,0,1,atotaxrates.info,13,https://atotaxrates.info/businesses/division-7a-benchmark-interest-rates/,,
effective life of motor vehicle,110,3,1,atotaxrates.info,8,https://atotaxrates.info/tax-deductions/work-related-car-expenses/depreciation-of-vehicles/,,
eligibility for sapto,110,0,1,atotaxrates.info,18,https://atotaxrates.info/tax-offset/senior-australians-tax-offset/,,
excepted person under 18,110,0,1,atotaxrates.info,11,https://atotaxrates.info/individual-tax-rates-resident/children-tax/excepted-income/,,
fbt statutory rate,110,0,1,atotaxrates.info,10,https://atotaxrates.info/businesses/fringe-benefits-tax/fbt-benchmark-interest-rate/,36,https://pay-calculator-australia.com/fringe-benefits-tax/
fbt type 1 and type 2,110,0,1,atotaxrates.info,13,https://atotaxrates.info/businesses/fringe-benefits-tax/,,
financial acquisitions threshold,110,0,1,atotaxrates.info,19,https://atotaxrates.info/businesses/tax-invoices-and-gst/gst-thresholds/,,
fortnightly tax table 2024,110,0,1,atotaxrates.info,20,https://atotaxrates.info/payg-tax-tables/,,
fringe benefit car,110,0,1,atotaxrates.info,20,https://atotaxrates.info/businesses/fringe-benefits-tax/fbt-exempt-vehicles/,,
fringe benefits tax rate,110,6,1,atotaxrates.info,13,https://atotaxrates.info/businesses/fringe-benefits-tax/fbt-benchmark-interest-rate/,54,https://pay-calculator-australia.com/fringe-benefits-tax/
fuel tax credit eligibility,110,0,1,atotaxrates.info,18,https://atotaxrates.info/businesses/fuel-tax-credit/,,
gst calculation worksheet for bas,110,0,1,atotaxrates.info,16,https://atotaxrates.info/businesses/bas-statement/gst-calculation-worksheet-bas/,,
gst car limit 2025,110,0,1,atotaxrates.info,8,https://atotaxrates.info/tax-deductions/work-related-car-expenses/car-depreciation-limits-guide/,,
gst car limit 2026,110,0,1,atotaxrates.info,9,https://atotaxrates.info/tax-deductions/work-related-car-expenses/car-depreciation-limits-guide/,,
hobbyist form,110,1,1,atotaxrates.info,19,https://atotaxrates.info/businesses/tax-invoices-and-gst/non-quotation-abn/,,
home office 2025,110,0,1,atotaxrates.info,17,https://atotaxrates.info/tax-deductions/home-office-expenses/,,
how many cents per km can i claim,110,0,1,atotaxrates.info,13,https://atotaxrates.info/tax-deductions/work-related-car-expenses/cents-per-kilometre/,,
income averaging for special professionals,110,0,1,atotaxrates.info,13,https://atotaxrates.info/individual-tax-rates-resident/income-averaging/income-averaging-special-professionals/,,
income tax rates 2024 25,110,31,1,atotaxrates.info,20,https://atotaxrates.info/,57,https://pay-calculator-australia.com/tax-brackets/
income tax schedule 5,110,17,1,atotaxrates.info,19,https://atotaxrates.info/payg-tax-tables/back-payments-schedule-5/,,
income tax threshold 2025,110,24,1,atotaxrates.info,20,https://atotaxrates.info/,43,https://pay-calculator-australia.com/tax-brackets/
industry code ato,110,0,1,atotaxrates.info,18,https://atotaxrates.info/businesses/business-industry-codes/,,
industry codes ato,110,0,1,atotaxrates.info,15,https://atotaxrates.info/businesses/business-industry-codes/,,
ipad effective life ato,110,0,1,atotaxrates.info,13,https://atotaxrates.info/tax-deductions/ato-depreciation/,,
jobseeker increase september 2025,110,9,1,atotaxrates.info,12,https://atotaxrates.info/centrelink-payment-rates/,,
life expectancy table australia,110,20,1,atotaxrates.info,16,https://atotaxrates.info/numbers/life-expectancy-tables/,,
life expectancy tables australia,110,20,1,atotaxrates.info,12,https://atotaxrates.info/numbers/life-expectancy-tables/,,
log book method,110,0,1,atotaxrates.info,19,https://atotaxrates.info/tax-deductions/work-related-car-expenses/log-book-method/,,
lump sum tax,110,0,1,atotaxrates.info,19,https://atotaxrates.info/tax-offset/delayed-income-tax-offset/,,
luxury car depreciation limit,110,0,1,atotaxrates.info,3,https://atotaxrates.info/tax-deductions/work-related-car-expenses/car-depreciation-limits-guide/,,
luxury car limit 2026,110,1,1,atotaxrates.info,9,https://atotaxrates.info/tax-deductions/work-related-car-expenses/car-depreciation-limits-guide/,,
luxury car limit depreciation,110,0,1,atotaxrates.info,7,https://atotaxrates.info/tax-deductions/work-related-car-expenses/car-depreciation-limits-guide/,,
luxury car limit for depreciation,110,0,1,atotaxrates.info,4,https://atotaxrates.info/tax-deductions/work-related-car-expenses/car-depreciation-limits-guide/,,
luxury vehicle depreciation limit,110,2,1,atotaxrates.info,3,https://atotaxrates.info/tax-deductions/work-related-car-expenses/car-depreciation-limits-guide/,,
mileage per km,110,2,1,atotaxrates.info,14,https://atotaxrates.info/tax-deductions/work-related-car-expenses/cents-per-kilometre/,,
mobile phone depreciation rate ato 2025,110,2,1,atotaxrates.info,7,https://atotaxrates.info/tax-deductions/ato-depreciation/depreciation-mobile-phone/,,
motor vehicle cents per km 2025,110,1,1,atotaxrates.info,10,https://atotaxrates.info/tax-deductions/work-related-car-expenses/cents-per-kilometre/,,
motor vehicle effective life,110,3,1,atotaxrates.info,8,https://atotaxrates.info/tax-deductions/work-related-car-expenses/depreciation-of-vehicles/,,
motor vehicle log book,110,0,1,atotaxrates.info,13,https://atotaxrates.info/tax-deductions/work-related-car-expenses/log-book-method/,,
nat 1432,110,7,1,atotaxrates.info,11,https://atotaxrates.info/other-tax-topics/how-to-get-a-tax-file-number/,,
new tax brackets,110,31,1,atotaxrates.info,14,https://atotaxrates.info/,,
non resident capital gains tax discount,110,5,1,atotaxrates.info,18,https://atotaxrates.info/capital-gains-tax/cgt-and-non-residents/,,
overtime meal allowance ato,110,0,1,atotaxrates.info,13,https://atotaxrates.info/allowances/overtime-meals-allowance/,,
payroll tax act qld,110,0,1,atotaxrates.info,20,https://atotaxrates.info/businesses/payroll-tax/payroll-tax-qld/,,
pcg 2018/3,110,0,1,atotaxrates.info,16,https://atotaxrates.info/businesses/fringe-benefits-tax/fbt-exempt-vehicles/,,
per diem rates,110,0,1,atotaxrates.info,12,https://atotaxrates.info/allowances/ato-reasonable-travel-allowances/,,
quarterly bas due dates 2025,110,0,1,atotaxrates.info,14,https://atotaxrates.info/businesses/bas-statement/bas-statement-due-dates/,,
resident tax rates 2025-26,110,36,1,atotaxrates.info,16,https://atotaxrates.info/,91,https://pay-calculator-australia.com/tax-brackets/
schedule 5 tax,110,0,1,atotaxrates.info,12,https://atotaxrates.info/payg-tax-tables/back-payments-schedule-5/,,
smsf tax return due date,110,0,1,atotaxrates.info,17,https://atotaxrates.info/superannuation/smsf-tax-return/,,
special professional income averaging,110,0,1,atotaxrates.info,7,https://atotaxrates.info/individual-tax-rates-resident/income-averaging/income-averaging-special-professionals/,,
statutory rate fbt,110,3,1,atotaxrates.info,4,https://atotaxrates.info/businesses/fringe-benefits-tax/fbt-benchmark-interest-rate/,,
tax depreciation calculator car,110,22,1,atotaxrates.info,11,https://atotaxrates.info/tax-deductions/work-related-car-expenses/depreciation-of-vehicles/,,
tax file number application or enquiry for individuals nat 1432,110,13,1,atotaxrates.info,18,https://atotaxrates.info/other-tax-topics/how-to-get-a-tax-file-number/,,
tax on centrelink payments,110,3,1,atotaxrates.info,18,https://atotaxrates.info/centrelink-payment-rates/,,
tax payable table,110,23,1,atotaxrates.info,12,https://atotaxrates.info/payg-tax-tables/,,
tax rates for testamentary trusts,110,0,1,atotaxrates.info,17,https://atotaxrates.info/businesses/trust-tax-rates/,,
tax return form 2025,110,18,1,atotaxrates.info,14,https://atotaxrates.info/other-tax-topics/tax-return-forms-link-page/tax-forms-2025/,,
tax timetable 2026,110,0,1,atotaxrates.info,16,https://atotaxrates.info/,43,https://pay-calculator-australia.com/payg-withholding-tables/
tax variation form,110,0,1,atotaxrates.info,20,https://atotaxrates.info/PDFS/PAYG-withholding-variation-short-app-2013.pdf,,
taxable non taxable income,110,0,1,atotaxrates.info,11,https://atotaxrates.info/income-on-which-you-dont-pay-tax/,,
testamentary trust tax rates,110,0,1,atotaxrates.info,17,https://atotaxrates.info/businesses/trust-tax-rates/,,
tr 2024/3,110,0,1,atotaxrates.info,14,https://atotaxrates.info/allowances/ato-reasonable-travel-allowances/,,
tr2022 1,110,0,1,atotaxrates.info,10,https://atotaxrates.info/tax-deductions/ato-depreciation/ato-depreciation-rates/,,
transition to retirement rules ato,110,31,1,atotaxrates.info,17,https://atotaxrates.info/superannuation/transition-retirement/,,
trust tax rate australia,110,3,1,atotaxrates.info,13,https://atotaxrates.info/businesses/trust-tax-rates/,,
trust tax rates australia,110,8,1,atotaxrates.info,13,https://atotaxrates.info/businesses/trust-tax-rates/,,
under 18 excepted net income,110,0,1,atotaxrates.info,14,https://atotaxrates.info/individual-tax-rates-resident/children-tax/excepted-income/,,
under 18 tax rate,110,2,1,atotaxrates.info,14,https://atotaxrates.info/individual-tax-rates-resident/children-tax/,,
under 18 tax rates,110,2,1,atotaxrates.info,15,https://atotaxrates.info/individual-tax-rates-resident/children-tax/,,
what is sapto ato,110,0,1,atotaxrates.info,12,https://atotaxrates.info/tax-offset/senior-australians-tax-offset/,,
who is eligible for seniors and pensioners tax offset,110,0,1,atotaxrates.info,18,https://atotaxrates.info/tax-offset/senior-australians-tax-offset/,,
youth allowance increase,110,0,1,atotaxrates.info,17,https://atotaxrates.info/centrelink-payment-rates/,,
180 000 after tax australia,90,0,3,wagecalculator.com.au,10,https://www.wagecalculator.com.au/,54,https://pay-calculator-australia.com/take-home-pay-on/180000/
180000 after tax,90,0,4,paycalculator.com.au,11,https://paycalculator.com.au/,55,https://pay-calculator-australia.com/take-home-pay-on/180000/
2025 ato tax rates,90,38,2,atotaxrates.info,8,https://atotaxrates.info/,75,https://pay-calculator-australia.com/tax-brackets/
55000 after tax australia,90,1,4,salaryaftertax.com,6,https://salaryaftertax.com/salary-calculator/australia,39,https://pay-calculator-australia.com/tax-on/55000/
85k a year is how much a week after tax,90,0,4,wagecalculator.com.au,3,https://www.wagecalculator.com.au/,39,https://pay-calculator-australia.com/take-home-pay-on/85000/
ato date calculator,90,24,2,paycalculator.com.au,8,https://paycalculator.com.au/,,
ato income calculator,90,38,2,paycalculator.com.au,3,https://paycalculator.com.au/,,
ato low income tax offset 2025,90,24,2,atotaxcalculator.com.au,8,https://atotaxcalculator.com.au/low-income-tax-offset-lito,79,https://pay-calculator-australia.com/low-income-tax-offset/
ato repayment calculator,90,28,2,paycalculator.com.au,5,https://paycalculator.com.au/,,
ato tax rate 2024,90,43,2,atotaxrates.info,4,https://atotaxrates.info/,49,https://pay-calculator-australia.com/tax-brackets/
australian payg tax rates,90,36,2,atotaxrates.info,15,https://atotaxrates.info/,42,https://pay-calculator-australia.com/tax-brackets/
hecs how much do i owe,90,16,2,atotaxcalculator.com.au,7,https://atotaxcalculator.com.au/help-debt,,
hecs indexation rate 2026,90,0,2,atotaxcalculator.com.au,7,https://atotaxcalculator.com.au/hecs-debt-indexation,34,https://pay-calculator-australia.com/news/hecs-indexation-2026/
hecs interest rate 2026,90,1,2,atotaxcalculator.com.au,8,https://atotaxcalculator.com.au/hecs-debt-indexation,,
hecs repayments calculator,90,4,3,paycalculator.com.au,3,https://paycalculator.com.au/student-loan/,,
hecs tax deduction,90,10,1,atotaxcalculator.com.au,11,https://atotaxcalculator.com.au/help-debt,,
help loan repayment calculator,90,13,3,paycalculator.com.au,2,https://paycalculator.com.au/student-loan/,50,https://pay-calculator-australia.com/hecs-help-calculator/
help threshold 2026,90,3,2,wagecalculator.com.au,11,https://www.wagecalculator.com.au/guides/hecs-help-repayment,49,https://pay-calculator-australia.com/hecs-help-calculator/
how much hecs do i owe,90,7,2,paycalculator.com.au,9,https://paycalculator.com.au/student-loan/,,
how much tax do i owe,90,28,3,paycalculator.com.au,5,https://paycalculator.com.au/,,
income tax calculator ato,90,38,2,paycalculator.com.au,8,https://paycalculator.com.au/,,
income tax calculator fortnightly,90,13,3,paycalculator.com.au,2,https://paycalculator.com.au/,,
income tax fortnightly calculator,90,23,3,paycalculator.com.au,2,https://paycalculator.com.au/,,
indexation rate 2025,90,11,2,wagecalculator.com.au,12,https://www.wagecalculator.com.au/guides/hecs-help-repayment,,
lito tax offset,90,0,1,atotaxcalculator.com.au,13,https://atotaxcalculator.com.au/low-income-tax-offset-lito,,
low income offset 2025,90,12,1,atotaxcalculator.com.au,12,https://atotaxcalculator.com.au/low-income-tax-offset-lito,33,https://pay-calculator-australia.com/low-income-tax-offset/
new hecs repayment rates,90,10,2,wagecalculator.com.au,11,https://www.wagecalculator.com.au/guides/hecs-help-repayment,80,https://pay-calculator-australia.com/hecs-help-guide/
payg tax rate,90,32,1,atotaxcalculator.com.au,19,https://atotaxcalculator.com.au/,,
tax calculator 2027,90,39,2,paycalculator.com.au,4,https://paycalculator.com.au/,,
tax deductions australia calculator,90,38,2,paycalculator.com.au,4,https://paycalculator.com.au/,,
tax on 42000 australia,90,38,1,atotaxcalculator.com.au,13,https://atotaxcalculator.com.au/,,
tax withheld calculator australian taxation office,90,38,2,atotaxcalculator.com.au,10,https://atotaxcalculator.com.au/,,
weekly income tax calculator australia,90,16,4,paycalculator.com.au,2,https://paycalculator.com.au/,,
what is the hecs indexation rate for 2026,90,0,1,atotaxcalculator.com.au,8,https://atotaxcalculator.com.au/hecs-debt-indexation,73,https://pay-calculator-australia.com/news/hecs-indexation-2026/
100k after tax australia weekly salary,90,9,4,paycalculator.com.au,2,https://paycalculator.com.au/,39,https://pay-calculator-australia.com/tax-on/100000/
100k salary after tax,90,8,3,wagecalculator.com.au,4,https://www.wagecalculator.com.au/,51,https://pay-calculator-australia.com/take-home-pay-on/100000/
100k salary after taxes,90,8,3,wagecalculator.com.au,3,https://www.wagecalculator.com.au/salary/100000,52,https://pay-calculator-australia.com/take-home-pay-on/100000/
1400 after tax australia,90,12,3,wagecalculator.com.au,9,https://www.wagecalculator.com.au/,,
200 000 after tax australia,90,4,3,wagecalculator.com.au,4,https://www.wagecalculator.com.au/salary/200000,58,https://pay-calculator-australia.com/tax-on/200000/
200000 after tax,90,0,2,wagecalculator.com.au,4,https://www.wagecalculator.com.au/salary/200000,58,https://pay-calculator-australia.com/tax-on/200000/
200k salary after tax australia,90,1,2,wagecalculator.com.au,4,https://www.wagecalculator.com.au/salary/200000,52,https://pay-calculator-australia.com/tax-on/200000/
42 per hour annual salary,90,0,3,wagecalculator.com.au,5,https://www.wagecalculator.com.au/hourly-to-salary/42,35,https://pay-calculator-australia.com/hourly-to-salary/42/
60k after tax,90,0,3,wagecalculator.com.au,3,https://www.wagecalculator.com.au/,73,https://pay-calculator-australia.com/tax-on/55000/
80000 australian dollars after tax,90,3,3,wagecalculator.com.au,5,https://www.wagecalculator.com.au/,51,https://pay-calculator-australia.com/tax-on/80000/
80k plus super salary calculator,90,1,5,paycalculator.com.au,1,https://paycalculator.com.au/,,
82000 after tax australia,90,2,3,salaryaftertax.com,4,https://salaryaftertax.com/salary-calculator/australia,,
after tax income australia,90,20,4,paycalculator.com.au,2,https://paycalculator.com.au/,,
average australian wage after tax,90,8,3,salaryaftertax.com,2,https://salaryaftertax.com/salary-calculator/australia,,
average salary after tax australia,90,13,3,paycalculator.com.au,4,https://paycalculator.com.au/,,
average salary australia after tax,90,6,3,salaryaftertax.com,3,https://salaryaftertax.com/salary-calculator/australia,,
average salary in australia after tax,90,10,4,salaryaftertax.com,2,https://salaryaftertax.com/salary-calculator/australia,,
average salary in netherlands,90,17,1,salaryaftertax.com,12,https://salaryaftertax.com/salary-calculator/netherlands,,
average salary netherlands,90,17,1,salaryaftertax.com,9,https://salaryaftertax.com/salary-calculator/netherlands,,
average salary the netherlands,90,10,1,salaryaftertax.com,13,https://salaryaftertax.com/salary-calculator/netherlands,,
average take home pay australia,90,9,3,wagecalculator.com.au,13,https://www.wagecalculator.com.au/,,
average wage australia after tax,90,12,3,salaryaftertax.com,1,https://salaryaftertax.com/salary-calculator/australia,,
average wage netherlands,90,13,1,salaryaftertax.com,16,https://salaryaftertax.com/salary-calculator/netherlands,,
canadian salary tax,90,25,1,salaryaftertax.com,4,https://salaryaftertax.com/ca/salary-calculator,,
denmark average salary,90,9,1,salaryaftertax.com,17,https://salaryaftertax.com/salary-calculator/denmark,,
gross to net salary calculator australia,90,2,5,paycalculator.com.au,1,https://paycalculator.com.au/,38,https://pay-calculator-australia.com/gross-pay-calculator/
how calculate net salary,90,6,5,paycalculator.com.au,2,https://paycalculator.com.au/,51,https://pay-calculator-australia.com/gross-pay-calculator/
how much do i get paid,90,19,5,paycalculator.com.au,2,https://paycalculator.com.au/,,
how to calculate net pay from salary,90,9,5,paycalculator.com.au,2,https://paycalculator.com.au/,,
how to calculate net salary,90,6,5,paycalculator.com.au,1,https://paycalculator.com.au/,,
income after tax australia,90,10,3,paycalculator.com.au,2,https://paycalculator.com.au/,,
income before taxes,90,15,4,wagecalculator.com.au,4,https://www.wagecalculator.com.au/,,
income tax norway,90,8,1,salaryaftertax.com,17,https://salaryaftertax.com/salary-calculator/norway,,
is 180k a good salary in australia,90,0,1,salaryaftertax.com,8,https://salaryaftertax.com/salary-calculator/australia,,
japan salary,90,6,1,salaryaftertax.com,5,https://salaryaftertax.com/jp/salary-calculator,,
minimum wage after tax,90,20,5,salaryaftertax.com,2,https://salaryaftertax.com/salary-calculator/australia,59,https://pay-calculator-australia.com/news/new-minimum-wage-take-home-pay/
netherlands average salary,90,11,1,salaryaftertax.com,8,https://salaryaftertax.com/salary-calculator/netherlands,,
norway income tax,90,19,1,salaryaftertax.com,20,https://salaryaftertax.com/salary-calculator/norway,,
salary breakdown,90,9,5,paycalculator.com.au,1,https://paycalculator.com.au/,,
salary calculator singapore,90,3,1,salaryaftertax.com,1,https://salaryaftertax.com/salary-calculator/singapore,,
salary in japan,90,2,1,salaryaftertax.com,6,https://salaryaftertax.com/jp/salary-calculator,,
salary in sydney,90,5,1,salaryaftertax.com,16,https://salaryaftertax.com/salary-calculator/australia,,
salary including super,90,9,5,paycalculator.com.au,1,https://paycalculator.com.au/,,
salary japan,90,7,1,salaryaftertax.com,6,https://salaryaftertax.com/jp/salary-calculator,,
salary singapore calculator,90,0,3,salaryaftertax.com,1,https://salaryaftertax.com/salary-calculator/singapore,,
salary tax calculator usa california,90,32,1,salaryaftertax.com,4,https://salaryaftertax.com/us/salary-calculator,,
salary tax norway,90,5,1,salaryaftertax.com,4,https://salaryaftertax.com/salary-calculator/norway,,
singapore pay calculator,90,5,3,salaryaftertax.com,1,https://salaryaftertax.com/salary-calculator/singapore,,
singapore salary calculator,90,5,1,salaryaftertax.com,1,https://salaryaftertax.com/salary-calculator/singapore,,
tax calculator percentage,90,38,3,paycalculator.com.au,7,https://paycalculator.com.au/,,
tax on $1200 per week australia,90,2,3,wagecalculator.com.au,8,https://www.wagecalculator.com.au/,,
tax on $1400 per week australia,90,11,3,wagecalculator.com.au,12,https://www.wagecalculator.com.au/,,
tax on $1600 per week in australia,90,10,4,wagecalculator.com.au,8,https://www.wagecalculator.com.au/,,
tax on 1200 per week,90,8,3,wagecalculator.com.au,8,https://www.wagecalculator.com.au/,43,https://pay-calculator-australia.com/
tax on 145k australia,90,28,3,salaryaftertax.com,8,https://salaryaftertax.com/salary-calculator/australia,31,https://pay-calculator-australia.com/tax-on/145000/
tax on 220k australia,90,14,1,salaryaftertax.com,7,https://salaryaftertax.com/salary-calculator/australia,56,https://pay-calculator-australia.com/tax-on/200000/
tax on 250000 australia,90,17,1,salaryaftertax.com,13,https://salaryaftertax.com/salary-calculator/australia,74,https://pay-calculator-australia.com/tax-on/200000/
tax on 300000,90,11,3,paycalculator.com.au,9,https://paycalculator.com.au/,,
tax on 300000 australia,90,9,3,salaryaftertax.com,9,https://salaryaftertax.com/salary-calculator/australia,,
wage after tax,90,13,4,paycalculator.com.au,1,https://paycalculator.com.au/,76,https://pay-calculator-australia.com/fortnightly-pay-calculator/
wages after tax,90,6,5,paycalculator.com.au,1,https://paycalculator.com.au/,72,https://pay-calculator-australia.com/fortnightly-pay-calculator/
70 per hour annual salary,90,0,4,wagecalculator.com.au,4,https://www.wagecalculator.com.au/hourly-to-salary/70,39,https://pay-calculator-australia.com/hourly-to-annual-salary-calculator/
annual tax calculator australia,90,28,2,paycalculator.com.au,3,https://paycalculator.com.au/,,
australian gst invoice template,90,2,1,paycal.com.au,6,https://paycal.com.au/invoice-generator/,,
ayers calculator,90,12,4,paycalculator.com.au,3,https://paycalculator.com.au/,77,https://pay-calculator-australia.com/
before tax income,90,7,4,paycalculator.com.au,5,https://paycalculator.com.au/,46,https://pay-calculator-australia.com/gross-pay-calculator/
calculate day rate from salary,90,4,4,paycal.com.au,1,https://paycal.com.au/contractor-pay-calculator/,,
calculate tax paid,90,28,3,paycalculator.com.au,3,https://paycalculator.com.au/,,
calculator for holiday pay,90,27,3,paycalculator.com.au,9,https://paycalculator.com.au/,,
calculator for paycheck taxes,90,38,4,paycalculator.com.au,1,https://paycalculator.com.au/,75,https://pay-calculator-australia.com/
car registration quote,90,23,1,paycal.com.au,17,https://paycal.com.au/vehicle-registration-calculator/,,
car registration sa cost calculator,90,3,1,paycal.com.au,14,https://paycal.com.au/vehicle-registration-calculator/,,
car transfer fees calculator nsw,90,17,1,paycal.com.au,6,https://paycal.com.au/vehicle-registration-calculator/,,
casual rate calculator,90,1,4,paycalculator.com.au,4,https://paycalculator.com.au/,53,https://pay-calculator-australia.com/employment-type-calculator/
casual rates calculator,90,2,4,paycalculator.com.au,3,https://paycalculator.com.au/,,
check my pay rate,90,41,4,paycalculator.com.au,4,https://paycalculator.com.au/,,
contract or permie,90,0,1,paycal.com.au,7,https://paycal.com.au/contractor-pay-calculator/,,
contract permanent calculator,90,0,3,paycal.com.au,4,https://paycal.com.au/contractor-pay-calculator/,,
contract to perm calculator,90,0,2,paycal.com.au,7,https://paycal.com.au/contractor-pay-calculator/,,
contract to permanent calculator,90,0,3,paycal.com.au,4,https://paycal.com.au/contractor-pay-calculator/,,
contract vs permanent calculator,90,0,2,paycal.com.au,4,https://paycal.com.au/contractor-pay-calculator/,70,https://pay-calculator-australia.com/contractor-vs-employee-calculator/
contracting calculator,90,0,4,paycal.com.au,1,https://paycal.com.au/contractor-pay-calculator/,72,https://pay-calculator-australia.com/contractor-pay-calculator/
contracting vs permanent calculator,90,0,2,paycal.com.au,5,https://paycal.com.au/contractor-pay-calculator/,66,https://pay-calculator-australia.com/contractor-vs-employee-calculator/
contractor calculator,90,0,4,paycal.com.au,1,https://paycal.com.au/contractor-pay-calculator/,67,https://pay-calculator-australia.com/contractor-pay-calculator/
convert annual salary to hourly rate,90,26,4,paycalculator.com.au,5,https://paycalculator.com.au/,61,https://pay-calculator-australia.com/hourly-to-annual-salary-calculator/
convert yearly salary to hourly rate,90,26,3,australiapaycalculator.com.au,8,https://australiapaycalculator.com.au/,59,https://pay-calculator-australia.com/hourly-to-annual-salary-calculator/
editable payslip template,90,5,1,paycal.com.au,10,https://paycal.com.au/payslip-generator/,,
employer pay calculator,90,38,4,paycalculator.com.au,3,https://paycalculator.com.au/,,
ev lease calculator,90,0,1,paycal.com.au,13,https://paycal.com.au/ev-ice-novated-lease-calculator/,,
exc gst,90,4,1,paycal.com.au,17,https://paycal.com.au/gst-calculator/,,
final pay calculator australia,90,0,3,paycalculator.com.au,7,https://paycalculator.com.au/,44,https://pay-calculator-australia.com/final-pay-calculator/
free gst calculator,90,3,1,paycal.com.au,16,https://paycal.com.au/gst-calculator/,,
free invoice maker online,90,57,1,paycal.com.au,15,https://paycal.com.au/invoice-generator/,,
generate payslip online,90,0,2,paycal.com.au,2,https://paycal.com.au/payslip-generator/,68,https://pay-calculator-australia.com/payslip-generator/
generate payslips online,90,0,2,paycal.com.au,2,https://paycal.com.au/payslip-generator/,,
gross income monthly,90,10,4,paycalculator.com.au,4,https://paycalculator.com.au/,33,https://pay-calculator-australia.com/monthly-pay-calculator/
gross monthly income,90,46,4,paycalculator.com.au,4,https://paycalculator.com.au/,35,https://pay-calculator-australia.com/monthly-pay-calculator/
gross pay calculator ato,90,12,4,paycalculator.com.au,4,https://paycalculator.com.au/,34,https://pay-calculator-australia.com/gross-pay-calculator/
gross tax calculator,90,7,4,paycalculator.com.au,2,https://paycalculator.com.au/,38,https://pay-calculator-australia.com/gross-pay-calculator/
gross to net pay calculator australia,90,5,4,paycalculator.com.au,1,https://paycalculator.com.au/,37,https://pay-calculator-australia.com/gross-pay-calculator/
gst free calculator,90,2,1,paycal.com.au,20,https://paycal.com.au/gst-calculator/,,
holiday calculator,90,6,1,paycal.com.au,17,https://paycal.com.au/public-holidays-calculator/,61,https://pay-calculator-australia.com/leave-calculator/
holiday paycheck calculator,90,19,3,paycalculator.com.au,2,https://paycalculator.com.au/,,
holiday payroll calculator,90,13,3,paycalculator.com.au,4,https://paycalculator.com.au/,,
hourly rate for self employed carpenter,90,0,1,paycal.com.au,18,https://paycal.com.au/contractor-pay-calculator/,,
how much tax do i pay calculator weekly,90,13,4,paycalculator.com.au,2,https://paycalculator.com.au/,42,https://pay-calculator-australia.com/weekly-pay-calculator/
how much tax will i pay weekly calculator,90,9,4,paycalculator.com.au,2,https://paycalculator.com.au/,46,https://pay-calculator-australia.com/weekly-pay-calculator/
how much tax withheld,90,14,4,paycalculator.com.au,7,https://paycalculator.com.au/,,
how much weekly tax do i pay calculator,90,14,3,paycalculator.com.au,2,https://paycalculator.com.au/,69,https://pay-calculator-australia.com/gross-pay-calculator/
how to calculate annual gross income,90,24,4,paycalculator.com.au,3,https://paycalculator.com.au/,47,https://pay-calculator-australia.com/gross-pay-calculator/
how to calculate annual gross salary,90,3,4,paycalculator.com.au,2,https://paycalculator.com.au/,37,https://pay-calculator-australia.com/gross-pay-calculator/
how to calculate gross annual income,90,12,4,paycalculator.com.au,2,https://paycalculator.com.au/,35,https://pay-calculator-australia.com/gross-pay-calculator/
how to calculate gross income yearly,90,24,4,paycalculator.com.au,3,https://paycalculator.com.au/,44,https://pay-calculator-australia.com/gross-pay-calculator/
how to calculate net pay,90,36,4,paycalculator.com.au,3,https://paycalculator.com.au/,35,https://pay-calculator-australia.com/gross-pay-calculator/
how to calculate salary,90,16,4,paycalculator.com.au,1,https://paycalculator.com.au/,46,https://pay-calculator-australia.com/monthly-pay-calculator/
how to remove gst,90,6,1,paycal.com.au,19,https://paycal.com.au/gst-calculator/,,
incl gst,90,6,1,paycal.com.au,19,https://paycal.com.au/gst-calculator/,,
income before tax,90,10,3,paycalculator.com.au,3,https://paycalculator.com.au/,48,https://pay-calculator-australia.com/gross-pay-calculator/
income calculator aus,90,3,4,paycalculator.com.au,1,https://paycalculator.com.au/,,
indeed salary calculator,90,23,2,wagecalculator.com.au,12,https://www.wagecalculator.com.au/compare,,
individual non business tax calculator,90,38,2,paycalculator.com.au,6,https://paycalculator.com.au/,,
interest rates reduction,90,7,1,paycal.com.au,16,https://paycal.com.au/rate-cut-calculator/,,
interest rates rise calculator,90,16,1,paycal.com.au,10,https://paycal.com.au/rate-cut-calculator/,,
invoice template australia gst,90,1,1,paycal.com.au,5,https://paycal.com.au/invoice-generator/,,
money calculator australia,90,53,3,paycalculator.com.au,5,https://paycalculator.com.au/,,
monthly income gross,90,25,4,paycalculator.com.au,4,https://paycalculator.com.au/,67,https://pay-calculator-australia.com/gross-pay-calculator/
net to gross income calculator australia,90,0,4,paycalculator.com.au,3,https://paycalculator.com.au/,34,https://pay-calculator-australia.com/gross-pay-calculator/
nsw rego cost calculator,90,0,1,paycal.com.au,5,https://paycal.com.au/vehicle-registration-calculator/,,
pay calculator day rate,90,22,4,paycalculator.com.au,1,https://paycalculator.com.au/,76,https://pay-calculator-australia.com/hourly-to-annual-salary-calculator/
pay calculator salary to hourly,90,33,4,paycalculator.com.au,3,https://paycalculator.com.au/,60,https://pay-calculator-australia.com/hourly-to-annual-salary-calculator/
pay calculator with tax,90,11,4,paycalculator.com.au,1,https://paycalculator.com.au/,43,https://pay-calculator-australia.com/
pay calculator with taxes,90,15,3,paycalculator.com.au,1,https://paycalculator.com.au/,49,https://pay-calculator-australia.com/
pay com au calculator,90,11,4,paycalculator.com.au,2,https://paycalculator.com.au/,,
payg w calculator,90,9,4,paycalculator.com.au,2,https://paycalculator.com.au/,,
payg withholding calculator 2026,90,9,4,paycalculator.com.au,4,https://paycalculator.com.au/,63,https://pay-calculator-australia.com/payg-withholding-tables/
payment plan estimator,90,22,2,paycalculator.com.au,5,https://paycalculator.com.au/,,
payslip calculator australia,90,15,4,paycalculator.com.au,1,https://paycalculator.com.au/,40,https://pay-calculator-australia.com/monthly-pay-calculator/
payslip or pay slip,90,0,1,paycal.com.au,11,https://paycal.com.au/payslip-generator/,,
payslips template,90,6,1,paycal.com.au,2,https://paycal.com.au/payslip-generator/,,
per hour to yearly salary calculator,90,26,4,wagecalculator.com.au,4,https://www.wagecalculator.com.au/,,
per week,90,0,4,wagecalculator.com.au,3,https://www.wagecalculator.com.au/,38,https://pay-calculator-australia.com/fortnightly-pay-calculator/
price excluding gst,90,4,1,paycal.com.au,20,https://paycal.com.au/gst-calculator/,,
quote tool,90,2,1,paycal.com.au,9,https://paycal.com.au/quote-generator/,,
rater salary,90,39,2,wagecalculator.com.au,3,https://www.wagecalculator.com.au/,,
rba interest rate cut prediction,90,46,1,paycal.com.au,15,https://paycal.com.au/rate-cut-calculator/,,
rego calculator wa,90,19,1,paycal.com.au,19,https://paycal.com.au/vehicle-registration-calculator/,,
rego estimate qld,90,17,1,paycal.com.au,15,https://paycal.com.au/vehicle-registration-calculator/,,
rego transfer cost nsw,90,16,1,paycal.com.au,14,https://paycal.com.au/vehicle-registration-calculator/,,
rego transfer nsw cost,90,16,1,paycal.com.au,15,https://paycal.com.au/vehicle-registration-calculator/,,
remove gst from price,90,4,2,paycal.com.au,13,https://paycal.com.au/gst-calculator/,,
salary calculator salary to hourly,90,26,4,paycalculator.com.au,4,https://paycalculator.com.au/,60,https://pay-calculator-australia.com/hourly-to-annual-salary-calculator/
salary including super calculator,90,9,4,paycalculator.com.au,1,https://paycalculator.com.au/,67,https://pay-calculator-australia.com/gross-pay-calculator/
tax calculator paycheck,90,36,4,paycalculator.com.au,1,https://paycalculator.com.au/,,
tax cut estimator,90,24,1,paycal.com.au,6,https://paycal.com.au/tax-cut-calculator/,,
tax deduction calculator australia,90,38,3,paycalculator.com.au,2,https://paycalculator.com.au/,,
tax gross calculator,90,9,3,paycalculator.com.au,3,https://paycalculator.com.au/,52,https://pay-calculator-australia.com/gross-pay-calculator/
tax paye,90,38,4,paycalculator.com.au,1,https://paycalculator.com.au/,,
tax withheld calculator yearly,90,38,3,paycalculator.com.au,8,https://paycalculator.com.au/,78,https://pay-calculator-australia.com/tax-return-calculator/
tax work out,90,24,2,paycalculator.com.au,7,https://paycalculator.com.au/,,
transfer fee calculator nsw,90,17,1,paycal.com.au,11,https://paycal.com.au/vehicle-registration-calculator/,,
transfer fees calculator nsw,90,19,1,paycal.com.au,3,https://paycal.com.au/vehicle-registration-calculator/,,
truck registration costs nsw,90,17,1,paycal.com.au,15,https://paycal.com.au/vehicle-registration-calculator/,,
truck rego cost nsw,90,17,1,paycal.com.au,15,https://paycal.com.au/vehicle-registration-calculator/,,
vehicle registration duty,90,26,1,paycal.com.au,16,https://paycal.com.au/vehicle-registration-calculator/,,
weekly net income calculator,90,6,4,paycalculator.com.au,1,https://paycalculator.com.au/,,
weekly net pay calculator,90,6,4,paycalculator.com.au,1,https://paycalculator.com.au/,43,https://pay-calculator-australia.com/weekly-pay-calculator/
weekly pay tax calculator australia,90,11,4,paycalculator.com.au,2,https://paycalculator.com.au/,70,https://pay-calculator-australia.com/weekly-pay-calculator/
work pay calculator,90,47,4,paycalculator.com.au,2,https://paycalculator.com.au/,32,https://pay-calculator-australia.com/pay-calculator-wa/
yearly pay calculator,90,24,4,paycalculator.com.au,1,https://paycalculator.com.au/,34,https://pay-calculator-australia.com/hourly-to-annual-salary-calculator/
zip pay calculator,90,3,2,paycalculator.com.au,14,https://www.paycalculator.com.au/classic/,,
100 000 how much,90,0,1,wagecalculator.com.au,16,https://www.wagecalculator.com.au/salary/100000,53,https://pay-calculator-australia.com/take-home-pay-on/100000/
25 26 tax return calculator,90,17,1,wagecalculator.com.au,16,https://www.wagecalculator.com.au/tax-return-calculator,,
33 an hour is how much a year,90,0,1,wagecalculator.com.au,4,https://www.wagecalculator.com.au/hourly-to-salary/33,43,https://pay-calculator-australia.com/hourly-to-annual-salary-calculator/
33 per hour annual salary,90,0,2,wagecalculator.com.au,9,https://www.wagecalculator.com.au/hourly-to-salary/33,43,https://pay-calculator-australia.com/hourly-to-annual-salary-calculator/
36 an hour is how much a year,90,0,2,wagecalculator.com.au,5,https://www.wagecalculator.com.au/hourly-to-salary/36,32,https://pay-calculator-australia.com/hourly-to-annual-salary-calculator/
37 an hour is how much a year,90,0,1,wagecalculator.com.au,5,https://www.wagecalculator.com.au/hourly-to-salary-calculator,31,https://pay-calculator-australia.com/hourly-to-annual-salary-calculator/
50 dollars an hour is how much a year,90,0,1,wagecalculator.com.au,5,https://www.wagecalculator.com.au/hourly-to-salary-calculator,44,https://pay-calculator-australia.com/hourly-to-annual-salary-calculator/
60 an hour is how much a year,90,0,2,wagecalculator.com.au,5,https://www.wagecalculator.com.au/hourly-to-salary/60,32,https://pay-calculator-australia.com/hourly-to-annual-salary-calculator/
7.6hrs in hours and minutes,90,0,1,wagecalculator.com.au,16,https://www.wagecalculator.com.au/work-hours-calculator,,
abf pay rate,90,0,1,wagecalculator.com.au,12,https://www.wagecalculator.com.au/public-service-salaries/aps,,
act rates calculator,90,0,1,wagecalculator.com.au,10,https://www.wagecalculator.com.au/land-tax-calculator/act,,
adf pay and conditions,90,0,1,wagecalculator.com.au,2,https://www.wagecalculator.com.au/adf-pay,,
adf salary 2025,90,0,1,wagecalculator.com.au,5,https://www.wagecalculator.com.au/adf-pay,,
administration pay rate,90,0,1,wagecalculator.com.au,10,https://www.wagecalculator.com.au/public-service-salaries/qld,,
afp salary bands,90,0,1,wagecalculator.com.au,17,https://www.wagecalculator.com.au/public-service-salaries/aps,,
air commodore raaf,90,0,1,wagecalculator.com.au,5,https://www.wagecalculator.com.au/adf-pay/air-force,,
air force salary pilot,90,1,1,wagecalculator.com.au,18,https://www.wagecalculator.com.au/adf-pay/air-force,,
airforce pilot salary,90,0,1,wagecalculator.com.au,20,https://www.wagecalculator.com.au/adf-pay/air-force,,
allied health award victoria,90,1,1,wagecalculator.com.au,20,https://www.wagecalculator.com.au/public-service-salaries/vic/allied-health,,
ao2 salary queensland government,90,0,1,wagecalculator.com.au,3,https://www.wagecalculator.com.au/public-service-salaries/qld,,
ao7 pay rate,90,0,1,wagecalculator.com.au,3,https://www.wagecalculator.com.au/public-service-salaries/qld,,
ao7 salary,90,0,1,wagecalculator.com.au,4,https://www.wagecalculator.com.au/public-service-salaries/qld,,
aps 6 pay scale,90,0,1,wagecalculator.com.au,3,https://www.wagecalculator.com.au/public-service-salaries/aps,,
aps award,90,0,1,wagecalculator.com.au,17,https://www.wagecalculator.com.au/public-service-salaries/aps,,
aps el1,90,0,1,wagecalculator.com.au,6,https://www.wagecalculator.com.au/public-service-salaries/aps,,
aps level 3,90,0,1,wagecalculator.com.au,8,https://www.wagecalculator.com.au/public-service-salaries/aps,,
aps pay rise,90,0,1,wagecalculator.com.au,5,https://www.wagecalculator.com.au/public-service-salaries,,
aps redundancy calculator,90,0,1,wagecalculator.com.au,10,https://www.wagecalculator.com.au/redundancy-payout-calculator,,
aps salary scale,90,0,1,wagecalculator.com.au,5,https://www.wagecalculator.com.au/public-service-salaries/aps,,
aps ses band 1 salary,90,0,1,wagecalculator.com.au,2,https://www.wagecalculator.com.au/public-service-salaries/aps,,
aps4 salary 2026,90,0,1,wagecalculator.com.au,2,https://www.wagecalculator.com.au/public-service-salaries/aps,,
aps6 pay scale,90,0,1,wagecalculator.com.au,5,https://www.wagecalculator.com.au/public-service-salaries/aps,,
army officer pay,90,0,1,wagecalculator.com.au,6,https://www.wagecalculator.com.au/adf-pay/army,,
army officer salary,90,0,1,wagecalculator.com.au,6,https://www.wagecalculator.com.au/adf-pay/army,,
army pay scale 2025,90,8,1,wagecalculator.com.au,4,https://www.wagecalculator.com.au/adf-pay,,
aso2,90,0,1,wagecalculator.com.au,5,https://www.wagecalculator.com.au/public-service-salaries/sa,,
aso3 salary sa government,90,0,1,wagecalculator.com.au,2,https://www.wagecalculator.com.au/public-service-salaries/sa,,
aso7,90,0,1,wagecalculator.com.au,6,https://www.wagecalculator.com.au/public-service-salaries/sa,,
ato el2 salary,90,0,1,wagecalculator.com.au,7,https://www.wagecalculator.com.au/public-service-salaries/aps,,
ato gross pay calculator,90,38,3,paycalculator.com.au,4,https://paycalculator.com.au/,35,https://pay-calculator-australia.com/gross-pay-calculator/
ato net pay calculator,90,38,2,paycalculator.com.au,3,https://paycalculator.com.au/,,
australian army colonel,90,0,1,wagecalculator.com.au,10,https://www.wagecalculator.com.au/adf-pay,,
australian army corporal,90,0,1,wagecalculator.com.au,11,https://www.wagecalculator.com.au/adf-pay/army,,
australian navy officer ranks,90,0,1,wagecalculator.com.au,5,https://www.wagecalculator.com.au/adf-pay/navy,,
australian navy salary,90,0,1,wagecalculator.com.au,2,https://www.wagecalculator.com.au/adf-pay/navy,,
australian public service salaries,90,0,1,wagecalculator.com.au,2,https://www.wagecalculator.com.au/public-service-salaries,,
australian public service salary levels,90,0,1,wagecalculator.com.au,5,https://www.wagecalculator.com.au/public-service-salaries,,
average teacher salary nsw,90,0,1,wagecalculator.com.au,11,https://www.wagecalculator.com.au/teacher-salaries/nsw,,
average teachers salary nsw,90,0,1,wagecalculator.com.au,19,https://www.wagecalculator.com.au/teacher-salaries/nsw,,
benefit calculator,90,22,2,paycalculator.com.au,9,https://paycalculator.com.au/,,
brisbane teacher salary,90,0,1,wagecalculator.com.au,18,https://www.wagecalculator.com.au/teacher-salaries/qld,,
calculate percentage tax,90,38,2,paycalculator.com.au,4,https://paycalculator.com.au/,,
calculate tax from taxable income,90,28,2,paycalculator.com.au,5,https://paycalculator.com.au/,,
calculator benefits,90,28,2,paycalculator.com.au,9,https://paycalculator.com.au/,,
care pay calculator,90,33,2,paycalculator.com.au,2,https://paycalculator.com.au/,44,https://pay-calculator-australia.com/pay-calculator-nsw/
casual tax rate,90,9,2,paycalculator.com.au,10,https://paycalculator.com.au/,,
casual worker tax calculator,90,14,3,paycalculator.com.au,3,https://paycalculator.com.au/,,
chief petty officer australian navy,90,0,1,wagecalculator.com.au,6,https://www.wagecalculator.com.au/adf-pay/navy,,
clerk 9 10 salary nsw,90,0,1,wagecalculator.com.au,2,https://www.wagecalculator.com.au/public-service-salaries/nsw,,
clerk award nsw,90,0,1,wagecalculator.com.au,6,https://www.wagecalculator.com.au/public-service-salaries/nsw,,
clerks award nsw,90,0,1,wagecalculator.com.au,17,https://www.wagecalculator.com.au/public-service-salaries/nsw,,
colonel australian army,90,0,1,wagecalculator.com.au,11,https://www.wagecalculator.com.au/adf-pay,,
compound interest calculator with inflation,90,32,1,wagecalculator.com.au,12,https://www.wagecalculator.com.au/investment-calculator,,
convert annual salary to hourly,90,27,2,wagecalculator.com.au,7,https://www.wagecalculator.com.au/,61,https://pay-calculator-australia.com/hourly-to-annual-salary-calculator/
convert yearly salary to hourly,90,27,1,wagecalculator.com.au,8,https://www.wagecalculator.com.au/,64,https://pay-calculator-australia.com/hourly-to-annual-salary-calculator/
corporal australian army,90,4,1,wagecalculator.com.au,8,https://www.wagecalculator.com.au/adf-pay/army,,
corporal rank australian army,90,0,1,wagecalculator.com.au,16,https://www.wagecalculator.com.au/adf-pay/army,,
crt rates victoria 2026,90,0,1,wagecalculator.com.au,9,https://www.wagecalculator.com.au/teacher-salaries/vic,,
dutiable value calculator wa,90,0,1,wagecalculator.com.au,18,https://www.wagecalculator.com.au/stamp-duty-calculator/wa,,
eb12 qld health pay rates,90,0,1,wagecalculator.com.au,13,https://www.wagecalculator.com.au/nursing-salaries/qld,,
ed qld salary,90,0,1,wagecalculator.com.au,11,https://www.wagecalculator.com.au/teacher-salaries/qld,,
education qld pay rates,90,0,1,wagecalculator.com.au,12,https://www.wagecalculator.com.au/teacher-salaries/qld,,
education salaries,90,15,1,wagecalculator.com.au,19,https://www.wagecalculator.com.au/teacher-salaries/wa,,
education salary,90,15,1,wagecalculator.com.au,20,https://www.wagecalculator.com.au/teacher-salaries/wa,,
education teachers award,90,4,1,wagecalculator.com.au,17,https://www.wagecalculator.com.au/teacher-salaries/award,,
el1 work level standards,90,0,1,wagecalculator.com.au,13,https://www.wagecalculator.com.au/public-service-salaries/aps,,
enrolled nurse pay rate qld,90,0,1,wagecalculator.com.au,11,https://www.wagecalculator.com.au/nursing-salaries/qld,,
enrolled nurse salary qld,90,0,1,wagecalculator.com.au,5,https://www.wagecalculator.com.au/nursing-salaries/qld,,
eq pay scales,90,0,1,wagecalculator.com.au,9,https://www.wagecalculator.com.au/public-service-salaries/qld,,
es pay scale vic,90,0,1,wagecalculator.com.au,20,https://www.wagecalculator.com.au/teacher-salaries/vic,,
fair work australia calculator,90,14,2,wagecalculator.com.au,7,https://www.wagecalculator.com.au/awards,,
fair work pay and conditions tool,90,46,1,wagecalculator.com.au,14,https://www.wagecalculator.com.au/awards,,
find your award,90,15,1,wagecalculator.com.au,9,https://www.wagecalculator.com.au/awards,,
first year teacher salary nsw,90,0,1,wagecalculator.com.au,10,https://www.wagecalculator.com.au/teacher-salaries/nsw,,
first year teachers salary nsw,90,0,1,wagecalculator.com.au,8,https://www.wagecalculator.com.au/teacher-salaries/nsw,,
first year teachers salary qld,90,0,1,wagecalculator.com.au,15,https://www.wagecalculator.com.au/teacher-salaries/qld,,
fortnightly tax calculator 2025,90,39,3,paycalculator.com.au,5,https://paycalculator.com.au/,86,https://pay-calculator-australia.com/take-home-pay-on/125000/
fortnights in a month,90,0,1,wagecalculator.com.au,18,https://www.wagecalculator.com.au/guides/fortnightly-take-home-pay,,
graduate nurse salary victoria,90,0,1,wagecalculator.com.au,10,https://www.wagecalculator.com.au/nursing-salaries/vic,,
graduate teacher salary nsw,90,0,1,wagecalculator.com.au,7,https://www.wagecalculator.com.au/teacher-salaries/nsw,,
gross pay and net pay,90,3,2,paycalculator.com.au,5,https://paycalculator.com.au/,46,https://pay-calculator-australia.com/gross-pay-calculator/
gross up calculator,90,3,2,paycalculator.com.au,8,https://paycalculator.com.au/,94,https://pay-calculator-australia.com/gross-pay-calculator/
gross-up calculator,90,3,2,paycalculator.com.au,6,https://paycalculator.com.au/,71,https://pay-calculator-australia.com/gross-pay-calculator/
grossed up calculator,90,3,3,paycalculator.com.au,9,https://paycalculator.com.au/,56,https://pay-calculator-australia.com/gross-pay-calculator/
grossing up calculator,90,0,2,paycalculator.com.au,12,https://paycalculator.com.au/,,
help threshold 2025,90,7,1,wagecalculator.com.au,10,https://www.wagecalculator.com.au/guides/hecs-help-repayment,75,https://pay-calculator-australia.com/hecs-help-guide/
holiday pay calculator,90,4,2,paycalculator.com.au,4,https://paycalculator.com.au/,,
home affairs salary,90,0,1,wagecalculator.com.au,16,https://www.wagecalculator.com.au/public-service-salaries,,
hour soup,90,18,1,wagecalculator.com.au,7,https://www.wagecalculator.com.au/work-hours-calculator,,
hourly wage average,90,12,1,wagecalculator.com.au,13,https://www.wagecalculator.com.au/,,
hourly wages,90,27,2,wagecalculator.com.au,14,https://www.wagecalculator.com.au/,46,https://pay-calculator-australia.com/salary-vs-hourly/
hours soup,90,27,1,wagecalculator.com.au,13,https://www.wagecalculator.com.au/work-hours-calculator,,
how is land tax calculated nsw,90,8,1,wagecalculator.com.au,17,https://www.wagecalculator.com.au/land-tax-calculator/nsw,,
how many fortnights in a year 2026,90,0,1,wagecalculator.com.au,17,https://www.wagecalculator.com.au/guides/fortnightly-take-home-pay,,
how many hours is full-time a year,90,10,1,wagecalculator.com.au,18,https://www.wagecalculator.com.au/hourly-to-salary-calculator,51,https://pay-calculator-australia.com/hourly-to-annual-salary-calculator/
how much do teachers get paid a year,90,4,1,wagecalculator.com.au,17,https://www.wagecalculator.com.au/teacher-salaries/nsw,,
how much do teachers get paid in a year,90,3,1,wagecalculator.com.au,16,https://www.wagecalculator.com.au/teacher-salaries/nsw,,
how much do you get paid in the army,90,1,1,wagecalculator.com.au,7,https://www.wagecalculator.com.au/adf-pay,,
how much do you get paid in the army australia,90,0,1,wagecalculator.com.au,2,https://www.wagecalculator.com.au/adf-pay,,
how much fortnights in a year,90,0,1,wagecalculator.com.au,12,https://www.wagecalculator.com.au/guides/fortnightly-take-home-pay,,
how much income tax do i pay,90,24,2,paycalculator.com.au,11,https://paycalculator.com.au/,51,https://pay-calculator-australia.com/income-tax-calculator/
how much is 70k a year hourly,90,0,3,wagecalculator.com.au,6,https://www.wagecalculator.com.au/,34,https://pay-calculator-australia.com/salary-to-hourly/75000/
how much is a gross,90,0,1,wagecalculator.com.au,8,https://www.wagecalculator.com.au/reverse-salary-calculator,,
how much long service leave qld,90,4,1,wagecalculator.com.au,14,https://www.wagecalculator.com.au/long-service-leave-calculator/qld,,
how much tax back do you get,90,24,1,wagecalculator.com.au,17,https://www.wagecalculator.com.au/tax-return-calculator,,
how much tax is taken out of my paycheck,90,8,2,paycalculator.com.au,5,https://paycalculator.com.au/,,
how much tax is withheld,90,12,2,paycalculator.com.au,7,https://paycalculator.com.au/,,
how much tax on 100k australia,90,2,1,wagecalculator.com.au,6,https://www.wagecalculator.com.au/,58,https://pay-calculator-australia.com/tax-on/100000/
how much tax withholding,90,0,2,paycalculator.com.au,11,https://paycalculator.com.au/,65,https://pay-calculator-australia.com/tax-return-calculator/
how much taxes are taken out of my paycheck,90,36,2,paycalculator.com.au,6,https://paycalculator.com.au/,,
how much to salary sacrifice,90,9,1,wagecalculator.com.au,11,https://www.wagecalculator.com.au/salary-sacrifice/super,87,https://pay-calculator-australia.com/salary-sacrifice-guide/
how much to salary sacrifice into super,90,6,1,wagecalculator.com.au,20,https://www.wagecalculator.com.au/salary-sacrifice/super,,
how to work out gst inclusive,90,5,1,wagecalculator.com.au,20,https://www.wagecalculator.com.au/gst-calculator,,
how to work out hourly rate,90,4,2,wagecalculator.com.au,7,https://www.wagecalculator.com.au/,37,https://pay-calculator-australia.com/hourly-to-annual-salary-calculator/
how to work out pro rata salary,90,0,3,australiapaycalculator.com.au,1,https://australiapaycalculator.com.au/,,
hp wage rates qld health,90,0,1,wagecalculator.com.au,6,https://www.wagecalculator.com.au/public-service-salaries/qld,,
hs2 pay rate,90,0,1,wagecalculator.com.au,16,https://www.wagecalculator.com.au/public-service-salaries/qld,,
hs5 salary,90,0,1,wagecalculator.com.au,7,https://www.wagecalculator.com.au/public-service-salaries/vic/allied-health,,
income tax rates 2026 27,90,32,1,wagecalculator.com.au,14,https://www.wagecalculator.com.au/tax-rates/2026-27,45,https://pay-calculator-australia.com/tax-changes-2026-27/
income tax weekly,90,10,2,paycalculator.com.au,9,https://paycalculator.com.au/,46,https://pay-calculator-australia.com/weekly-tax-table/
inflation calculator for wages,90,26,2,paycalculator.com.au,4,https://paycalculator.com.au/,,
inflation calculator salary,90,51,2,paycalculator.com.au,4,https://paycalculator.com.au/,,
inflation pay calculator,90,51,2,paycalculator.com.au,2,https://paycalculator.com.au/,60,https://pay-calculator-australia.com/pay-rise-calculator/
jaws calculator 2025,90,24,2,paycalculator.com.au,8,https://paycalculator.com.au/,,
jaws calculator 2026,90,10,2,paycalculator.com.au,12,https://paycalculator.com.au/,,
jaws tax calculator 2025,90,28,2,paycalculator.com.au,8,https://paycalculator.com.au/,,
land tax rates sa,90,8,1,wagecalculator.com.au,12,https://www.wagecalculator.com.au/land-tax-calculator/sa,,
land tax rates south australia,90,11,1,wagecalculator.com.au,14,https://www.wagecalculator.com.au/land-tax-calculator/sa,,
land tax sa rates,90,6,1,wagecalculator.com.au,14,https://www.wagecalculator.com.au/land-tax-calculator/sa,,
land tax south australia rates,90,8,1,wagecalculator.com.au,16,https://www.wagecalculator.com.au/land-tax-calculator/sa,,
lead teacher salary,90,3,1,wagecalculator.com.au,15,https://www.wagecalculator.com.au/teacher-salaries/sa,,
leading teacher salary,90,1,1,wagecalculator.com.au,14,https://www.wagecalculator.com.au/teacher-salaries/vic,,
level 3 teacher salary wa,90,0,1,wagecalculator.com.au,4,https://www.wagecalculator.com.au/teacher-salaries/wa,,
level 5 salary wa government,90,0,1,wagecalculator.com.au,2,https://www.wagecalculator.com.au/public-service-salaries/wa,,
level 6 salary wa government,90,0,1,wagecalculator.com.au,2,https://www.wagecalculator.com.au/public-service-salaries/wa,,
lieutenant navy,90,6,1,wagecalculator.com.au,12,https://www.wagecalculator.com.au/adf-pay/navy,,
live in melbourne calculator,90,30,2,paycalculator.com.au,8,https://paycalculator.com.au/,,
long service calculator nsw,90,0,1,wagecalculator.com.au,17,https://www.wagecalculator.com.au/long-service-leave-calculator/nsw,,
midwifery nurse salary,90,0,1,wagecalculator.com.au,14,https://www.wagecalculator.com.au/nursing-salaries/vic,,
moca 7 pay rates,90,0,1,wagecalculator.com.au,13,https://www.wagecalculator.com.au/public-service-salaries/qld,,
monthly tax table pdf,90,0,1,wagecalculator.com.au,11,https://www.wagecalculator.com.au/tax-rates/monthly-tax-table,,
navy australia salary,90,0,1,wagecalculator.com.au,2,https://www.wagecalculator.com.au/adf-pay/navy,,
navy enlisted ranks,90,17,1,wagecalculator.com.au,16,https://www.wagecalculator.com.au/adf-pay/navy,,
navy pay australia,90,0,1,wagecalculator.com.au,3,https://www.wagecalculator.com.au/adf-pay,,
navy petty officer ranks,90,17,1,wagecalculator.com.au,15,https://www.wagecalculator.com.au/adf-pay/navy,,
navy salaries,90,0,1,wagecalculator.com.au,4,https://www.wagecalculator.com.au/adf-pay/navy,,
navy salary,90,0,1,wagecalculator.com.au,2,https://www.wagecalculator.com.au/adf-pay/navy,,
navy salary australia,90,0,1,wagecalculator.com.au,2,https://www.wagecalculator.com.au/adf-pay/navy,,
navy wages australia,90,0,1,wagecalculator.com.au,2,https://www.wagecalculator.com.au/adf-pay/navy,,
net pay calculator ato,90,38,3,paycalculator.com.au,3,https://paycalculator.com.au/,54,https://pay-calculator-australia.com/monthly-pay-calculator/
nsw government pay grades,90,0,1,wagecalculator.com.au,2,https://www.wagecalculator.com.au/public-service-salaries/nsw,,
nsw government salary grades,90,0,1,wagecalculator.com.au,2,https://www.wagecalculator.com.au/public-service-salaries/nsw,,
nsw health pay rates 2025 pdf,90,0,1,wagecalculator.com.au,8,https://www.wagecalculator.com.au/public-service-salaries/nsw,,
nsw health rn pay rates 2026,90,0,1,wagecalculator.com.au,9,https://www.wagecalculator.com.au/nursing-salaries/nsw,,
nsw nurses award pay rates 2026,90,0,1,wagecalculator.com.au,16,https://www.wagecalculator.com.au/nursing-salaries/nsw,,
nsw pay,90,20,1,wagecalculator.com.au,5,https://www.wagecalculator.com.au/public-service-salaries/nsw,,
nsw secondary teacher salary,90,0,1,wagecalculator.com.au,15,https://www.wagecalculator.com.au/teacher-salaries/nsw,,
nsw state government pay grades,90,0,1,wagecalculator.com.au,1,https://www.wagecalculator.com.au/public-service-salaries/nsw,,
nsw teacher wages,90,0,1,wagecalculator.com.au,8,https://www.wagecalculator.com.au/teacher-salaries/nsw,,
nsw teachers wage,90,0,1,wagecalculator.com.au,19,https://www.wagecalculator.com.au/teacher-salaries/nsw,,
nt gov pay scales,90,0,1,wagecalculator.com.au,3,https://www.wagecalculator.com.au/public-service-salaries/nt,,
ntg pay scale,90,0,1,wagecalculator.com.au,4,https://www.wagecalculator.com.au/public-service-salaries/nt,,
ntg salary,90,0,1,wagecalculator.com.au,7,https://www.wagecalculator.com.au/public-service-salaries/nt,,
ntps pay rates,90,0,1,wagecalculator.com.au,3,https://www.wagecalculator.com.au/public-service-salaries/nt,,
ntps rates of pay,90,0,1,wagecalculator.com.au,3,https://www.wagecalculator.com.au/public-service-salaries/nt,,
nurse midwives salary,90,0,1,wagecalculator.com.au,14,https://www.wagecalculator.com.au/nursing-salaries/nsw,,
nursing midwifery salary,90,0,1,wagecalculator.com.au,16,https://www.wagecalculator.com.au/nursing-salaries/vic,,
pay grades nsw government,90,0,1,wagecalculator.com.au,2,https://www.wagecalculator.com.au/public-service-salaries/nsw,,
pay rate queensland,90,15,1,wagecalculator.com.au,6,https://www.wagecalculator.com.au/public-service-salaries/qld,,
pay rates australian public service,90,0,1,wagecalculator.com.au,2,https://www.wagecalculator.com.au/public-service-salaries,,
pay rates queensland,90,20,1,wagecalculator.com.au,7,https://www.wagecalculator.com.au/public-service-salaries/qld,,
pay rates south australia,90,14,1,wagecalculator.com.au,8,https://www.wagecalculator.com.au/public-service-salaries/sa,,
paye tax,90,38,2,paycalculator.com.au,4,https://paycalculator.com.au/,,
payroll tax victoria calculator,90,5,2,paycalculator.com.au,6,https://paycalculator.com.au/,48,https://pay-calculator-australia.com/pay-calculator-vic/
petty officer navy,90,7,1,wagecalculator.com.au,12,https://www.wagecalculator.com.au/adf-pay/navy,,
petty officer navy rank,90,1,1,wagecalculator.com.au,9,https://www.wagecalculator.com.au/adf-pay/navy,,
petty officer rank in navy,90,5,1,wagecalculator.com.au,12,https://www.wagecalculator.com.au/adf-pay/navy,,
petty officer rank navy,90,4,1,wagecalculator.com.au,12,https://www.wagecalculator.com.au/adf-pay/navy,,
ph tax calculator,90,36,2,paycalculator.com.au,14,https://paycalculator.com.au/,,
private rank army,90,18,1,wagecalculator.com.au,18,https://www.wagecalculator.com.au/adf-pay/army,,
private rank in army,90,14,1,wagecalculator.com.au,18,https://www.wagecalculator.com.au/adf-pay/army,,
pro rata sa,90,0,1,wagecalculator.com.au,16,https://www.wagecalculator.com.au/long-service-leave-calculator/sa,,
pro rata south australia,90,0,1,wagecalculator.com.au,14,https://www.wagecalculator.com.au/long-service-leave-calculator/sa,,
pte army,90,7,1,wagecalculator.com.au,7,https://www.wagecalculator.com.au/adf-pay/army,,
pte rank in army,90,6,1,wagecalculator.com.au,6,https://www.wagecalculator.com.au/adf-pay/army,,
public sector wa,90,14,1,wagecalculator.com.au,7,https://www.wagecalculator.com.au/public-service-salaries/wa,,
qh wage rates,90,0,1,wagecalculator.com.au,5,https://www.wagecalculator.com.au/public-service-salaries/qld,,
qld education pay rates,90,0,1,wagecalculator.com.au,4,https://www.wagecalculator.com.au/teacher-salaries/qld,,
qld pay rates,90,16,1,wagecalculator.com.au,5,https://www.wagecalculator.com.au/public-service-salaries/qld,,
qld police pay scales,90,0,1,wagecalculator.com.au,20,https://www.wagecalculator.com.au/public-service-salaries/qld,,
qld public service pay scales pdf,90,0,1,wagecalculator.com.au,2,https://www.wagecalculator.com.au/public-service-salaries/qld,,
queensland health admin wages,90,0,1,wagecalculator.com.au,2,https://www.wagecalculator.com.au/public-service-salaries/qld,,
queensland health administration wages,90,0,1,wagecalculator.com.au,4,https://www.wagecalculator.com.au/public-service-salaries/qld,,
raaf air commodore,90,0,1,wagecalculator.com.au,12,https://www.wagecalculator.com.au/adf-pay/air-force,,
rate estimator,90,48,3,paycalculator.com.au,5,https://paycalculator.com.au/,,
redundancy payment nsw calculator,90,15,1,wagecalculator.com.au,13,https://www.wagecalculator.com.au/redundancy-payout-calculator,46,https://pay-calculator-australia.com/redundancy-pay-calculator/
registered nurse pay rate victoria,90,0,1,wagecalculator.com.au,14,https://www.wagecalculator.com.au/nursing-salaries/vic,,
registered nurse pay rates victoria,90,0,1,wagecalculator.com.au,5,https://www.wagecalculator.com.au/nursing-salaries/vic,,
registered nurse queensland,90,4,1,wagecalculator.com.au,12,https://www.wagecalculator.com.au/nursing-salaries/qld,,
registered nurse salary victoria,90,0,1,wagecalculator.com.au,14,https://www.wagecalculator.com.au/nursing-salaries/vic,,
rn wage,90,0,1,wagecalculator.com.au,19,https://www.wagecalculator.com.au/nursing-salaries/qld,,
rn wages,90,0,1,wagecalculator.com.au,19,https://www.wagecalculator.com.au/nursing-salaries/qld,,
royal australian navy salary,90,0,1,wagecalculator.com.au,2,https://www.wagecalculator.com.au/adf-pay/navy,,
sa health pay rates,90,0,1,wagecalculator.com.au,8,https://www.wagecalculator.com.au/public-service-salaries/sa,,
sa health pay rates for nurses pdf,90,0,1,wagecalculator.com.au,13,https://www.wagecalculator.com.au/nursing-salaries/sa,,
sa land tax rates,90,0,1,wagecalculator.com.au,12,https://www.wagecalculator.com.au/land-tax-calculator/sa,,
sa public sector pay rates 2026,90,0,1,wagecalculator.com.au,3,https://www.wagecalculator.com.au/public-service-salaries/sa,,
salaries rates,90,51,2,paycalculator.com.au,2,https://paycalculator.com.au/,,
salary and tax brackets,90,31,2,paycalculator.com.au,15,https://paycalculator.com.au/,58,https://pay-calculator-australia.com/tax-brackets/
salary bracket for tax,90,31,1,wagecalculator.com.au,20,https://www.wagecalculator.com.au/,45,https://pay-calculator-australia.com/tax-brackets/
salary calculator for inflation,90,23,2,paycalculator.com.au,4,https://paycalculator.com.au/,,
salary calculator inflation,90,23,2,paycalculator.com.au,3,https://paycalculator.com.au/,65,https://pay-calculator-australia.com/pay-rise-calculator/
salary calculator with inflation,90,27,2,paycalculator.com.au,3,https://paycalculator.com.au/,,
salary checker australia,90,29,2,paycalculator.com.au,15,https://paycalculator.com.au/,,
salary rate,90,27,3,wagecalculator.com.au,9,https://www.wagecalculator.com.au/,,
salary rates,90,18,1,wagecalculator.com.au,16,https://www.wagecalculator.com.au/public-service-salaries/wa,,
salary sacrifice pay calculator,90,13,3,paycalculator.com.au,1,https://paycalculator.com.au/,34,https://pay-calculator-australia.com/salary-sacrifice-calculator/
salary sacrifice phone,90,2,1,wagecalculator.com.au,11,https://www.wagecalculator.com.au/salary-sacrifice/work-equipment,,
salary tax bands,90,32,1,wagecalculator.com.au,12,https://www.wagecalculator.com.au/,38,https://pay-calculator-australia.com/tax-brackets/
sasr salary,90,0,1,wagecalculator.com.au,7,https://www.wagecalculator.com.au/adf-pay,,
schads award disability support worker,90,11,1,wagecalculator.com.au,14,https://www.wagecalculator.com.au/awards/schads,,
schads level 4 hourly rate,90,0,1,wagecalculator.com.au,19,https://www.wagecalculator.com.au/awards/schads,,
secondary teacher salary nsw,90,0,1,wagecalculator.com.au,19,https://www.wagecalculator.com.au/teacher-salaries/nsw,,
senior executive service band 3 salary,90,0,1,wagecalculator.com.au,4,https://www.wagecalculator.com.au/public-service-salaries/aps,,
ses 2 salary,90,0,1,wagecalculator.com.au,7,https://www.wagecalculator.com.au/public-service-salaries/aps,,
ses band 3 salary,90,0,1,wagecalculator.com.au,3,https://www.wagecalculator.com.au/public-service-salaries/aps,,
ses2 salary,90,0,1,wagecalculator.com.au,6,https://www.wagecalculator.com.au/public-service-salaries/aps,,
severance package calculator,90,15,1,wagecalculator.com.au,20,https://www.wagecalculator.com.au/redundancy-payout-calculator,57,https://pay-calculator-australia.com/redundancy-pay-calculator/
severance pay calculator,90,15,1,wagecalculator.com.au,17,https://www.wagecalculator.com.au/redundancy-payout-calculator,52,https://pay-calculator-australia.com/redundancy-pay-calculator/
slso pay rate nsw 2025,90,0,1,wagecalculator.com.au,12,https://www.wagecalculator.com.au/public-service-salaries/nsw,,
special air service regiment salary,90,0,1,wagecalculator.com.au,10,https://www.wagecalculator.com.au/adf-pay,,
sso salary,90,0,1,wagecalculator.com.au,9,https://www.wagecalculator.com.au/public-service-salaries/sa,,
tax bracket on salary,90,26,2,paycalculator.com.au,12,https://paycalculator.com.au/,51,https://pay-calculator-australia.com/tax-brackets/
tax brackets australia calculator,90,28,2,paycalculator.com.au,3,https://paycalculator.com.au/,,
tax on $3000 per week australia,90,12,3,paycalculator.com.au,5,https://paycalculator.com.au/,,
tax on 100k salary,90,18,2,wagecalculator.com.au,5,https://www.wagecalculator.com.au/salary/100000,33,https://pay-calculator-australia.com/tax-on/100000/
tax on 120k,90,8,2,wagecalculator.com.au,6,https://www.wagecalculator.com.au/salary/120000,54,https://pay-calculator-australia.com/salary-to-hourly/120000/
tax on 46000 australia,90,28,2,paycalculator.com.au,6,https://paycalculator.com.au/,,
tax pay as you earn,90,29,2,paycalculator.com.au,10,https://paycalculator.com.au/,,
tax payable calculator 2025,90,24,2,paycalculator.com.au,3,https://paycalculator.com.au/,54,https://pay-calculator-australia.com/income-tax-calculator/
tax rates 2026 27 australia,90,32,2,atotaxrates.info,14,https://atotaxrates.info/,49,https://pay-calculator-australia.com/tax-brackets/
taxable income calculation,90,28,2,paycalculator.com.au,3,https://paycalculator.com.au/,,
teacher levels,90,15,1,wagecalculator.com.au,18,https://www.wagecalculator.com.au/teacher-salaries/wa,,
teacher pay scale queensland,90,0,1,wagecalculator.com.au,8,https://www.wagecalculator.com.au/teacher-salaries/qld,,
timesheet calculator australia,90,20,1,wagecalculator.com.au,14,https://www.wagecalculator.com.au/work-hours-calculator,,
treasury salaries,90,0,1,wagecalculator.com.au,18,https://www.wagecalculator.com.au/public-service-salaries/aps,,
vic nurse pay rates,90,0,1,wagecalculator.com.au,4,https://www.wagecalculator.com.au/nursing-salaries/vic,,
victorian allied health award,90,0,1,wagecalculator.com.au,16,https://www.wagecalculator.com.au/public-service-salaries/vic/allied-health,,
vps 5 salary 2025,90,0,1,wagecalculator.com.au,9,https://www.wagecalculator.com.au/public-service-salaries/vic,,
vps 7 salary,90,0,1,wagecalculator.com.au,3,https://www.wagecalculator.com.au/public-service-salaries/vic,,
vps band,90,0,1,wagecalculator.com.au,7,https://www.wagecalculator.com.au/public-service-salaries/vic,,
vps bands,90,0,1,wagecalculator.com.au,9,https://www.wagecalculator.com.au/public-service-salaries/vic,,
vps pay scale 2025,90,0,1,wagecalculator.com.au,8,https://www.wagecalculator.com.au/public-service-salaries/vic,,
vps rate,90,0,1,wagecalculator.com.au,8,https://www.wagecalculator.com.au/public-service-salaries/vic,,
vps rates,90,0,1,wagecalculator.com.au,5,https://www.wagecalculator.com.au/public-service-salaries/vic,,
wa land tax rates,90,6,1,wagecalculator.com.au,15,https://www.wagecalculator.com.au/land-tax-calculator/wa,,
weekly tax table calculator,90,9,2,paycalculator.com.au,3,https://paycalculator.com.au/,68,https://pay-calculator-australia.com/weekly-tax-table/
what is 7.6 hours,90,0,1,wagecalculator.com.au,20,https://www.wagecalculator.com.au/work-hours-calculator,,
what is annualized base salary,90,0,1,wagecalculator.com.au,20,https://www.wagecalculator.com.au/,,
what is hourly rate,90,13,1,wagecalculator.com.au,16,https://www.wagecalculator.com.au/hourly-to-salary-calculator,,
working hours calculator australia,90,6,2,wagecalculator.com.au,5,https://www.wagecalculator.com.au/work-hours-calculator,,
yearly tax withholding calculator,90,38,2,paycalculator.com.au,6,https://paycalculator.com.au/,78,https://pay-calculator-australia.com/tax-return-calculator/
fte calculator australia,90,0,2,australiapaycalculator.com.au,13,https://australiapaycalculator.com.au/,,
how many holidays in australia,90,36,1,australiapaycalculator.com.au,15,https://australiapaycalculator.com.au/australian-public-holidays/,,
may holidays australia,90,50,1,australiapaycalculator.com.au,15,https://australiapaycalculator.com.au/australian-public-holidays/,,
next long weekend adelaide,90,13,1,australiapaycalculator.com.au,17,https://australiapaycalculator.com.au/long-weekends-planner/,,
next long weekend australia,90,50,1,australiapaycalculator.com.au,19,https://australiapaycalculator.com.au/australian-public-holidays/,,
overtime calculation australia,90,0,1,australiapaycalculator.com.au,13,https://australiapaycalculator.com.au/,54,https://pay-calculator-australia.com/overtime-pay-calculator/
part time salary australia,90,4,1,australiapaycalculator.com.au,17,https://australiapaycalculator.com.au/,,
part-time salary australia,90,5,1,australiapaycalculator.com.au,16,https://australiapaycalculator.com.au/,,
tax deduction at source calculator,90,18,2,paycalculator.com.au,8,https://paycalculator.com.au/,80,https://pay-calculator-australia.com/bonus-tax-calculator/
total fixed remuneration,90,0,2,paycalculator.com.au,14,https://paycalculator.com.au/,,
what is this long weekend for,90,52,1,australiapaycalculator.com.au,15,https://australiapaycalculator.com.au/long-weekends-planner/,,
when does weekend start,90,17,1,australiapaycalculator.com.au,10,https://australiapaycalculator.com.au/long-weekends-planner/,,
ytd pay calculator,90,0,2,paycalculator.com.au,4,https://paycalculator.com.au/,41,https://pay-calculator-australia.com/ytd-income-calculator/
asic income tax calculator,90,28,1,paycalculator.com.au,4,https://paycalculator.com.au/,,
australia tax deduction calculator,90,38,1,paycalculator.com.au,3,https://paycalculator.com.au/,,
auto tax calculation,90,28,1,paycalculator.com.au,10,https://paycalculator.com.au/,,
benefits calculator,90,13,1,paycalculator.com.au,11,https://paycalculator.com.au/,,
ca tax rate calculator,90,38,1,paycalculator.com.au,11,https://paycalculator.com.au/,,
calculate holiday pay,90,19,1,paycalculator.com.au,12,https://paycalculator.com.au/,76,https://pay-calculator-australia.com/leave-calculator/
calculate tax on taxable income,90,28,1,paycalculator.com.au,5,https://paycalculator.com.au/,,
calculate tax percentage,90,38,1,paycalculator.com.au,6,https://paycalculator.com.au/,,
calculating payroll tax victoria,90,1,1,paycalculator.com.au,11,https://paycalculator.com.au/,64,https://pay-calculator-australia.com/pay-calculator-vic/
carers payment calculator,90,0,1,paycalculator.com.au,17,https://paycalculator.com.au/,,
casual tax rates,90,7,1,paycalculator.com.au,11,https://paycalculator.com.au/,,
easy tax calculator,90,28,1,paycalculator.com.au,6,https://paycalculator.com.au/,,
hecs loan repayment,90,22,1,paycalculator.com.au,7,https://paycalculator.com.au/student-loan/,,
holiday payout calculator,90,8,1,paycalculator.com.au,8,https://paycalculator.com.au/,66,https://pay-calculator-australia.com/leave-calculator/
how much money do i have,90,51,1,paycalculator.com.au,9,https://paycalculator.com.au/,,
how much tax to pay in australia,90,32,1,paycalculator.com.au,6,https://paycalculator.com.au/,88,https://pay-calculator-australia.com/tax-brackets/
how to work out taxable income,90,10,1,paycalculator.com.au,4,https://paycalculator.com.au/,,
income inflation calculator,90,53,1,paycalculator.com.au,7,https://paycalculator.com.au/,,
inflation salary calculator,90,51,1,paycalculator.com.au,3,https://paycalculator.com.au/,,
jaws income calculator,90,4,1,paycalculator.com.au,14,https://paycalculator.com.au/,,
moneysmart income tax,90,28,1,paycalculator.com.au,8,https://paycalculator.com.au/,,
net or gross pay,90,0,1,paycalculator.com.au,5,https://paycalculator.com.au/,51,https://pay-calculator-australia.com/gross-pay-calculator/
paying quarterly,90,0,1,paycalculator.com.au,19,https://paycalculator.com.au/,,
payment plan calculator ato,90,15,1,paycalculator.com.au,16,https://paycalculator.com.au/,,
paywise calculator,90,1,1,paycalculator.com.au,15,https://paycalculator.com.au/,,
perth tax calculator,90,38,1,paycalculator.com.au,3,https://paycalculator.com.au/,,
rebate calculator,90,9,1,paycalculator.com.au,19,https://paycalculator.com.au/,,
salary history,90,3,1,paycalculator.com.au,12,https://www.paycalculator.com.au/classic/,,
salary inflation calculator,90,51,1,paycalculator.com.au,5,https://paycalculator.com.au/,,
salary packaging australia calculator,90,33,1,paycalculator.com.au,7,https://paycalculator.com.au/,,
salary packaging calculator australia,90,15,1,paycalculator.com.au,7,https://paycalculator.com.au/,,
salary sacrifice mortgage calculator,90,3,1,paycalculator.com.au,11,https://paycalculator.com.au/,41,https://pay-calculator-australia.com/salary-sacrifice-vs-mortgage/
shopping tax calculator,90,25,1,paycalculator.com.au,14,https://paycalculator.com.au/,,
store tax calculator,90,25,1,paycalculator.com.au,15,https://paycalculator.com.au/,,
stsl debt,90,5,1,paycalculator.com.au,10,https://paycalculator.com.au/student-loan/,,
super income stream tax offset calculator,90,0,1,paycalculator.com.au,18,https://paycalculator.com.au/,,
tax bracket australia calculator,90,38,1,paycalculator.com.au,3,https://paycalculator.com.au/,,
tax bracket earnings,90,31,1,paycalculator.com.au,20,https://paycalculator.com.au/,41,https://pay-calculator-australia.com/tax-brackets/
tax brackets salary,90,31,1,paycalculator.com.au,14,https://paycalculator.com.au/,57,https://pay-calculator-australia.com/tax-brackets/
tax calculator perth,90,13,1,paycalculator.com.au,3,https://paycalculator.com.au/,,
tax estimator australia,90,38,1,paycalculator.com.au,6,https://paycalculator.com.au/,,
tax free calculator,90,28,1,paycalculator.com.au,5,https://paycalculator.com.au/,,
tax on 180000 australia,90,36,1,paycalculator.com.au,7,https://paycalculator.com.au/,,
tax on 26000 australia,90,28,1,paycalculator.com.au,9,https://paycalculator.com.au/,70,https://pay-calculator-australia.com/tax-brackets/
tax on 38000 australia,90,13,1,paycalculator.com.au,19,https://paycalculator.com.au/,44,https://pay-calculator-australia.com/tax-on/35000/
tax on 47000 australia,90,38,1,paycalculator.com.au,7,https://paycalculator.com.au/,60,https://pay-calculator-australia.com/tax-on/45000/
tax on 53000 australia,90,24,1,paycalculator.com.au,7,https://paycalculator.com.au/,35,https://pay-calculator-australia.com/tax-on/55000/
tax on 54000 australia,90,32,1,paycalculator.com.au,17,https://paycalculator.com.au/,61,https://pay-calculator-australia.com/tax-on/55000/
tax store calculator,90,39,1,paycalculator.com.au,14,https://paycalculator.com.au/,,
total tax withheld,90,14,1,paycalculator.com.au,2,https://paycalculator.com.au/,,
tpav salary calculator,90,3,1,paycalculator.com.au,20,https://paycalculator.com.au/,,
what is my tax,90,38,1,paycalculator.com.au,7,https://paycalculator.com.au/,,
what is net amount,90,0,1,paycalculator.com.au,20,https://paycalculator.com.au/,,
what is paye tax,90,29,1,paycalculator.com.au,17,https://paycalculator.com.au/,,
what is the net amount,90,0,1,paycalculator.com.au,12,https://paycalculator.com.au/,57,https://pay-calculator-australia.com/gross-pay-calculator/
what percentage of tax do i pay in australia,90,38,1,paycalculator.com.au,18,https://paycalculator.com.au/,,
2025 weekly tax table,90,0,1,atotaxrates.info,17,https://atotaxrates.info/payg-tax-tables/,,
2026 income tax brackets,90,32,1,atotaxrates.info,19,https://atotaxrates.info/,,
24 25 tax rates,90,32,1,atotaxrates.info,16,https://atotaxrates.info/individual-tax-rates-resident/ato-tax-rates-2025/,,
all groups cpi index numbers a,90,23,1,atotaxrates.info,14,https://atotaxrates.info/numbers/cpi-consumer-price-index/,,
application for refund of franking credits,90,0,1,atotaxrates.info,13,https://atotaxrates.info/tax-offset/franking-credit-refunds-without-a-tax-return/,,
are pensioners getting a one-off payment in 2025,90,12,1,atotaxrates.info,16,https://atotaxrates.info/centrelink-payment-rates/,,
ato access super,90,34,1,atotaxrates.info,18,https://atotaxrates.info/superannuation/access-to-superannuation/,,
ato accommodation rates 2025,90,0,1,atotaxrates.info,5,https://atotaxrates.info/allowances/ato-reasonable-travel-allowances/,,
ato bas form pdf,90,0,1,atotaxrates.info,19,https://atotaxrates.info/businesses/bas-statement/bas-statement-example/,,
ato car limit 2026,90,0,1,atotaxrates.info,7,https://atotaxrates.info/tax-deductions/work-related-car-expenses/car-depreciation-limits-guide/,,
ato commercial vehicle,90,18,1,atotaxrates.info,8,https://atotaxrates.info/businesses/fringe-benefits-tax/fbt-exempt-vehicles/,,
ato depreciation rate motor vehicle,90,20,1,atotaxrates.info,11,https://atotaxrates.info/tax-deductions/work-related-car-expenses/depreciation-of-vehicles/,,
ato effective life 2025,90,6,1,atotaxrates.info,13,https://atotaxrates.info/tax-deductions/ato-depreciation/,,
ato foreign exchange rates 2024,90,12,1,atotaxrates.info,13,https://atotaxrates.info/numbers/exchange-rates/,,
ato franking credit refund,90,0,1,atotaxrates.info,14,https://atotaxrates.info/tax-offset/franking-credit-refunds-without-a-tax-return/,,
ato franking credits refund,90,0,1,atotaxrates.info,16,https://atotaxrates.info/tax-offset/franking-credit-refunds-without-a-tax-return/,,
ato fuel rate,90,20,1,atotaxrates.info,13,https://atotaxrates.info/businesses/fuel-tax-credit/,,
ato fuel rebate calculator,90,0,1,atotaxrates.info,18,https://atotaxrates.info/businesses/fuel-tax-credit/,,
ato fuel tax credit rates 2026,90,18,1,atotaxrates.info,17,https://atotaxrates.info/businesses/fuel-tax-credit/,,
ato individual tax rates 2025,90,36,1,atotaxrates.info,13,https://atotaxrates.info/,,
ato kilometer reimbursement,90,13,1,atotaxrates.info,18,https://atotaxrates.info/tax-deductions/work-related-car-expenses/cents-per-kilometre/,,
ato km,90,13,1,atotaxrates.info,13,https://atotaxrates.info/tax-deductions/work-related-car-expenses/cents-per-kilometre/,,
ato luxury car limit,90,0,1,atotaxrates.info,3,https://atotaxrates.info/tax-deductions/work-related-car-expenses/car-depreciation-limits-guide/,,
ato marginal tax rates 2025,90,36,1,atotaxrates.info,9,https://atotaxrates.info/,,
ato motor vehicle depreciation limit,90,9,1,atotaxrates.info,6,https://atotaxrates.info/tax-deductions/work-related-car-expenses/car-depreciation-limits-guide/,,
ato motor vehicle depreciation rate,90,20,1,atotaxrates.info,10,https://atotaxrates.info/tax-deductions/work-related-car-expenses/depreciation-of-vehicles/,,
ato per diem rates 2025,90,0,1,atotaxrates.info,6,https://atotaxrates.info/allowances/ato-reasonable-travel-allowances/,,
ato personal income tax,90,42,1,atotaxrates.info,20,https://atotaxrates.info/,,
ato personal income tax rates,90,36,1,atotaxrates.info,13,https://atotaxrates.info/individual-tax-rates-resident/ato-tax-rates-2025/,,
ato reasonable travel allowance 2024 25,90,0,1,atotaxrates.info,5,https://atotaxrates.info/allowances/ato-reasonable-travel-allowances/,,
ato reasonable travel allowance 2024--25,90,0,1,atotaxrates.info,5,https://atotaxrates.info/allowances/ato-reasonable-travel-allowances/,,
ato reasonable travel allowance 2024-25,90,0,1,atotaxrates.info,5,https://atotaxrates.info/allowances/ato-reasonable-travel-allowances/,,
ato refund of franking credits,90,0,1,atotaxrates.info,15,https://atotaxrates.info/tax-offset/franking-credit-refunds-without-a-tax-return/,,
ato rental property deductions,90,5,1,atotaxrates.info,14,https://atotaxrates.info/tax-deductions/rental-property-tax-deductions/,,
ato tax code,90,31,1,atotaxrates.info,8,https://atotaxrates.info/,,
ato tax stats,90,15,1,atotaxrates.info,20,https://atotaxrates.info/,,
ato travel,90,6,1,atotaxrates.info,6,https://atotaxrates.info/allowances/ato-reasonable-travel-allowances/,,
ato travel allowance 2025,90,0,1,atotaxrates.info,5,https://atotaxrates.info/allowances/ato-reasonable-travel-allowances/,,
ato travel allowance rate,90,0,1,atotaxrates.info,5,https://atotaxrates.info/allowances/ato-reasonable-travel-allowances/,,
ato travel allowance rates,90,0,1,atotaxrates.info,7,https://atotaxrates.info/allowances/ato-reasonable-travel-allowances/,,
ato vehicle km rate,90,13,1,atotaxrates.info,19,https://atotaxrates.info/tax-deductions/work-related-car-expenses/cents-per-kilometre/,,
ato vehicle rates,90,13,1,atotaxrates.info,17,https://atotaxrates.info/tax-deductions/work-related-car-expenses/cents-per-kilometre/,,
australian bank bsb numbers list,90,14,1,atotaxrates.info,20,https://atotaxrates.info/numbers/bsb-search/,,
australian welfare payment indexation,90,0,1,atotaxrates.info,18,https://atotaxrates.info/centrelink-payment-rates/,,
balancing adjustment offset amount,90,0,1,atotaxrates.info,11,https://atotaxrates.info/tax-deductions/work-related-car-expenses/disposal-of-a-work-related-car/,,
bank bsb list,90,14,1,atotaxrates.info,18,https://atotaxrates.info/numbers/bsb-search/,,
bas due dates tax agent 2025,90,0,1,atotaxrates.info,14,https://atotaxrates.info/businesses/bas-statement/bas-statement-due-dates/,,
bas form pdf,90,0,1,atotaxrates.info,11,https://atotaxrates.info/businesses/bas-statement/bas-statement-example/,,
benchmark interest rate 2026,90,1,1,atotaxrates.info,10,https://atotaxrates.info/businesses/division-7a-benchmark-interest-rates/,,
capital gains tax calculator spreadsheet,90,0,1,atotaxrates.info,12,https://atotaxrates.info/free-tax-calculator/,,
capital proceeds,90,1,1,atotaxrates.info,16,https://atotaxrates.info/capital-gains-tax/capital-proceeds/,,
car effective life ato,90,0,1,atotaxrates.info,12,https://atotaxrates.info/tax-deductions/work-related-car-expenses/depreciation-of-vehicles/,,
car expenses cents per km,90,0,1,atotaxrates.info,18,https://atotaxrates.info/tax-deductions/work-related-car-expenses/cents-per-kilometre/,,
centrelink christmas payment dates 2025 qld,90,6,1,atotaxrates.info,12,https://atotaxrates.info/centrelink-payment-rates/,,
centrelink jobseeker increase 2025,90,4,1,atotaxrates.info,10,https://atotaxrates.info/centrelink-payment-rates/,,
centrelink relief payment 2026 when will it be paid,90,6,1,atotaxrates.info,11,https://atotaxrates.info/centrelink-payment-rates/,,
commercial vehicle ato,90,21,1,atotaxrates.info,9,https://atotaxrates.info/businesses/fringe-benefits-tax/fbt-exempt-vehicles/,,
commercial vehicles ato,90,0,1,atotaxrates.info,8,https://atotaxrates.info/businesses/fringe-benefits-tax/fbt-exempt-vehicles/,,
deemed interest rate fbt 2025,90,0,1,atotaxrates.info,4,https://atotaxrates.info/businesses/fringe-benefits-tax/fbt-benchmark-interest-rate/,,
depreciation limit,90,0,1,atotaxrates.info,10,https://atotaxrates.info/tax-deductions/work-related-car-expenses/car-depreciation-limits-guide/,,
depreciation limit 2026,90,0,1,atotaxrates.info,10,https://atotaxrates.info/tax-deductions/work-related-car-expenses/car-depreciation-limits-guide/,,
depreciation rate for trucks,90,0,1,atotaxrates.info,16,https://atotaxrates.info/tax-deductions/work-related-car-expenses/depreciation-of-vehicles/,,
depreciation rates 2025,90,20,1,atotaxrates.info,9,https://atotaxrates.info/tax-deductions/ato-depreciation/,,
diesel fuel rebate rates,90,0,1,atotaxrates.info,13,https://atotaxrates.info/businesses/fuel-tax-credit/,,
dishwasher effective life,90,0,1,atotaxrates.info,15,https://atotaxrates.info/tax-deductions/ato-depreciation/,,
div 7a interest calculator,90,0,1,atotaxrates.info,10,https://atotaxrates.info/businesses/division-7a-benchmark-interest-rates/division-7a-calculator-and-decision-tool/,,
div 7a interest rate 2024,90,0,1,atotaxrates.info,12,https://atotaxrates.info/businesses/division-7a-benchmark-interest-rates/,,
division 7a benchmark interest rate,90,0,1,atotaxrates.info,16,https://atotaxrates.info/businesses/division-7a-benchmark-interest-rates/,,
division 7a interest calculator,90,0,1,atotaxrates.info,9,https://atotaxrates.info/businesses/division-7a-benchmark-interest-rates/division-7a-calculator-and-decision-tool/,,
effective life of a car ato,90,0,1,atotaxrates.info,11,https://atotaxrates.info/tax-deductions/work-related-car-expenses/depreciation-of-vehicles/,,
effective life of car ato,90,0,1,atotaxrates.info,10,https://atotaxrates.info/tax-deductions/ato-depreciation/,,
effective tax free threshold,90,7,1,atotaxrates.info,12,https://atotaxrates.info/individual-tax-rates-resident/tax-free-threshold/,32,https://pay-calculator-australia.com/tax-brackets/
employment termination payments ato,90,13,1,atotaxrates.info,9,https://atotaxrates.info/employment-termination-payments/,,
expense payment fringe benefit,90,0,1,atotaxrates.info,19,https://atotaxrates.info/businesses/fringe-benefits-tax/expense-payment-fringe-benefits/,,
fbt exempt vehicles list 2026,90,3,1,atotaxrates.info,7,https://atotaxrates.info/businesses/fringe-benefits-tax/fbt-exempt-vehicles/,,
fbt type 1,90,0,1,atotaxrates.info,11,https://atotaxrates.info/businesses/fringe-benefits-tax/,,
financial information service fis,90,14,1,atotaxrates.info,19,https://atotaxrates.info/superannuation/free-financial-advice/,,
franking account ato,90,0,1,atotaxrates.info,17,https://atotaxrates.info/businesses/company-tax-rates/dividend-franking-credit-calculators/,,
franking credit refund form 2025,90,0,1,atotaxrates.info,10,https://atotaxrates.info/tax-offset/franking-credit-refunds-without-a-tax-return/,,
fuel tax credit scheme,90,17,1,atotaxrates.info,19,https://atotaxrates.info/businesses/fuel-tax-credit/,,
fuel tax credits eligibility,90,0,1,atotaxrates.info,17,https://atotaxrates.info/businesses/fuel-tax-credit/,,
government allowance beneficiary,90,0,1,atotaxrates.info,12,https://atotaxrates.info/tax-offset/beneficiary-tax-offset/,,
gst registration limit,90,2,1,atotaxrates.info,15,https://atotaxrates.info/businesses/tax-invoices-and-gst/gst-thresholds/,,
home office set rate 2025,90,0,1,atotaxrates.info,13,https://atotaxrates.info/tax-deductions/home-office-expenses/,,
income tax table 2025,90,31,1,atotaxrates.info,19,https://atotaxrates.info/,42,https://pay-calculator-australia.com/tax-brackets/
individual tax return forms,90,7,1,atotaxrates.info,16,https://atotaxrates.info/other-tax-topics/tax-return-forms-link-page/tax-forms-2025/,,
individual tax table,90,32,1,atotaxrates.info,20,https://atotaxrates.info/individual-tax-rates-resident/ato-tax-rates-2025/,38,https://pay-calculator-australia.com/tax-brackets/
is a meal allowance taxable,90,0,1,atotaxrates.info,20,https://atotaxrates.info/allowances/overtime-meals-allowance/,,
is rent tax deductible,90,0,1,atotaxrates.info,15,https://atotaxrates.info/tax-deductions/rental-property-tax-deductions/,,
jobseeker increase march 2026,90,0,1,atotaxrates.info,11,https://atotaxrates.info/centrelink-payment-rates/,,
luxury car limit 2025,90,1,1,atotaxrates.info,4,https://atotaxrates.info/tax-deductions/work-related-car-expenses/car-depreciation-limits-guide/,,
luxury car limit ato,90,24,1,atotaxrates.info,4,https://atotaxrates.info/tax-deductions/work-related-car-expenses/car-depreciation-limits-guide/,,
meal allowance 2025 ato,90,0,1,atotaxrates.info,5,https://atotaxrates.info/allowances/ato-reasonable-travel-allowances/,,
medical expenses tax deduction 2025,90,0,1,atotaxrates.info,19,https://atotaxrates.info/allowable-medical-expense/,,
medicare levy surcharge ato,90,24,1,atotaxrates.info,10,https://atotaxrates.info/individual-tax-rates-resident/medicare-levy-surcharge/,,
medicare levy surcharge australia,90,16,1,atotaxrates.info,13,https://atotaxrates.info/individual-tax-rates-resident/medicare-levy-surcharge/,,
medicare levy surcharge threshold 2025--26,90,10,1,atotaxrates.info,20,https://atotaxrates.info/individual-tax-rates-resident/medicare-levy-surcharge/,,
mileage claim ato,90,14,1,atotaxrates.info,19,https://atotaxrates.info/tax-deductions/work-related-car-expenses/cents-per-kilometre/,,
mobile phone depreciation rate ato,90,0,1,atotaxrates.info,13,https://atotaxrates.info/tax-deductions/ato-depreciation/depreciation-mobile-phone/,,
monthly tax table 2025,90,0,1,atotaxrates.info,16,https://atotaxrates.info/payg-tax-tables/,,
motor vehicle cost limit 2026,90,0,1,atotaxrates.info,8,https://atotaxrates.info/tax-deductions/work-related-car-expenses/car-depreciation-limits-guide/,,
motor vehicle depreciation rate 2025,90,20,1,atotaxrates.info,2,https://atotaxrates.info/tax-deductions/work-related-car-expenses/depreciation-of-vehicles/,,
motor vehicle depreciation rate ato,90,20,1,atotaxrates.info,11,https://atotaxrates.info/tax-deductions/work-related-car-expenses/depreciation-of-vehicles/,,
non assessable non exempt income,90,0,1,atotaxrates.info,13,https://atotaxrates.info/income-on-which-you-dont-pay-tax/,,
non-assessable non-exempt income,90,0,1,atotaxrates.info,20,https://atotaxrates.info/income-on-which-you-dont-pay-tax/,,
oven depreciation rate,90,0,1,atotaxrates.info,19,https://atotaxrates.info/tax-deductions/ato-depreciation/,,
paid leave type u,90,25,1,atotaxrates.info,15,https://atotaxrates.info/businesses/single-touch-payroll/,,
paper tax return form,90,15,1,atotaxrates.info,12,https://atotaxrates.info/other-tax-topics/tax-return-forms-link-page/tax-forms-2025/,,
payg fortnightly tax table 2025,90,0,1,atotaxrates.info,18,https://atotaxrates.info/payg-tax-tables/,,
payroll tax exemptions nsw,90,0,1,atotaxrates.info,15,https://atotaxrates.info/businesses/payroll-tax/payroll-tax-nsw/,,
refund of franking credits ato,90,0,1,atotaxrates.info,14,https://atotaxrates.info/tax-offset/franking-credit-refunds-without-a-tax-return/,,
rental properties travel expenses,90,0,1,atotaxrates.info,15,https://atotaxrates.info/tax-deductions/rental-property-tax-deductions/rental-properties-and-travelling-expenses/,,
rental property tax,90,5,1,atotaxrates.info,17,https://atotaxrates.info/tax-deductions/rental-property-tax-deductions/,,
salary sacrifice ato,90,7,1,atotaxrates.info,15,https://atotaxrates.info/other-tax-topics/tax-planning-topics/what-is-salary-sacrifice/,,
sapto ato,90,0,1,atotaxrates.info,14,https://atotaxrates.info/tax-offset/senior-australians-tax-offset/,,
sapto income threshold 2025,90,0,1,atotaxrates.info,17,https://atotaxrates.info/tax-offset/senior-australians-tax-offset/,,
sgc rate 2027,90,2,1,atotaxrates.info,18,https://atotaxrates.info/superannuation/superannuation-guarantee/,,
tax bracket changes,90,26,1,atotaxrates.info,15,https://atotaxrates.info/,78,https://pay-calculator-australia.com/tax-bracket-history/
tax brackets 2025 26 australia,90,32,1,atotaxrates.info,13,https://atotaxrates.info/,66,https://pay-calculator-australia.com/tax-brackets/
tax brackets 2025-26 australia,90,32,1,atotaxrates.info,14,https://atotaxrates.info/,,
tax brackets 25 26 australia,90,36,1,atotaxrates.info,14,https://atotaxrates.info/,63,https://pay-calculator-australia.com/tax-brackets/
tax brackets australia 25 26,90,32,1,atotaxrates.info,13,https://atotaxrates.info/,55,https://pay-calculator-australia.com/tax-bracket-history/
tax free threshold 2024,90,24,1,atotaxrates.info,19,https://atotaxrates.info/,48,https://pay-calculator-australia.com/tax-brackets/
tax offsets 2026,90,10,1,atotaxrates.info,12,https://atotaxrates.info/,,
tax rate 2023,90,32,1,atotaxrates.info,8,https://atotaxrates.info/,,
tax rate 2023 24,90,26,1,atotaxrates.info,14,https://atotaxrates.info/,39,https://pay-calculator-australia.com/tax-brackets/
tax rates 2023,90,17,1,atotaxrates.info,7,https://atotaxrates.info/,,
tax rates 2023 24,90,32,1,atotaxrates.info,14,https://atotaxrates.info/,40,https://pay-calculator-australia.com/tax-brackets/
tax rates 2023/24,90,32,1,atotaxrates.info,15,https://atotaxrates.info/,,
tax rates 24/25,90,31,1,atotaxrates.info,19,https://atotaxrates.info/,31,https://pay-calculator-australia.com/tax-brackets/
tax rates 25 26 australia,90,36,1,atotaxrates.info,17,https://atotaxrates.info/,32,https://pay-calculator-australia.com/tax-bracket-history/
tax rates for 2025,90,24,1,atotaxrates.info,15,https://atotaxrates.info/individual-tax-rates-resident/ato-tax-rates-2025/,,
tax rental property,90,2,1,atotaxrates.info,17,https://atotaxrates.info/tax-deductions/rental-property-tax-deductions/,,
tax return paper form,90,15,1,atotaxrates.info,12,https://atotaxrates.info/other-tax-topics/tax-return-forms-link-page/tax-forms-2025/,,
tax spreadsheet,90,0,1,atotaxrates.info,13,https://atotaxrates.info/free-tax-calculator/,,
tax table 2024/25,90,6,1,atotaxrates.info,17,https://atotaxrates.info/,,
tax table individual,90,32,1,atotaxrates.info,20,https://atotaxrates.info/,44,https://pay-calculator-australia.com/tax-brackets/
tax thresholds 2025 australia,90,31,1,atotaxrates.info,17,https://atotaxrates.info/,42,https://pay-calculator-australia.com/tax-brackets/
taxes rates 2023,90,32,1,atotaxrates.info,19,https://atotaxrates.info/,41,https://pay-calculator-australia.com/tax-brackets/
tool depreciation rates,90,0,1,atotaxrates.info,14,https://atotaxrates.info/tax-deductions/ato-depreciation/,,
tools depreciation rate,90,0,1,atotaxrates.info,13,https://atotaxrates.info/tax-deductions/ato-depreciation/,,
tr 2023/3,90,0,1,atotaxrates.info,18,https://atotaxrates.info/allowances/ato-reasonable-travel-allowances/,,
travel ato,90,1,1,atotaxrates.info,14,https://atotaxrates.info/allowances/ato-reasonable-travel-allowances/,,
travel expense for rental property,90,0,1,atotaxrates.info,14,https://atotaxrates.info/tax-deductions/rental-property-tax-deductions/rental-properties-and-travelling-expenses/,,
truck depreciation rates,90,0,1,atotaxrates.info,20,https://atotaxrates.info/tax-deductions/work-related-car-expenses/depreciation-of-vehicles/,,
trust taxation australia,90,11,1,atotaxrates.info,18,https://atotaxrates.info/businesses/trust-tax-rates/,,
type 1 fbt,90,0,1,atotaxrates.info,8,https://atotaxrates.info/businesses/fringe-benefits-tax/fbt-benchmark-interest-rate/,,
vehicle depreciation rates ato,90,5,1,atotaxrates.info,12,https://atotaxrates.info/tax-deductions/ato-depreciation/,,
wfh rate ato,90,3,1,atotaxrates.info,6,https://atotaxrates.info/tax-deductions/home-office-expenses/,65,https://pay-calculator-australia.com/work-from-home-deductions/
what is the $4000 centrelink payment for pensioners,90,11,1,atotaxrates.info,17,https://atotaxrates.info/centrelink-payment-rates/,,
what is the ato diesel fuel rebate,90,18,1,atotaxrates.info,19,https://atotaxrates.info/businesses/fuel-tax-credit/,,
what payments am i eligible for centrelink,90,26,1,atotaxrates.info,18,https://atotaxrates.info/centrelink-payment-rates/,,
when is centrelink pay day,90,0,1,atotaxrates.info,16,https://atotaxrates.info/centrelink-payment-rates/,,
180k after tax,70,2,5,wagecalculator.com.au,5,https://www.wagecalculator.com.au/,53,https://pay-calculator-australia.com/take-home-pay-on/180000/
2026 tax rates ato,70,42,3,atotaxrates.info,9,https://atotaxrates.info/,,
220k after tax australia,70,0,3,wagecalculator.com.au,7,https://www.wagecalculator.com.au/salary/200000,47,https://pay-calculator-australia.com/tax-on/200000/
77000 after tax australia,70,9,5,atotaxcalculator.com.au,10,https://atotaxcalculator.com.au/,42,https://pay-calculator-australia.com/tax-on/70000/
84000 after tax australia,70,10,4,atotaxcalculator.com.au,6,https://atotaxcalculator.com.au/,,
92000 after tax australia,70,9,4,atotaxcalculator.com.au,7,https://atotaxcalculator.com.au/,55,https://pay-calculator-australia.com/tax-on/95000/
ato crypto tax calculator,70,30,1,atotaxcalculator.com.au,19,https://atotaxcalculator.com.au/ato-cryptocurrency,,
ato hecs threshold,70,17,1,atotaxcalculator.com.au,9,https://atotaxcalculator.com.au/help-debt,,
ato help debt repayment,70,16,2,atotaxcalculator.com.au,15,https://atotaxcalculator.com.au/help-debt,35,https://pay-calculator-australia.com/hecs-help-guide/
ato help debt repayments,70,26,2,atotaxcalculator.com.au,8,https://atotaxcalculator.com.au/help-debt,38,https://pay-calculator-australia.com/hecs-help-guide/
ato income tax calculator 2025,70,38,3,paycalculator.com.au,4,https://paycalculator.com.au/,,
ato income tax calculator 2026,70,39,2,paycalculator.com.au,10,https://paycalculator.com.au/,,
ato tax calculator 2024/25,70,38,3,paycalculator.com.au,8,https://paycalculator.com.au/,,
ato tax individual,70,52,2,atotaxrates.info,9,https://atotaxrates.info/,,
ato tax rates 2024,70,43,2,atotaxrates.info,8,https://atotaxrates.info/,44,https://pay-calculator-australia.com/tax-brackets/
ato yearly tax calculator,70,39,2,atotaxcalculator.com.au,8,https://atotaxcalculator.com.au/,,
federal tax,70,37,1,atotaxcalculator.com.au,20,https://atotaxcalculator.com.au/,,
find my hecs debt,70,0,1,atotaxcalculator.com.au,20,https://atotaxcalculator.com.au/help-debt,,
hecs and tax,70,13,1,atotaxcalculator.com.au,10,https://atotaxcalculator.com.au/help-debt,49,https://pay-calculator-australia.com/hecs-help-guide/
hecs debt reduction calculator,70,0,4,paycal.com.au,2,https://paycal.com.au/student-loan-repayment-calculator/,,
hecs indexation 2026 predictions,70,0,3,atotaxcalculator.com.au,9,https://atotaxcalculator.com.au/hecs-debt-indexation,78,https://pay-calculator-australia.com/news/hecs-indexation-2026/
hecs interest rate 2025,70,15,1,atotaxcalculator.com.au,9,https://atotaxcalculator.com.au/hecs-debt-indexation,65,https://pay-calculator-australia.com/news/hecs-20-percent-cut-status/
hecs tax,70,16,2,atotaxcalculator.com.au,8,https://atotaxcalculator.com.au/help-debt,43,https://pay-calculator-australia.com/hecs-help-guide/
help debt indexation,70,1,1,atotaxcalculator.com.au,16,https://atotaxcalculator.com.au/hecs-debt-indexation,,
help debt repayment threshold 2025,70,8,3,wagecalculator.com.au,12,https://www.wagecalculator.com.au/guides/hecs-help-repayment,78,https://pay-calculator-australia.com/hecs-help-guide/
how much do i owe in hecs,70,7,2,atotaxcalculator.com.au,8,https://atotaxcalculator.com.au/help-debt,,
how much is hecs repayment,70,9,2,atotaxcalculator.com.au,10,https://atotaxcalculator.com.au/help-debt,61,https://pay-calculator-australia.com/hecs-repayment-threshold/
how much is payg tax,70,39,2,paycalculator.com.au,2,https://paycalculator.com.au/,,
how to pay hecs debt online,70,9,1,atotaxcalculator.com.au,18,https://atotaxcalculator.com.au/help-debt,,
low income tax,70,25,1,atotaxcalculator.com.au,12,https://atotaxcalculator.com.au/low-income-tax-offset-lito,,
medicare tax calculator,70,6,1,atotaxcalculator.com.au,15,https://atotaxcalculator.com.au/medicare-levy-surcharge,31,https://pay-calculator-australia.com/medicare-levy/
tax and hecs,70,12,1,atotaxcalculator.com.au,10,https://atotaxcalculator.com.au/help-debt,,
tax hecs,70,9,1,atotaxcalculator.com.au,13,https://atotaxcalculator.com.au/help-debt,,
tax on 110 000 australia,70,11,3,paycalculator.com.au,6,https://paycalculator.com.au/,59,https://pay-calculator-australia.com/salary-to-hourly/110000/
tax on 160 000 australia,70,20,3,atotaxcalculator.com.au,7,https://atotaxcalculator.com.au/,57,https://pay-calculator-australia.com/tax-on/160000/
tax on 160000 australia,70,20,3,atotaxcalculator.com.au,5,https://atotaxcalculator.com.au/,60,https://pay-calculator-australia.com/tax-on/160000/
tax on 28000 australia,70,14,2,atotaxcalculator.com.au,19,https://atotaxcalculator.com.au/,,
tax on 57000 australia,70,21,2,paycalculator.com.au,9,https://paycalculator.com.au/,31,https://pay-calculator-australia.com/tax-on/55000/
tax on 92000 australia,70,17,2,atotaxcalculator.com.au,10,https://atotaxcalculator.com.au/,59,https://pay-calculator-australia.com/tax-on/90000/
tax you,70,43,1,atotaxcalculator.com.au,14,https://atotaxcalculator.com.au/,,
twc ato,70,38,2,paycalculator.com.au,7,https://paycalculator.com.au/,,
working from home ato calculator,70,0,1,atotaxcalculator.com.au,19,https://atotaxcalculator.com.au/deductions/working-from-home-expenses,,
68000 after tax australia,70,0,4,wagecalculator.com.au,4,https://www.wagecalculator.com.au/,51,https://pay-calculator-australia.com/tax-on/60000/
73000 after tax australia,70,6,4,wagecalculator.com.au,9,https://www.wagecalculator.com.au/,,
annual salary australia,70,18,3,paycalculator.com.au,3,https://paycalculator.com.au/,,
australia net salary,70,6,5,paycalculator.com.au,1,https://paycalculator.com.au/,70,https://pay-calculator-australia.com/annual-pay-calculator/
australia salary per hour,70,30,1,salaryaftertax.com,16,https://salaryaftertax.com/salary-calculator/australia,,
average pay,70,14,1,salaryaftertax.com,17,https://salaryaftertax.com/salary-calculator/australia,,
average take home pay in australia,70,11,3,salaryaftertax.com,7,https://salaryaftertax.com/salary-calculator/australia,,
brut net,70,35,2,salaryaftertax.com,4,https://salaryaftertax.com/salary-calculator/australia,,
calculate my pay australia,70,9,5,paycalculator.com.au,1,https://paycalculator.com.au/,34,https://pay-calculator-australia.com/
calculate tax germany,70,20,1,salaryaftertax.com,1,https://salaryaftertax.com/de/salary-calculator,,
calculate tax netherlands,70,7,1,salaryaftertax.com,4,https://salaryaftertax.com/salary-calculator/netherlands,,
calculator tax germany,70,20,1,salaryaftertax.com,1,https://salaryaftertax.com/de/salary-calculator,,
canada salary tax calculator,70,38,1,salaryaftertax.com,2,https://salaryaftertax.com/ca/salary-calculator,,
canadian salary tax calculator,70,38,1,salaryaftertax.com,1,https://salaryaftertax.com/ca/salary-calculator,,
dutch tax calculator,70,11,1,salaryaftertax.com,4,https://salaryaftertax.com/salary-calculator/netherlands,,
dutch taxes calculator,70,7,1,salaryaftertax.com,5,https://salaryaftertax.com/salary-calculator/netherlands,,
full time salary calculator,70,9,5,paycalculator.com.au,1,https://paycalculator.com.au/,62,https://pay-calculator-australia.com/annual-pay-calculator/
full-time salary calculator,70,10,5,paycalculator.com.au,1,https://paycalculator.com.au/,62,https://pay-calculator-australia.com/annual-pay-calculator/
german tax calculator,70,2,1,salaryaftertax.com,1,https://salaryaftertax.com/de/salary-calculator,,
holland tax calculator,70,8,1,salaryaftertax.com,4,https://salaryaftertax.com/salary-calculator/netherlands,,
how much tax do you pay on $1000 per week,70,11,2,paycalculator.com.au,11,https://paycalculator.com.au/,,
how much tax on $1500 per week,70,6,2,paycalculator.com.au,18,https://paycalculator.com.au/,,
how to work out salary,70,13,4,paycalculator.com.au,1,https://paycalculator.com.au/,37,https://pay-calculator-australia.com/gross-pay-calculator/
income tax calculator canada,70,39,1,salaryaftertax.com,18,https://salaryaftertax.com/ca/salary-calculator,,
income tax calculator in canada,70,40,1,salaryaftertax.com,19,https://salaryaftertax.com/ca/salary-calculator,,
income tax calculator ireland,70,22,1,salaryaftertax.com,3,https://salaryaftertax.com/ie/salary-calculator,,
income tax in ireland calculator,70,22,1,salaryaftertax.com,3,https://salaryaftertax.com/ie/salary-calculator,,
income tax ireland calculator,70,22,1,salaryaftertax.com,3,https://salaryaftertax.com/ie/salary-calculator,,
inhand salary calculator,70,5,4,paycalculator.com.au,1,https://paycalculator.com.au/,,
ireland income tax calculator,70,20,1,salaryaftertax.com,3,https://salaryaftertax.com/ie/salary-calculator,,
ireland salary calculator,70,18,1,salaryaftertax.com,1,https://salaryaftertax.com/ie/salary-calculator,,
irish payroll calculator,70,18,1,salaryaftertax.com,1,https://salaryaftertax.com/ie/salary-calculator,,
is $130 000 a good salary in australia,70,0,1,salaryaftertax.com,14,https://salaryaftertax.com/salary-calculator/australia,,
is $50 an hour good australia,70,0,1,salaryaftertax.com,7,https://salaryaftertax.com/salary-calculator/australia,,
is 60k a good salary in australia,70,0,1,salaryaftertax.com,20,https://salaryaftertax.com/salary-calculator/australia,,
is 75k a good salary in australia,70,0,1,salaryaftertax.com,13,https://salaryaftertax.com/salary-calculator/australia,,
is 85k a good salary in australia,70,0,1,salaryaftertax.com,13,https://salaryaftertax.com/salary-calculator/australia,,
is 90000 a good salary in australia,70,0,1,salaryaftertax.com,16,https://salaryaftertax.com/salary-calculator/australia,,
is base salary before or after tax,70,4,3,paycalculator.com.au,3,https://paycalculator.com.au/,,
is base salary before or after taxes,70,2,3,paycalculator.com.au,4,https://paycalculator.com.au/,,
money after tax,70,10,2,paycalculator.com.au,2,https://paycalculator.com.au/,,
net income australia,70,7,4,paycalculator.com.au,2,https://paycalculator.com.au/,,
net or gross salary,70,6,3,paycalculator.com.au,1,https://paycalculator.com.au/,41,https://pay-calculator-australia.com/gross-pay-calculator/
net pay australia,70,7,4,paycalculator.com.au,1,https://paycalculator.com.au/,48,https://pay-calculator-australia.com/gross-pay-calculator/
net salary australia,70,8,4,paycalculator.com.au,1,https://paycalculator.com.au/,,
netherlands tax calculator,70,11,1,salaryaftertax.com,4,https://salaryaftertax.com/salary-calculator/netherlands,,
netto brutto,70,43,1,salaryaftertax.com,5,https://salaryaftertax.com/salary-calculator/australia,,
pay after tax australia,70,8,4,paycalculator.com.au,1,https://paycalculator.com.au/,,
pay calculator brisbane,70,14,4,paycalculator.com.au,1,https://paycalculator.com.au/,44,https://pay-calculator-australia.com/monthly-pay-calculator/
pay calculator ireland,70,11,2,salaryaftertax.com,1,https://salaryaftertax.com/ie/salary-calculator,,
salary calculator ireland,70,18,1,salaryaftertax.com,1,https://salaryaftertax.com/ie/salary-calculator,,
salary in australia per hour,70,25,1,salaryaftertax.com,20,https://salaryaftertax.com/salary-calculator/australia,,
salary ireland calculator,70,11,1,salaryaftertax.com,1,https://salaryaftertax.com/ie/salary-calculator,,
salary tax calculator canada,70,34,1,salaryaftertax.com,2,https://salaryaftertax.com/ca/salary-calculator,,
salary tax calculator ireland,70,18,1,salaryaftertax.com,1,https://salaryaftertax.com/ie/salary-calculator,,
salary tax ireland calculator,70,18,1,salaryaftertax.com,1,https://salaryaftertax.com/ie/salary-calculator,,
singapore salary,70,25,1,salaryaftertax.com,10,https://salaryaftertax.com/salary-calculator/singapore,,
sydney take home pay calculator,70,7,4,paycalculator.com.au,1,https://paycalculator.com.au/,,
take home pay uk,70,37,1,salaryaftertax.com,4,https://salaryaftertax.com/salary-calculator/uk,,
tax calculator deutschland,70,26,1,salaryaftertax.com,1,https://salaryaftertax.com/de/salary-calculator,,
tax calculator dutch,70,13,1,salaryaftertax.com,5,https://salaryaftertax.com/salary-calculator/netherlands,,
tax calculator germany,70,18,1,salaryaftertax.com,1,https://salaryaftertax.com/de/salary-calculator,,
tax calculator holland,70,9,1,salaryaftertax.com,4,https://salaryaftertax.com/salary-calculator/netherlands,,
tax calculator netherlands,70,13,1,salaryaftertax.com,5,https://salaryaftertax.com/salary-calculator/netherlands,,
tax calculator salary canada,70,28,1,salaryaftertax.com,2,https://salaryaftertax.com/ca/salary-calculator,,
tax calculator the netherlands,70,13,1,salaryaftertax.com,6,https://salaryaftertax.com/salary-calculator/netherlands,,
tax germany calculator,70,20,1,salaryaftertax.com,1,https://salaryaftertax.com/de/salary-calculator,,
tax in germany calculator,70,20,1,salaryaftertax.com,2,https://salaryaftertax.com/de/salary-calculator,,
tax in netherlands calculator,70,8,1,salaryaftertax.com,3,https://salaryaftertax.com/salary-calculator/netherlands,,
tax income ireland calculator,70,22,1,salaryaftertax.com,3,https://salaryaftertax.com/ie/salary-calculator,,
tax netherlands calculator,70,8,1,salaryaftertax.com,3,https://salaryaftertax.com/salary-calculator/netherlands,,
tax on 2000 a week,70,7,2,salaryaftertax.com,18,https://salaryaftertax.com/salary-calculator/australia,42,https://pay-calculator-australia.com/
tax on 350k australia,70,14,1,salaryaftertax.com,14,https://salaryaftertax.com/salary-calculator/australia,65,https://pay-calculator-australia.com/income-tax-calculator/
tax on 69000 australia,70,18,2,paycalculator.com.au,9,https://paycalculator.com.au/,,
tax on 87000 australia,70,18,2,paycalculator.com.au,12,https://paycalculator.com.au/,,
tax on 93000 australia,70,14,2,paycalculator.com.au,13,https://paycalculator.com.au/,35,https://pay-calculator-australia.com/tax-on/95000/
tax rate calculator ireland,70,20,1,salaryaftertax.com,2,https://salaryaftertax.com/ie/salary-calculator,,
taxation netherlands calculator,70,13,1,salaryaftertax.com,8,https://salaryaftertax.com/salary-calculator/netherlands,,
taxes calculator germany,70,20,1,salaryaftertax.com,1,https://salaryaftertax.com/de/salary-calculator,,
taxes calculator netherlands,70,9,1,salaryaftertax.com,3,https://salaryaftertax.com/salary-calculator/netherlands,,
taxes germany calculator,70,20,1,salaryaftertax.com,1,https://salaryaftertax.com/de/salary-calculator,,
taxes in germany calculator,70,19,1,salaryaftertax.com,3,https://salaryaftertax.com/de/salary-calculator,,
taxes in netherlands calculator,70,6,1,salaryaftertax.com,4,https://salaryaftertax.com/salary-calculator/netherlands,,
taxes netherlands calculator,70,11,1,salaryaftertax.com,3,https://salaryaftertax.com/salary-calculator/netherlands,,
what is a good wage in australia,70,0,1,salaryaftertax.com,20,https://salaryaftertax.com/salary-calculator/australia,,
what is base salary in australia,70,5,1,salaryaftertax.com,17,https://salaryaftertax.com/salary-calculator/australia,,
what is minimum wages in canada,70,39,1,salaryaftertax.com,17,https://salaryaftertax.com/blog/minimum-wage-in-canada,,
10 gst calculator,70,10,1,paycal.com.au,12,https://paycal.com.au/gst-calculator/,,
6 month rego cost nsw,70,1,1,paycal.com.au,19,https://paycal.com.au/vehicle-registration-calculator/,,
abn invoice template free,70,0,1,paycal.com.au,19,https://paycal.com.au/invoice-generator/,,
adp hourly calculator,70,30,4,wagecalculator.com.au,9,https://www.wagecalculator.com.au/,,
ai payslip generator,70,0,2,paycal.com.au,5,https://paycal.com.au/payslip-generator/,,
annual income calculator australia,70,7,4,paycalculator.com.au,1,https://paycalculator.com.au/,40,https://pay-calculator-australia.com/annual-pay-calculator/
ato payment dates,70,0,1,paycal.com.au,19,https://paycal.com.au/tax-calendar/,,
before tax income calculator,70,6,4,paycalculator.com.au,2,https://paycalculator.com.au/,,
best free invoice generator australia,70,0,1,paycal.com.au,15,https://paycal.com.au/invoice-generator/,,
calculate 10 gst,70,10,1,paycal.com.au,17,https://paycal.com.au/gst-calculator/,,
calculate gross income from net,70,0,4,paycalculator.com.au,3,https://paycalculator.com.au/,33,https://pay-calculator-australia.com/gross-pay-calculator/
calculate gst amount from total,70,1,1,paycal.com.au,18,https://paycal.com.au/gst-calculator/,,
calculate income,70,7,4,paycalculator.com.au,1,https://paycalculator.com.au/,,
calculate monthly income,70,26,4,paycalculator.com.au,1,https://paycalculator.com.au/,33,https://pay-calculator-australia.com/monthly-pay-calculator/
calculate net income after tax,70,13,4,paycalculator.com.au,2,https://paycalculator.com.au/,,
calculate on road costs nsw,70,0,1,paycal.com.au,9,https://paycal.com.au/vehicle-registration-calculator/,,
calculate on-road costs nsw,70,0,1,paycal.com.au,8,https://paycal.com.au/vehicle-registration-calculator/,,
calculate public holiday pay,70,0,1,paycal.com.au,14,https://paycal.com.au/public-holidays-calculator/,,
calculate tax home pay,70,7,4,paycalculator.com.au,1,https://paycalculator.com.au/,32,https://pay-calculator-australia.com/
calculate tax on gross income,70,13,4,paycalculator.com.au,3,https://paycalculator.com.au/,,
calculating public holiday pay,70,6,1,paycal.com.au,7,https://paycal.com.au/public-holidays-calculator/,,
calculator for monthly income,70,26,4,paycalculator.com.au,1,https://paycalculator.com.au/,42,https://pay-calculator-australia.com/monthly-pay-calculator/
car registration quote nsw,70,0,1,paycal.com.au,11,https://paycal.com.au/vehicle-registration-calculator/,,
check pay,70,53,4,paycalculator.com.au,2,https://paycalculator.com.au/,44,https://pay-calculator-australia.com/pay-calculator-wa/
childcare pay rise calculator,70,0,1,paycal.com.au,16,https://paycal.com.au/,56,https://pay-calculator-australia.com/pay-rise-calculator/
contractor pay calculator australia,70,0,4,paycal.com.au,1,https://paycal.com.au/contractor-pay-calculator/,53,https://pay-calculator-australia.com/contractor-pay-calculator/
contractor rate calculator australia,70,0,4,paycal.com.au,1,https://paycal.com.au/contractor-pay-calculator/,57,https://pay-calculator-australia.com/contractor-pay-calculator/
contractor rates,70,0,2,paycal.com.au,1,https://paycal.com.au/contractor-pay-calculator/,72,https://pay-calculator-australia.com/contractor-pay-calculator/
create a quotation online,70,8,1,paycal.com.au,16,https://paycal.com.au/quote-generator/,,
create a quotation online free,70,8,1,paycal.com.au,17,https://paycal.com.au/quote-generator/,,
create a quote online free,70,11,1,paycal.com.au,14,https://paycal.com.au/quote-generator/,,
create an online invoice free,70,58,1,paycal.com.au,10,https://paycal.com.au/invoice-generator/,,
create free online invoice,70,58,1,paycal.com.au,11,https://paycal.com.au/invoice-generator/,,
create online invoice free,70,57,1,paycal.com.au,17,https://paycal.com.au/invoice-generator/,,
daily rate salary calculator,70,0,4,paycal.com.au,1,https://paycal.com.au/contractor-pay-calculator/,,
day rate pay calculator,70,11,4,paycal.com.au,1,https://paycal.com.au/contractor-pay-calculator/,,
day rate salary calculator,70,0,4,paycal.com.au,1,https://paycal.com.au/contractor-pay-calculator/,,
easy pay calculator,70,7,4,paycalculator.com.au,1,https://paycalculator.com.au/,42,https://pay-calculator-australia.com/
easy paycheck calculator,70,53,4,paycalculator.com.au,2,https://paycalculator.com.au/,67,https://pay-calculator-australia.com/
estimated monthly income,70,24,3,paycalculator.com.au,3,https://paycalculator.com.au/,34,https://pay-calculator-australia.com/monthly-pay-calculator/
find my rate,70,42,4,paycalculator.com.au,6,https://paycalculator.com.au/,,
find wages,70,53,4,paycalculator.com.au,7,https://paycalculator.com.au/,74,https://pay-calculator-australia.com/hourly-to-annual-salary-calculator/
free abn invoice template,70,0,1,paycal.com.au,6,https://paycal.com.au/invoice-generator/,,
free gst invoice template,70,0,1,paycal.com.au,7,https://paycal.com.au/invoice-generator/,,
free invoice template with gst,70,0,1,paycal.com.au,3,https://paycal.com.au/invoice-generator/,,
free payslip generator australia,70,0,2,wagecalculator.com.au,1,https://www.wagecalculator.com.au/payslip-generator,53,https://pay-calculator-australia.com/payslip-generator/
free payslip template download,70,0,1,paycal.com.au,6,https://paycal.com.au/payslip-generator/,,
free software for payslips,70,9,1,paycal.com.au,20,https://paycal.com.au/payslip-generator/,,
full time wage calculator,70,12,4,paycalculator.com.au,1,https://paycalculator.com.au/,71,https://pay-calculator-australia.com/annual-pay-calculator/
gross calculator,70,9,4,paycalculator.com.au,2,https://paycalculator.com.au/,45,https://pay-calculator-australia.com/gross-pay-calculator/
gross income calculator from net,70,0,4,paycalculator.com.au,3,https://paycalculator.com.au/,32,https://pay-calculator-australia.com/gross-pay-calculator/
gross income calculator tax,70,11,4,paycalculator.com.au,2,https://paycalculator.com.au/,40,https://pay-calculator-australia.com/gross-pay-calculator/
gross wage calculator from net,70,1,4,paycalculator.com.au,2,https://paycalculator.com.au/,42,https://pay-calculator-australia.com/gross-pay-calculator/
gst cost,70,6,1,paycal.com.au,20,https://paycal.com.au/gst-calculator/,,
gst invoice template free,70,0,1,paycal.com.au,19,https://paycal.com.au/invoice-generator/,,
gst price,70,13,1,paycal.com.au,19,https://paycal.com.au/gst-calculator/,,
hourly tax calculator,70,9,4,paycalculator.com.au,2,https://paycalculator.com.au/,,
hourly to paycheck calculator,70,46,3,wagecalculator.com.au,4,https://www.wagecalculator.com.au/,,
hourly wage from salary,70,5,3,wagecalculator.com.au,4,https://www.wagecalculator.com.au/,65,https://pay-calculator-australia.com/hourly-to-annual-salary-calculator/
hours to pay calculator,70,18,4,paycalculator.com.au,3,https://paycalculator.com.au/,,
how much do builders get paid,70,0,1,paycal.com.au,19,https://paycal.com.au/contractor-pay-calculator/,,
how much gst do i have to pay,70,9,1,paycal.com.au,19,https://paycal.com.au/gst-calculator/,,
how much should i be paid,70,53,3,paycalculator.com.au,5,https://paycalculator.com.au/,48,https://pay-calculator-australia.com/pay-calculator-vic/
how to calculate hourly rate from annual salary australia,70,0,3,paycalculator.com.au,4,https://paycalculator.com.au/,48,https://pay-calculator-australia.com/hourly-to-annual-salary-calculator/
how to calculate tax on weekly income,70,8,3,paycalculator.com.au,2,https://paycalculator.com.au/,,
how to calculate weekly pay,70,4,3,paycalculator.com.au,1,https://paycalculator.com.au/,33,https://pay-calculator-australia.com/weekly-pay-calculator/
how to calculate weekly wage,70,8,3,paycalculator.com.au,1,https://paycalculator.com.au/,41,https://pay-calculator-australia.com/weekly-pay-calculator/
how to get a $10000 tax refund in australia,70,6,1,paycal.com.au,14,https://paycal.com.au/blogs/maximizing-tax-refund-australia/,,
how to make an invoice with abn,70,3,1,paycal.com.au,7,https://paycal.com.au/invoice-generator/,,
how to work out hourly rate from annual salary australia,70,0,3,paycalculator.com.au,2,https://paycalculator.com.au/,54,https://pay-calculator-australia.com/hourly-to-annual-salary-calculator/
income calculator before tax,70,6,3,paycalculator.com.au,4,https://paycalculator.com.au/,48,https://pay-calculator-australia.com/
income calculator monthly,70,26,3,paycalculator.com.au,1,https://paycalculator.com.au/,35,https://pay-calculator-australia.com/monthly-pay-calculator/
income calculator salary,70,7,3,paycalculator.com.au,1,https://paycalculator.com.au/,,
income estimate calculator,70,28,2,paycalculator.com.au,1,https://paycalculator.com.au/,,
income salary calculator,70,4,3,paycalculator.com.au,2,https://paycalculator.com.au/,69,https://pay-calculator-australia.com/
invoice generator online free,70,53,1,paycal.com.au,10,https://paycal.com.au/invoice-generator/,,
invoice template gst free,70,0,1,paycal.com.au,8,https://paycal.com.au/invoice-generator/,,
make pay,70,0,1,paycal.com.au,3,https://paycal.com.au/payslip-generator/,,
monthly calculator income,70,14,3,paycalculator.com.au,1,https://paycalculator.com.au/,42,https://pay-calculator-australia.com/monthly-pay-calculator/
monthly earning calculator,70,26,3,paycalculator.com.au,1,https://paycalculator.com.au/,39,https://pay-calculator-australia.com/monthly-pay-calculator/
monthly income estimator,70,24,3,paycalculator.com.au,3,https://paycalculator.com.au/,44,https://pay-calculator-australia.com/monthly-pay-calculator/
monthly pay,70,11,3,paycalculator.com.au,1,https://paycalculator.com.au/,,
monthly pays,70,15,3,paycalculator.com.au,3,https://paycalculator.com.au/,39,https://pay-calculator-australia.com/monthly-pay-calculator/
monthly wage calculator,70,4,3,paycalculator.com.au,1,https://paycalculator.com.au/,41,https://pay-calculator-australia.com/monthly-pay-calculator/
mortgage early pay calculator,70,27,1,paycal.com.au,17,https://paycal.com.au/mortgage-payoff-calculator/,,
my salary calculator australia,70,10,3,paycalculator.com.au,1,https://paycalculator.com.au/,33,https://pay-calculator-australia.com/
net and gross pay calculator,70,0,3,paycalculator.com.au,1,https://paycalculator.com.au/,40,https://pay-calculator-australia.com/gross-pay-calculator/
net of tax calculator,70,13,3,paycalculator.com.au,2,https://paycalculator.com.au/,,
net tax calculator,70,11,3,paycalculator.com.au,1,https://paycalculator.com.au/,,
net to gross payroll calculator,70,0,3,paycalculator.com.au,3,https://paycalculator.com.au/,36,https://pay-calculator-australia.com/gross-pay-calculator/
net wage,70,1,3,paycalculator.com.au,1,https://paycalculator.com.au/,,
net wages,70,2,2,paycalculator.com.au,4,https://paycalculator.com.au/,39,https://pay-calculator-australia.com/gross-pay-calculator/
net wages to gross calculator,70,0,3,paycalculator.com.au,2,https://paycalculator.com.au/,40,https://pay-calculator-australia.com/gross-pay-calculator/
net weekly income,70,4,3,paycalculator.com.au,1,https://paycalculator.com.au/,40,https://pay-calculator-australia.com/weekly-pay-calculator/
net yearly income,70,24,2,paycalculator.com.au,6,https://paycalculator.com.au/,56,https://pay-calculator-australia.com/gross-pay-calculator/
nsw rego renewal cost,70,8,1,paycal.com.au,20,https://paycal.com.au/vehicle-registration-calculator/,,
nsw rego transfer fee calculator,70,16,1,paycal.com.au,3,https://paycal.com.au/vehicle-registration-calculator/,,
on road cost nsw,70,4,1,paycal.com.au,13,https://paycal.com.au/vehicle-registration-calculator/,,
on road costs nsw,70,11,1,paycal.com.au,9,https://paycal.com.au/vehicle-registration-calculator/,,
on road costs qld,70,11,1,paycal.com.au,20,https://paycal.com.au/vehicle-registration-calculator/,,
on-road cost nsw,70,0,1,paycal.com.au,10,https://paycal.com.au/vehicle-registration-calculator/,,
online free quotation maker,70,4,1,paycal.com.au,19,https://paycal.com.au/quote-generator/,,
online invoices australia,70,11,1,paycal.com.au,2,https://paycal.com.au/invoice-generator/,,
online invoicing australia,70,13,1,paycal.com.au,16,https://paycal.com.au/invoice-generator/,,
online pay calculator,70,38,3,paycalculator.com.au,1,https://paycalculator.com.au/,,
online quote,70,4,1,paycal.com.au,6,https://paycal.com.au/quote-generator/,,
pay by the hour calculator,70,34,3,paycalculator.com.au,4,https://paycalculator.com.au/,,
pay calculator 2024,70,38,3,paycalculator.com.au,1,https://paycalculator.com.au/,65,https://pay-calculator-australia.com/
pay slip or payslip,70,0,1,paycal.com.au,9,https://paycal.com.au/payslip-generator/,,
paycheck calculator hourly,70,38,3,paycalculator.com.au,2,https://paycalculator.com.au/,,
paycheck tax calculator,70,38,3,paycalculator.com.au,2,https://paycalculator.com.au/,73,https://pay-calculator-australia.com/
paycheckcity calculator hourly,70,38,3,paycalculator.com.au,7,https://paycalculator.com.au/,,
paye calculator au,70,3,3,paycalculator.com.au,1,https://paycalculator.com.au/,32,https://pay-calculator-australia.com/
payout calculator,70,15,3,paycalculator.com.au,3,https://paycalculator.com.au/,,
payroll calculator hourly,70,38,3,paycalculator.com.au,2,https://paycalculator.com.au/,61,https://pay-calculator-australia.com/hourly-to-annual-salary-calculator/
payscale salary calculator,70,30,2,paycalculator.com.au,1,https://paycalculator.com.au/,65,https://pay-calculator-australia.com/annual-pay-calculator/
payslip template free download,70,0,1,paycal.com.au,9,https://paycal.com.au/payslip-generator/,,
price with gst,70,11,1,paycal.com.au,17,https://paycal.com.au/gst-calculator/,,
public holiday pay calculator,70,0,1,paycal.com.au,3,https://paycal.com.au/public-holidays-calculator/,65,https://pay-calculator-australia.com/leave-calculator/
quotation online maker,70,1,1,paycal.com.au,17,https://paycal.com.au/quote-generator/,,
rate increase calculator,70,17,1,paycal.com.au,12,https://paycal.com.au/rate-cut-calculator/,,
rego transfer calculator nsw,70,16,1,paycal.com.au,4,https://paycal.com.au/vehicle-registration-calculator/,,
rego transfer fee nsw calculator,70,13,1,paycal.com.au,4,https://paycal.com.au/vehicle-registration-calculator/,,
salary calculator day rate,70,5,3,paycal.com.au,1,https://paycal.com.au/contractor-pay-calculator/,,
salary calculator from day rate,70,8,3,paycal.com.au,1,https://paycal.com.au/contractor-pay-calculator/,,
salary calculator indeed,70,33,2,paycalculator.com.au,10,https://paycalculator.com.au/,39,https://pay-calculator-australia.com/hourly-to-annual-salary-calculator/
salary calculator payscale,70,53,2,paycalculator.com.au,1,https://paycalculator.com.au/,,
salary income calculator,70,7,3,paycalculator.com.au,1,https://paycalculator.com.au/,,
salary pay scale calculator,70,47,3,paycalculator.com.au,1,https://paycalculator.com.au/,51,https://pay-calculator-australia.com/monthly-pay-calculator/
salary payslip,70,0,1,paycal.com.au,14,https://paycal.com.au/payslip-generator/,,
salary plus super calculator,70,11,3,paycalculator.com.au,1,https://paycalculator.com.au/,,
salary slip,70,0,1,paycal.com.au,6,https://paycal.com.au/payslip-generator/,,
sample abn invoice,70,6,1,paycal.com.au,16,https://paycal.com.au/invoice-generator/,,
stamp duty car transfer nsw,70,13,1,paycal.com.au,19,https://paycal.com.au/vehicle-registration-calculator/,,
student loan repayment threshold,70,19,2,paycalculator.com.au,9,https://paycalculator.com.au/student-loan/,,
subby calculator,70,0,3,paycal.com.au,3,https://paycal.com.au/contractor-pay-calculator/,76,https://pay-calculator-australia.com/contractor-pay-calculator/
talent pay calculator,70,8,2,paycalculator.com.au,5,https://paycalculator.com.au/,31,https://pay-calculator-australia.com/
tax and super calculator australia,70,28,3,paycalculator.com.au,1,https://paycalculator.com.au/,,
tax calculator 2025 weekly,70,23,2,paycalculator.com.au,2,https://paycalculator.com.au/,69,https://pay-calculator-australia.com/
tax calculator hourly,70,20,3,paycalculator.com.au,1,https://paycalculator.com.au/,61,https://pay-calculator-australia.com/hourly-to-annual-salary-calculator/
tax calculator net,70,38,2,paycalculator.com.au,1,https://paycalculator.com.au/,53,https://pay-calculator-australia.com/gross-pay-calculator/
tax cut calculator,70,24,2,paycal.com.au,6,https://paycal.com.au/tax-cut-calculator/,,
tax cuts by income,70,30,2,atotaxrates.info,15,https://atotaxrates.info/,43,https://pay-calculator-australia.com/tax-bracket-history/
tax cutting calculator,70,24,2,paycal.com.au,6,https://paycal.com.au/tax-cut-calculator/,,
tax home pay calculator,70,11,3,paycalculator.com.au,2,https://paycalculator.com.au/,42,https://pay-calculator-australia.com/
tax on $900 per week australia,70,10,2,paycalculator.com.au,11,https://paycalculator.com.au/,,
tax on gross salary,70,11,2,paycalculator.com.au,7,https://paycalculator.com.au/,,
tfn pay calculator,70,38,2,paycalculator.com.au,2,https://paycalculator.com.au/,39,https://pay-calculator-australia.com/
threshold for student loan repayments,70,19,2,paycalculator.com.au,10,https://paycalculator.com.au/student-loan/,,
wage finder,70,10,3,paycalculator.com.au,2,https://paycalculator.com.au/,72,https://pay-calculator-australia.com/pay-calculator-wa/
weekly net income,70,4,3,paycalculator.com.au,1,https://paycalculator.com.au/,42,https://pay-calculator-australia.com/weekly-pay-calculator/
work out tax from pay,70,38,3,paycalculator.com.au,3,https://paycalculator.com.au/,,
2024-25 tax calculator,70,30,2,paycalculator.com.au,6,https://paycalculator.com.au/,,
26 fortnights in a year,70,0,1,wagecalculator.com.au,7,https://www.wagecalculator.com.au/guides/fortnightly-take-home-pay,56,https://pay-calculator-australia.com/fortnightly-pay-calculator/
42 an hour is how much a year,70,0,2,wagecalculator.com.au,4,https://www.wagecalculator.com.au/hourly-to-salary/42,33,https://pay-calculator-australia.com/hourly-to-annual-salary-calculator/
67000 after tax australia,70,0,3,wagecalculator.com.au,8,https://www.wagecalculator.com.au/,47,https://pay-calculator-australia.com/tax-on/60000/
7.6 hours from 8am,70,2,1,wagecalculator.com.au,10,https://www.wagecalculator.com.au/work-hours-calculator,,
8 5 is how many hours,70,0,1,wagecalculator.com.au,16,https://www.wagecalculator.com.au/work-hours-calculator,,
80000 salary after taxes,70,0,3,wagecalculator.com.au,4,https://www.wagecalculator.com.au/,66,https://pay-calculator-australia.com/salary-to-hourly/80000/
83000 after tax australia,70,1,3,wagecalculator.com.au,11,https://www.wagecalculator.com.au/,48,https://pay-calculator-australia.com/tax-on/85000/
86000 after tax australia,70,0,1,wagecalculator.com.au,8,https://www.wagecalculator.com.au/salary/80000,,
87000 after tax australia,70,0,2,wagecalculator.com.au,9,https://www.wagecalculator.com.au/,,
9 day fortnight calculator,70,0,1,wagecalculator.com.au,20,https://www.wagecalculator.com.au/work-hours-calculator,,
a03 salary,70,0,1,wagecalculator.com.au,3,https://www.wagecalculator.com.au/public-service-salaries/qld,,
a03 salary qld government,70,0,1,wagecalculator.com.au,16,https://www.wagecalculator.com.au/public-service-salaries/qld/professional,,
able seaman rank,70,4,1,wagecalculator.com.au,15,https://www.wagecalculator.com.au/adf-pay/navy,,
abs pay rates,70,37,1,wagecalculator.com.au,11,https://www.wagecalculator.com.au/public-service-salaries/aps,,
accounting clerk 1 salary,70,0,1,wagecalculator.com.au,18,https://www.wagecalculator.com.au/public-service-salaries/nsw,,
act nursing eba,70,0,1,wagecalculator.com.au,15,https://www.wagecalculator.com.au/nursing-salaries/act,,
adf rank equivalents,70,0,1,wagecalculator.com.au,11,https://www.wagecalculator.com.au/adf-pay/compare,,
administration officer level 3,70,0,1,wagecalculator.com.au,14,https://www.wagecalculator.com.au/public-service-salaries/qld,,
administrative officer level 3,70,0,1,wagecalculator.com.au,15,https://www.wagecalculator.com.au/public-service-salaries/qld,,
aged care nurse salary per hour,70,0,1,wagecalculator.com.au,17,https://www.wagecalculator.com.au/nursing-salaries/award,,
ahp salary sa health,70,0,1,wagecalculator.com.au,10,https://www.wagecalculator.com.au/public-service-salaries/sa,,
ahp2 pay rate,70,0,1,wagecalculator.com.au,10,https://www.wagecalculator.com.au/public-service-salaries/sa,,
ahp2 salary,70,0,1,wagecalculator.com.au,14,https://www.wagecalculator.com.au/public-service-salaries/sa,,
ain salary nsw,70,0,1,wagecalculator.com.au,15,https://www.wagecalculator.com.au/nursing-salaries/nsw,,
air force australia salary,70,0,1,wagecalculator.com.au,2,https://www.wagecalculator.com.au/adf-pay/air-force,,
allied health pay rates,70,0,1,wagecalculator.com.au,9,https://www.wagecalculator.com.au/public-service-salaries/vic/allied-health,,
allied health wages,70,0,1,wagecalculator.com.au,5,https://www.wagecalculator.com.au/public-service-salaries/vic/allied-health,,
annual leave calculator qld,70,0,1,wagecalculator.com.au,18,https://www.wagecalculator.com.au/long-service-leave-calculator/qld,46,https://pay-calculator-australia.com/leave-calculator/
annual leave calculator queensland,70,0,1,wagecalculator.com.au,18,https://www.wagecalculator.com.au/long-service-leave-calculator/qld,45,https://pay-calculator-australia.com/leave-calculator/
annual leave payout tax calculator,70,1,2,paycalculator.com.au,15,https://paycalculator.com.au/,51,https://pay-calculator-australia.com/leave-calculator/
annual wage,70,22,3,paycalculator.com.au,1,https://paycalculator.com.au/,72,https://pay-calculator-australia.com/hourly-to-annual-salary-calculator/
ao pay scale,70,0,1,wagecalculator.com.au,3,https://www.wagecalculator.com.au/public-service-salaries/qld,,
ao pay scale qld,70,0,1,wagecalculator.com.au,2,https://www.wagecalculator.com.au/public-service-salaries/qld,,
ao8,70,0,1,wagecalculator.com.au,4,https://www.wagecalculator.com.au/public-service-salaries/qld,,
ao8 salary,70,0,1,wagecalculator.com.au,2,https://www.wagecalculator.com.au/public-service-salaries/qld,,
apprentice salary calculator,70,11,3,paycalculator.com.au,9,https://paycalculator.com.au/,55,https://pay-calculator-australia.com/construction-trades-pay/
aps 1 salary,70,0,1,wagecalculator.com.au,3,https://www.wagecalculator.com.au/public-service-salaries/aps,,
aps band,70,1,1,wagecalculator.com.au,6,https://www.wagecalculator.com.au/public-service-salaries/aps,,
aps bands,70,0,1,wagecalculator.com.au,5,https://www.wagecalculator.com.au/public-service-salaries/aps,,
aps el1 jobs,70,5,1,wagecalculator.com.au,20,https://www.wagecalculator.com.au/public-service-salaries/aps,,
aps el2 jobs,70,5,1,wagecalculator.com.au,17,https://www.wagecalculator.com.au/public-service-salaries/aps,,
aps jobs el2,70,5,1,wagecalculator.com.au,18,https://www.wagecalculator.com.au/public-service-salaries/aps,,
aps level 1,70,0,1,wagecalculator.com.au,8,https://www.wagecalculator.com.au/public-service-salaries/aps,,
aps level 1 salary,70,0,1,wagecalculator.com.au,2,https://www.wagecalculator.com.au/public-service-salaries/aps,,
aps levels explained,70,0,1,wagecalculator.com.au,11,https://www.wagecalculator.com.au/public-service-salaries/aps,,
aps pay rise 2026,70,0,1,wagecalculator.com.au,2,https://www.wagecalculator.com.au/public-service-salaries,,
aps ranks,70,1,1,wagecalculator.com.au,17,https://www.wagecalculator.com.au/public-service-salaries/aps,,
aps standard,70,0,1,wagecalculator.com.au,20,https://www.wagecalculator.com.au/public-service-salaries/aps,,
aps-115,70,0,1,wagecalculator.com.au,18,https://www.wagecalculator.com.au/public-service-salaries/aps,,
aps-2,70,6,1,wagecalculator.com.au,10,https://www.wagecalculator.com.au/public-service-salaries/aps,,
as03 salary south australia,70,0,1,wagecalculator.com.au,2,https://www.wagecalculator.com.au/public-service-salaries/sa,,
as04 salary south australia,70,0,1,wagecalculator.com.au,2,https://www.wagecalculator.com.au/public-service-salaries/sa,,
as05 salary south australia,70,0,1,wagecalculator.com.au,2,https://www.wagecalculator.com.au/public-service-salaries/sa,,
as06 salary south australia,70,0,1,wagecalculator.com.au,2,https://www.wagecalculator.com.au/public-service-salaries/sa,,
as07 salary,70,0,1,wagecalculator.com.au,2,https://www.wagecalculator.com.au/public-service-salaries/sa,,
as08 salary,70,0,1,wagecalculator.com.au,2,https://www.wagecalculator.com.au/public-service-salaries/sa,,
aso8 salary,70,0,1,wagecalculator.com.au,2,https://www.wagecalculator.com.au/public-service-salaries/sa,,
ato income tax rates 2025,70,38,2,atotaxrates.info,10,https://atotaxrates.info/,,
australian air force salary,70,0,1,wagecalculator.com.au,2,https://www.wagecalculator.com.au/adf-pay/air-force,,
australian army lieutenant,70,4,1,wagecalculator.com.au,12,https://www.wagecalculator.com.au/adf-pay/army,,
australian army sergeant,70,0,1,wagecalculator.com.au,8,https://www.wagecalculator.com.au/adf-pay/army,,
australian defence force bmi calculator,70,1,1,wagecalculator.com.au,20,https://www.wagecalculator.com.au/adf-pay,,
ayers tax,70,7,2,paycalculator.com.au,10,https://paycalculator.com.au/,,
band 5 salary council victoria,70,0,1,wagecalculator.com.au,18,https://www.wagecalculator.com.au/public-service-salaries/vic,,
band 6 salary council victoria,70,0,1,wagecalculator.com.au,14,https://www.wagecalculator.com.au/public-service-salaries/vic,,
band 7 salary council victoria,70,0,1,wagecalculator.com.au,17,https://www.wagecalculator.com.au/public-service-salaries/vic,,
base pay,70,0,3,paycalculator.com.au,13,https://paycalculator.com.au/,,
bdcp defence,70,0,1,wagecalculator.com.au,5,https://www.wagecalculator.com.au/public-service-salaries/dstg,,
before tax,70,6,2,wagecalculator.com.au,7,https://www.wagecalculator.com.au/,,
before taxes,70,8,3,paycalculator.com.au,8,https://paycalculator.com.au/,,
casual slso pay rate nsw,70,0,1,wagecalculator.com.au,20,https://www.wagecalculator.com.au/public-service-salaries/nsw,,
casual teacher nsw pay,70,0,1,wagecalculator.com.au,17,https://www.wagecalculator.com.au/teacher-salaries/nsw,,
catholic teacher pay scale victoria pdf 2026,70,0,1,wagecalculator.com.au,14,https://www.wagecalculator.com.au/teacher-salaries/vic,,
cola payment nsw,70,0,1,wagecalculator.com.au,7,https://www.wagecalculator.com.au/public-service-salaries/nsw,,
convert salary to hourly,70,27,3,wagecalculator.com.au,4,https://www.wagecalculator.com.au/,67,https://pay-calculator-australia.com/hourly-to-annual-salary-calculator/
correctional officer salary australia,70,0,1,wagecalculator.com.au,20,https://www.wagecalculator.com.au/public-service-salaries/nsw/correctional,,
daily hours calculator,70,29,1,wagecalculator.com.au,15,https://www.wagecalculator.com.au/work-hours-calculator,,
defence aps pay scales 2025,70,0,1,wagecalculator.com.au,3,https://www.wagecalculator.com.au/public-service-salaries/aps,,
defence aps pay scales pdf,70,0,1,wagecalculator.com.au,3,https://www.wagecalculator.com.au/public-service-salaries/aps,,
defence enterprise agreement 2024,70,0,1,wagecalculator.com.au,9,https://www.wagecalculator.com.au/public-service-salaries/aps,,
defence enterprise agreement 2025,70,0,1,wagecalculator.com.au,7,https://www.wagecalculator.com.au/public-service-salaries/aps,,
defence enterprise collective agreement 2024,70,0,1,wagecalculator.com.au,10,https://www.wagecalculator.com.au/public-service-salaries/aps,,
defence pay scale,70,0,1,wagecalculator.com.au,6,https://www.wagecalculator.com.au/adf-pay,,
defence salary,70,0,1,wagecalculator.com.au,5,https://www.wagecalculator.com.au/adf-pay,,
deputy marshal salary,70,0,1,wagecalculator.com.au,19,https://www.wagecalculator.com.au/adf-pay,,
deputy principal salary qld,70,0,1,wagecalculator.com.au,5,https://www.wagecalculator.com.au/teacher-salaries/qld,,
det pay scale,70,15,1,wagecalculator.com.au,17,https://www.wagecalculator.com.au/teacher-salaries/nsw,,
do army reserves get paid,70,0,1,wagecalculator.com.au,18,https://www.wagecalculator.com.au/adf-pay,,
does army reserve get paid,70,0,1,wagecalculator.com.au,16,https://www.wagecalculator.com.au/adf-pay/army,,
does base pay include taxes,70,0,2,wagecalculator.com.au,7,https://www.wagecalculator.com.au/,,
does base salary include tax,70,0,3,paycalculator.com.au,7,https://paycalculator.com.au/,,
does base salary include taxes,70,0,2,paycalculator.com.au,12,https://paycalculator.com.au/,,
does basic salary include tax,70,0,2,paycalculator.com.au,8,https://paycalculator.com.au/,,
does novated lease reduce taxable income,70,0,1,wagecalculator.com.au,14,https://www.wagecalculator.com.au/guides/novated-lease,39,https://pay-calculator-australia.com/novated-lease-guide/
ed support level 1 range 3 pay rate victoria pdf,70,0,1,wagecalculator.com.au,15,https://www.wagecalculator.com.au/teacher-salaries/vic,,
education pay scales,70,15,1,wagecalculator.com.au,20,https://www.wagecalculator.com.au/teacher-salaries/qld,,
education qld salary,70,0,1,wagecalculator.com.au,8,https://www.wagecalculator.com.au/teacher-salaries/qld,,
education queensland salary schedule,70,0,1,wagecalculator.com.au,7,https://www.wagecalculator.com.au/public-service-salaries/qld,,
education support level 1 range 3 salary,70,2,1,wagecalculator.com.au,12,https://www.wagecalculator.com.au/teacher-salaries/vic,,
el2 job,70,0,1,wagecalculator.com.au,15,https://www.wagecalculator.com.au/public-service-salaries/aps,,
el2 jobs,70,0,1,wagecalculator.com.au,19,https://www.wagecalculator.com.au/public-service-salaries/aps,,
enrolled nurse pay nsw,70,0,1,wagecalculator.com.au,12,https://www.wagecalculator.com.au/nursing-salaries/nsw,,
enrolled nurse salary nsw,70,0,1,wagecalculator.com.au,8,https://www.wagecalculator.com.au/nursing-salaries/nsw,,
fair work overtime rates calculator,70,15,2,wagecalculator.com.au,11,https://www.wagecalculator.com.au/awards,43,https://pay-calculator-australia.com/overtime-pay-calculator/
fire service salary,70,0,1,wagecalculator.com.au,16,https://www.wagecalculator.com.au/public-service-salaries/sa/country-fire-service,,
fire services salary,70,0,1,wagecalculator.com.au,15,https://www.wagecalculator.com.au/public-service-salaries/sa/country-fire-service,,
first year teacher salary victoria,70,0,1,wagecalculator.com.au,12,https://www.wagecalculator.com.au/teacher-salaries/vic,,
genuine redundancy tax free,70,0,1,wagecalculator.com.au,17,https://www.wagecalculator.com.au/guides/redundancy-tax,,
genuine redundancy tax-free,70,0,1,wagecalculator.com.au,17,https://www.wagecalculator.com.au/guides/redundancy-tax,,
gosac award,70,0,1,wagecalculator.com.au,11,https://www.wagecalculator.com.au/public-service-salaries/wa,,
gov salary,70,0,1,wagecalculator.com.au,7,https://www.wagecalculator.com.au/public-service-salaries/wa,,
government job pay,70,3,1,wagecalculator.com.au,9,https://www.wagecalculator.com.au/public-service-salaries/wa,,
government job wages,70,4,1,wagecalculator.com.au,9,https://www.wagecalculator.com.au/public-service-salaries/wa,,
government jobs pay,70,0,1,wagecalculator.com.au,9,https://www.wagecalculator.com.au/public-service-salaries/wa,,
government salaries,70,0,1,wagecalculator.com.au,11,https://www.wagecalculator.com.au/public-service-salaries/wa,,
government salary,70,0,1,wagecalculator.com.au,5,https://www.wagecalculator.com.au/public-service-salaries/wa,,
govt teachers salary,70,5,1,wagecalculator.com.au,11,https://www.wagecalculator.com.au/teacher-salaries/sa,,
graduate teacher salary qld,70,0,1,wagecalculator.com.au,7,https://www.wagecalculator.com.au/teacher-salaries/qld,,
gross and net income,70,9,2,paycalculator.com.au,5,https://paycalculator.com.au/,47,https://pay-calculator-australia.com/gross-pay-calculator/
gross income and taxable income,70,6,1,wagecalculator.com.au,14,https://www.wagecalculator.com.au/,,
gross income for taxes,70,6,2,wagecalculator.com.au,9,https://www.wagecalculator.com.au/,,
gross income tax,70,6,2,paycalculator.com.au,9,https://paycalculator.com.au/,,
gross tax,70,6,2,paycalculator.com.au,6,https://paycalculator.com.au/,49,https://pay-calculator-australia.com/gross-pay-calculator/
gross taxable income,70,4,2,paycalculator.com.au,14,https://paycalculator.com.au/,68,https://pay-calculator-australia.com/gross-pay-calculator/
gross weekly income meaning,70,6,2,paycalculator.com.au,10,https://paycalculator.com.au/,,
hecs debt rates,70,4,2,wagecalculator.com.au,12,https://www.wagecalculator.com.au/guides/hecs-help-repayment,39,https://pay-calculator-australia.com/hecs-help-guide/
hecs debt threshold 2025,70,8,2,wagecalculator.com.au,12,https://www.wagecalculator.com.au/guides/hecs-help-repayment,,
hecs repayment 2025,70,6,2,wagecalculator.com.au,12,https://www.wagecalculator.com.au/guides/hecs-help-repayment,,
hecs repayment rates 2025,70,3,2,wagecalculator.com.au,9,https://www.wagecalculator.com.au/guides/hecs-help-repayment,78,https://pay-calculator-australia.com/hecs-help-guide/
help debt repayment rates,70,3,2,paycalculator.com.au,11,https://paycalculator.com.au/student-loan/,38,https://pay-calculator-australia.com/hecs-help-guide/
highest paid government jobs,70,0,1,wagecalculator.com.au,16,https://www.wagecalculator.com.au/public-service-salaries/wa,,
highest paying government jobs,70,1,1,wagecalculator.com.au,19,https://www.wagecalculator.com.au/public-service-salaries/wa,,
highest salary nurse,70,0,1,wagecalculator.com.au,16,https://www.wagecalculator.com.au/nursing-salaries/qld,,
highly accomplished teacher salary nsw,70,0,1,wagecalculator.com.au,7,https://www.wagecalculator.com.au/teacher-salaries/nsw,,
home affairs pay scale,70,0,1,wagecalculator.com.au,4,https://www.wagecalculator.com.au/public-service-salaries/aps,,
home affairs payscale,70,0,1,wagecalculator.com.au,3,https://www.wagecalculator.com.au/public-service-salaries/aps,,
hour work calculator,70,33,1,wagecalculator.com.au,9,https://www.wagecalculator.com.au/work-hours-calculator,,
hours worked calculator australia,70,18,2,wagecalculator.com.au,4,https://www.wagecalculator.com.au/work-hours-calculator,,
how calculate tax percentage,70,38,2,paycalculator.com.au,7,https://paycalculator.com.au/,,
how many hours have i worked,70,28,1,wagecalculator.com.au,9,https://www.wagecalculator.com.au/work-hours-calculator,,
how many hours i work,70,18,1,wagecalculator.com.au,12,https://www.wagecalculator.com.au/work-hours-calculator,,
accesspay calculator,70,9,2,paycalculator.com.au,16,https://paycalculator.com.au/,,
annualised income calculator australia,70,0,2,paycalculator.com.au,2,https://paycalculator.com.au/,,
compensation ratio calculator,70,0,2,australiapaycalculator.com.au,13,https://australiapaycalculator.com.au/,,
gross income tax calculator,70,35,2,paycalculator.com.au,3,https://paycalculator.com.au/,66,https://pay-calculator-australia.com/income-tax-calculator/
how much bonus taxed,70,0,1,australiapaycalculator.com.au,16,https://australiapaycalculator.com.au/,42,https://pay-calculator-australia.com/bonus-tax-calculator/
how to calculate a percentage increase in salary,70,3,1,australiapaycalculator.com.au,9,https://australiapaycalculator.com.au/percentage-calculator/,84,https://pay-calculator-australia.com/pay-rise-calculator/
how to calculate increase salary with percentage,70,0,1,australiapaycalculator.com.au,3,https://australiapaycalculator.com.au/percentage-calculator/,,
how to calculate percentage increase for salary,70,2,1,australiapaycalculator.com.au,3,https://australiapaycalculator.com.au/percentage-calculator/,,
how to calculate percentage increase in salary,70,1,1,australiapaycalculator.com.au,5,https://australiapaycalculator.com.au/percentage-calculator/,,
how to calculate percentage salary increase,70,0,1,australiapaycalculator.com.au,3,https://australiapaycalculator.com.au/percentage-calculator/,,
how to calculate pro rata salary,70,11,2,paycalculator.com.au,1,https://paycalculator.com.au/,,
how to calculate salary increase percentage,70,3,1,australiapaycalculator.com.au,6,https://australiapaycalculator.com.au/percentage-calculator/,69,https://pay-calculator-australia.com/pay-rise-calculator/
how to calculate tax on bonus,70,0,1,australiapaycalculator.com.au,12,https://australiapaycalculator.com.au/,43,https://pay-calculator-australia.com/bonus-tax-calculator/
how to determine salary increase percentage,70,0,1,australiapaycalculator.com.au,5,https://australiapaycalculator.com.au/percentage-calculator/,,
income before tax calculator,70,5,2,paycalculator.com.au,2,https://paycalculator.com.au/,49,https://pay-calculator-australia.com/gross-pay-calculator/
income before taxes calculator,70,2,2,paycalculator.com.au,3,https://paycalculator.com.au/,49,https://pay-calculator-australia.com/gross-pay-calculator/
increasing rate calculator,70,21,1,australiapaycalculator.com.au,19,https://australiapaycalculator.com.au/percentage-calculator/,,
is it a long weekend in melbourne,70,13,1,australiapaycalculator.com.au,17,https://australiapaycalculator.com.au/long-weekends-planner/,,
is net before tax,70,0,2,paycalculator.com.au,9,https://paycalculator.com.au/,43,https://pay-calculator-australia.com/gross-pay-calculator/
nett payment,70,4,2,paycalculator.com.au,1,https://paycalculator.com.au/,48,https://pay-calculator-australia.com/gross-pay-calculator/
next weekend date,70,17,1,australiapaycalculator.com.au,6,https://australiapaycalculator.com.au/long-weekends-planner/,,
next weekend dates,70,36,1,australiapaycalculator.com.au,6,https://australiapaycalculator.com.au/long-weekends-planner/,,
nurse salary calculator,70,0,2,paycalculator.com.au,9,https://paycalculator.com.au/,62,https://pay-calculator-australia.com/healthcare-worker-pay/
oz tax calculator,70,10,2,paycalculator.com.au,4,https://paycalculator.com.au/,,
paid by the hour calculator,70,42,2,paycalculator.com.au,6,https://paycalculator.com.au/,,
pay as you go calculator,70,38,2,paycalculator.com.au,2,https://paycalculator.com.au/,,
pay calculator with salary sacrifice,70,14,2,paycalculator.com.au,1,https://paycalculator.com.au/,35,https://pay-calculator-australia.com/salary-sacrifice-calculator/
paycheck hourly calculator,70,49,2,paycalculator.com.au,2,https://paycalculator.com.au/,,
payments estimator,70,53,2,paycalculator.com.au,3,https://paycalculator.com.au/,,
percentage calculator tax,70,38,2,paycalculator.com.au,7,https://paycalculator.com.au/,,
pro rata part time,70,0,1,australiapaycalculator.com.au,3,https://australiapaycalculator.com.au/,69,https://pay-calculator-australia.com/employment-type-calculator/
pro rata rate,70,0,1,australiapaycalculator.com.au,12,https://australiapaycalculator.com.au/,,
public holidays victoria 2025 2026,70,42,1,australiapaycalculator.com.au,18,https://australiapaycalculator.com.au/australian-public-holidays/,,
public holidays victoria 2025 and 2026,70,42,1,australiapaycalculator.com.au,14,https://australiapaycalculator.com.au/australian-public-holidays/,,
rate of increase calculator,70,17,1,australiapaycalculator.com.au,18,https://australiapaycalculator.com.au/percentage-calculator/,,
reverse gst,70,3,1,australiapaycalculator.com.au,20,https://australiapaycalculator.com.au/gst-calculator/,,
reverse gst calculator australia,70,6,1,australiapaycalculator.com.au,15,https://australiapaycalculator.com.au/gst-calculator/,,
salary back pay calculator,70,1,2,paycalculator.com.au,6,https://paycalculator.com.au/,64,https://pay-calculator-australia.com/backpay-calculator/
salary sacrifice super contributions calculator,70,7,2,paycalculator.com.au,18,https://paycalculator.com.au/,,
salary to hourly wage,70,26,2,paycalculator.com.au,7,https://paycalculator.com.au/,67,https://pay-calculator-australia.com/hourly-to-annual-salary-calculator/
simpletax calculator,70,11,2,paycalculator.com.au,6,https://paycalculator.com.au/,,
tax brackets 2025 to 2026,70,32,2,atotaxrates.info,17,https://atotaxrates.info/,59,https://pay-calculator-australia.com/tax-brackets/
weekend 38,70,0,1,australiapaycalculator.com.au,12,https://australiapaycalculator.com.au/long-weekends-planner/,,
weekend days,70,31,1,australiapaycalculator.com.au,16,https://australiapaycalculator.com.au/long-weekends-planner/,,
weekends days,70,19,1,australiapaycalculator.com.au,14,https://australiapaycalculator.com.au/long-weekends-planner/,,
what days are weekends,70,12,1,australiapaycalculator.com.au,11,https://australiapaycalculator.com.au/long-weekends-planner/,,
when is the next holiday in australia,70,36,1,australiapaycalculator.com.au,20,https://australiapaycalculator.com.au/australian-public-holidays/,,
24 25 tax calculator,70,28,1,paycalculator.com.au,7,https://paycalculator.com.au/,,
abstudy calculator,70,22,1,paycalculator.com.au,10,https://paycalculator.com.au/,,
afg income calculator,70,0,1,paycalculator.com.au,19,https://paycalculator.com.au/,,
after tax super contributions calculator,70,25,1,paycalculator.com.au,20,https://paycalculator.com.au/,,
after-tax super contributions calculator,70,25,1,paycalculator.com.au,20,https://paycalculator.com.au/,,
can i pay,70,24,1,paycalculator.com.au,12,https://paycalculator.com.au/,,
dit paycheck,70,0,1,paycalculator.com.au,16,https://paycalculator.com.au/,,
ess calculator,70,0,1,paycalculator.com.au,12,https://paycalculator.com.au/,,
estimated tax,70,12,1,paycalculator.com.au,13,https://paycalculator.com.au/,,
estimated taxes,70,18,1,paycalculator.com.au,11,https://paycalculator.com.au/,,
fortnightly to monthly calculator,70,0,1,paycalculator.com.au,17,https://www.paycalculator.com.au/classic/,73,https://pay-calculator-australia.com/fortnightly-pay-calculator/
free tax return calculator,70,27,1,paycalculator.com.au,9,https://paycalculator.com.au/,,
free tax return estimate calculator,70,15,1,paycalculator.com.au,12,https://paycalculator.com.au/,,
ftb calculator australia,70,0,1,paycalculator.com.au,11,https://paycalculator.com.au/,,
hecs repayment income,70,8,1,paycalculator.com.au,11,https://paycalculator.com.au/student-loan/,70,https://pay-calculator-australia.com/hecs-help-calculator/
how much can you,70,19,1,paycalculator.com.au,9,https://paycalculator.com.au/,,
how much family tax benefit calculator,70,9,1,paycalculator.com.au,19,https://paycalculator.com.au/,,
how much tax calculator,70,38,1,paycalculator.com.au,5,https://paycalculator.com.au/,,
how much tax do i need to pay,70,32,1,paycalculator.com.au,4,https://paycalculator.com.au/,85,https://pay-calculator-australia.com/income-tax-calculator/
how much tax do i pay percentage,70,36,1,paycalculator.com.au,10,https://paycalculator.com.au/,51,https://pay-calculator-australia.com/income-tax-calculator/
how much tax percentage do i pay,70,38,1,paycalculator.com.au,8,https://paycalculator.com.au/,53,https://pay-calculator-australia.com/income-tax-calculator/
how much will i get from my tax return,70,28,1,paycalculator.com.au,12,https://paycalculator.com.au/,,
how to calculate payg tax,70,16,1,paycalculator.com.au,3,https://paycalculator.com.au/,,
how to calculate percentage tax,70,38,1,paycalculator.com.au,8,https://paycalculator.com.au/,,
how to calculate tax deductions,70,39,1,paycalculator.com.au,9,https://paycalculator.com.au/,,
how to calculate tax on lump sum payments,70,2,1,paycalculator.com.au,18,https://paycalculator.com.au/,51,https://pay-calculator-australia.com/bonus-tax-calculator/
how to calculate tax percentage,70,28,1,paycalculator.com.au,11,https://paycalculator.com.au/,,
how to find tax percentage,70,38,1,paycalculator.com.au,13,https://paycalculator.com.au/,,
how to work out payg tax,70,36,1,paycalculator.com.au,3,https://paycalculator.com.au/,36,https://pay-calculator-australia.com/payg-withholding-tables/
income repayment,70,23,1,paycalculator.com.au,7,https://paycalculator.com.au/student-loan/,,
income tax calculator 2025 26,70,28,1,paycalculator.com.au,5,https://paycalculator.com.au/,63,https://pay-calculator-australia.com/income-tax-calculator/
income tax calculator australia 2025,70,38,1,paycalculator.com.au,4,https://paycalculator.com.au/,74,https://pay-calculator-australia.com/tax-on/175000/
income tax calculator australia 2026,70,32,1,paycalculator.com.au,3,https://paycalculator.com.au/,,
income tax estimate,70,17,1,paycalculator.com.au,6,https://paycalculator.com.au/,,
individual tax withheld,70,39,1,paycalculator.com.au,8,https://paycalculator.com.au/,,
individual tax withholding,70,38,1,paycalculator.com.au,6,https://paycalculator.com.au/,,
inflation wage calculator,70,51,1,paycalculator.com.au,4,https://paycalculator.com.au/,,
inflation wages calculator,70,24,1,paycalculator.com.au,3,https://paycalculator.com.au/,66,https://pay-calculator-australia.com/pay-rise-calculator/
is net pay before or after taxes,70,2,1,paycalculator.com.au,5,https://paycalculator.com.au/,56,https://pay-calculator-australia.com/gross-pay-calculator/
monthly payroll,70,17,1,paycalculator.com.au,7,https://paycalculator.com.au/,,
mygov tax calculator,70,28,1,paycalculator.com.au,15,https://paycalculator.com.au/,,
net of tax,70,25,1,paycalculator.com.au,6,https://paycalculator.com.au/,,
net of taxes,70,22,1,paycalculator.com.au,16,https://paycalculator.com.au/,,
net payment,70,20,1,paycalculator.com.au,1,https://paycalculator.com.au/,,
novated lease take home pay calculator,70,4,1,paycalculator.com.au,2,https://paycalculator.com.au/,,
novated lease take-home pay calculator,70,4,1,paycalculator.com.au,2,https://paycalculator.com.au/,,
nta calculator,70,7,1,paycalculator.com.au,12,https://paycalculator.com.au/,,
online tax calculator australia,70,28,1,paycalculator.com.au,3,https://paycalculator.com.au/,,
oz jaws tax calculator,70,6,1,paycalculator.com.au,13,https://paycalculator.com.au/,,
pay brackets,70,32,1,paycalculator.com.au,13,https://paycalculator.com.au/,41,https://pay-calculator-australia.com/tax-brackets/
pay for student loan,70,36,1,paycalculator.com.au,17,https://paycalculator.com.au/student-loan/,,
pay student loan,70,16,1,paycalculator.com.au,9,https://paycalculator.com.au/student-loan/,,
pay student loans,70,18,1,paycalculator.com.au,13,https://paycalculator.com.au/student-loan/,,
pay table,70,23,1,paycalculator.com.au,5,https://paycalculator.com.au/,,
payg fortnight,70,0,2,atotaxrates.info,19,https://atotaxrates.info/payg-tax-tables/,,
payg fortnightly,70,0,2,atotaxrates.info,12,https://atotaxrates.info/payg-tax-tables/,52,https://pay-calculator-australia.com/weekly-tax-table/
percentage tax calculator,70,38,1,paycalculator.com.au,10,https://paycalculator.com.au/,,
rate of tax on salary,70,32,1,paycalculator.com.au,9,https://paycalculator.com.au/,74,https://pay-calculator-australia.com/tax-brackets/
repayment income hecs,70,8,1,paycalculator.com.au,9,https://paycalculator.com.au/student-loan/,70,https://pay-calculator-australia.com/hecs-help-calculator/
repayment threshold student loan,70,16,1,paycalculator.com.au,17,https://paycalculator.com.au/student-loan/,,
repayments student finance,70,17,1,paycalculator.com.au,13,https://paycalculator.com.au/student-loan/,,
sa tax calculator,70,40,1,paycalculator.com.au,6,https://paycalculator.com.au/,,
salaries tax rate,70,27,1,paycalculator.com.au,15,https://paycalculator.com.au/,62,https://pay-calculator-australia.com/tax-brackets/
salary 80000 after taxes,70,5,1,paycalculator.com.au,8,https://paycalculator.com.au/,56,https://pay-calculator-australia.com/tax-on/80000/
salary bracket,70,9,1,paycalculator.com.au,18,https://paycalculator.com.au/,46,https://pay-calculator-australia.com/tax-brackets/
salary in nsw,70,29,1,paycalculator.com.au,3,https://paycalculator.com.au/,32,https://pay-calculator-australia.com/pay-calculator-nsw/
salary of 80000 after taxes,70,4,1,paycalculator.com.au,8,https://paycalculator.com.au/,53,https://pay-calculator-australia.com/tax-on/80000/
salary tax rate,70,32,1,paycalculator.com.au,11,https://paycalculator.com.au/,58,https://pay-calculator-australia.com/tax-brackets/
sapto calculator 2025,70,0,1,paycalculator.com.au,16,https://paycalculator.com.au/,,
simple tax withheld calculator,70,38,1,paycalculator.com.au,6,https://paycalculator.com.au/,,
simple tax withholding calculator,70,38,1,paycalculator.com.au,5,https://paycalculator.com.au/,68,https://pay-calculator-australia.com/bonus-tax-calculator/
stsl amount,70,0,1,paycalculator.com.au,19,https://paycalculator.com.au/student-loan/,,
student finance repayment,70,14,1,paycalculator.com.au,11,https://paycalculator.com.au/student-loan/,,
student finance repayment login,70,34,1,paycalculator.com.au,15,https://paycalculator.com.au/student-loan/,,
student loan repayments threshold,70,19,1,paycalculator.com.au,18,https://paycalculator.com.au/student-loan/,,
superannuation income stream tax offset calculator,70,0,1,paycalculator.com.au,19,https://paycalculator.com.au/,,
tax and medicare calculator,70,24,1,paycalculator.com.au,9,https://paycalculator.com.au/,,
tax calculation percentage,70,38,1,paycalculator.com.au,6,https://paycalculator.com.au/,,
tax calculator 25 26 australia,70,38,1,paycalculator.com.au,4,https://paycalculator.com.au/,74,https://pay-calculator-australia.com/
tax calculator for small business,70,19,1,paycalculator.com.au,14,https://paycalculator.com.au/,,
tax calculator rsa,70,38,1,paycalculator.com.au,12,https://paycalculator.com.au/,,
tax calculator za,70,38,1,paycalculator.com.au,16,https://paycalculator.com.au/,,
tax gross income,70,6,1,paycalculator.com.au,9,https://paycalculator.com.au/,,
tax on $1500 per week australia,70,7,1,paycalculator.com.au,13,https://paycalculator.com.au/,,
tax on $800 per week australia,70,20,1,paycalculator.com.au,12,https://paycalculator.com.au/,,
tax on 100k salary australia,70,12,1,paycalculator.com.au,8,https://paycalculator.com.au/,49,https://pay-calculator-australia.com/tax-on/100000/
tax on 27000 australia,70,28,1,paycalculator.com.au,5,https://paycalculator.com.au/,,
tax on 33000 australia,70,18,1,paycalculator.com.au,15,https://paycalculator.com.au/,64,https://pay-calculator-australia.com/tax-on/35000/
tax on 34000 australia,70,15,1,paycalculator.com.au,12,https://paycalculator.com.au/,34,https://pay-calculator-australia.com/tax-on/35000/
tax on 39000 australia,70,12,1,paycalculator.com.au,7,https://paycalculator.com.au/,41,https://pay-calculator-australia.com/tax-on/35000/
tax on 41000 australia,70,28,1,paycalculator.com.au,5,https://paycalculator.com.au/,64,https://pay-calculator-australia.com/income-tax-calculator/
tax on 43000 australia,70,14,1,paycalculator.com.au,17,https://paycalculator.com.au/,62,https://pay-calculator-australia.com/income-tax-calculator/
tax on 500000,70,28,1,paycalculator.com.au,7,https://paycalculator.com.au/,77,https://pay-calculator-australia.com/income-tax-calculator/
tax on 500k australia,70,40,1,paycalculator.com.au,6,https://paycalculator.com.au/,86,https://pay-calculator-australia.com/tax-brackets/
tax on 73000 australia,70,19,1,paycalculator.com.au,14,https://paycalculator.com.au/,57,https://pay-calculator-australia.com/tax-on/75000/
tax on annual leave payout calculator,70,5,1,paycalculator.com.au,12,https://paycalculator.com.au/,49,https://pay-calculator-australia.com/leave-calculator/
tax on gross income,70,11,1,paycalculator.com.au,5,https://paycalculator.com.au/,58,https://pay-calculator-australia.com/income-tax-calculator/
tax on small business calculator,70,4,1,paycalculator.com.au,14,https://paycalculator.com.au/,,
tax percentage calculation,70,38,1,paycalculator.com.au,3,https://paycalculator.com.au/,,
tax rate wages,70,32,1,paycalculator.com.au,13,https://paycalculator.com.au/,81,https://pay-calculator-australia.com/tax-brackets/
tax withheld income,70,15,1,paycalculator.com.au,7,https://paycalculator.com.au/,,
threshold for hecs repayment,70,7,1,paycalculator.com.au,15,https://paycalculator.com.au/student-loan/,,
total remuneration,70,0,1,paycalculator.com.au,7,https://paycalculator.com.au/,,
wage inflation calculator,70,23,1,paycalculator.com.au,6,https://paycalculator.com.au/,,
wage tax rates,70,33,1,paycalculator.com.au,10,https://paycalculator.com.au/,52,https://pay-calculator-australia.com/tax-brackets/
wages and tax rates,70,36,1,paycalculator.com.au,15,https://paycalculator.com.au/,65,https://pay-calculator-australia.com/tax-brackets/
wages inflation calculator,70,53,1,paycalculator.com.au,3,https://paycalculator.com.au/,,
wages table,70,32,1,paycalculator.com.au,7,https://paycalculator.com.au/,,
what is income tax pay,70,32,1,paycalculator.com.au,10,https://paycalculator.com.au/,,
what is pre tax income,70,0,1,paycalculator.com.au,14,https://paycalculator.com.au/,,
what is the difference between gross and net pay,70,0,1,paycalculator.com.au,16,https://paycalculator.com.au/,,
ytd annualised income calculator,70,0,1,paycalculator.com.au,15,https://paycalculator.com.au/,51,https://pay-calculator-australia.com/ytd-income-calculator/
2023 tax rates,70,32,1,atotaxrates.info,16,https://atotaxrates.info/,47,https://pay-calculator-australia.com/tax-brackets/
2025 26 tax rates australia,70,34,1,atotaxrates.info,14,https://atotaxrates.info/,59,https://pay-calculator-australia.com/tax-brackets/
2025 tax rates ato,70,36,1,atotaxrates.info,10,https://atotaxrates.info/,,
2025--26 tax rates australia,70,32,1,atotaxrates.info,13,https://atotaxrates.info/,58,https://pay-calculator-australia.com/tax-brackets/
application for refund of franking credits for individuals 2025,70,0,1,atotaxrates.info,10,https://atotaxrates.info/tax-offset/franking-credit-refunds-without-a-tax-return/,,
ato benchmark rate,70,5,1,atotaxrates.info,9,https://atotaxrates.info/businesses/division-7a-benchmark-interest-rates/,,
ato benchmark rates,70,7,1,atotaxrates.info,6,https://atotaxrates.info/businesses/division-7a-benchmark-interest-rates/,,
ato budget,70,30,1,atotaxrates.info,19,https://atotaxrates.info/,,
ato depreciation rates 2023,70,21,1,atotaxrates.info,11,https://atotaxrates.info/tax-deductions/work-related-car-expenses/depreciation-of-vehicles/,,
ato depreciation rates 2025 pdf,70,9,1,atotaxrates.info,12,https://atotaxrates.info/tax-deductions/ato-depreciation/,,
ato exchange rates 2023,70,2,1,atotaxrates.info,11,https://atotaxrates.info/numbers/exchange-rates/,,
ato general enquiries phone number,70,0,1,atotaxrates.info,17,https://atotaxrates.info/ato-contacts/,,
ato individual tax,70,45,1,atotaxrates.info,19,https://atotaxrates.info/,,
ato interest rate 2025,70,22,1,atotaxrates.info,10,https://atotaxrates.info/,,
ato km rate 2027,70,13,1,atotaxrates.info,11,https://atotaxrates.info/,,
ato km reimbursement,70,13,1,atotaxrates.info,20,https://atotaxrates.info/tax-deductions/work-related-car-expenses/cents-per-kilometre/,,
ato luxury car tax,70,18,1,atotaxrates.info,19,https://atotaxrates.info/tax-deductions/work-related-car-expenses/car-depreciation-limits-guide/,,
ato mileage rate 2025 26,70,13,1,atotaxrates.info,15,https://atotaxrates.info/tax-deductions/work-related-car-expenses/cents-per-kilometre/,,
ato mileage rate 2025-26,70,13,1,atotaxrates.info,15,https://atotaxrates.info/tax-deductions/work-related-car-expenses/cents-per-kilometre/,,
ato mileage rate 2027,70,22,1,atotaxrates.info,15,https://atotaxrates.info/,,
ato pension age,70,36,1,atotaxrates.info,16,https://atotaxrates.info/superannuation/ato-preservation-age/,,
ato per diem rates,70,0,1,atotaxrates.info,7,https://atotaxrates.info/allowances/ato-reasonable-travel-allowances/,,
ato private ruling database,70,0,1,atotaxrates.info,8,https://atotaxrates.info/other-tax-topics/atos-private-binding-rulings-register/,,
ato private rulings database,70,0,1,atotaxrates.info,8,https://atotaxrates.info/other-tax-topics/atos-private-binding-rulings-register/,,
ato reasonable travel allowance 2025,70,0,1,atotaxrates.info,5,https://atotaxrates.info/allowances/ato-reasonable-travel-allowances/,,
ato remote area,70,0,1,atotaxrates.info,14,https://atotaxrates.info/businesses/fringe-benefits-tax/remote-area-fbt-concessions/,,
ato resident tax rates,70,36,1,atotaxrates.info,8,https://atotaxrates.info/,,
ato seniors and pensioners tax offset,70,9,1,atotaxrates.info,10,https://atotaxrates.info/tax-offset/senior-australians-tax-offset/,31,https://pay-calculator-australia.com/sapto-calculator/
ato spouse contribution,70,0,1,atotaxrates.info,18,https://atotaxrates.info/tax-offset/spouse-super-contributions-tax-offset/,,
ato tax brackets 2025-26,70,32,1,atotaxrates.info,12,https://atotaxrates.info/,,
ato tax tables 2026 pdf download free download,70,10,1,atotaxrates.info,13,https://atotaxrates.info/payg-tax-tables/,32,https://pay-calculator-australia.com/weekly-tax-table/
ato td 2025 4,70,0,1,atotaxrates.info,5,https://atotaxrates.info/allowances/ato-reasonable-travel-allowances/,,
ato td 2025/4,70,0,1,atotaxrates.info,5,https://atotaxrates.info/allowances/ato-reasonable-travel-allowances/,,
ato travel deductions,70,15,1,atotaxrates.info,20,https://atotaxrates.info/allowances/ato-reasonable-travel-allowances/,,
ato withholding tax table,70,13,1,atotaxrates.info,20,https://atotaxrates.info/payg-tax-tables/,,
australian tax bracket 2024,70,32,1,atotaxrates.info,17,https://atotaxrates.info/,,
australian tax return forms,70,17,1,atotaxrates.info,15,https://atotaxrates.info/other-tax-topics/tax-return-forms-link-page/,,
australian welfare payments indexation,70,0,1,atotaxrates.info,19,https://atotaxrates.info/centrelink-payment-rates/,,
average exchange rate ato,70,10,1,atotaxrates.info,9,https://atotaxrates.info/numbers/exchange-rates/,,
average exchange rates ato,70,10,1,atotaxrates.info,9,https://atotaxrates.info/numbers/exchange-rates/,,
award transport payment,70,0,1,atotaxrates.info,8,https://atotaxrates.info/allowances/award-transport-payments/,,
award transport payments,70,0,1,atotaxrates.info,8,https://atotaxrates.info/allowances/award-transport-payments/,,
bas agent lodgement dates,70,0,1,atotaxrates.info,15,https://atotaxrates.info/businesses/bas-statement/bas-statement-due-dates/,,
bas due dates 2026 tax agent,70,0,1,atotaxrates.info,20,https://atotaxrates.info/businesses/bas-statement/bas-statement-due-dates/,,
benchmark rates ato,70,27,1,atotaxrates.info,6,https://atotaxrates.info/businesses/division-7a-benchmark-interest-rates/,,
budget ato,70,40,1,atotaxrates.info,19,https://atotaxrates.info/,,
budget for centrelink,70,6,1,atotaxrates.info,14,https://atotaxrates.info/centrelink-payment-rates/,,
business code ato,70,0,1,atotaxrates.info,15,https://atotaxrates.info/businesses/business-industry-codes/,,
calculate tax excel,70,2,1,atotaxrates.info,7,https://atotaxrates.info/free-tax-calculator/,,
can you claim rent on tax,70,2,1,atotaxrates.info,20,https://atotaxrates.info/tax-deductions/rental-property-tax-deductions/,,
car cost limit 2024,70,0,1,atotaxrates.info,3,https://atotaxrates.info/tax-deductions/work-related-car-expenses/car-depreciation-limits-guide/,,
car depreciation tax,70,10,1,atotaxrates.info,18,https://atotaxrates.info/tax-deductions/work-related-car-expenses/depreciation-of-vehicles/,,
car expenses ato cents per km,70,1,1,atotaxrates.info,11,https://atotaxrates.info/tax-deductions/work-related-car-expenses/cents-per-kilometre/,,
car limit 2023,70,0,1,atotaxrates.info,7,https://atotaxrates.info/tax-deductions/work-related-car-expenses/car-depreciation-limits-guide/,,
carers payment increase 2026,70,0,1,atotaxrates.info,16,https://atotaxrates.info/centrelink-payment-rates/,,
carpet depreciation rate 2025,70,0,1,atotaxrates.info,17,https://atotaxrates.info/tax-deductions/ato-depreciation/,,
centrelink $4000 payment,70,3,1,atotaxrates.info,14,https://atotaxrates.info/centrelink-payment-rates/,,
centrelink age pension pay dates 2025 qld,70,8,1,atotaxrates.info,15,https://atotaxrates.info/centrelink-payment-rates/,,
centrelink bonus 2025,70,4,1,atotaxrates.info,7,https://atotaxrates.info/centrelink-payment-rates/,,
centrelink bonus payments 2025 when will it be paid nsw,70,4,1,atotaxrates.info,7,https://atotaxrates.info/centrelink-payment-rates/,,
centrelink budget,70,6,1,atotaxrates.info,14,https://atotaxrates.info/centrelink-payment-rates/,,
centrelink christmas bonus 2025 payment,70,1,1,atotaxrates.info,11,https://atotaxrates.info/centrelink-payment-rates/,,
centrelink christmas payment dates 2025 victoria,70,7,1,atotaxrates.info,15,https://atotaxrates.info/centrelink-payment-rates/,,
centrelink couple payment rates,70,16,1,atotaxrates.info,15,https://atotaxrates.info/centrelink-payment-rates/,,
centrelink holiday payments 2025,70,7,1,atotaxrates.info,9,https://atotaxrates.info/centrelink-payment-rates/,,
centrelink indexation,70,5,1,atotaxrates.info,20,https://atotaxrates.info/centrelink-payment-rates/,,
centrelink jobseeker payment amount,70,4,1,atotaxrates.info,20,https://atotaxrates.info/centrelink-payment-rates/,,
centrelink lump sum payment eligibility 2025,70,0,1,atotaxrates.info,14,https://atotaxrates.info/centrelink-payment-rates/,,
centrelink news 2026,70,2,1,atotaxrates.info,9,https://atotaxrates.info/centrelink-payment-rates/,,
centrelink next payment,70,21,1,atotaxrates.info,13,https://atotaxrates.info/centrelink-payment-rates/,,
centrelink payment $1000,70,15,1,atotaxrates.info,15,https://atotaxrates.info/centrelink-payment-rates/,,
centrelink relief payment 2026,70,15,1,atotaxrates.info,12,https://atotaxrates.info/centrelink-payment-rates/,,
centrelink reporting dates 2025,70,0,1,atotaxrates.info,16,https://atotaxrates.info/centrelink-payment-rates/,,
cents per km tax,70,0,1,atotaxrates.info,13,https://atotaxrates.info/tax-deductions/work-related-car-expenses/cents-per-kilometre/,,
christmas centrelink payments 2025,70,0,1,atotaxrates.info,14,https://atotaxrates.info/centrelink-payment-rates/,,
company income tax return instructions 2025,70,4,1,atotaxrates.info,8,https://atotaxrates.info/other-tax-topics/tax-return-forms-link-page/tax-forms-2025/,,
company tax return form 2025,70,1,1,atotaxrates.info,15,https://atotaxrates.info/other-tax-topics/tax-return-forms-link-page/tax-forms-2025/,,
computer depreciation rate ato,70,0,1,atotaxrates.info,14,https://atotaxrates.info/tax-deductions/ato-depreciation/,,
computer software depreciation rate,70,0,1,atotaxrates.info,19,https://atotaxrates.info/tax-deductions/ato-depreciation/,,
cost limit 2025,70,0,1,atotaxrates.info,3,https://atotaxrates.info/tax-deductions/work-related-car-expenses/car-depreciation-limits-guide/,,
deceased estates tax rates,70,0,1,atotaxrates.info,14,https://atotaxrates.info/businesses/trust-tax-rates/,,
deemed depreciation fbt,70,0,1,atotaxrates.info,8,https://atotaxrates.info/businesses/fringe-benefits-tax/fbt-benchmark-interest-rate/,,
depreciation car limit,70,0,1,atotaxrates.info,6,https://atotaxrates.info/tax-deductions/work-related-car-expenses/car-depreciation-limits-guide/,,
depreciation rate for software,70,0,1,atotaxrates.info,12,https://atotaxrates.info/tax-deductions/ato-depreciation/,,
depreciation rate software,70,0,1,atotaxrates.info,18,https://atotaxrates.info/tax-deductions/ato-depreciation/,,
depreciation tool ato,70,2,1,atotaxrates.info,14,https://atotaxrates.info/tax-deductions/ato-depreciation/,,
discretionary trust tax rates,70,5,1,atotaxrates.info,20,https://atotaxrates.info/businesses/trust-tax-rates/,,
div 7a loan rate,70,0,1,atotaxrates.info,12,https://atotaxrates.info/businesses/division-7a-benchmark-interest-rates/,,
div 7a loan repayment calculator,70,0,1,atotaxrates.info,13,https://atotaxrates.info/businesses/division-7a-benchmark-interest-rates/division-7a-calculator-and-decision-tool/,,
div 7a rate 2026,70,0,1,atotaxrates.info,6,https://atotaxrates.info/businesses/division-7a-benchmark-interest-rates/,,
dividend franking credit calculator,70,0,1,atotaxrates.info,1,https://atotaxrates.info/businesses/company-tax-rates/dividend-franking-credit-calculators/,,
division 7a loan rate,70,0,1,atotaxrates.info,15,https://atotaxrates.info/businesses/division-7a-benchmark-interest-rates/,,
division 7a loan repayment calculator,70,0,1,atotaxrates.info,13,https://atotaxrates.info/businesses/division-7a-benchmark-interest-rates/division-7a-calculator-and-decision-tool/,,
early centrelink payments december,70,0,1,atotaxrates.info,19,https://atotaxrates.info/centrelink-payment-rates/,,
effective life of a car,70,1,1,atotaxrates.info,13,https://atotaxrates.info/tax-deductions/work-related-car-expenses/depreciation-of-vehicles/,,
effective life of car,70,1,1,atotaxrates.info,11,https://atotaxrates.info/tax-deductions/work-related-car-expenses/depreciation-of-vehicles/,,
effective life of mobile phone,70,0,1,atotaxrates.info,20,https://atotaxrates.info/tax-deductions/ato-depreciation/,,
excel tax calculator,70,4,1,atotaxrates.info,9,https://atotaxrates.info/free-tax-calculator/,,
expenses prior to property being genuinely available for rent ato,70,0,1,atotaxrates.info,11,https://atotaxrates.info/tax-deductions/rental-property-tax-deductions/,,
fbt benchmark interest rate 2025,70,0,1,atotaxrates.info,4,https://atotaxrates.info/businesses/fringe-benefits-tax/fbt-benchmark-interest-rate/,34,https://pay-calculator-australia.com/fringe-benefits-tax/
fbt deemed depreciation,70,0,1,atotaxrates.info,13,https://atotaxrates.info/businesses/fringe-benefits-tax/,,
fbt gross up,70,3,1,atotaxrates.info,9,https://atotaxrates.info/businesses/fringe-benefits-tax/,39,https://pay-calculator-australia.com/fringe-benefits-tax/
fbt gross-up,70,3,1,atotaxrates.info,9,https://atotaxrates.info/businesses/fringe-benefits-tax/,40,https://pay-calculator-australia.com/fringe-benefits-tax/
fbt limit,70,0,1,atotaxrates.info,15,https://atotaxrates.info/businesses/fringe-benefits-tax/,44,https://pay-calculator-australia.com/fringe-benefits-tax/
fbt limits,70,0,1,atotaxrates.info,14,https://atotaxrates.info/businesses/fringe-benefits-tax/fbt-benchmark-interest-rate/,50,https://pay-calculator-australia.com/fringe-benefits-tax/
fbt rate 2025,70,0,1,atotaxrates.info,13,https://atotaxrates.info/businesses/fringe-benefits-tax/fbt-benchmark-interest-rate/,50,https://pay-calculator-australia.com/fringe-benefits-tax/
fbt rate 2026,70,0,1,atotaxrates.info,13,https://atotaxrates.info/businesses/fringe-benefits-tax/fbt-benchmark-interest-rate/,33,https://pay-calculator-australia.com/fringe-benefits-tax/
fbt vehicle,70,0,1,atotaxrates.info,18,https://atotaxrates.info/businesses/fringe-benefits-tax/fbt-exempt-vehicles/,,
fbt vehicles,70,0,1,atotaxrates.info,16,https://atotaxrates.info/businesses/fringe-benefits-tax/fbt-exempt-vehicles/,,
foreign income tax offset calculator,70,0,1,atotaxrates.info,12,https://atotaxrates.info/tax-offset/foreign-income-tax-offset/,,
foreign income tax offset limit,70,0,1,atotaxrates.info,12,https://atotaxrates.info/tax-offset/foreign-income-tax-offset/,,
foreign tax credit,70,5,1,atotaxrates.info,20,https://atotaxrates.info/tax-offset/foreign-income-tax-offset/,,
foreign tax credits,70,7,1,atotaxrates.info,17,https://atotaxrates.info/tax-offset/foreign-income-tax-offset/,,
foreign tax offset,70,0,1,atotaxrates.info,7,https://atotaxrates.info/tax-offset/foreign-income-tax-offset/,,
forex ato,70,10,1,atotaxrates.info,12,https://atotaxrates.info/numbers/exchange-rates/,,
form for income tax return,70,15,1,atotaxrates.info,18,https://atotaxrates.info/other-tax-topics/tax-return-forms-link-page/tax-forms-2025/,,
forms for income tax return,70,0,1,atotaxrates.info,20,https://atotaxrates.info/other-tax-topics/tax-return-forms-link-page/tax-forms-2025/,,
fortnightly tax table 2025 26,70,0,1,atotaxrates.info,16,https://atotaxrates.info/payg-tax-tables/,48,https://pay-calculator-australia.com/payg-withholding-tables/
franked amount,70,0,1,atotaxrates.info,19,https://atotaxrates.info/businesses/company-tax-rates/dividend-franking-credit-calculators/,,
fuel tax credit registration,70,0,1,atotaxrates.info,13,https://atotaxrates.info/businesses/fuel-tax-credit/,,
fuel tax credits 2025,70,7,1,atotaxrates.info,20,https://atotaxrates.info/businesses/fuel-tax-credit/,,
fuel tax credits registration,70,0,1,atotaxrates.info,14,https://atotaxrates.info/businesses/fuel-tax-credit/,,
fuel tax rebate calculator,70,0,1,atotaxrates.info,16,https://atotaxrates.info/businesses/fuel-tax-credit/,,
fuel tax rebate rates,70,0,1,atotaxrates.info,17,https://atotaxrates.info/businesses/fuel-tax-credit/,,
group certificate 2025,70,0,1,atotaxrates.info,5,https://atotaxrates.info/other-tax-topics/group-certificate/,,
gst limit on cars 2026,70,0,1,atotaxrates.info,9,https://atotaxrates.info/tax-deductions/work-related-car-expenses/car-depreciation-limits-guide/,,
gst on income protection insurance,70,0,1,atotaxrates.info,19,https://atotaxrates.info/tax-deductions/income-protection-insurance/,,
gstr 2013/1,70,0,1,atotaxrates.info,7,https://atotaxrates.info/businesses/tax-invoices-and-gst/tax-invoice-template/,,
guide to government payments,70,12,1,atotaxrates.info,20,https://atotaxrates.info/centrelink-payment-rates/,,
hobby form ato,70,1,1,atotaxrates.info,15,https://atotaxrates.info/businesses/tax-invoices-and-gst/non-quotation-abn/,,
home office rates ato,70,20,1,atotaxrates.info,4,https://atotaxrates.info/tax-deductions/home-office-expenses/,,
hot water system depreciation rate ato,70,0,1,atotaxrates.info,17,https://atotaxrates.info/tax-deductions/ato-depreciation/,,
hot water system effective life,70,0,1,atotaxrates.info,20,https://atotaxrates.info/tax-deductions/ato-depreciation/,,
how can you get copies of your tax returns,70,9,1,atotaxrates.info,16,https://atotaxrates.info/copy-tax-return/,,
how is long service leave taxed,70,0,1,atotaxrates.info,17,https://atotaxrates.info/employment-termination-payments/long-service-leave/,,
income tax brackets australia 2026,70,18,1,atotaxrates.info,16,https://atotaxrates.info/,78,https://pay-calculator-australia.com/tax-brackets/
income tax return form,70,6,1,atotaxrates.info,16,https://atotaxrates.info/other-tax-topics/tax-return-forms-link-page/tax-forms-2025/,,
income tax return rates,70,32,1,atotaxrates.info,20,https://atotaxrates.info/,60,https://pay-calculator-australia.com/tax-brackets/
individual tax ato,70,46,1,atotaxrates.info,19,https://atotaxrates.info/individual-tax-rates-resident/,,
invalid carer tax offset,70,0,1,atotaxrates.info,6,https://atotaxrates.info/tax-offset/dependant-spouse-offset/invalid-and-carer-tax-offset/,,
ipad depreciation rate ato,70,4,1,atotaxrates.info,13,https://atotaxrates.info/tax-deductions/ato-depreciation/,,
iphone depreciation rate,70,0,1,atotaxrates.info,19,https://atotaxrates.info/tax-deductions/ato-depreciation/depreciation-mobile-phone/,,
iphone depreciation rate ato,70,6,1,atotaxrates.info,16,https://atotaxrates.info/tax-deductions/ato-depreciation/depreciation-mobile-phone/,,
is centrelink giving a one off payment 2025,70,5,1,atotaxrates.info,12,https://atotaxrates.info/centrelink-payment-rates/,,
jobseeker increase 2025,70,1,1,atotaxrates.info,14,https://atotaxrates.info/centrelink-payment-rates/,,
km reimbursement rate 2025,70,3,1,atotaxrates.info,9,https://atotaxrates.info/tax-deductions/work-related-car-expenses/cents-per-kilometre/,,
laptop useful life ato,70,0,1,atotaxrates.info,20,https://atotaxrates.info/tax-deductions/ato-depreciation/,,
lcr 2019/5,70,0,1,atotaxrates.info,17,https://atotaxrates.info/businesses/company-tax-rates/,,
luxury car depreciation limit 2025,70,0,1,atotaxrates.info,6,https://atotaxrates.info/tax-deductions/work-related-car-expenses/car-depreciation-limits-guide/,,
luxury car tax ato,70,11,1,atotaxrates.info,19,https://atotaxrates.info/businesses/luxury-tax-on-cars/,,
mobile phone depreciation,70,0,1,atotaxrates.info,19,https://atotaxrates.info/tax-deductions/ato-depreciation/depreciation-mobile-phone/,,
mobile phone effective life,70,0,1,atotaxrates.info,16,https://atotaxrates.info/tax-deductions/ato-depreciation/depreciation-mobile-phone/,,
motor vehicle cost limit,70,0,1,atotaxrates.info,3,https://atotaxrates.info/tax-deductions/work-related-car-expenses/car-depreciation-limits-guide/,,
motor vehicle depreciation limit 2025,70,0,1,atotaxrates.info,5,https://atotaxrates.info/tax-deductions/work-related-car-expenses/car-depreciation-limits-guide/,,
motor vehicle depreciation rate 2025 ato,70,32,1,atotaxrates.info,3,https://atotaxrates.info/tax-deductions/work-related-car-expenses/depreciation-of-vehicles/,,
mt 2024,70,0,1,atotaxrates.info,3,https://atotaxrates.info/businesses/fringe-benefits-tax/fbt-exempt-vehicles/,,
mv depreciation rate,70,3,1,atotaxrates.info,10,https://atotaxrates.info/tax-deductions/work-related-car-expenses/depreciation-of-vehicles/,,
nat 1432 form download,70,4,1,atotaxrates.info,9,https://atotaxrates.info/other-tax-topics/how-to-get-a-tax-file-number/,,
new tax on cars,70,25,1,atotaxrates.info,20,https://atotaxrates.info/tax-deductions/work-related-car-expenses/car-depreciation-limits-guide/,,
nsw payroll tax threshold 2025,70,11,1,atotaxrates.info,14,https://atotaxrates.info/businesses/payroll-tax/payroll-tax-nsw/,,
nsw prt,70,4,1,atotaxrates.info,9,https://atotaxrates.info/businesses/payroll-tax/payroll-tax-nsw/,,
office chair depreciation rate ato,70,0,1,atotaxrates.info,16,https://atotaxrates.info/tax-deductions/ato-depreciation/,,
one off payment centrelink 2026,70,4,1,atotaxrates.info,14,https://atotaxrates.info/centrelink-payment-rates/,,
one-off payment centrelink 2026,70,0,1,atotaxrates.info,13,https://atotaxrates.info/centrelink-payment-rates/,,
payroll tax rate nt,70,3,1,atotaxrates.info,13,https://atotaxrates.info/businesses/payroll-tax/payroll-tax-nt/,,
payroll tax registration wa,70,0,1,atotaxrates.info,19,https://atotaxrates.info/businesses/payroll-tax/payroll-tax-wa/,,
pcg 2021/3,70,0,1,atotaxrates.info,12,https://atotaxrates.info/tax-deductions/work-related-car-expenses/travel-home-work/,,
pension age ato,70,20,1,atotaxrates.info,18,https://atotaxrates.info/superannuation/ato-preservation-age/,,
pensioners tax offset,70,0,1,atotaxrates.info,18,https://atotaxrates.info/tax-offset/senior-australians-tax-offset/,,
per diem australia,70,0,1,atotaxrates.info,16,https://atotaxrates.info/allowances/ato-reasonable-travel-allowances/,,
per diem rates ato,70,0,1,atotaxrates.info,8,https://atotaxrates.info/allowances/ato-reasonable-travel-allowances/,,
per diems australia,70,0,1,atotaxrates.info,16,https://atotaxrates.info/allowances/ato-reasonable-travel-allowances/,,
personal super contributions ato,70,47,1,atotaxrates.info,20,https://atotaxrates.info/superannuation/personal-superannuation-contribution-deductions/,,
phone effective life,70,0,1,atotaxrates.info,17,https://atotaxrates.info/tax-deductions/ato-depreciation/,,
private binding ruling,70,0,1,atotaxrates.info,10,https://atotaxrates.info/other-tax-topics/atos-private-binding-rulings-register/,,
private health insurance offset payable,70,0,1,atotaxrates.info,16,https://atotaxrates.info/tax-offset/private-health-insurance-tax-offset/,,
rate of statutory interest,70,5,1,atotaxrates.info,18,https://atotaxrates.info/businesses/fringe-benefits-tax/fbt-benchmark-interest-rate/,,
refund of franking credits form,70,0,1,atotaxrates.info,9,https://atotaxrates.info/tax-offset/franking-credit-refunds-without-a-tax-return/,,
register for fuel tax credits,70,0,1,atotaxrates.info,14,https://atotaxrates.info/businesses/fuel-tax-credit/,,
remote area allowance ato,70,4,1,atotaxrates.info,18,https://atotaxrates.info/tax-offset/zone-tax-offset/,,
rent deductions,70,2,1,atotaxrates.info,17,https://atotaxrates.info/tax-deductions/rental-property-tax-deductions/,,
rent expense,70,9,1,atotaxrates.info,19,https://atotaxrates.info/tax-deductions/rental-property-tax-deductions/,,
rental deductions,70,5,1,atotaxrates.info,15,https://atotaxrates.info/tax-deductions/rental-property-tax-deductions/,,
rental expense,70,2,1,atotaxrates.info,18,https://atotaxrates.info/tax-deductions/rental-property-tax-deductions/,,
rental property deductions ato,70,15,1,atotaxrates.info,12,https://atotaxrates.info/tax-deductions/rental-property-tax-deductions/,,
rental property expenses,70,0,1,atotaxrates.info,15,https://atotaxrates.info/tax-deductions/rental-property-tax-deductions/,,
rental property tax deductions ato,70,25,1,atotaxrates.info,14,https://atotaxrates.info/tax-deductions/rental-property-tax-deductions/,,
rental.property deductions ato,70,25,1,atotaxrates.info,13,https://atotaxrates.info/tax-deductions/rental-property-tax-deductions/,,
residual fringe benefit,70,0,1,atotaxrates.info,9,https://atotaxrates.info/businesses/fringe-benefits-tax/residual-fringe-benefits/,,
sapto tax-free threshold,70,0,1,atotaxrates.info,19,https://atotaxrates.info/tax-offset/senior-australians-tax-offset/,,
seniors and pensioners tax offset 2026,70,0,1,atotaxrates.info,20,https://atotaxrates.info/tax-offset/senior-australians-tax-offset/,,
statement by a supplier not quoting an abn,70,0,1,atotaxrates.info,8,https://atotaxrates.info/businesses/tax-invoices-and-gst/non-quotation-abn/,,
statutory interest rate,70,1,1,atotaxrates.info,8,https://atotaxrates.info/businesses/fringe-benefits-tax/fbt-benchmark-interest-rate/,,
statutory interest rate fbt,70,0,1,atotaxrates.info,2,https://atotaxrates.info/businesses/fringe-benefits-tax/fbt-benchmark-interest-rate/,,
superannuation guarantee obligations,70,16,1,atotaxrates.info,19,https://atotaxrates.info/superannuation/superannuation-guarantee/,,
tax 2024/25,70,24,1,atotaxrates.info,16,https://atotaxrates.info/individual-tax-rates-resident/ato-tax-rates-2025/,,
tax calculation excel,70,2,1,atotaxrates.info,9,https://atotaxrates.info/free-tax-calculator/,,
tax calculation in excel,70,0,1,atotaxrates.info,9,https://atotaxrates.info/free-tax-calculator/,,
tax calculator excel,70,9,1,atotaxrates.info,9,https://atotaxrates.info/free-tax-calculator/,,
tax calculator in excel,70,6,1,atotaxrates.info,7,https://atotaxrates.info/free-tax-calculator/,,
tax changes 2025-2026,70,23,1,atotaxrates.info,15,https://atotaxrates.info/,,
tax changes 2025/2026,70,23,1,atotaxrates.info,15,https://atotaxrates.info/,,
tax code 2,70,23,1,atotaxrates.info,17,https://atotaxrates.info/,,
tax determination,70,0,1,atotaxrates.info,5,https://atotaxrates.info/allowances/ato-reasonable-travel-allowances/,,
tax for under 18,70,0,1,atotaxrates.info,15,https://atotaxrates.info/individual-tax-rates-resident/children-tax/,,
tax free threshold for minors,70,0,1,atotaxrates.info,15,https://atotaxrates.info/individual-tax-rates-resident/children-tax/,,
tax free threshold minors,70,0,1,atotaxrates.info,14,https://atotaxrates.info/individual-tax-rates-resident/children-tax/,,
tax free threshold under 18,70,0,1,atotaxrates.info,14,https://atotaxrates.info/individual-tax-rates-resident/children-tax/,,
tax fuel rebate calculator,70,0,1,atotaxrates.info,15,https://atotaxrates.info/businesses/fuel-tax-credit/,,
tax guides,70,6,1,atotaxrates.info,15,https://atotaxrates.info/,,
tax info,70,37,1,atotaxrates.info,10,https://atotaxrates.info/,,
tax pack 2025,70,7,1,atotaxrates.info,11,https://atotaxrates.info/other-tax-topics/tax-return-forms-link-page/tax-forms-2025/,,
tax rate changes,70,34,1,atotaxrates.info,15,https://atotaxrates.info/,,
tax rate on long service leave,70,0,1,atotaxrates.info,18,https://atotaxrates.info/employment-termination-payments/long-service-leave/,,
tax rates 2023 2024,70,32,1,atotaxrates.info,11,https://atotaxrates.info/,47,https://pay-calculator-australia.com/tax-brackets/
tax rates australia 2027,70,32,1,atotaxrates.info,11,https://atotaxrates.info/,71,https://pay-calculator-australia.com/tax-changes-2026-27/
tax rental deductions,70,7,1,atotaxrates.info,18,https://atotaxrates.info/tax-deductions/rental-property-tax-deductions/,,
tax return for individuals supplementary section 2025,70,0,1,atotaxrates.info,13,https://atotaxrates.info/other-tax-topics/tax-return-forms-link-page/tax-forms-2025/,,
tax return instructions 2025,70,3,1,atotaxrates.info,8,https://atotaxrates.info/other-tax-topics/tax-return-forms-link-page/tax-forms-2025/,,
tax return rates,70,36,1,atotaxrates.info,18,https://atotaxrates.info/,,
tax table fortnightly pdf,70,0,1,atotaxrates.info,18,https://atotaxrates.info/payg-tax-tables/,,
tax tables 2025 pdf,70,1,1,atotaxrates.info,20,https://atotaxrates.info/,,
tax tables 2025 to 2026,70,12,1,atotaxrates.info,13,https://atotaxrates.info/,62,https://pay-calculator-australia.com/payg-withholding-tables/
tax under 18,70,0,1,atotaxrates.info,13,https://atotaxrates.info/individual-tax-rates-resident/children-tax/,,
tax-free threshold 2026 australia,70,25,1,atotaxrates.info,11,https://atotaxrates.info/,,
td2025 4,70,0,1,atotaxrates.info,4,https://atotaxrates.info/allowances/ato-reasonable-travel-allowances/,,
tr 2004/6,70,0,1,atotaxrates.info,9,https://atotaxrates.info/allowances/ato-reasonable-travel-allowances/,,
tr 2024 1,70,0,1,atotaxrates.info,8,https://atotaxrates.info/tax-deductions/ato-depreciation/,,
tr 2024/1,70,0,1,atotaxrates.info,8,https://atotaxrates.info/tax-deductions/ato-depreciation/,,
trailer depreciation rate,70,0,1,atotaxrates.info,10,https://atotaxrates.info/tax-deductions/work-related-car-expenses/depreciation-of-vehicles/,,
travel allowance rate,70,0,1,atotaxrates.info,4,https://atotaxrates.info/allowances/ato-reasonable-travel-allowances/,,
travel allowance rates,70,0,1,atotaxrates.info,5,https://atotaxrates.info/allowances/ato-reasonable-travel-allowances/,,
travel deductions ato,70,0,1,atotaxrates.info,19,https://atotaxrates.info/allowances/ato-reasonable-travel-allowances/,,
traveling allowance rates,70,0,1,atotaxrates.info,9,https://atotaxrates.info/allowances/ato-reasonable-travel-allowances/,,
under 18 tax,70,0,1,atotaxrates.info,15,https://atotaxrates.info/individual-tax-rates-resident/children-tax/,,
under 18 tax free threshold,70,2,1,atotaxrates.info,16,https://atotaxrates.info/individual-tax-rates-resident/children-tax/,,
under 18 tax-free threshold,70,2,1,atotaxrates.info,16,https://atotaxrates.info/individual-tax-rates-resident/children-tax/,,
usd to aud ato,70,11,1,atotaxrates.info,13,https://atotaxrates.info/numbers/exchange-rates/,,
vehicle log book template excel free download,70,0,1,atotaxrates.info,19,https://atotaxrates.info/tax-deductions/work-related-car-expenses/log-book-method/,,
wa payroll tax registration,70,0,1,atotaxrates.info,18,https://atotaxrates.info/businesses/payroll-tax/payroll-tax-wa/,,
washing machine depreciation rate,70,0,1,atotaxrates.info,20,https://atotaxrates.info/tax-deductions/ato-depreciation/,,
weekly tax table 2024 25,70,0,1,atotaxrates.info,20,https://atotaxrates.info/payg-tax-tables/,,
weekly tax table 2024-25,70,0,1,atotaxrates.info,19,https://atotaxrates.info/,42,https://pay-calculator-australia.com/payg-withholding-tables/
weekly tax table 2026 nsw,70,0,1,atotaxrates.info,15,https://atotaxrates.info/payg-tax-tables/,,
wfh fixed rate 2025,70,0,1,atotaxrates.info,14,https://atotaxrates.info/tax-deductions/home-office-expenses/,52,https://pay-calculator-australia.com/work-from-home-deductions/
what is lump sum e in tax return,70,0,1,atotaxrates.info,11,https://atotaxrates.info/tax-offset/delayed-income-tax-offset/,,
what is lump sum payment in arrears,70,0,1,atotaxrates.info,14,https://atotaxrates.info/tax-offset/delayed-income-tax-offset/,,
when will centrelink payments increase,70,2,1,atotaxrates.info,14,https://atotaxrates.info/centrelink-payment-rates/,,
work from home 2025 rate,70,0,1,atotaxrates.info,20,https://atotaxrates.info/tax-deductions/home-office-expenses/,54,https://pay-calculator-australia.com/work-from-home-deductions/
work from home ato rate 2025,70,3,1,atotaxrates.info,13,https://atotaxrates.info/tax-deductions/home-office-expenses/,93,https://pay-calculator-australia.com/work-from-home-deductions/
work related car expenses cents per kilometre,70,0,1,atotaxrates.info,20,https://atotaxrates.info/tax-deductions/work-related-car-expenses/cents-per-kilometre/,,
work related car expenses cents per km,70,0,1,atotaxrates.info,16,https://atotaxrates.info/tax-deductions/work-related-car-expenses/cents-per-kilometre/,,
work-related car expenses cents per kilometre,70,0,1,atotaxrates.info,20,https://atotaxrates.info/tax-deductions/work-related-car-expenses/cents-per-kilometre/,,
working from home hourly rate,70,0,1,atotaxrates.info,20,https://atotaxrates.info/tax-deductions/home-office-expenses/,59,https://pay-calculator-australia.com/work-from-home-deductions/
zone a,70,0,1,atotaxrates.info,17,https://atotaxrates.info/wp-content/uploads/2012/09/Zone-areas.pdf,,
230k after tax australia,50,0,3,salaryaftertax.com,14,https://salaryaftertax.com/salary-calculator/australia,,
240k after tax australia,50,6,3,paycalculator.com.au,5,https://paycalculator.com.au/,,
250 000 after tax australia,50,0,2,salaryaftertax.com,12,https://salaryaftertax.com/salary-calculator/australia,,
78k after tax australia,50,4,3,salaryaftertax.com,11,https://salaryaftertax.com/salary-calculator/australia,42,https://pay-calculator-australia.com/tax-on/70000/
88k after tax australia,50,6,3,paycalculator.com.au,9,https://paycalculator.com.au/,,
ato deduction calculator,50,23,1,atotaxcalculator.com.au,15,https://atotaxcalculator.com.au/,,
ato deductions calculator,50,17,1,atotaxcalculator.com.au,11,https://atotaxcalculator.com.au/,,
ato help repayment,50,26,1,atotaxcalculator.com.au,12,https://atotaxcalculator.com.au/help-debt,37,https://pay-calculator-australia.com/hecs-help-guide/
ato help repayments,50,26,1,atotaxcalculator.com.au,18,https://atotaxcalculator.com.au/help-debt,40,https://pay-calculator-australia.com/hecs-help-guide/
ato interest calculator,50,16,2,paycalculator.com.au,15,https://paycalculator.com.au/,,
ato low income tax offset 2026,50,5,2,atotaxcalculator.com.au,16,https://atotaxcalculator.com.au/low-income-tax-offset-lito,,
ato monthly tax calculator,50,38,2,paycalculator.com.au,5,https://paycalculator.com.au/,,
ato tax calculator 2024--25,50,39,2,atotaxcalculator.com.au,13,https://atotaxcalculator.com.au/,49,https://pay-calculator-australia.com/income-tax-calculator/
ato tax withheld calculator 2026,50,37,2,paycalculator.com.au,11,https://paycalculator.com.au/,,
australian low income tax offset,50,9,1,atotaxcalculator.com.au,19,https://atotaxcalculator.com.au/low-income-tax-offset-lito,,
can you claim sunscreen on tax,50,0,1,atotaxcalculator.com.au,19,https://atotaxcalculator.com.au/blog/tax-return-10-things-you-can-claim,,
gst calculator sa,50,10,2,atotaxcalculator.com.au,19,https://atotaxcalculator.com.au/gst-calculator,,
hecs calculator repayment,50,3,3,paycalculator.com.au,2,https://paycalculator.com.au/student-loan/,,
hecs debt repayment rates,50,3,2,paycalculator.com.au,16,https://paycalculator.com.au/student-loan/,38,https://pay-calculator-australia.com/hecs-help-guide/
hecs help repayment calculator,50,2,3,paycalculator.com.au,2,https://paycalculator.com.au/student-loan/,,
hecs indexation rates,50,0,1,atotaxcalculator.com.au,12,https://atotaxcalculator.com.au/hecs-debt-indexation,,
hecs loan repayment calculator,50,1,3,paycalculator.com.au,2,https://paycalculator.com.au/student-loan/,,
hecs percentage,50,4,2,atotaxcalculator.com.au,3,https://atotaxcalculator.com.au/help-debt,80,https://pay-calculator-australia.com/hecs-help-guide/
hecs reduction calculator,50,0,3,paycal.com.au,2,https://paycal.com.au/student-loan-repayment-calculator/,,
hecs repayments 2026,50,3,2,paycal.com.au,13,https://paycal.com.au/student-loan-repayment-calculator/,65,https://pay-calculator-australia.com/hecs-repayment-threshold/
help loan calculator,50,12,3,paycalculator.com.au,2,https://paycalculator.com.au/student-loan/,58,https://pay-calculator-australia.com/hecs-help-calculator/
how are hecs repayments calculated,50,13,3,paycalculator.com.au,6,https://paycalculator.com.au/student-loan/,77,https://pay-calculator-australia.com/hecs-help-guide/
how much hecs,50,13,2,atotaxcalculator.com.au,2,https://atotaxcalculator.com.au/help-debt,41,https://pay-calculator-australia.com/hecs-help-guide/
how much hecs do i have,50,7,2,atotaxcalculator.com.au,13,https://atotaxcalculator.com.au/help-debt,42,https://pay-calculator-australia.com/hecs-help-guide/
how much is hecs,50,14,2,atotaxcalculator.com.au,7,https://atotaxcalculator.com.au/help-debt,44,https://pay-calculator-australia.com/hecs-help-guide/
how much is my hecs debt,50,5,2,paycalculator.com.au,15,https://paycalculator.com.au/student-loan/,42,https://pay-calculator-australia.com/hecs-help-guide/
if i earn 110 000 how much tax,50,17,2,paycalculator.com.au,8,https://paycalculator.com.au/,38,https://pay-calculator-australia.com/take-home-pay-on/110000/
less gst calculator,50,11,2,paycal.com.au,17,https://paycal.com.au/gst-calculator/,,
lito ato,50,5,1,atotaxcalculator.com.au,14,https://atotaxcalculator.com.au/low-income-tax-offset-lito,,
low income tax offset australia,50,9,1,atotaxcalculator.com.au,20,https://atotaxcalculator.com.au/low-income-tax-offset-lito,43,https://pay-calculator-australia.com/low-income-tax-offset/
low-income tax offset australia,50,5,1,atotaxcalculator.com.au,20,https://atotaxcalculator.com.au/low-income-tax-offset-lito,43,https://pay-calculator-australia.com/low-income-tax-offset/
my gov tax calculator,50,39,2,paycalculator.com.au,11,https://paycalculator.com.au/,,
nat 1006,50,0,1,atotaxcalculator.com.au,14,https://atotaxcalculator.com.au/tax-tables,,
salary calculator ato,50,38,2,paycalculator.com.au,2,https://paycalculator.com.au/,72,https://pay-calculator-australia.com/annual-pay-calculator/
stsl threshold,50,8,2,paycalculator.com.au,7,https://paycalculator.com.au/student-loan/,,
tax on 115000,50,7,2,atotaxcalculator.com.au,8,https://atotaxcalculator.com.au/,52,https://pay-calculator-australia.com/tax-on/115000/
tax on 94000 australia,50,32,2,atotaxcalculator.com.au,7,https://atotaxcalculator.com.au/,61,https://pay-calculator-australia.com/tax-on/95000/
tax on 97000 australia,50,32,2,atotaxcalculator.com.au,7,https://atotaxcalculator.com.au/,54,https://pay-calculator-australia.com/tax-on/95000/
taxcalc 2024,50,24,1,atotaxcalculator.com.au,16,https://atotaxcalculator.com.au/,,
what is the hecs debt threshold,50,8,2,atotaxcalculator.com.au,15,https://atotaxcalculator.com.au/help-debt,48,https://pay-calculator-australia.com/hecs-help-guide/
what is the threshold for hecs,50,9,1,atotaxcalculator.com.au,18,https://atotaxcalculator.com.au/help-debt,41,https://pay-calculator-australia.com/hecs-help-guide/
10000 after tax australia,50,3,2,salaryaftertax.com,6,https://salaryaftertax.com/salary-calculator/australia,,
250000 after taxes,50,2,2,salaryaftertax.com,13,https://salaryaftertax.com/salary-calculator/australia,61,https://pay-calculator-australia.com/
70000/26,50,1,3,paycalculator.com.au,5,https://paycalculator.com.au/,58,https://pay-calculator-australia.com/tax-on/70000/
79000 after tax australia,50,0,3,australiapaycalculator.com.au,11,https://australiapaycalculator.com.au/,48,https://pay-calculator-australia.com/tax-on/70000/
amsterdam living cost,50,6,1,salaryaftertax.com,18,https://salaryaftertax.com/cost-of-living-calculator/netherlands/amsterdam,,
australia after tax salary calculator,50,6,3,paycalculator.com.au,1,https://paycalculator.com.au/,,
australia salary calculator after tax,50,10,3,paycalculator.com.au,1,https://paycalculator.com.au/,,
australian minimum wage calculator,50,53,3,paycalculator.com.au,3,https://paycalculator.com.au/,59,https://pay-calculator-australia.com/award-rates/
average cost of living in vancouver,50,0,1,salaryaftertax.com,9,https://salaryaftertax.com/cost-of-living-calculator/canada/vancouver,,
average full time salary,50,9,1,salaryaftertax.com,19,https://salaryaftertax.com/salary-calculator/australia,,
average full time wage,50,8,1,salaryaftertax.com,17,https://salaryaftertax.com/salary-calculator/australia,,
average full-time salary,50,9,1,salaryaftertax.com,20,https://salaryaftertax.com/salary-calculator/australia,,
average full-time wage,50,6,1,salaryaftertax.com,16,https://salaryaftertax.com/salary-calculator/australia,,
average income in france,50,6,1,salaryaftertax.com,13,https://salaryaftertax.com/fr/salary-calculator,,
average salary in luxembourg,50,7,1,salaryaftertax.com,6,https://salaryaftertax.com/lu/salary-calculator,,
average salary luxembourg,50,4,1,salaryaftertax.com,5,https://salaryaftertax.com/lu/salary-calculator,,
average weekly wage australia after tax,50,20,2,paycalculator.com.au,9,https://paycalculator.com.au/,,
brisbane salary calculator,50,10,4,paycalculator.com.au,1,https://paycalculator.com.au/,35,https://pay-calculator-australia.com/pay-calculator-qld/
brutto netto,50,67,2,paycalculator.com.au,5,https://paycalculator.com.au/,,
canada salary,50,59,1,salaryaftertax.com,1,https://salaryaftertax.com/ca/salary-calculator,,
convert annual salary to hourly rate australia,50,3,4,paycalculator.com.au,6,https://paycalculator.com.au/,45,https://pay-calculator-australia.com/hourly-to-annual-salary-calculator/
cost living amsterdam,50,6,1,salaryaftertax.com,12,https://salaryaftertax.com/cost-of-living-calculator/netherlands/amsterdam,,
cost living vancouver,50,0,1,salaryaftertax.com,6,https://salaryaftertax.com/cost-of-living-calculator/canada/vancouver,,
cost of living in amsterdam,50,13,1,salaryaftertax.com,20,https://salaryaftertax.com/cost-of-living-calculator/netherlands/amsterdam,,
cost of living in vancouver,50,0,1,salaryaftertax.com,10,https://salaryaftertax.com/cost-of-living-calculator/canada/vancouver,,
cost of living index vancouver,50,0,1,salaryaftertax.com,7,https://salaryaftertax.com/cost-of-living-calculator/canada/vancouver,,
cost of living vancouver,50,0,1,salaryaftertax.com,10,https://salaryaftertax.com/cost-of-living-calculator/canada/vancouver,,
cost of living vancouver bc,50,0,1,salaryaftertax.com,10,https://salaryaftertax.com/cost-of-living-calculator/canada/vancouver,,
employee earnings and hours,50,36,1,salaryaftertax.com,18,https://salaryaftertax.com/salary-calculator/australia,,
france income tax,50,9,1,salaryaftertax.com,13,https://salaryaftertax.com/fr/salary-calculator,,
france tax income,50,7,1,salaryaftertax.com,19,https://salaryaftertax.com/fr/salary-calculator,,
german salary tax,50,29,1,salaryaftertax.com,4,https://salaryaftertax.com/de/salary-calculator,,
germany gross,50,32,1,salaryaftertax.com,1,https://salaryaftertax.com/de/salary-calculator,,
how much do i earn a year,50,10,4,paycalculator.com.au,1,https://paycalculator.com.au/,32,https://pay-calculator-australia.com/hourly-to-annual-salary-calculator/
how much does an,50,0,1,salaryaftertax.com,19,https://salaryaftertax.com/salary-calculator/australia,38,https://pay-calculator-australia.com/hourly-to-annual-salary-calculator/
how much tax do you pay on 250k in australia,50,17,1,salaryaftertax.com,19,https://salaryaftertax.com/salary-calculator/australia,74,https://pay-calculator-australia.com/tax-on/200000/
how to calculate take-home salary,50,1,4,paycalculator.com.au,1,https://paycalculator.com.au/,,
is $120 000 a good salary in australia,50,0,1,salaryaftertax.com,16,https://salaryaftertax.com/salary-calculator/australia,,
is $30 an hour good australia,50,4,1,salaryaftertax.com,11,https://salaryaftertax.com/salary-calculator/australia,,
is 105k a good salary in australia,50,0,1,salaryaftertax.com,9,https://salaryaftertax.com/salary-calculator/australia,,
is 115k a good salary in australia,50,0,1,salaryaftertax.com,7,https://salaryaftertax.com/salary-calculator/australia,,
italy average income,50,7,1,salaryaftertax.com,19,https://salaryaftertax.com/it/salary-calculator,,
living cost amsterdam,50,6,1,salaryaftertax.com,18,https://salaryaftertax.com/cost-of-living-calculator/netherlands/amsterdam,,
living cost vancouver,50,0,1,salaryaftertax.com,9,https://salaryaftertax.com/cost-of-living-calculator/canada/vancouver,,
living costs amsterdam,50,7,1,salaryaftertax.com,17,https://salaryaftertax.com/cost-of-living-calculator/netherlands/amsterdam,,
living costs vancouver,50,0,1,salaryaftertax.com,8,https://salaryaftertax.com/cost-of-living-calculator/canada/vancouver,,
living expenses amsterdam,50,7,1,salaryaftertax.com,20,https://salaryaftertax.com/cost-of-living-calculator/netherlands/amsterdam,,
living expenses vancouver,50,0,1,salaryaftertax.com,6,https://salaryaftertax.com/cost-of-living-calculator/canada/vancouver,,
living in vancouver cost,50,0,1,salaryaftertax.com,9,https://salaryaftertax.com/cost-of-living-calculator/canada/vancouver,,
luxembourg average salary,50,4,1,salaryaftertax.com,10,https://salaryaftertax.com/lu/salary-calculator,,
minimum wage calculator australia,50,53,4,paycalculator.com.au,9,https://paycalculator.com.au/,57,https://pay-calculator-australia.com/award-rates/
minimum wage with tax,50,30,2,paycalculator.com.au,19,https://paycalculator.com.au/,,
net salary after tax calculator,50,11,4,paycalculator.com.au,2,https://paycalculator.com.au/,67,https://pay-calculator-australia.com/
net to gross salary,50,1,3,paycalculator.com.au,3,https://paycalculator.com.au/,33,https://pay-calculator-australia.com/gross-pay-calculator/
new york city paycheck calculator,50,19,1,salaryaftertax.com,3,https://salaryaftertax.com/us/salary-calculator,,
new york paycheck calculator,50,19,1,salaryaftertax.com,4,https://salaryaftertax.com/us/salary-calculator,,
ny paycheck calculator,50,19,1,salaryaftertax.com,7,https://salaryaftertax.com/us/salary-calculator,,
nyc paycheck calculator,50,5,1,salaryaftertax.com,8,https://salaryaftertax.com/us/salary-calculator,,
pay calculator australia 2025,50,7,4,paycalculator.com.au,1,https://paycalculator.com.au/,,
pay nz,50,28,1,salaryaftertax.com,3,https://salaryaftertax.com/nz/salary-calculator,,
pay scale calculator australia,50,15,4,paycalculator.com.au,1,https://paycalculator.com.au/,32,https://pay-calculator-australia.com/
paycheck calculator ny,50,19,1,salaryaftertax.com,13,https://salaryaftertax.com/us/salary-calculator,,
payroll calculator new york,50,19,1,salaryaftertax.com,6,https://salaryaftertax.com/us/salary-calculator,,
payroll calculator new york city,50,19,1,salaryaftertax.com,5,https://salaryaftertax.com/us/salary-calculator,,
salaries in canada,50,59,1,salaryaftertax.com,6,https://salaryaftertax.com/ca/salary-calculator,,
salaries in uk,50,48,1,salaryaftertax.com,12,https://salaryaftertax.com/salary-calculator/uk,,
salaries uk,50,56,1,salaryaftertax.com,20,https://salaryaftertax.com/salary-calculator/uk,,
salary after tax ireland,50,20,1,salaryaftertax.com,1,https://salaryaftertax.com/ie/salary-calculator,,
salary calculator from net to gross,50,0,4,paycalculator.com.au,3,https://paycalculator.com.au/,35,https://pay-calculator-australia.com/gross-pay-calculator/
salary calculator new york city,50,26,1,salaryaftertax.com,5,https://salaryaftertax.com/us/salary-calculator,,
salary canada,50,43,1,salaryaftertax.com,2,https://salaryaftertax.com/ca/salary-calculator,,
salary in canada,50,54,1,salaryaftertax.com,3,https://salaryaftertax.com/ca/salary-calculator,,
salary in uk,50,34,1,salaryaftertax.com,5,https://salaryaftertax.com/salary-calculator/uk,,
salary tax in netherlands,50,16,1,salaryaftertax.com,7,https://salaryaftertax.com/salary-calculator/netherlands,,
salary tax in sweden,50,18,1,salaryaftertax.com,11,https://salaryaftertax.com/salary-calculator/sweden,,
salary uk,50,41,1,salaryaftertax.com,2,https://salaryaftertax.com/salary-calculator/uk,,
sg tax calculator,50,15,1,salaryaftertax.com,6,https://salaryaftertax.com/salary-calculator/singapore,,
take home pay calculator nz,50,15,1,salaryaftertax.com,3,https://salaryaftertax.com/nz/salary-calculator,,
tax calculation singapore,50,17,1,salaryaftertax.com,9,https://salaryaftertax.com/salary-calculator/singapore,,
tax calculator australia talent,50,20,3,paycalculator.com.au,5,https://paycalculator.com.au/,,
tax calculator singapore,50,15,1,salaryaftertax.com,5,https://salaryaftertax.com/salary-calculator/singapore,,
tax in luxembourg,50,10,1,salaryaftertax.com,19,https://salaryaftertax.com/lu/salary-calculator,,
tax income france,50,9,1,salaryaftertax.com,15,https://salaryaftertax.com/fr/salary-calculator,,
tax income ireland,50,33,1,salaryaftertax.com,15,https://salaryaftertax.com/ie/salary-calculator,,
tax on $2500 per week australia,50,12,3,paycalculator.com.au,9,https://paycalculator.com.au/,37,https://pay-calculator-australia.com/
tax on 240k australia,50,28,1,salaryaftertax.com,12,https://salaryaftertax.com/salary-calculator/australia,64,https://pay-calculator-australia.com/tax-on/200000/
tax on 78000,50,1,1,salaryaftertax.com,15,https://salaryaftertax.com/salary-calculator/australia,50,https://pay-calculator-australia.com/tax-on/75000/
tax return nz calculator,50,0,1,salaryaftertax.com,19,https://salaryaftertax.com/nz/salary-calculator,,
uk salaries,50,39,1,salaryaftertax.com,12,https://salaryaftertax.com/salary-calculator/uk,,
uk salary,50,29,1,salaryaftertax.com,4,https://salaryaftertax.com/salary-calculator/uk,,
vancouver canada cost of living,50,0,1,salaryaftertax.com,16,https://salaryaftertax.com/cost-of-living-calculator/canada/vancouver,,
vancouver cost of living,50,0,1,salaryaftertax.com,9,https://salaryaftertax.com/cost-of-living-calculator/canada/vancouver,,
what is a good salary in melbourne,50,0,1,salaryaftertax.com,17,https://salaryaftertax.com/salary-calculator/australia,,
work out take home pay,50,3,4,paycalculator.com.au,2,https://paycalculator.com.au/,,
work pay,50,25,3,paycalculator.com.au,6,https://paycalculator.com.au/,,
150 plus gst,50,12,1,paycal.com.au,20,https://paycal.com.au/gst-calculator/,,
250 plus gst,50,9,1,paycal.com.au,18,https://paycal.com.au/gst-calculator/,,
81000 after tax australia,50,2,2,paycalculator.com.au,13,https://paycalculator.com.au/,,
abn payslip template,50,0,1,paycal.com.au,1,https://paycal.com.au/payslip-generator/,,
ato due dates 2026,50,0,1,paycal.com.au,19,https://paycal.com.au/tax-calendar/,,
atopayg calculator,50,38,2,paycalculator.com.au,5,https://paycalculator.com.au/,,
aus paye calculator,50,4,3,paycalculator.com.au,1,https://paycalculator.com.au/,,
australian calculator,50,57,3,paycalculator.com.au,1,https://paycalculator.com.au/,,
australian tax invoice template download,50,0,1,paycal.com.au,18,https://paycal.com.au/invoice-generator/,,
awote calculator,50,0,2,paycalculator.com.au,12,https://paycalculator.com.au/,,
bike rego cost nsw,50,3,1,paycal.com.au,17,https://paycal.com.au/vehicle-registration-calculator/,,
calculate gst included,50,7,1,paycal.com.au,20,https://paycal.com.au/gst-calculator/,,
calculate pre tax income,50,5,3,paycalculator.com.au,2,https://paycalculator.com.au/,33,https://pay-calculator-australia.com/gross-pay-calculator/
calculate tax from net pay,50,12,3,paycalculator.com.au,3,https://paycalculator.com.au/,51,https://pay-calculator-australia.com/gross-pay-calculator/
calculating gross pay from net,50,5,3,paycalculator.com.au,2,https://paycalculator.com.au/,33,https://pay-calculator-australia.com/gross-pay-calculator/
calculator 2026,50,22,2,paycalculator.com.au,5,https://paycalculator.com.au/,,
calculator for gross income,50,12,2,paycalculator.com.au,2,https://paycalculator.com.au/,42,https://pay-calculator-australia.com/gross-pay-calculator/
calculator gross income,50,4,2,paycalculator.com.au,2,https://paycalculator.com.au/,46,https://pay-calculator-australia.com/gross-pay-calculator/
calculator salary australia,50,35,3,paycalculator.com.au,1,https://paycalculator.com.au/,,
car registration fee calculator,50,23,1,paycal.com.au,18,https://paycal.com.au/vehicle-registration-calculator/,,
car registration price nsw,50,2,1,paycal.com.au,18,https://paycal.com.au/vehicle-registration-calculator/,,
contract hourly rate calculator,50,0,3,paycal.com.au,1,https://paycal.com.au/contractor-pay-calculator/,73,https://pay-calculator-australia.com/contractor-pay-calculator/
contract pay,50,0,2,paycal.com.au,1,https://paycal.com.au/contractor-pay-calculator/,,
contract rate,50,0,2,paycal.com.au,1,https://paycal.com.au/contractor-pay-calculator/,,
contract rates,50,0,1,paycal.com.au,1,https://paycal.com.au/contractor-pay-calculator/,,
contracting hourly rate calculator,50,0,2,paycal.com.au,1,https://paycal.com.au/contractor-pay-calculator/,75,https://pay-calculator-australia.com/contractor-pay-calculator/
contracting rate,50,0,1,paycal.com.au,1,https://paycal.com.au/contractor-pay-calculator/,,
contracting rates,50,0,1,paycal.com.au,2,https://paycal.com.au/contractor-pay-calculator/,,
contracting salary,50,0,2,paycal.com.au,1,https://paycal.com.au/contractor-pay-calculator/,45,https://pay-calculator-australia.com/contractor-pay-calculator/
contractor hourly rate calculator,50,0,3,paycal.com.au,1,https://paycal.com.au/contractor-pay-calculator/,65,https://pay-calculator-australia.com/contractor-pay-calculator/
contractor pay,50,0,3,paycal.com.au,1,https://paycal.com.au/contractor-pay-calculator/,89,https://pay-calculator-australia.com/contractor-vs-employee/
contractor payments,50,0,1,paycal.com.au,9,https://paycal.com.au/contractor-pay-calculator/,,
contractor rate,50,0,1,paycal.com.au,1,https://paycal.com.au/contractor-pay-calculator/,63,https://pay-calculator-australia.com/contractor-pay-calculator/
contractor salary,50,0,2,paycal.com.au,1,https://paycal.com.au/contractor-pay-calculator/,68,https://pay-calculator-australia.com/contractor-pay-calculator/
contractor tax rate,50,0,1,paycal.com.au,12,https://paycal.com.au/contractor-pay-calculator/,40,https://pay-calculator-australia.com/contractor-pay-calculator/
contractor tax rates,50,2,1,paycal.com.au,8,https://paycal.com.au/contractor-pay-calculator/,68,https://pay-calculator-australia.com/contractor-pay-calculator/
contractors tax rate,50,0,1,paycal.com.au,11,https://paycal.com.au/contractor-pay-calculator/,45,https://pay-calculator-australia.com/contractor-pay-calculator/
daily rate to annual salary,50,5,3,paycalculator.com.au,1,https://paycalculator.com.au/,58,https://pay-calculator-australia.com/hourly-to-annual-salary-calculator/
does gross annual salary include super,50,0,2,paycalculator.com.au,8,https://paycalculator.com.au/,35,https://pay-calculator-australia.com/gross-pay-calculator/
earnings calculator,50,19,3,paycalculator.com.au,1,https://paycalculator.com.au/,46,https://pay-calculator-australia.com/pay-calculator-wa/
easy pay slip,50,9,1,paycal.com.au,16,https://paycal.com.au/payslip-generator/,,
employee pay slip,50,0,1,paycal.com.au,14,https://paycal.com.au/payslip-generator/,,
employee payslip,50,0,1,paycal.com.au,20,https://paycal.com.au/payslip-generator/,,
ev fbt exemption calculator,50,5,1,paycal.com.au,3,https://paycal.com.au/ev-ice-novated-lease-calculator/,,
excel payslip template australia,50,0,1,paycal.com.au,7,https://paycal.com.au/payslip-generator/,,
fair trading pay calculator,50,20,3,paycalculator.com.au,10,https://paycalculator.com.au/,48,https://pay-calculator-australia.com/award-rates/
fortnightly calculator,50,9,3,paycalculator.com.au,2,https://paycalculator.com.au/,32,https://pay-calculator-australia.com/
free tax invoice,50,12,1,paycal.com.au,4,https://paycal.com.au/invoice-generator/,,
free tax invoices,50,4,1,paycal.com.au,3,https://paycal.com.au/invoice-generator/,,
gross income estimator,50,2,3,paycalculator.com.au,2,https://paycalculator.com.au/,34,https://pay-calculator-australia.com/gross-pay-calculator/
gross salary include super,50,3,2,paycalculator.com.au,9,https://paycalculator.com.au/,,
gst component calculator,50,7,2,australiapaycalculator.com.au,17,https://australiapaycalculator.com.au/gst-calculator/,,
gst inc,50,34,1,paycal.com.au,11,https://paycal.com.au/gst-calculator/,,
gst included calculator,50,8,1,paycal.com.au,18,https://paycal.com.au/gst-calculator/,,
hourly rate calculator contractor,50,0,3,paycal.com.au,1,https://paycal.com.au/contractor-pay-calculator/,68,https://pay-calculator-australia.com/contractor-pay-calculator/
how much do i make after taxes,50,9,2,paycalculator.com.au,2,https://paycalculator.com.au/,,
how much gst do i charge,50,15,1,paycal.com.au,19,https://paycal.com.au/gst-calculator/,,
how much pay after tax,50,6,3,paycalculator.com.au,2,https://paycalculator.com.au/,67,https://pay-calculator-australia.com/
how much tax deduction from salary,50,12,2,paycalculator.com.au,15,https://paycalculator.com.au/,54,https://pay-calculator-australia.com/tax-deductions-guide/
how much tax is taken out of paycheck,50,5,2,paycalculator.com.au,5,https://paycalculator.com.au/,,
how much tax refund australia,50,28,1,paycal.com.au,20,https://paycal.com.au/blogs/maximizing-tax-refund-australia/,,
how much taxes are taken out of paycheck,50,8,3,paycalculator.com.au,9,https://paycalculator.com.au/,,
how much will i make after taxes,50,5,3,paycalculator.com.au,2,https://paycalculator.com.au/,90,https://pay-calculator-australia.com/pay-calculator-vic/
how much will make after taxes,50,0,3,paycalculator.com.au,5,https://paycalculator.com.au/,46,https://pay-calculator-australia.com/pay-calculator-vic/
how much would i make after taxes,50,4,2,paycalculator.com.au,2,https://paycalculator.com.au/,,
how much would interest rates rise,50,5,1,paycal.com.au,18,https://paycal.com.au/rate-cut-calculator/,,
how to calculate after tax income,50,10,3,paycalculator.com.au,2,https://paycalculator.com.au/,51,https://pay-calculator-australia.com/
how to calculate annual salary from weekly pay,50,6,3,paycalculator.com.au,1,https://paycalculator.com.au/,52,https://pay-calculator-australia.com/weekly-pay-calculator/
how to calculate gross payment,50,5,3,paycalculator.com.au,4,https://paycalculator.com.au/,32,https://pay-calculator-australia.com/gross-pay-calculator/
how to calculate income after tax,50,11,2,paycalculator.com.au,5,https://paycalculator.com.au/,,
how to calculate paycheck,50,40,3,paycalculator.com.au,1,https://paycalculator.com.au/,65,https://pay-calculator-australia.com/
how to calculate take home pay,50,1,3,paycalculator.com.au,7,https://paycalculator.com.au/,,
how to calculate tax from salary,50,9,2,paycalculator.com.au,2,https://paycalculator.com.au/,,
how to calculate tax on salary,50,9,3,paycalculator.com.au,2,https://paycalculator.com.au/,,
how to calculate tax weekly,50,11,3,paycalculator.com.au,2,https://paycalculator.com.au/,,
how to calculate weekly pay from annual salary,50,3,3,paycalculator.com.au,1,https://paycalculator.com.au/,31,https://pay-calculator-australia.com/weekly-pay-calculator/
how to calculate weekly salary from annual,50,1,3,paycalculator.com.au,1,https://paycalculator.com.au/,32,https://pay-calculator-australia.com/hourly-to-annual-salary-calculator/
how to calculate weekly tax,50,11,2,paycalculator.com.au,2,https://paycalculator.com.au/,,
how to find gross wages,50,0,3,paycalculator.com.au,7,https://paycalculator.com.au/,46,https://pay-calculator-australia.com/gross-pay-calculator/
how to pay tax as a contractor australia,50,12,1,paycal.com.au,20,https://paycal.com.au/contractor-pay-calculator/,,
income calculator nsw,50,11,3,paycalculator.com.au,1,https://paycalculator.com.au/,37,https://pay-calculator-australia.com/pay-calculator-nsw/
income tax calculator net,50,12,2,paycalculator.com.au,2,https://paycalculator.com.au/,,
income weekly calculator,50,4,3,paycalculator.com.au,1,https://paycalculator.com.au/,38,https://pay-calculator-australia.com/weekly-pay-calculator/
individual payg calculator,50,15,3,paycalculator.com.au,3,https://paycalculator.com.au/,,
money after tax calculator,50,10,3,paycalculator.com.au,3,https://paycalculator.com.au/,74,https://pay-calculator-australia.com/
money calculator after tax,50,7,3,paycalculator.com.au,2,https://paycalculator.com.au/,,
motor vehicle stamp duty qld calculator,50,2,1,paycal.com.au,14,https://paycal.com.au/vehicle-registration-calculator/,,
my wage,50,22,3,paycalculator.com.au,7,https://paycalculator.com.au/,,
my wages,50,21,2,paycalculator.com.au,6,https://paycalculator.com.au/,,
net calculator australia,50,5,3,paycalculator.com.au,1,https://paycalculator.com.au/,58,https://pay-calculator-australia.com/gross-pay-calculator/
net income after tax calculator,50,13,3,paycalculator.com.au,2,https://paycalculator.com.au/,,
net income gross income calculator,50,4,2,paycalculator.com.au,3,https://paycalculator.com.au/,41,https://pay-calculator-australia.com/gross-pay-calculator/
net income tax calculator,50,11,2,paycalculator.com.au,1,https://paycalculator.com.au/,,
net monthly income calculator,50,7,3,paycalculator.com.au,1,https://paycalculator.com.au/,37,https://pay-calculator-australia.com/monthly-pay-calculator/
net to gross income,50,5,3,paycalculator.com.au,3,https://paycalculator.com.au/,39,https://pay-calculator-australia.com/gross-pay-calculator/
net to gross pay calculator,50,1,3,paycalculator.com.au,3,https://paycalculator.com.au/,37,https://pay-calculator-australia.com/gross-pay-calculator/
novated lease calculator excel,50,0,1,paycal.com.au,3,https://paycal.com.au/ev-ice-novated-lease-calculator/,,
novated lease spreadsheet,50,0,1,paycal.com.au,3,https://paycal.com.au/ev-ice-novated-lease-calculator/,,
nsw registration refund calculator,50,6,1,paycal.com.au,7,https://paycal.com.au/vehicle-registration-calculator/,,
nsw rego transfer calculator,50,17,1,paycal.com.au,4,https://paycal.com.au/vehicle-registration-calculator/,,
on road cost calculator nsw,50,11,1,paycal.com.au,6,https://paycal.com.au/vehicle-registration-calculator/,,
on road cost calculator vic,50,11,1,paycal.com.au,12,https://paycal.com.au/vehicle-registration-calculator/,,
on road costs calculator nsw,50,0,1,paycal.com.au,6,https://paycal.com.au/vehicle-registration-calculator/,,
on road costs calculator qld,50,4,1,paycal.com.au,13,https://paycal.com.au/vehicle-registration-calculator/,,
on-road cost calculator nsw,50,0,1,paycal.com.au,6,https://paycal.com.au/vehicle-registration-calculator/,,
on-road cost calculator vic,50,11,1,paycal.com.au,12,https://paycal.com.au/vehicle-registration-calculator/,,
on-road costs calculator nsw,50,11,1,paycal.com.au,6,https://paycal.com.au/vehicle-registration-calculator/,,
on-road costs calculator qld,50,4,1,paycal.com.au,14,https://paycal.com.au/vehicle-registration-calculator/,,
on-road costs calculator vic,50,11,1,paycal.com.au,16,https://paycal.com.au/vehicle-registration-calculator/,,
pay per week calculator,50,8,3,paycalculator.com.au,1,https://paycalculator.com.au/,33,https://pay-calculator-australia.com/
pay rate calculator qld,50,16,3,paycalculator.com.au,3,https://paycalculator.com.au/,35,https://pay-calculator-australia.com/pay-calculator-qld/
pay slip australia,50,0,1,paycal.com.au,3,https://paycal.com.au/payslip-generator/,,
pay withholding calculator,50,6,3,paycalculator.com.au,2,https://paycalculator.com.au/,,
paye rate,50,35,2,paycalculator.com.au,8,https://paycalculator.com.au/,,
payg income calculator,50,24,3,paycalculator.com.au,1,https://paycalculator.com.au/,,
payroll calculator net to gross,50,0,3,paycalculator.com.au,2,https://paycalculator.com.au/,35,https://pay-calculator-australia.com/gross-pay-calculator/
payscale calculator australia,50,12,3,paycalculator.com.au,1,https://paycalculator.com.au/,57,https://pay-calculator-australia.com/
payslip codes australia pdf,50,0,1,paycal.com.au,11,https://paycal.com.au/payslip-generator/,,
payslip generator online free,50,0,1,paycal.com.au,2,https://paycal.com.au/payslip-generator/,,
pre tax income calculator,50,6,3,paycalculator.com.au,3,https://paycalculator.com.au/,44,https://pay-calculator-australia.com/gross-pay-calculator/
pre-tax income calculator,50,7,3,paycalculator.com.au,2,https://paycalculator.com.au/,44,https://pay-calculator-australia.com/gross-pay-calculator/
quote template australia,50,0,1,paycal.com.au,14,https://paycal.com.au/quote-generator/,,
quote templates australia,50,0,1,paycal.com.au,13,https://paycal.com.au/quote-generator/,,
registration calculator qld,50,13,1,paycal.com.au,17,https://paycal.com.au/vehicle-registration-calculator/,,
rego cost calculator wa,50,17,1,paycal.com.au,17,https://paycal.com.au/vehicle-registration-calculator/,,
rego nsw price,50,2,1,paycal.com.au,18,https://paycal.com.au/vehicle-registration-calculator/,,
rego price check qld,50,15,1,paycal.com.au,14,https://paycal.com.au/vehicle-registration-calculator/,,
rego refund calculator qld,50,2,1,paycal.com.au,9,https://paycal.com.au/vehicle-registration-calculator/,,
salary base,50,1,1,paycal.com.au,20,https://paycal.com.au/,,
salary calculator net to gross,50,0,3,paycalculator.com.au,2,https://paycalculator.com.au/,39,https://pay-calculator-australia.com/gross-pay-calculator/
salary converter to hourly,50,33,3,paycalculator.com.au,9,https://paycalculator.com.au/,63,https://pay-calculator-australia.com/hourly-to-annual-salary-calculator/
salary cost,50,12,2,paycalculator.com.au,1,https://paycalculator.com.au/,47,https://pay-calculator-australia.com/employer-cost-calculator/
salary inclusive of superannuation,50,3,3,paycalculator.com.au,2,https://paycalculator.com.au/,,
salary on costs calculator australia,50,0,3,paycalculator.com.au,8,https://paycalculator.com.au/,68,https://pay-calculator-australia.com/employer-cost-calculator/
salary package calculator australia,50,15,2,paycalculator.com.au,1,https://paycalculator.com.au/,,
salary to weekly calculator,50,7,3,paycalculator.com.au,1,https://paycalculator.com.au/,45,https://pay-calculator-australia.com/weekly-pay-calculator/
seek tax calculator australia,50,5,2,paycalculator.com.au,4,https://paycalculator.com.au/,,
service nsw calculator,50,19,1,paycal.com.au,15,https://paycal.com.au/vehicle-registration-calculator/,,
stamp duty motor vehicle nsw,50,8,1,paycal.com.au,19,https://paycal.com.au/vehicle-registration-calculator/,,
superannuation tax calculator,50,16,2,paycalculator.com.au,9,https://paycalculator.com.au/,,
tax calculator 2026 weekly,50,38,3,paycalculator.com.au,2,https://paycalculator.com.au/,67,https://pay-calculator-australia.com/
tax calculator annual salary,50,9,2,paycalculator.com.au,3,https://paycalculator.com.au/,,
tax calculator net income,50,13,2,paycalculator.com.au,2,https://paycalculator.com.au/,,
tax calculator net pay,50,6,3,paycalculator.com.au,1,https://paycalculator.com.au/,,
tax rate for contractors,50,0,1,paycal.com.au,11,https://paycal.com.au/contractor-pay-calculator/,77,https://pay-calculator-australia.com/contractor-pay-calculator/
tax rates for contractors,50,0,1,paycal.com.au,12,https://paycal.com.au/contractor-pay-calculator/,41,https://pay-calculator-australia.com/contractor-pay-calculator/
tax salary,50,32,2,paycalculator.com.au,1,https://paycalculator.com.au/,,
tax withholding calculator 2025,50,13,3,paycalculator.com.au,6,https://paycalculator.com.au/,63,https://pay-calculator-australia.com/income-tax-calculator/
tax withholding calculator for paycheck,50,12,3,paycalculator.com.au,2,https://paycalculator.com.au/,,
tax withholding calculator paycheck,50,14,3,paycalculator.com.au,2,https://paycalculator.com.au/,,
tax withholding paycheck calculator,50,39,3,paycalculator.com.au,2,https://paycalculator.com.au/,70,https://pay-calculator-australia.com/
tfr salary,50,6,2,paycal.com.au,4,https://paycal.com.au/,,
vehicle registration fee calculator,50,23,1,paycal.com.au,17,https://paycal.com.au/vehicle-registration-calculator/,,
vehicle registration fees calculator,50,23,1,paycal.com.au,13,https://paycal.com.au/vehicle-registration-calculator/,,
weekly take home pay calculator australia,50,4,3,paycalculator.com.au,1,https://paycalculator.com.au/,33,https://pay-calculator-australia.com/weekly-pay-calculator/
weekly to yearly salary,50,24,3,paycalculator.com.au,1,https://paycalculator.com.au/,36,https://pay-calculator-australia.com/annual-pay-calculator/
weekly wage,50,19,3,paycalculator.com.au,3,https://paycalculator.com.au/,39,https://pay-calculator-australia.com/weekly-pay-calculator/
what is $45 an hour annually,50,0,2,paycalculator.com.au,11,https://www.paycalculator.com.au/classic/,31,https://pay-calculator-australia.com/hourly-to-salary/45/
what pay should i be getting,50,53,3,paycalculator.com.au,3,https://paycalculator.com.au/,51,https://pay-calculator-australia.com/award-rates/
what should i be getting paid,50,11,2,australiapaycalculator.com.au,15,https://australiapaycalculator.com.au/,,
what should my pay be,50,53,3,paycalculator.com.au,3,https://paycalculator.com.au/,73,https://pay-calculator-australia.com/pay-calculator-vic/
work out tax on pay,50,38,3,paycalculator.com.au,3,https://paycalculator.com.au/,45,https://pay-calculator-australia.com/
work out tax to pay,50,28,2,paycalculator.com.au,3,https://paycalculator.com.au/,,
australian tax brackets 2026--27,50,32,1,australiapaycalculator.com.au,20,https://australiapaycalculator.com.au/tax-bracket/,63,https://pay-calculator-australia.com/tax-brackets/
babysitter pay rate australia calculator,50,0,1,australiapaycalculator.com.au,19,https://australiapaycalculator.com.au/,,
base rate pay,50,19,1,australiapaycalculator.com.au,19,https://australiapaycalculator.com.au/,42,https://pay-calculator-australia.com/award-rates/
base rate salary australia,50,18,1,australiapaycalculator.com.au,14,https://australiapaycalculator.com.au/,,
calculate double time,50,7,1,australiapaycalculator.com.au,20,https://australiapaycalculator.com.au/,69,https://pay-calculator-australia.com/overtime-pay-calculator/
double time and a half calculator,50,11,1,australiapaycalculator.com.au,16,https://australiapaycalculator.com.au/,61,https://pay-calculator-australia.com/overtime-pay-calculator/
fair wage calculator,50,16,2,paycalculator.com.au,4,https://paycalculator.com.au/,,
fair work commission pay calculator,50,20,1,australiapaycalculator.com.au,18,https://australiapaycalculator.com.au/,,
fair work pay calculator qld,50,17,2,paycalculator.com.au,11,https://paycalculator.com.au/,55,https://pay-calculator-australia.com/pay-calculator-qld/
fifo tax calculator,50,0,2,paycalculator.com.au,4,https://paycalculator.com.au/,72,https://pay-calculator-australia.com/
fortnightly tax table calculator,50,23,2,paycalculator.com.au,4,https://paycalculator.com.au/,55,https://pay-calculator-australia.com/fortnightly-pay-calculator/
fte salary,50,0,2,paycalculator.com.au,9,https://paycalculator.com.au/,,
full time pay rate,50,30,1,australiapaycalculator.com.au,15,https://australiapaycalculator.com.au/,42,https://pay-calculator-australia.com/award-rates/
gross income before or after taxes,50,0,2,paycalculator.com.au,8,https://paycalculator.com.au/,78,https://pay-calculator-australia.com/gross-pay-calculator/
holiday next weekend,50,36,1,australiapaycalculator.com.au,20,https://australiapaycalculator.com.au/long-weekends-planner/,,
hours per month,50,0,1,australiapaycalculator.com.au,9,https://australiapaycalculator.com.au/,,
how do you calculate pay,50,14,2,paycalculator.com.au,1,https://paycalculator.com.au/,37,https://pay-calculator-australia.com/monthly-pay-calculator/
how much tax comes out of my pay,50,13,2,paycalculator.com.au,3,https://paycalculator.com.au/,,
how much tax do i pay australia calculator,50,38,2,paycalculator.com.au,3,https://paycalculator.com.au/,,
how much tax do i pay on $1600 per week,50,3,2,australiapaycalculator.com.au,12,https://australiapaycalculator.com.au/,,
how much tax on $2000 per week,50,11,2,australiapaycalculator.com.au,13,https://australiapaycalculator.com.au/,,
how to calculate gross wages,50,10,2,paycalculator.com.au,2,https://paycalculator.com.au/,33,https://pay-calculator-australia.com/gross-pay-calculator/
how to calculate how much tax i pay,50,28,2,paycalculator.com.au,5,https://paycalculator.com.au/,,
how to calculate pro rata,50,0,1,australiapaycalculator.com.au,6,https://australiapaycalculator.com.au/,,
how to work out hourly rate from salary,50,4,2,paycalculator.com.au,8,https://paycalculator.com.au/,31,https://pay-calculator-australia.com/hourly-to-annual-salary-calculator/
how to work out your hourly rate,50,4,2,paycalculator.com.au,12,https://paycalculator.com.au/,42,https://pay-calculator-australia.com/hourly-to-annual-salary-calculator/
including gst calculator,50,8,1,australiapaycalculator.com.au,15,https://australiapaycalculator.com.au/gst-calculator/,,
is it a long weekend in qld this weekend,50,11,1,australiapaycalculator.com.au,11,https://australiapaycalculator.com.au/long-weekends-planner/,,
is it a long weekend in victoria this weekend,50,37,1,australiapaycalculator.com.au,13,https://australiapaycalculator.com.au/long-weekends-planner/,,
is it a long weekend this week,50,17,1,australiapaycalculator.com.au,16,https://australiapaycalculator.com.au/long-weekends-planner/,,
live in melbourne salary calculator,50,6,2,paycalculator.com.au,4,https://paycalculator.com.au/,,
long weekend holiday,50,0,1,australiapaycalculator.com.au,4,https://australiapaycalculator.com.au/long-weekends-planner/,,
long weekend holidays,50,0,1,australiapaycalculator.com.au,7,https://australiapaycalculator.com.au/long-weekends-planner/,,
net taxable income calculator,50,11,2,paycalculator.com.au,4,https://paycalculator.com.au/,,
new tax bracket australia,50,37,1,australiapaycalculator.com.au,18,https://australiapaycalculator.com.au/tax-bracket/,41,https://pay-calculator-australia.com/tax-brackets/
pact award calculator,50,13,1,australiapaycalculator.com.au,18,https://australiapaycalculator.com.au/,56,https://pay-calculator-australia.com/award-rates/
part time yearly salary,50,14,2,paycalculator.com.au,1,https://paycalculator.com.au/,55,https://pay-calculator-australia.com/employment-type-calculator/
penalty rate calculator,50,0,2,paycalculator.com.au,13,https://paycalculator.com.au/,56,https://pay-calculator-australia.com/overtime-pay-calculator/
per month,50,2,1,australiapaycalculator.com.au,8,https://australiapaycalculator.com.au/,31,https://pay-calculator-australia.com/monthly-pay-calculator/
pre tax calculator,50,5,2,paycalculator.com.au,5,https://paycalculator.com.au/,69,https://pay-calculator-australia.com/
pre tax income,50,9,2,paycalculator.com.au,5,https://paycalculator.com.au/,53,https://pay-calculator-australia.com/gross-pay-calculator/
pre-tax calculator,50,5,2,paycalculator.com.au,5,https://paycalculator.com.au/,,
pre-tax income,50,9,2,paycalculator.com.au,5,https://paycalculator.com.au/,52,https://pay-calculator-australia.com/gross-pay-calculator/
pro rata part-time,50,0,1,australiapaycalculator.com.au,3,https://australiapaycalculator.com.au/,70,https://pay-calculator-australia.com/employment-type-calculator/
public holiday weekend,50,66,1,australiapaycalculator.com.au,16,https://australiapaycalculator.com.au/australian-public-holidays/,,
public holidays australia victoria,50,6,1,australiapaycalculator.com.au,16,https://australiapaycalculator.com.au/australian-public-holidays/,,
recent public holidays,50,66,1,australiapaycalculator.com.au,18,https://australiapaycalculator.com.au/australian-public-holidays/,,
salary on-costs calculator australia,50,0,2,paycalculator.com.au,10,https://paycalculator.com.au/,68,https://pay-calculator-australia.com/employer-cost-calculator/
salary percentage calculator,50,11,2,paycalculator.com.au,4,https://paycalculator.com.au/,,
salary to hourly conversion calculator,50,33,2,paycalculator.com.au,9,https://paycalculator.com.au/,59,https://pay-calculator-australia.com/hourly-to-annual-salary-calculator/
tax brackets australia 2026--27,50,35,1,australiapaycalculator.com.au,17,https://australiapaycalculator.com.au/tax-bracket/,66,https://pay-calculator-australia.com/tax-brackets/
tax per week calculator ato australia,50,38,2,paycalculator.com.au,4,https://paycalculator.com.au/,,
tax per week calculator ato nsw,50,39,2,paycalculator.com.au,3,https://paycalculator.com.au/,,
tax rates 2026 financial year,50,42,1,australiapaycalculator.com.au,17,https://australiapaycalculator.com.au/tax-bracket/,47,https://pay-calculator-australia.com/tax-brackets/
tax withdrawal calculator,50,10,2,paycalculator.com.au,8,https://paycalculator.com.au/,75,https://pay-calculator-australia.com/tax-return-calculator/
weekly tax withholding calculator,50,23,2,paycalculator.com.au,6,https://paycalculator.com.au/,,
what is the hourly rate,50,19,1,australiapaycalculator.com.au,19,https://australiapaycalculator.com.au/,34,https://pay-calculator-australia.com/award-rates/
what is your gross income,50,0,2,paycalculator.com.au,13,https://paycalculator.com.au/,49,https://pay-calculator-australia.com/gross-pay-calculator/
what long weekend is coming up,50,52,1,australiapaycalculator.com.au,14,https://australiapaycalculator.com.au/long-weekends-planner/,,
what should my salary be,50,37,1,australiapaycalculator.com.au,15,https://australiapaycalculator.com.au/,,
what should my wage be,50,25,2,paycalculator.com.au,12,https://paycalculator.com.au/,35,https://pay-calculator-australia.com/hourly-to-annual-salary-calculator/
when is the next long weekend in melbourne,50,37,1,australiapaycalculator.com.au,13,https://australiapaycalculator.com.au/long-weekends-planner/,,
ytd annual income calculator,50,0,2,paycalculator.com.au,13,https://paycalculator.com.au/,58,https://pay-calculator-australia.com/ytd-income-calculator/
ytd calculator australia,50,0,2,paycalculator.com.au,14,https://paycalculator.com.au/,34,https://pay-calculator-australia.com/ytd-income-calculator/
2024 to 2025 tax calculator,50,38,1,paycalculator.com.au,8,https://paycalculator.com.au/,,
2025 tax calculator australia,50,38,1,paycalculator.com.au,4,https://paycalculator.com.au/,78,https://pay-calculator-australia.com/tax-on/125000/
482 visa tax calculator,50,28,1,paycalculator.com.au,4,https://paycalculator.com.au/,,
52000 after tax australia,50,2,1,paycalculator.com.au,15,https://paycalculator.com.au/,,
72k after tax australia,50,1,1,paycalculator.com.au,12,https://www.paycalculator.com.au/classic/,51,https://pay-calculator-australia.com/tax-on/70000/
94000 after tax australia,50,0,1,paycalculator.com.au,13,https://paycalculator.com.au/,49,https://pay-calculator-australia.com/take-home-pay-on/95000/
adp free payroll calculator,50,17,1,paycalculator.com.au,12,https://paycalculator.com.au/,,
amount payable,50,0,1,paycalculator.com.au,11,https://paycalculator.com.au/,,
annual income tax,50,46,1,paycalculator.com.au,10,https://paycalculator.com.au/,,
annual net income,50,3,1,paycalculator.com.au,8,https://paycalculator.com.au/,,
ato tax calculator 2024-25,50,41,1,paycalculator.com.au,7,https://paycalculator.com.au/,,
ato tax estimate calculator,50,19,1,paycalculator.com.au,14,https://paycalculator.com.au/,,
aus pay net,50,19,1,paycalculator.com.au,3,https://paycalculator.com.au/,,
australia income percentile calculator,50,18,1,paycalculator.com.au,2,https://paycalculator.com.au/,,
australia income tax calculator 2025,50,38,1,paycalculator.com.au,3,https://paycalculator.com.au/,,
australian personal income tax calculator,50,37,1,paycalculator.com.au,3,https://paycalculator.com.au/,,
australian self employed tax calculator,50,19,1,paycalculator.com.au,12,https://paycalculator.com.au/,,
base rate salary,50,8,1,paycalculator.com.au,13,https://paycalculator.com.au/,,
basic tax calculator australia,50,25,1,paycalculator.com.au,4,https://paycalculator.com.au/,,
benefit tax calculator,50,9,1,paycalculator.com.au,6,https://paycalculator.com.au/,71,https://pay-calculator-australia.com/
benefits tax calculator,50,28,1,paycalculator.com.au,3,https://paycalculator.com.au/,69,https://pay-calculator-australia.com/
business income tax calculator,50,24,1,paycalculator.com.au,8,https://paycalculator.com.au/,,
calculate tax on annual salary,50,28,1,paycalculator.com.au,3,https://paycalculator.com.au/,,
calculate tax rate on income,50,38,1,paycalculator.com.au,3,https://paycalculator.com.au/,,
calculate tax return online,50,19,1,paycalculator.com.au,9,https://paycalculator.com.au/,,
calculate taxes owed,50,10,1,paycalculator.com.au,14,https://paycalculator.com.au/,,
calculator hst,50,15,1,paycalculator.com.au,14,https://paycalculator.com.au/,,
calculator tax benefit,50,28,1,paycalculator.com.au,6,https://paycalculator.com.au/,,
car allowance australia calculator,50,0,1,paycalculator.com.au,13,https://paycalculator.com.au/,,
car allowance calculator australia,50,0,1,paycalculator.com.au,14,https://paycalculator.com.au/,,
centrelink back pay calculator,50,19,1,paycalculator.com.au,14,https://paycalculator.com.au/,,
centrelink tax calculator,50,8,1,paycalculator.com.au,12,https://paycalculator.com.au/,,
claim tax calculator,50,28,1,paycalculator.com.au,13,https://paycalculator.com.au/,,
compensation calculator,50,1,1,paycalculator.com.au,5,https://paycalculator.com.au/,,
compensation calculator australia,50,0,1,paycalculator.com.au,9,https://paycalculator.com.au/,,
compensation estimator,50,0,1,paycalculator.com.au,17,https://paycalculator.com.au/,,
ct calculator,50,4,1,paycalculator.com.au,17,https://paycalculator.com.au/,,
doordash tax calculator australia,50,0,1,paycalculator.com.au,14,https://paycalculator.com.au/,,
effective tax rate calculator australia,50,28,1,paycalculator.com.au,3,https://paycalculator.com.au/,,
employer super contribution calculator,50,5,1,paycalculator.com.au,17,https://paycalculator.com.au/,,
employment income,50,0,1,paycalculator.com.au,11,https://paycalculator.com.au/,,
estimated tax payable,50,28,1,paycalculator.com.au,8,https://paycalculator.com.au/,,
estimated tax payment,50,37,1,paycalculator.com.au,8,https://paycalculator.com.au/,,
estimated tax payments,50,28,1,paycalculator.com.au,5,https://paycalculator.com.au/,,
estimating income,50,17,1,paycalculator.com.au,3,https://paycalculator.com.au/,,
find my salary,50,41,1,paycalculator.com.au,6,https://paycalculator.com.au/,,
hecs debt repayment rate,50,6,1,paycalculator.com.au,12,https://paycalculator.com.au/student-loan/,34,https://pay-calculator-australia.com/hecs-help-calculator/
hecs repayment amount,50,12,1,paycalculator.com.au,8,https://paycalculator.com.au/student-loan/,,
help debt threshold 2025,50,8,1,paycalculator.com.au,13,https://paycalculator.com.au/student-loan/,78,https://pay-calculator-australia.com/hecs-help-guide/
how calculate tax rate,50,38,1,paycalculator.com.au,4,https://paycalculator.com.au/,,
how do i work,50,13,1,paycalculator.com.au,8,https://paycalculator.com.au/,,
how do i work out how much tax i pay,50,38,1,paycalculator.com.au,7,https://paycalculator.com.au/,,
how do you calculate the tax rate,50,38,1,paycalculator.com.au,8,https://paycalculator.com.au/,,
how long does it take to pay off hecs,50,0,1,paycalculator.com.au,2,https://paycalculator.com.au/student-loan/,,
how much am i taxed,50,32,1,paycalculator.com.au,8,https://paycalculator.com.au/,,
how much do taxes take out,50,32,1,paycalculator.com.au,5,https://paycalculator.com.au/,,
how much do we pay in taxes,50,37,1,paycalculator.com.au,9,https://paycalculator.com.au/,,
how much does earn,50,0,1,paycalculator.com.au,14,https://paycalculator.com.au/,,
how much family tax benefit will i get calculator,50,4,1,paycalculator.com.au,19,https://paycalculator.com.au/,,
how much i have to pay tax,50,33,1,paycalculator.com.au,15,https://paycalculator.com.au/,,
how much i pay for tax,50,38,1,paycalculator.com.au,5,https://paycalculator.com.au/,,
how much is $35 an hour annually,50,0,1,paycalculator.com.au,14,https://www.paycalculator.com.au/classic/,37,https://pay-calculator-australia.com/hourly-to-salary/35/
how much is $40 an hour annually,50,0,1,paycalculator.com.au,11,https://www.paycalculator.com.au/classic/,33,https://pay-calculator-australia.com/hourly-to-annual-salary-calculator/
how much pay in taxes,50,25,1,paycalculator.com.au,18,https://paycalculator.com.au/,,
how much pay tax,50,38,1,paycalculator.com.au,4,https://paycalculator.com.au/,,
how much tax 100k,50,6,1,paycalculator.com.au,8,https://paycalculator.com.au/,56,https://pay-calculator-australia.com/take-home-pay-on/100000/
how much tax deduct on salary,50,32,1,paycalculator.com.au,10,https://paycalculator.com.au/,52,https://pay-calculator-australia.com/tax-deductions-guide/
how much tax do i pay in australia calculator,50,38,1,paycalculator.com.au,5,https://paycalculator.com.au/,,
how much tax do i pay on 100 000,50,5,1,paycalculator.com.au,19,https://paycalculator.com.au/,58,https://pay-calculator-australia.com/tax-on/100000/
how much tax is taken out of pay,50,10,1,paycalculator.com.au,4,https://paycalculator.com.au/,77,https://pay-calculator-australia.com/
how much tax should i pay on my income,50,28,1,paycalculator.com.au,3,https://paycalculator.com.au/,,
how much tax taken out of pay,50,10,1,paycalculator.com.au,8,https://paycalculator.com.au/,79,https://pay-calculator-australia.com/
how much to pay tax,50,38,1,paycalculator.com.au,6,https://paycalculator.com.au/,,
how much will i be taxed calculator,50,13,1,paycalculator.com.au,6,https://paycalculator.com.au/,,
how much will i get taxed calculator,50,25,1,paycalculator.com.au,8,https://paycalculator.com.au/,,
how my tax is calculated,50,26,1,paycalculator.com.au,5,https://paycalculator.com.au/,,
how tax is calculated on salary,50,33,1,paycalculator.com.au,3,https://paycalculator.com.au/,,
how to calculate payg withholding,50,20,1,paycalculator.com.au,10,https://paycalculator.com.au/,,
how to calculate tax rate,50,32,1,paycalculator.com.au,17,https://paycalculator.com.au/,,
income estimate,50,22,1,paycalculator.com.au,2,https://paycalculator.com.au/,,
income tax bracket calculator,50,38,1,paycalculator.com.au,7,https://paycalculator.com.au/,,
income tax calculator 2024-25,50,28,1,paycalculator.com.au,5,https://paycalculator.com.au/,70,https://pay-calculator-australia.com/income-tax-calculator/
income tax calculator business,50,19,1,paycalculator.com.au,10,https://paycalculator.com.au/,,
income tax calculator for business,50,19,1,paycalculator.com.au,12,https://paycalculator.com.au/,,
income tax calculator moneysmart,50,21,1,paycalculator.com.au,5,https://paycalculator.com.au/,,
income tax calculator rate,50,28,1,paycalculator.com.au,7,https://paycalculator.com.au/,,
income tax calculator rates,50,38,1,paycalculator.com.au,3,https://paycalculator.com.au/,,
income tax percentage calculator,50,38,1,paycalculator.com.au,8,https://paycalculator.com.au/,,
income tax rate calculator,50,24,1,paycalculator.com.au,4,https://paycalculator.com.au/,,
income tax rates calculator,50,28,1,paycalculator.com.au,3,https://paycalculator.com.au/,,
income tax table calculator,50,38,1,paycalculator.com.au,7,https://paycalculator.com.au/,,
individual income tax formula,50,42,1,paycalculator.com.au,9,https://paycalculator.com.au/,,
inflation calculator australia salary,50,23,1,paycalculator.com.au,3,https://paycalculator.com.au/,,
ird calculator,50,31,1,paycalculator.com.au,8,https://paycalculator.com.au/,,
ird income tax calculator,50,31,1,paycalculator.com.au,20,https://paycalculator.com.au/,,
monthly payroll tax calculator,50,12,1,paycalculator.com.au,9,https://paycalculator.com.au/,,
monthly tax,50,16,1,paycalculator.com.au,10,https://paycalculator.com.au/,32,https://pay-calculator-australia.com/monthly-tax-table/
online tax return calculator,50,28,1,paycalculator.com.au,11,https://paycalculator.com.au/,86,https://pay-calculator-australia.com/tax-return-calculator/
pay estimated tax,50,28,1,paycalculator.com.au,4,https://paycalculator.com.au/,,
paye rates,50,36,1,paycalculator.com.au,9,https://paycalculator.com.au/,,
paye tax rate,50,38,1,paycalculator.com.au,6,https://paycalculator.com.au/,55,https://pay-calculator-australia.com/tax-brackets/
paye tax rates,50,32,1,paycalculator.com.au,5,https://paycalculator.com.au/,41,https://pay-calculator-australia.com/tax-brackets/
payment finder calculator,50,1,1,paycalculator.com.au,16,https://paycalculator.com.au/,,
payroll tax monthly calculator,50,14,1,paycalculator.com.au,7,https://paycalculator.com.au/,,
pension calculator tax,50,24,1,paycalculator.com.au,19,https://paycalculator.com.au/,,
post tax,50,8,1,paycalculator.com.au,11,https://paycalculator.com.au/,,
rate checker,50,16,1,paycalculator.com.au,15,https://paycalculator.com.au/,,
scales calculator,50,4,1,paycalculator.com.au,10,https://paycalculator.com.au/,,
seek tax,50,0,1,paycalculator.com.au,16,https://paycalculator.com.au/,,
self employed tax calculator australia,50,19,1,paycalculator.com.au,15,https://paycalculator.com.au/,,
self-employed tax calculator australia,50,19,1,paycalculator.com.au,15,https://paycalculator.com.au/,,
small business tax calculator australia,50,19,1,paycalculator.com.au,15,https://paycalculator.com.au/,,
ssl debt,50,0,1,paycalculator.com.au,12,https://paycalculator.com.au/student-loan/,49,https://pay-calculator-australia.com/hecs-help-guide/
student allowance calculator,50,3,1,paycalculator.com.au,13,https://paycalculator.com.au/student-loan/,,
super contribution tax calculator,50,25,1,paycalculator.com.au,19,https://paycalculator.com.au/,,
super contributions tax calculator,50,25,1,paycalculator.com.au,14,https://paycalculator.com.au/,,
super income stream calculator ato,50,16,1,paycalculator.com.au,17,https://paycalculator.com.au/,,
superannuation income stream calculator ato,50,27,1,paycalculator.com.au,18,https://paycalculator.com.au/,,
tax and benefits calculator,50,20,1,paycalculator.com.au,2,https://paycalculator.com.au/,,
tax benefit a calculator,50,0,1,paycalculator.com.au,9,https://paycalculator.com.au/,,
tax benefit calculator,50,8,1,paycalculator.com.au,5,https://paycalculator.com.au/,,
tax calculator 2024 25 australia,50,27,1,paycalculator.com.au,4,https://paycalculator.com.au/,74,https://pay-calculator-australia.com/income-tax-calculator/
tax calculator 2024--25 australia,50,38,1,paycalculator.com.au,8,https://paycalculator.com.au/,,
tax calculator 2024-25 australia,50,30,1,paycalculator.com.au,3,https://paycalculator.com.au/,67,https://pay-calculator-australia.com/
tax calculator 2025 26 australia,50,38,1,paycalculator.com.au,4,https://paycalculator.com.au/,,
tax calculator adelaide,50,38,1,paycalculator.com.au,3,https://paycalculator.com.au/,,
tax calculator benefits,50,28,1,paycalculator.com.au,4,https://paycalculator.com.au/,,
tax calculator including medicare levy,50,24,1,paycalculator.com.au,10,https://paycalculator.com.au/,,
tax calculator on lump sum payment,50,6,1,paycalculator.com.au,14,https://paycalculator.com.au/,35,https://pay-calculator-australia.com/bonus-tax-calculator/
tax calculator with pension,50,24,1,paycalculator.com.au,9,https://paycalculator.com.au/,,
tax claim calculator,50,17,1,paycalculator.com.au,11,https://paycalculator.com.au/,77,https://pay-calculator-australia.com/tax-return-calculator/
tax count,50,31,1,paycalculator.com.au,3,https://paycalculator.com.au/,,
tax on $1800 per week,50,7,1,paycalculator.com.au,16,https://paycalculator.com.au/,,
tax on 20000 australia,50,32,1,paycalculator.com.au,14,https://paycalculator.com.au/,,
tax on 21000 australia,50,32,1,paycalculator.com.au,17,https://paycalculator.com.au/,,
tax on 24000 australia,50,28,1,paycalculator.com.au,6,https://paycalculator.com.au/,,
tax on 29000 australia,50,32,1,paycalculator.com.au,20,https://paycalculator.com.au/,,
tax on 400000 australia,50,38,1,paycalculator.com.au,9,https://paycalculator.com.au/,,
tax on 80000 australia 2025,50,32,1,paycalculator.com.au,9,https://paycalculator.com.au/,43,https://pay-calculator-australia.com/take-home-pay-on/80000/
tax on 81000 australia,50,17,1,paycalculator.com.au,18,https://paycalculator.com.au/,53,https://pay-calculator-australia.com/tax-on/85000/
tax on 89000 australia,50,32,1,paycalculator.com.au,18,https://paycalculator.com.au/,56,https://pay-calculator-australia.com/tax-on/85000/
tax on annual income,50,32,1,paycalculator.com.au,18,https://paycalculator.com.au/,,
tax on lump sum payment calculator,50,7,1,paycalculator.com.au,13,https://paycalculator.com.au/,31,https://pay-calculator-australia.com/bonus-tax-calculator/
tax owed calculator,50,21,1,paycalculator.com.au,7,https://paycalculator.com.au/,,
tax payable estimate,50,28,1,paycalculator.com.au,5,https://paycalculator.com.au/,,
tax rate income calculator,50,38,1,paycalculator.com.au,4,https://paycalculator.com.au/,,
tax return calculator 2025-2026,50,17,1,paycalculator.com.au,20,https://paycalculator.com.au/,,
tax return calculator nsw,50,28,1,paycalculator.com.au,12,https://paycalculator.com.au/,50,https://pay-calculator-australia.com/tax-return-calculator/
tax return estimate nsw,50,28,1,paycalculator.com.au,13,https://paycalculator.com.au/,,
tax salaries,50,19,1,paycalculator.com.au,2,https://paycalculator.com.au/,,
tax to pay calculator,50,28,1,paycalculator.com.au,2,https://paycalculator.com.au/,50,https://pay-calculator-australia.com/
tax work from home calculator,50,6,1,paycalculator.com.au,10,https://paycalculator.com.au/,72,https://pay-calculator-australia.com/work-from-home-deductions/
tax working from home calculator,50,0,1,paycalculator.com.au,20,https://paycalculator.com.au/,69,https://pay-calculator-australia.com/work-from-home-deductions/
taxable benefit calculator,50,18,1,paycalculator.com.au,4,https://paycalculator.com.au/,,
taxes from paycheck,50,15,1,paycalculator.com.au,12,https://paycalculator.com.au/,,
time and money calculator,50,0,1,paycalculator.com.au,12,https://paycalculator.com.au/,,
wage tax table,50,1,1,paycalculator.com.au,19,https://paycalculator.com.au/,,
wages and tax table,50,7,1,paycalculator.com.au,14,https://paycalculator.com.au/,,
wages payable,50,0,1,paycalculator.com.au,19,https://paycalculator.com.au/,,
weekly tax table 2025 calculator,50,23,1,paycalculator.com.au,3,https://paycalculator.com.au/,,
what amount,50,0,1,paycalculator.com.au,12,https://paycalculator.com.au/,,
what is my tax rate australia,50,42,1,paycalculator.com.au,16,https://paycalculator.com.au/,51,https://pay-calculator-australia.com/tax-brackets/
what is paycheck,50,22,1,paycalculator.com.au,14,https://paycalculator.com.au/,,
what my wage should be,50,28,1,paycalculator.com.au,1,https://paycalculator.com.au/,89,https://pay-calculator-australia.com/pay-calculator-wa/
what tax do i pay,50,38,1,paycalculator.com.au,4,https://paycalculator.com.au/,,
what taxes do i pay,50,36,1,paycalculator.com.au,3,https://paycalculator.com.au/,,
when does hecs debt get paid,50,8,1,paycalculator.com.au,16,https://paycalculator.com.au/student-loan/,,
withdrawal tax calculator,50,11,1,paycalculator.com.au,11,https://paycalculator.com.au/,,
ytd calculator income,50,0,1,paycalculator.com.au,11,https://paycalculator.com.au/,48,https://pay-calculator-australia.com/ytd-income-calculator/
2024 car limit,50,0,1,atotaxrates.info,3,https://atotaxrates.info/tax-deductions/work-related-car-expenses/car-depreciation-limits-guide/,,
2024 cents per km rate,50,0,1,atotaxrates.info,20,https://atotaxrates.info/tax-deductions/work-related-car-expenses/cents-per-kilometre/,,
2025 cents per km rate ato,50,13,1,atotaxrates.info,14,https://atotaxrates.info/tax-deductions/work-related-car-expenses/cents-per-kilometre/,,
2025 company tax return form,50,0,1,atotaxrates.info,15,https://atotaxrates.info/other-tax-topics/tax-return-forms-link-page/tax-forms-2025/,,
2025 pefo,50,0,1,atotaxrates.info,16,https://atotaxrates.info/federal-budgets/mid-year-economic-and-fiscal-outlook-myefo-2025-26/,,
2025 tax return form,50,0,1,atotaxrates.info,10,https://atotaxrates.info/other-tax-topics/tax-return-forms-link-page/tax-forms-2025/,,
2026 benchmark interest rate,50,4,1,atotaxrates.info,4,https://atotaxrates.info/businesses/division-7a-benchmark-interest-rates/,,
2026 div7a interest rate,50,0,1,atotaxrates.info,7,https://atotaxrates.info/businesses/division-7a-benchmark-interest-rates/,,
257091 bsb,50,5,1,atotaxrates.info,10,https://atotaxrates.info/numbers/bsb-search/,,
671 000 bsb,50,5,1,atotaxrates.info,10,https://atotaxrates.info/numbers/bsb-search/,,
850990 bsb,50,12,1,atotaxrates.info,14,https://atotaxrates.info/numbers/bsb-search/,,
a guide to australian government payments 2026,50,0,1,atotaxrates.info,13,https://atotaxrates.info/centrelink-payment-rates/,,
anzsic codes ato,50,0,1,atotaxrates.info,15,https://atotaxrates.info/businesses/business-industry-codes/,,
apca bsb,50,16,1,atotaxrates.info,18,https://atotaxrates.info/numbers/bsb-search/,,
are meal allowances taxable,50,0,1,atotaxrates.info,16,https://atotaxrates.info/allowances/overtime-meals-allowance/,,
are pensioners getting a bonus in 2025 in australia,50,5,1,atotaxrates.info,15,https://atotaxrates.info/centrelink-payment-rates/,,
assessment calculation code,50,0,1,atotaxrates.info,5,https://atotaxrates.info/businesses/trust-tax-rates/,,
ato accommodation rates 2026,50,0,1,atotaxrates.info,5,https://atotaxrates.info/allowances/ato-reasonable-travel-allowances/,,
ato anzsic codes,50,0,1,atotaxrates.info,14,https://atotaxrates.info/businesses/business-industry-codes/,,
ato bas contact,50,15,1,atotaxrates.info,20,https://atotaxrates.info/ato-contacts/,,
ato bas form download,50,11,1,atotaxrates.info,15,https://atotaxrates.info/businesses/bas-statement/bas-statement-example/,,
ato bas forms download,50,9,1,atotaxrates.info,17,https://atotaxrates.info/businesses/bas-statement/bas-statement-example/,,
ato car cost limit,50,4,1,atotaxrates.info,7,https://atotaxrates.info/tax-deductions/work-related-car-expenses/car-depreciation-limits-guide/,,
ato car fbt calculator,50,1,1,atotaxrates.info,8,https://atotaxrates.info/businesses/fringe-benefits-tax/fbt-exempt-vehicles/,,
ato cents per km 2024,50,13,1,atotaxrates.info,10,https://atotaxrates.info/tax-deductions/work-related-car-expenses/cents-per-kilometre/,,
ato cents per km reimbursement rate for employees,50,13,1,atotaxrates.info,14,https://atotaxrates.info/tax-deductions/work-related-car-expenses/cents-per-kilometre/,,
ato code,50,5,1,atotaxrates.info,17,https://atotaxrates.info/businesses/business-industry-codes/,,
ato codes,50,7,1,atotaxrates.info,11,https://atotaxrates.info/businesses/business-industry-codes/,,
ato commercial vehicle list,50,0,1,atotaxrates.info,7,https://atotaxrates.info/businesses/fringe-benefits-tax/fbt-exempt-vehicles/,,
ato computer depreciation,50,2,1,atotaxrates.info,20,https://atotaxrates.info/tax-deductions/ato-depreciation/,,
ato contact email address,50,15,1,atotaxrates.info,15,https://atotaxrates.info/ato-contacts/,,
ato currency conversion calculator,50,9,1,atotaxrates.info,11,https://atotaxrates.info/numbers/exchange-rates/,,
ato deceased estate tax rates,50,9,1,atotaxrates.info,13,https://atotaxrates.info/businesses/trust-tax-rates/,,
ato depreciation computer,50,0,1,atotaxrates.info,18,https://atotaxrates.info/tax-deductions/ato-depreciation/,,
ato depreciation rates 2024,50,26,1,atotaxrates.info,9,https://atotaxrates.info/tax-deductions/work-related-car-expenses/depreciation-of-vehicles/,,
ato div7a interest rate,50,0,1,atotaxrates.info,10,https://atotaxrates.info/businesses/division-7a-benchmark-interest-rates/,,
ato div7a loan calculator,50,0,1,atotaxrates.info,14,https://atotaxrates.info/businesses/division-7a-benchmark-interest-rates/division-7a-calculator-and-decision-tool/,,
ato effective date,50,0,1,atotaxrates.info,17,https://atotaxrates.info/tax-deductions/ato-depreciation/,,
ato fbt car calculator,50,0,1,atotaxrates.info,9,https://atotaxrates.info/businesses/fringe-benefits-tax/fbt-exempt-vehicles/,,
ato firb,50,19,1,atotaxrates.info,17,https://atotaxrates.info/foreign-investment-in-australia-policies/,,
ato for business contact,50,13,1,atotaxrates.info,19,https://atotaxrates.info/ato-contacts/,,
ato foreign exchange rates calculator,50,24,1,atotaxrates.info,13,https://atotaxrates.info/numbers/exchange-rates/,,
ato fuel rate per km,50,13,1,atotaxrates.info,10,https://atotaxrates.info/tax-deductions/work-related-car-expenses/cents-per-kilometre/,,
ato fuel rebate rates,50,7,1,atotaxrates.info,12,https://atotaxrates.info/businesses/fuel-tax-credit/,,
ato fuel tax credit rates 2025,50,7,1,atotaxrates.info,14,https://atotaxrates.info/businesses/fuel-tax-credit/,,
ato fuel tax rates,50,7,1,atotaxrates.info,11,https://atotaxrates.info/businesses/fuel-tax-credit/,,
ato historical exchange rates,50,13,1,atotaxrates.info,8,https://atotaxrates.info/numbers/exchange-rates/,,
ato income tax rates 2025--26,50,37,1,atotaxrates.info,9,https://atotaxrates.info/,,
ato income tax table,50,37,1,atotaxrates.info,9,https://atotaxrates.info/,42,https://pay-calculator-australia.com/tax-brackets/
ato individual tax return instructions 2025,50,0,1,atotaxrates.info,9,https://atotaxrates.info/other-tax-topics/tax-return-forms-link-page/tax-forms-2025/,,
ato km rate 2025 26,50,13,1,atotaxrates.info,16,https://atotaxrates.info/tax-deductions/work-related-car-expenses/cents-per-kilometre/,,
ato km rate 2025--26,50,13,1,atotaxrates.info,16,https://atotaxrates.info/tax-deductions/work-related-car-expenses/cents-per-kilometre/,,
ato km rate 2025-26,50,1,1,atotaxrates.info,13,https://atotaxrates.info/tax-deductions/work-related-car-expenses/cents-per-kilometre/,,
ato long service leave,50,1,1,atotaxrates.info,13,https://atotaxrates.info/employment-termination-payments/long-service-leave/,,
ato motor vehicle,50,4,1,atotaxrates.info,9,https://atotaxrates.info/tax-deductions/work-related-car-expenses/car-depreciation-limits-guide/,,
ato rate per km 2025,50,11,1,atotaxrates.info,19,https://atotaxrates.info/tax-deductions/work-related-car-expenses/cents-per-kilometre/,,
ato rental deductions,50,25,1,atotaxrates.info,10,https://atotaxrates.info/tax-deductions/rental-property-tax-deductions/,,
ato retirement age australia,50,36,1,atotaxrates.info,19,https://atotaxrates.info/superannuation/ato-preservation-age/,,
ato software depreciation rate,50,0,1,atotaxrates.info,11,https://atotaxrates.info/tax-deductions/ato-depreciation/,,
ato stp reporting,50,10,1,atotaxrates.info,13,https://atotaxrates.info/businesses/single-touch-payroll/,,
ato debt forgiveness calculator,40,0,1,atotaxcalculator.com.au,19,https://atotaxcalculator.com.au/help-debt,,
fee help repayment calculator,40,12,3,paycalculator.com.au,2,https://paycalculator.com.au/student-loan/,,
fee-help repayment calculator,40,12,3,paycalculator.com.au,2,https://paycalculator.com.au/student-loan/,,
help debt reduction and repayment estimator,40,4,2,paycal.com.au,3,https://paycal.com.au/student-loan-repayment-calculator/,,
inc gst calculator,40,8,2,paycal.com.au,17,https://paycal.com.au/gst-calculator/,,
lower income tax offset,40,4,1,atotaxcalculator.com.au,19,https://atotaxcalculator.com.au/low-income-tax-offset-lito,49,https://pay-calculator-australia.com/low-income-tax-offset/
non refundable tax offsets low income earner,40,0,1,atotaxcalculator.com.au,16,https://atotaxcalculator.com.au/low-income-tax-offset-lito,58,https://pay-calculator-australia.com/low-income-tax-offset/
non-refundable tax offsets low income earner,40,0,1,atotaxcalculator.com.au,15,https://atotaxcalculator.com.au/low-income-tax-offset-lito,,
online tax calculator ato,40,27,2,paycalculator.com.au,7,https://paycalculator.com.au/,,
tax calculator including hecs,40,25,2,paycalculator.com.au,2,https://paycalculator.com.au/,64,https://pay-calculator-australia.com/hecs-help-calculator/
tax donation calculator,40,0,1,atotaxcalculator.com.au,4,https://atotaxcalculator.com.au/donation-tax-deduction-calculator,,
tax donations calculator,40,0,1,atotaxcalculator.com.au,2,https://atotaxcalculator.com.au/donation-tax-deduction-calculator,,
tax on 117k australia,40,32,2,atotaxcalculator.com.au,11,https://atotaxcalculator.com.au/,50,https://pay-calculator-australia.com/tax-on/115000/
what is the hecs indexation rate for 2025,40,7,1,atotaxcalculator.com.au,10,https://atotaxcalculator.com.au/hecs-debt-indexation,,
what is the payg tax rate,40,37,1,atotaxcalculator.com.au,19,https://atotaxcalculator.com.au/,,
when is hecs indexation applied,40,9,1,atotaxcalculator.com.au,18,https://atotaxcalculator.com.au/hecs-debt-indexation,,
how much pay will i take home,40,9,4,paycalculator.com.au,10,https://paycalculator.com.au/,69,https://pay-calculator-australia.com/take-home-pay-calculator/
how to calculate wages,40,17,4,paycalculator.com.au,1,https://paycalculator.com.au/,,
income calculator new york,40,7,1,salaryaftertax.com,3,https://salaryaftertax.com/us/salary-calculator,,
is 190k a good salary in australia,40,0,1,salaryaftertax.com,15,https://salaryaftertax.com/salary-calculator/australia,50,https://pay-calculator-australia.com/tax-on/190000/
minimum wage australia calculator,40,18,4,paycalculator.com.au,9,https://paycalculator.com.au/,58,https://pay-calculator-australia.com/award-rates/
monthly to yearly salary,40,16,4,paycalculator.com.au,2,https://paycalculator.com.au/,31,https://pay-calculator-australia.com/monthly-pay-calculator/
net income calculator uk,40,32,1,salaryaftertax.com,15,https://salaryaftertax.com/salary-calculator/uk,,
net income uk calculator,40,32,1,salaryaftertax.com,8,https://salaryaftertax.com/salary-calculator/uk,,
net salary calculator uk,40,35,1,salaryaftertax.com,5,https://salaryaftertax.com/salary-calculator/uk,,
net to gross salary calculator uk,40,35,1,salaryaftertax.com,5,https://salaryaftertax.com/salary-calculator/uk,,
new york city salary calculator,40,36,1,salaryaftertax.com,3,https://salaryaftertax.com/us/salary-calculator,,
nyc salary calculator,40,24,2,salaryaftertax.com,3,https://salaryaftertax.com/us/salary-calculator,,
salaries per hour,40,35,3,australiapaycalculator.com.au,8,https://australiapaycalculator.com.au/,54,https://pay-calculator-australia.com/hourly-to-annual-salary-calculator/
salary taxes in netherlands,40,10,1,salaryaftertax.com,7,https://salaryaftertax.com/salary-calculator/netherlands,,
tax calculator ontario,40,28,1,salaryaftertax.com,14,https://salaryaftertax.com/ca/salary-calculator,,
tax income italy,40,12,1,salaryaftertax.com,5,https://salaryaftertax.com/it/salary-calculator,,
tax on $1700 per week australia,40,15,2,paycalculator.com.au,7,https://paycalculator.com.au/,,
tax on 250k salary australia,40,11,1,salaryaftertax.com,20,https://salaryaftertax.com/salary-calculator/australia,74,https://pay-calculator-australia.com/tax-on/200000/
taxes calculator ontario,40,27,1,salaryaftertax.com,18,https://salaryaftertax.com/ca/salary-calculator,,
taxes in ontario calculator,40,34,1,salaryaftertax.com,15,https://salaryaftertax.com/ca/salary-calculator,,
uk average salary per month,40,16,1,salaryaftertax.com,16,https://salaryaftertax.com/salary-calculator/uk,,
uk net salary calculator,40,37,1,salaryaftertax.com,3,https://salaryaftertax.com/salary-calculator/uk,,
uk tax calculator 2025,40,40,1,salaryaftertax.com,8,https://salaryaftertax.com/salary-calculator/uk,,
us salary calculator new york,40,19,1,salaryaftertax.com,3,https://salaryaftertax.com/us/salary-calculator,,
wage calculator new york,40,26,1,salaryaftertax.com,7,https://salaryaftertax.com/us/salary-calculator,,
what is minimum wage in australia after tax,40,30,3,salaryaftertax.com,1,https://salaryaftertax.com/salary-calculator/australia,,
work out take home pay australia,40,7,4,paycalculator.com.au,2,https://paycalculator.com.au/,,
daily pay calculator,40,6,3,paycalculator.com.au,1,https://paycalculator.com.au/,,
daily pay rate calculator,40,10,3,paycalculator.com.au,1,https://paycalculator.com.au/,80,https://pay-calculator-australia.com/pay-calculator-nsw/
daily salary calculator,40,16,3,paycalculator.com.au,1,https://paycalculator.com.au/,77,https://pay-calculator-australia.com/pay-calculator-wa/
daily wage calculator,40,12,3,paycalculator.com.au,1,https://paycalculator.com.au/,,
day pay calculator,40,13,3,paycalculator.com.au,1,https://paycalculator.com.au/,,
deductions on salary calculator,40,24,3,paycalculator.com.au,1,https://paycalculator.com.au/,,
free gst invoice,40,0,1,paycal.com.au,3,https://paycal.com.au/invoice-generator/,,
free invoice online pdf,40,56,1,paycal.com.au,18,https://paycal.com.au/invoice-generator/,,
free online invoice pdf,40,56,1,paycal.com.au,18,https://paycal.com.au/invoice-generator/,,
gross to net income calculator australia,40,7,3,paycalculator.com.au,1,https://paycalculator.com.au/,34,https://pay-calculator-australia.com/gross-pay-calculator/
gs pay calculator,40,21,3,paycalculator.com.au,7,https://paycalculator.com.au/,,
gst free invoice,40,0,1,paycal.com.au,8,https://paycal.com.au/invoice-generator/,,
help loan repayment rate,40,9,2,paycalculator.com.au,7,https://paycalculator.com.au/student-loan/,34,https://pay-calculator-australia.com/hecs-help-guide/
hourly to wage,40,3,3,australiapaycalculator.com.au,10,https://australiapaycalculator.com.au/,61,https://pay-calculator-australia.com/hourly-to-annual-salary-calculator/
how calculator,40,18,2,paycal.com.au,14,https://paycal.com.au/,,
how long to pay off hecs,40,0,2,paycalculator.com.au,2,https://paycalculator.com.au/student-loan/,,
how much do you get,40,13,3,paycalculator.com.au,11,https://paycalculator.com.au/,,
how much will i earn,40,24,3,paycalculator.com.au,1,https://paycalculator.com.au/,40,https://pay-calculator-australia.com/hourly-to-annual-salary-calculator/
how to calculate excluding gst,40,5,1,paycal.com.au,19,https://paycal.com.au/gst-calculator/,,
how to calculate pay rate,40,14,3,paycalculator.com.au,2,https://paycalculator.com.au/,,
how to make an invoice australia,40,5,1,paycal.com.au,19,https://paycal.com.au/invoice-generator/,,
income calculator comparison,40,54,3,paycalculator.com.au,3,https://paycalculator.com.au/,,
income tax refund,40,30,1,paycal.com.au,15,https://paycal.com.au/blogs/maximizing-tax-refund-australia/,47,https://pay-calculator-australia.com/tax-refund-guide/
interest rate reduction calculator,40,17,1,paycal.com.au,5,https://paycal.com.au/rate-cut-calculator/,,
late transfer fee nsw,40,6,1,paycal.com.au,18,https://paycal.com.au/vehicle-registration-calculator/,,
make a payslip,40,2,1,paycal.com.au,2,https://paycal.com.au/payslip-generator/,,
nsw rego stamp duty calculator,40,14,1,paycal.com.au,7,https://paycal.com.au/vehicle-registration-calculator/,,
on road cost calculator wa,40,3,1,paycal.com.au,14,https://paycal.com.au/vehicle-registration-calculator/,,
on-road costs calculator wa,40,9,1,paycal.com.au,16,https://paycal.com.au/vehicle-registration-calculator/,,
pay slip template australia,40,0,1,paycal.com.au,4,https://paycal.com.au/payslip-generator/,,
pay slips examples,40,4,1,paycal.com.au,13,https://paycal.com.au/payslip-generator/,,
payg withholding calculator 2025,40,9,3,paycalculator.com.au,4,https://paycalculator.com.au/,,
payslip software free,40,16,1,paycal.com.au,13,https://paycal.com.au/payslip-generator/,,
registration price check,40,25,1,paycal.com.au,18,https://paycal.com.au/vehicle-registration-calculator/,,
road tax nsw,40,8,1,paycal.com.au,18,https://paycal.com.au/vehicle-registration-calculator/,,
salary and tax deduction calculator,40,24,2,paycalculator.com.au,2,https://paycalculator.com.au/,,
salary calculator with tax deductions,40,24,3,paycalculator.com.au,1,https://paycalculator.com.au/,,
salary comparison calculator,40,14,3,paycalculator.com.au,4,https://paycalculator.com.au/,,
salary estimator australia,40,7,3,paycalculator.com.au,1,https://paycalculator.com.au/,,
salary inclusive of super,40,4,3,paycalculator.com.au,1,https://paycalculator.com.au/,,
salary tax deduction calculator,40,24,3,paycalculator.com.au,3,https://paycalculator.com.au/,,
salary tax deductions calculator,40,24,3,paycalculator.com.au,2,https://paycalculator.com.au/,,
salary to subby calculator,40,0,3,paycal.com.au,3,https://paycal.com.au/contractor-pay-calculator/,70,https://pay-calculator-australia.com/contractor-pay-calculator/
salary withholding calculator,40,28,3,paycalculator.com.au,4,https://paycalculator.com.au/,,
seek payment calculator,40,8,2,paycalculator.com.au,2,https://paycalculator.com.au/,67,https://pay-calculator-australia.com/jobseeker-payment-calculator/
seek salary calculator australia,40,3,2,paycal.com.au,9,https://paycal.com.au/,,
student loan checker,40,4,2,paycalculator.com.au,12,https://paycalculator.com.au/student-loan/,,
subby to wages calculator,40,0,3,paycal.com.au,3,https://paycal.com.au/contractor-pay-calculator/,74,https://pay-calculator-australia.com/contractor-pay-calculator/
subcontractor tax calculator australia,40,19,3,paycal.com.au,4,https://paycal.com.au/contractor-pay-calculator/,65,https://pay-calculator-australia.com/contractor-pay-calculator/
summer cal,40,17,1,paycal.com.au,13,https://paycal.com.au/school-holidays-calculator/,,
take home pay 2019,40,5,1,paycal.com.au,6,https://paycal.com.au/take-home-pay-calculator/,,
take home pay definition,40,0,2,paycalculator.com.au,17,https://paycalculator.com.au/,,
take home pay meaning,40,0,2,paycalculator.com.au,15,https://paycalculator.com.au/,,
take-home pay definition,40,0,1,paycal.com.au,20,https://paycal.com.au/take-home-pay-calculator/,,
take-home pay meaning,40,0,2,paycal.com.au,13,https://paycal.com.au/take-home-pay-calculator/,,
tax calculator for hourly wage,40,7,3,paycalculator.com.au,1,https://paycalculator.com.au/,34,https://pay-calculator-australia.com/
tax calculator hourly pay,40,14,3,paycalculator.com.au,1,https://paycalculator.com.au/,36,https://pay-calculator-australia.com/
tax calculator hourly rate,40,5,3,paycalculator.com.au,2,https://paycalculator.com.au/,35,https://pay-calculator-australia.com/
tax calculator hourly wage,40,12,3,paycalculator.com.au,2,https://paycalculator.com.au/,31,https://pay-calculator-australia.com/
tax calculator take home pay,40,11,3,paycalculator.com.au,2,https://paycalculator.com.au/,33,https://pay-calculator-australia.com/
tax calculator with overtime,40,27,3,paycalculator.com.au,1,https://paycalculator.com.au/,43,https://pay-calculator-australia.com/
tax deduction from salary calculator,40,38,2,paycalculator.com.au,3,https://paycalculator.com.au/,,
tax deduction on salary calculator,40,38,2,paycalculator.com.au,5,https://paycalculator.com.au/,,
tax deduction salary calculator,40,38,2,paycalculator.com.au,2,https://paycalculator.com.au/,,
tax deductions salary calculator,40,38,3,paycalculator.com.au,1,https://paycalculator.com.au/,,
tax invoice online,40,12,1,paycal.com.au,4,https://paycal.com.au/invoice-generator/,,
tax offset 2025,40,12,1,paycal.com.au,20,https://paycal.com.au/blogs/maximizing-tax-refund-australia/,,
tax refunds income,40,5,1,paycal.com.au,15,https://paycal.com.au/blogs/maximizing-tax-refund-australia/,52,https://pay-calculator-australia.com/tax-refund-guide/
tfr calculator,40,11,3,paycalculator.com.au,1,https://paycalculator.com.au/,,
trp calculator,40,1,3,paycalculator.com.au,1,https://paycalculator.com.au/,,
truck rego nsw,40,16,1,paycal.com.au,16,https://paycal.com.au/vehicle-registration-calculator/,,
vehicle registration calculator nsw,40,0,1,paycal.com.au,5,https://paycal.com.au/vehicle-registration-calculator/,,
vehicle registration cost calculator,40,19,1,paycal.com.au,14,https://paycal.com.au/vehicle-registration-calculator/,,
vehicle registration cost nsw,40,2,1,paycal.com.au,16,https://paycal.com.au/vehicle-registration-calculator/,,
vehicle tax nsw,40,8,1,paycal.com.au,15,https://paycal.com.au/vehicle-registration-calculator/,,
vehicle transfer calculator,40,22,1,paycal.com.au,13,https://paycal.com.au/vehicle-registration-calculator/,,
wage calculator daily rate,40,9,3,paycalculator.com.au,1,https://paycalculator.com.au/,67,https://pay-calculator-australia.com/hourly-to-annual-salary-calculator/
wage calculator with deductions,40,9,3,paycalculator.com.au,1,https://paycalculator.com.au/,36,https://pay-calculator-australia.com/
wage comparison calculator,40,19,2,paycalculator.com.au,3,https://paycalculator.com.au/,78,https://pay-calculator-australia.com/employment-type-calculator/
weekly repayments on 300k mortgage,40,22,1,paycal.com.au,16,https://paycal.com.au/mortgage-calculator/,,
weekly salary,40,0,3,paycalculator.com.au,1,https://paycalculator.com.au/,31,https://pay-calculator-australia.com/weekly-pay-calculator/
what is motor vehicle tax nsw,40,3,1,paycal.com.au,17,https://paycal.com.au/vehicle-registration-calculator/,,
what is my annual income,40,24,3,paycalculator.com.au,3,https://paycalculator.com.au/,41,https://pay-calculator-australia.com/annual-pay-calculator/
what is my fortnightly pay after tax,40,7,3,paycalculator.com.au,1,https://paycalculator.com.au/,34,https://pay-calculator-australia.com/
what is my gross income,40,2,3,paycalculator.com.au,4,https://paycalculator.com.au/,32,https://pay-calculator-australia.com/gross-pay-calculator/
what's my pay,40,15,3,paycalculator.com.au,1,https://paycalculator.com.au/,31,https://pay-calculator-australia.com/
employer payroll taxes calculator,40,17,2,paycalculator.com.au,7,https://paycalculator.com.au/,,
employer tax calculator,40,12,2,paycalculator.com.au,4,https://paycalculator.com.au/,,
employers tax calculator,40,12,2,paycalculator.com.au,4,https://paycalculator.com.au/,77,https://pay-calculator-australia.com/pay-calculator-wa/
fortnightly salary sacrifice calculator,40,28,2,paycalculator.com.au,4,https://paycalculator.com.au/,61,https://pay-calculator-australia.com/salary-sacrifice-calculator/
how much does it pay,40,24,2,paycalculator.com.au,13,https://paycalculator.com.au/,,
labour weekend australia,40,42,1,australiapaycalculator.com.au,20,https://australiapaycalculator.com.au/australian-public-holidays/,,
overtime tax calculator,40,23,2,paycalculator.com.au,1,https://paycalculator.com.au/,56,https://pay-calculator-australia.com/overtime-penalty-rates-guide/
salary example,40,0,1,australiapaycalculator.com.au,10,https://australiapaycalculator.com.au/,,
salary sacrifice super calculator ato,40,12,2,paycalculator.com.au,12,https://paycalculator.com.au/,,
tax calculator with salary packaging,40,34,2,paycalculator.com.au,7,https://paycalculator.com.au/,93,https://pay-calculator-australia.com/income-tax-calculator/
tax on 62000,40,2,1,australiapaycalculator.com.au,15,https://australiapaycalculator.com.au/,59,https://pay-calculator-australia.com/tax-on/60000/
tax withholding calculator australia,40,38,2,paycalculator.com.au,5,https://paycalculator.com.au/,73,https://pay-calculator-australia.com/
total package salary,40,5,2,paycalculator.com.au,5,https://paycalculator.com.au/,65,https://pay-calculator-australia.com/salary-package-calculator/
wage time calculator,40,18,2,paycalculator.com.au,7,https://paycalculator.com.au/,62,https://pay-calculator-australia.com/work-hours-calculator/
weekly withholding tax calculator,40,23,2,paycalculator.com.au,4,https://paycalculator.com.au/,,
why is this weekend a long weekend,40,52,1,australiapaycalculator.com.au,18,https://australiapaycalculator.com.au/long-weekends-planner/,,
2025 income tax calculator,40,42,1,paycalculator.com.au,5,https://paycalculator.com.au/,,
earn before tax,40,14,1,paycalculator.com.au,16,https://paycalculator.com.au/,,
earning before tax,40,30,1,paycalculator.com.au,15,https://paycalculator.com.au/,,
employee tax rate,40,31,1,paycalculator.com.au,12,https://paycalculator.com.au/,,
employee tax rates,40,31,1,paycalculator.com.au,11,https://paycalculator.com.au/,45,https://pay-calculator-australia.com/payg-withholding-tables/
employees tax rate,40,31,1,paycalculator.com.au,18,https://paycalculator.com.au/,,
employment tax rate,40,31,1,paycalculator.com.au,10,https://paycalculator.com.au/,,
family payment calculator,40,21,1,paycalculator.com.au,8,https://paycalculator.com.au/,,
help debt payments,40,11,1,paycalculator.com.au,15,https://paycalculator.com.au/student-loan/,40,https://pay-calculator-australia.com/hecs-help-guide/
how is income tax calculated in australia,40,27,1,paycalculator.com.au,5,https://paycalculator.com.au/,,
how much tax deducted from salary,40,11,1,paycalculator.com.au,15,https://paycalculator.com.au/,,
how much tax should i pay weekly,40,14,1,paycalculator.com.au,8,https://paycalculator.com.au/,83,https://pay-calculator-australia.com/
how much tax should i withhold,40,3,1,paycalculator.com.au,11,https://paycalculator.com.au/,,
how to calculate salary sacrifice,40,21,1,paycalculator.com.au,16,https://paycalculator.com.au/,81,https://pay-calculator-australia.com/salary-sacrifice-calculator/
how to work out tax on income,40,24,1,paycalculator.com.au,3,https://paycalculator.com.au/,,
income tax calculator 2024 25,40,28,1,paycalculator.com.au,5,https://paycalculator.com.au/,69,https://pay-calculator-australia.com/income-tax-calculator/
income tax calculator sole trader,40,11,1,paycalculator.com.au,15,https://paycalculator.com.au/,,
income test calculator,40,10,1,paycalculator.com.au,8,https://paycalculator.com.au/,43,https://pay-calculator-australia.com/age-pension-income-test-calculator/
lottery tax calculator australia,40,0,1,paycalculator.com.au,14,https://paycalculator.com.au/,,
moneysmart calculator tax,40,37,1,paycalculator.com.au,10,https://paycalculator.com.au/,,
my income tax calculator,40,14,1,paycalculator.com.au,3,https://paycalculator.com.au/,56,https://pay-calculator-australia.com/income-tax-calculator/
net and gross income,40,6,1,paycalculator.com.au,5,https://paycalculator.com.au/,,
net profit after tax,40,11,1,paycalculator.com.au,19,https://paycalculator.com.au/,,
not claiming tax free threshold calculator,40,26,1,paycalculator.com.au,13,https://paycalculator.com.au/,,
not claiming tax-free threshold calculator,40,26,1,paycalculator.com.au,13,https://paycalculator.com.au/,,
online australian tax calculator,40,25,1,paycalculator.com.au,3,https://paycalculator.com.au/,,
pension and tax calculator,40,24,1,paycalculator.com.au,9,https://paycalculator.com.au/,,
pension tax calculator,40,24,1,paycalculator.com.au,20,https://paycalculator.com.au/,,
personal income tax australia calculator,40,38,1,paycalculator.com.au,4,https://paycalculator.com.au/,,
personal income tax calculator australia,40,38,1,paycalculator.com.au,3,https://paycalculator.com.au/,,
slc repayment,40,15,1,paycalculator.com.au,15,https://paycalculator.com.au/student-loan/,,
smart money income tax calculator,40,12,1,paycalculator.com.au,6,https://paycalculator.com.au/,,
sole trader income tax calculator,40,11,1,paycalculator.com.au,9,https://paycalculator.com.au/,,
student loan check,40,4,1,paycalculator.com.au,19,https://paycalculator.com.au/student-loan/,,
student loan debt,40,12,1,paycalculator.com.au,12,https://paycalculator.com.au/student-loan/,,
student loan threshold,40,18,1,paycalculator.com.au,10,https://paycalculator.com.au/student-loan/,,
student loans threshold,40,34,1,paycalculator.com.au,12,https://paycalculator.com.au/student-loan/,,
student start up loan repayment,40,5,1,paycalculator.com.au,8,https://paycalculator.com.au/student-loan/,,
student start-up loan repayment,40,5,1,paycalculator.com.au,8,https://paycalculator.com.au/student-loan/,,
talent income tax calculator,40,13,1,paycalculator.com.au,4,https://paycalculator.com.au/,,
tax 2025 calculator,40,28,1,paycalculator.com.au,3,https://paycalculator.com.au/,,
tax and dividend calculator,40,7,1,paycalculator.com.au,12,https://paycalculator.com.au/,,
tax bracket estimator,40,38,1,paycalculator.com.au,10,https://paycalculator.com.au/,,
tax calculator 2023,40,39,1,paycalculator.com.au,3,https://paycalculator.com.au/,,
tax calculator 2024-2025,40,28,1,paycalculator.com.au,5,https://paycalculator.com.au/,70,https://pay-calculator-australia.com/income-tax-calculator/
tax calculator 2026 fortnightly,40,38,1,paycalculator.com.au,6,https://paycalculator.com.au/,58,https://pay-calculator-australia.com/
tax calculator ayers,40,13,1,paycalculator.com.au,4,https://paycalculator.com.au/,,
tax calculator bracket,40,38,1,paycalculator.com.au,9,https://paycalculator.com.au/,64,https://pay-calculator-australia.com/tax-brackets/
tax calculator brackets,40,37,1,paycalculator.com.au,12,https://paycalculator.com.au/,58,https://pay-calculator-australia.com/tax-brackets/
tax calculator dividends,40,9,1,paycalculator.com.au,19,https://paycalculator.com.au/,,
tax calculator salary packaging,40,27,1,paycalculator.com.au,3,https://paycalculator.com.au/,47,https://pay-calculator-australia.com/salary-packaging-guide/
tax calculator year to date,40,25,1,paycalculator.com.au,5,https://paycalculator.com.au/,,
tax on 57000,40,25,1,paycalculator.com.au,8,https://paycalculator.com.au/,65,https://pay-calculator-australia.com/tax-on/55000/
tax on 82000,40,0,1,paycalculator.com.au,17,https://paycalculator.com.au/,50,https://pay-calculator-australia.com/tax-on/80000/
tax payment plan calculator,40,36,1,paycalculator.com.au,8,https://paycalculator.com.au/,,
tax rates for employees,40,32,1,paycalculator.com.au,17,https://paycalculator.com.au/,,
tax tools,40,19,1,paycalculator.com.au,15,https://paycalculator.com.au/,,
tax withheld amount,40,2,1,paycalculator.com.au,11,https://paycalculator.com.au/,,
tax withheld calculator weekly,40,23,1,paycalculator.com.au,5,https://paycalculator.com.au/,,
tax year to date calculator,40,25,1,paycalculator.com.au,8,https://paycalculator.com.au/,47,https://pay-calculator-australia.com/ytd-income-calculator/
taxable pension calculator,40,24,1,paycalculator.com.au,15,https://paycalculator.com.au/,61,https://pay-calculator-australia.com/age-pension-income-test-calculator/
taxes 2025 calculator,40,24,1,paycalculator.com.au,3,https://paycalculator.com.au/,,
taxes calculator 2023,40,25,1,paycalculator.com.au,3,https://paycalculator.com.au/,,
total salary package,40,11,1,paycalculator.com.au,19,https://paycalculator.com.au/,,
weekly tax table 2026 calculator,40,23,1,paycalculator.com.au,6,https://paycalculator.com.au/,35,https://pay-calculator-australia.com/weekly-tax-table/
what is after-tax income,40,11,1,paycalculator.com.au,2,https://paycalculator.com.au/,54,https://pay-calculator-australia.com/tax-on/55000/
whv tax calculator,40,36,1,paycalculator.com.au,7,https://paycalculator.com.au/,73,https://pay-calculator-australia.com/working-holiday-tax/
work credits calculator,40,21,1,paycalculator.com.au,7,https://paycalculator.com.au/,,
work from home calculator for tax,40,24,1,paycalculator.com.au,9,https://paycalculator.com.au/,69,https://pay-calculator-australia.com/work-from-home-deductions/
ytd payslip calculator,40,0,1,paycalculator.com.au,5,https://paycalculator.com.au/,33,https://pay-calculator-australia.com/ytd-income-calculator/
ytd tax calculator,40,25,1,paycalculator.com.au,3,https://paycalculator.com.au/,51,https://pay-calculator-australia.com/ytd-income-calculator/
ato tax rates 2025 calculator,30,54,2,paycalculator.com.au,10,https://paycalculator.com.au/,55,https://pay-calculator-australia.com/income-tax-calculator/
hecs indexation rate 2025,30,5,1,atotaxcalculator.com.au,10,https://atotaxcalculator.com.au/hecs-debt-indexation,69,https://pay-calculator-australia.com/news/hecs-20-percent-cut-status/
hecs repayment threshold 2024,30,5,2,atotaxcalculator.com.au,13,https://atotaxcalculator.com.au/help-debt,70,https://pay-calculator-australia.com/hecs-help-guide/
low income tax offset 2024,30,12,1,atotaxcalculator.com.au,17,https://atotaxcalculator.com.au/low-income-tax-offset-lito,36,https://pay-calculator-australia.com/low-income-tax-offset/
tax free threshold australia calculator,30,24,2,paycalculator.com.au,6,https://paycalculator.com.au/,70,https://pay-calculator-australia.com/income-tax-calculator/
minimum wage australia 2025 after tax,30,20,2,salaryaftertax.com,2,https://salaryaftertax.com/salary-calculator/australia,,
net gross income,30,5,3,paycalculator.com.au,4,https://paycalculator.com.au/,50,https://pay-calculator-australia.com/gross-pay-calculator/
estimate pay,30,33,3,paycalculator.com.au,1,https://paycalculator.com.au/,77,https://pay-calculator-australia.com/fortnightly-pay-calculator/
gross pay includes,30,0,1,paycal.com.au,16,https://paycal.com.au/,47,https://pay-calculator-australia.com/gross-pay-calculator/
how to calculate ex gst,30,4,1,paycal.com.au,17,https://paycal.com.au/gst-calculator/,,
interest rate cut mortgage,30,5,1,paycal.com.au,14,https://paycal.com.au/rate-cut-calculator/,,
interest rate cuts calculator,30,18,1,paycal.com.au,5,https://paycal.com.au/rate-cut-calculator/,,
rate cut calculator,30,18,1,paycal.com.au,4,https://paycal.com.au/rate-cut-calculator/,,
rate cut mortgage,30,22,1,paycal.com.au,16,https://paycal.com.au/rate-cut-calculator/,,
seek wages calculator,30,9,2,paycalculator.com.au,5,https://paycalculator.com.au/,40,https://pay-calculator-australia.com/
subcontractor hourly rate australia,30,0,1,paycal.com.au,4,https://paycal.com.au/contractor-pay-calculator/,33,https://pay-calculator-australia.com/contractor-pay-calculator/
tax calculator on fortnightly pay,30,10,2,paycalculator.com.au,2,https://paycalculator.com.au/,37,https://pay-calculator-australia.com/fortnightly-pay-calculator/
tax invoice generator australia,30,0,1,paycal.com.au,2,https://paycal.com.au/invoice-generator/,,
tax rebate 2025,30,23,1,paycal.com.au,20,https://paycal.com.au/blogs/maximizing-tax-refund-australia/,,
tax rebates 2025,30,23,1,paycal.com.au,18,https://paycal.com.au/blogs/maximizing-tax-refund-australia/,,
total gross income,30,14,2,paycalculator.com.au,5,https://paycalculator.com.au/,45,https://pay-calculator-australia.com/gross-pay-calculator/
pro rata calculation,30,0,1,australiapaycalculator.com.au,2,https://australiapaycalculator.com.au/,,
weekly basis,30,0,1,australiapaycalculator.com.au,18,https://australiapaycalculator.com.au/,48,https://pay-calculator-australia.com/weekly-pay-calculator/
parent payment calculator,30,14,1,paycalculator.com.au,13,https://paycalculator.com.au/,,
tax calculation formula,30,25,1,paycalculator.com.au,4,https://paycalculator.com.au/,,
tax calculator sa,30,38,1,paycalculator.com.au,5,https://paycalculator.com.au/,66,https://pay-calculator-australia.com/pay-calculator-sa/
tax on 107k australia,30,32,1,paycalculator.com.au,8,https://paycalculator.com.au/,59,https://pay-calculator-australia.com/tax-on/70000/
tax on 18000 australia,30,32,1,paycalculator.com.au,17,https://paycalculator.com.au/,64,https://pay-calculator-australia.com/tax-on/185000/
tax on bank interest calculator,30,12,1,paycalculator.com.au,16,https://paycalculator.com.au/,,
tax rates for seniors australia calculator,30,31,1,paycalculator.com.au,8,https://paycalculator.com.au/,37,https://pay-calculator-australia.com/income-tax-calculator/
tax return free calculator,30,27,1,paycalculator.com.au,10,https://paycalculator.com.au/,,
tax sa calculator,30,22,1,paycalculator.com.au,5,https://paycalculator.com.au/,,
tax to withhold from pay,30,4,1,paycalculator.com.au,13,https://paycalculator.com.au/,,
taxation calculator 2025,30,24,1,paycalculator.com.au,3,https://paycalculator.com.au/,63,https://pay-calculator-australia.com/
weekly payg tax calculator,30,23,1,paycalculator.com.au,3,https://paycalculator.com.au/,,
western australia tax calculator,30,14,1,paycalculator.com.au,4,https://paycalculator.com.au/,42,https://pay-calculator-australia.com/pay-calculator-wa/
what is payable tax,30,6,1,paycalculator.com.au,11,https://paycalculator.com.au/,,
what percentage of tax do i pay australia,30,38,1,paycalculator.com.au,19,https://paycalculator.com.au/,67,https://pay-calculator-australia.com/tax-brackets/
