kw,vol,kd,intent,pos,url,etv
au tax brackets,60500,42,informational,52,https://pay-calculator-australia.com/tax-brackets/,127.05000305175781
aus tax brackets,60500,32,informational,51,https://pay-calculator-australia.com/tax-brackets/,127.05000305175781
australia tax brackets,60500,32,informational,49,https://pay-calculator-australia.com/tax-brackets/,127.05000305175781
australian tax brackets,60500,32,informational,56,https://pay-calculator-australia.com/tax-brackets/,127.05000305175781
tax bracket australia,60500,26,informational,48,https://pay-calculator-australia.com/tax-brackets/,127.05000305175781
tax brackets australia,60500,32,informational,50,https://pay-calculator-australia.com/tax-brackets/,127.05000305175781
minimum wage rate australia,49500,25,informational,96,https://pay-calculator-australia.com/minimum-wage-history-australia/,103.94999694824219
au pay calculator,40500,33,informational,38,https://pay-calculator-australia.com/monthly-pay-calculator/,85.05000305175781
aus salary calculator,40500,33,informational,42,https://pay-calculator-australia.com/monthly-pay-calculator/,85.05000305175781
australia salary calculator,40500,13,informational,55,https://pay-calculator-australia.com/,85.05000305175781
tax bracket,40500,32,informational,53,https://pay-calculator-australia.com/tax-brackets/,85.05000305175781
tax brackets,40500,32,informational,47,https://pay-calculator-australia.com/tax-brackets/,85.05000305175781
fortnightly tax table,27100,0,informational,21,https://pay-calculator-australia.com/fortnightly-tax-table/,62.33000183105469
payg fortnightly tax tables,27100,2,informational,18,https://pay-calculator-australia.com/fortnightly-tax-table/,89.43000030517578
tax table fortnightly,27100,0,informational,28,https://pay-calculator-australia.com/fortnightly-tax-table/,56.90999984741211
tax table weekly,27100,0,informational,34,https://pay-calculator-australia.com/weekly-tax-table/,56.90999984741211
tax tables fortnightly,27100,0,informational,15,https://pay-calculator-australia.com/fortnightly-tax-table/,138.2100067138672
tax tables weekly,27100,0,informational,34,https://pay-calculator-australia.com/weekly-tax-table/,56.90999984741211
tax timetable fortnightly,27100,0,informational,32,https://pay-calculator-australia.com/fortnightly-tax-table/,56.90999984741211
tax weekly table,27100,0,informational,34,https://pay-calculator-australia.com/weekly-tax-table/,56.90999984741211
tax withheld calculator,27100,38,informational,79,https://pay-calculator-australia.com/,56.90999984741211
taxation table weekly,27100,0,informational,28,https://pay-calculator-australia.com/weekly-tax-table/,56.90999984741211
taxation tables weekly,27100,0,informational,33,https://pay-calculator-australia.com/weekly-tax-table/,56.90999984741211
weekly tax table,27100,0,informational,33,https://pay-calculator-australia.com/weekly-tax-table/,56.90999984741211
withholdings tax calculator,27100,12,informational,80,https://pay-calculator-australia.com/,56.90999984741211
aus pay calculator,22200,11,informational,67,https://pay-calculator-australia.com/pay-calculator-wa/,46.619998931884766
australia tax percentage,22200,32,informational,51,https://pay-calculator-australia.com/tax-brackets/,46.619998931884766
australian tax rate,22200,32,informational,50,https://pay-calculator-australia.com/tax-brackets/,46.619998931884766
australian tax rates,22200,37,informational,42,https://pay-calculator-australia.com/tax-brackets/,46.619998931884766
marginal tax rates australia,22200,32,informational,56,https://pay-calculator-australia.com/tax-brackets/,46.619998931884766
tax levels australia,22200,32,informational,50,https://pay-calculator-australia.com/tax-brackets/,46.619998931884766
tax percentage australia,22200,38,informational,56,https://pay-calculator-australia.com/tax-brackets/,46.619998931884766
tax rate australia,22200,32,informational,59,https://pay-calculator-australia.com/tax-brackets/,46.619998931884766
tax rates australia,22200,37,informational,51,https://pay-calculator-australia.com/tax-brackets/,46.619998931884766
tax scale australia,22200,32,informational,49,https://pay-calculator-australia.com/tax-brackets/,46.619998931884766
taxation rates australia,22200,33,informational,46,https://pay-calculator-australia.com/tax-brackets/,46.619998931884766
taxation scale australia,22200,37,informational,38,https://pay-calculator-australia.com/tax-brackets/,46.619998931884766
ato tax brackets,18100,37,informational,68,https://pay-calculator-australia.com/tax-brackets/,38.0099983215332
salary sacrifice,14800,17,informational,52,https://pay-calculator-australia.com/salary-sacrifice-guide/,31.079999923706055
salary take home calculator,14800,1,informational,30,https://pay-calculator-australia.com/,31.079999923706055
tax brackets 2025,14800,37,informational,42,https://pay-calculator-australia.com/tax-brackets/,31.079999923706055
tax brackets 2026,14800,32,informational,63,https://pay-calculator-australia.com/tax-brackets/,31.079999923706055
tax rate,14800,32,informational,52,https://pay-calculator-australia.com/tax-brackets/,31.079999923706055
tax rates,14800,32,informational,53,https://pay-calculator-australia.com/tax-brackets/,31.079999923706055
taxation rates,14800,37,informational,52,https://pay-calculator-australia.com/tax-brackets/,31.079999923706055
australian super rate,12100,15,informational,45,https://pay-calculator-australia.com/super-guarantee-rate-history/,25.40999984741211
australian superannuation rate,12100,2,informational,34,https://pay-calculator-australia.com/super-guarantee-rate-history/,25.40999984741211
fortnightly,12100,1,informational,6,https://pay-calculator-australia.com/fortnightly-pay-calculator/,408.9800109863281
how many hour in a year,12100,4,informational,62,https://pay-calculator-australia.com/hourly-to-annual-salary-calculator/,25.40999984741211
how many hr in a year,12100,4,informational,48,https://pay-calculator-australia.com/hourly-to-annual-salary-calculator/,25.40999984741211
smart assets paycheck calculator,12100,41,informational,36,https://pay-calculator-australia.com/,25.40999984741211
superannuation rate,12100,7,informational,81,https://pay-calculator-australia.com/superannuation-guide/,25.40999984741211
salary rate calculator,9900,13,informational,29,https://pay-calculator-australia.com/hourly-to-annual-salary-calculator/,20.790000915527344
tax file number declaration form,9900,0,informational,48,https://pay-calculator-australia.com/tax-file-number-declaration/,20.790000915527344
tax rates 2026,9900,36,informational,68,https://pay-calculator-australia.com/tax-brackets/,20.790000915527344
teacher salaries vic,9900,0,informational,38,https://pay-calculator-australia.com/teacher-pay-australia/,20.790000915527344
teacher salary in victoria,9900,0,informational,42,https://pay-calculator-australia.com/teacher-pay-australia/,20.790000915527344
teacher salary in victoria australia,9900,1,informational,32,https://pay-calculator-australia.com/teacher-pay-australia/,20.790000915527344
teacher salary vic,9900,0,informational,36,https://pay-calculator-australia.com/teacher-pay-australia/,20.790000915527344
teacher victoria salary,9900,2,informational,42,https://pay-calculator-australia.com/teacher-pay-australia/vic/,20.790000915527344
teacher wage victoria,9900,1,informational,42,https://pay-calculator-australia.com/teacher-pay-australia/vic/,20.790000915527344
teachers pay victoria,9900,2,informational,35,https://pay-calculator-australia.com/teacher-pay-australia/vic/,20.790000915527344
teaching in victoria salary,9900,0,informational,38,https://pay-calculator-australia.com/teacher-pay-australia/,20.790000915527344
adp calculator paycheck,8100,23,informational,50,https://pay-calculator-australia.com/,17.010000228881836
adp paycheck calculator,8100,27,informational,44,https://pay-calculator-australia.com/,17.010000228881836
fortnightly tax table 2025,8100,0,informational,27,https://pay-calculator-australia.com/fortnightly-tax-table/,17.010000228881836
how much tax should i pay,8100,11,informational,50,https://pay-calculator-australia.com/,17.010000228881836
redundancy payment,8100,1,informational,88,https://pay-calculator-australia.com/redundancy-pay-guide/,17.010000228881836
salary calculator adp,8100,36,informational,53,https://pay-calculator-australia.com/annual-pay-calculator/,17.010000228881836
tax rate 2025,8100,32,informational,75,https://pay-calculator-australia.com/tax-brackets/,17.010000228881836
tfn declaration form,8100,0,informational,42,https://pay-calculator-australia.com/tax-file-number-declaration/,17.010000228881836
after tax income calculator,6600,7,informational,44,https://pay-calculator-australia.com/,13.859999656677246
calculate hecs repayment,6600,0,informational,29,https://pay-calculator-australia.com/hecs-help-calculator/,13.859999656677246
calculate hecs repayments,6600,2,informational,47,https://pay-calculator-australia.com/hecs-help-calculator/,13.859999656677246
current super rate,6600,0,informational,83,https://pay-calculator-australia.com/super-guarantee-rate-history/,13.859999656677246
div 293 tax,6600,0,informational,67,https://pay-calculator-australia.com/division-293-tax/,13.859999656677246
division 293 tax,6600,0,informational,93,https://pay-calculator-australia.com/division-293-tax/,13.859999656677246
estimate tax return,6600,15,informational,89,https://pay-calculator-australia.com/tax-return-calculator/,13.859999656677246
estimating net pay,6600,14,informational,49,https://pay-calculator-australia.com/gross-pay-calculator/,13.859999656677246
fortnightly tax table 2026,6600,0,transactional,12,https://pay-calculator-australia.com/payg-withholding-tables/,49.5
hecs pay calculator,6600,0,informational,15,https://pay-calculator-australia.com/hecs-help-calculator/,33.65999984741211
long service leave calculator,6600,2,informational,61,https://pay-calculator-australia.com/long-service-leave-calculator/,13.859999656677246
margin tax rates,6600,17,informational,47,https://pay-calculator-australia.com/tax-brackets/,13.859999656677246
marginal tax rate,6600,12,informational,54,https://pay-calculator-australia.com/tax-brackets/,13.859999656677246
marginal tax rates,6600,32,informational,53,https://pay-calculator-australia.com/tax-brackets/,13.859999656677246
net income calculator,6600,1,informational,54,https://pay-calculator-australia.com/gross-pay-calculator/,13.859999656677246
net wage calculator,6600,0,informational,45,https://pay-calculator-australia.com/monthly-pay-calculator/,13.859999656677246
pay after tax calculator,6600,7,informational,44,https://pay-calculator-australia.com/monthly-pay-calculator/,13.859999656677246
post tax income calculator,6600,7,informational,70,https://pay-calculator-australia.com/,13.859999656677246
salary after tax calculator,6600,8,informational,71,https://pay-calculator-australia.com/monthly-pay-calculator/,13.859999656677246
tax marginal rates,6600,26,informational,47,https://pay-calculator-australia.com/tax-brackets/,13.859999656677246
tax rate marginal,6600,13,informational,40,https://pay-calculator-australia.com/tax-brackets/,13.859999656677246
tax table 2026,6600,10,informational,20,https://pay-calculator-australia.com/monthly-tax-table/,15.84000015258789
tax threshold,6600,32,informational,49,https://pay-calculator-australia.com/tax-brackets/,13.859999656677246
tax thresholds,6600,26,informational,50,https://pay-calculator-australia.com/tax-brackets/,13.859999656677246
taxation thresholds,6600,32,informational,45,https://pay-calculator-australia.com/tax-brackets/,13.859999656677246
taxes withheld,6600,11,informational,44,https://pay-calculator-australia.com/tax-return-calculator/,13.859999656677246
age pension calculator,5400,15,informational,80,https://pay-calculator-australia.com/age-pension-income-test-calculator/,11.34000015258789
annual leave calculation,5400,0,informational,71,https://pay-calculator-australia.com/leave-calculator/,11.34000015258789
annual leave calculator,5400,0,informational,49,https://pay-calculator-australia.com/leave-calculator/,11.34000015258789
annual.leave calculation,5400,0,informational,70,https://pay-calculator-australia.com/leave-calculator/,11.34000015258789
calculate net salary,5400,1,informational,46,https://pay-calculator-australia.com/monthly-pay-calculator/,11.34000015258789
fortnightly tax calculator,5400,23,informational,34,https://pay-calculator-australia.com/fortnightly-pay-calculator/,11.34000015258789
hospitality award,5400,0,informational,56,https://pay-calculator-australia.com/hospitality-award-rates/,11.34000015258789
income and tax rates,5400,32,informational,61,https://pay-calculator-australia.com/tax-brackets/,11.34000015258789
income tax rate,5400,31,informational,63,https://pay-calculator-australia.com/tax-brackets/,11.34000015258789
income tax rates,5400,32,informational,59,https://pay-calculator-australia.com/tax-brackets/,11.34000015258789
lito,5400,0,informational,40,https://pay-calculator-australia.com/low-income-tax-offset/,11.34000015258789
net pay calculator,5400,3,informational,40,https://pay-calculator-australia.com/gross-pay-calculator/,11.34000015258789
notice of assessment,5400,0,transactional,46,https://pay-calculator-australia.com/notice-of-assessment/,11.34000015258789
pay calculator nsw,5400,15,informational,24,https://pay-calculator-australia.com/pay-calculator-nsw/,11.34000015258789
paycheck net calculator,5400,53,informational,57,https://pay-calculator-australia.com/,11.34000015258789
redundancy calculator,5400,2,informational,57,https://pay-calculator-australia.com/redundancy-pay-calculator/,11.34000015258789
redundancy pay calculator,5400,0,informational,56,https://pay-calculator-australia.com/redundancy-pay-calculator/,11.34000015258789
redundancy payment calculation table,5400,3,informational,25,https://pay-calculator-australia.com/redundancy-pay-calculator/,11.34000015258789
redundancy payment calculator,5400,15,informational,28,https://pay-calculator-australia.com/redundancy-pay-calculator/,11.34000015258789
tax calculator fortnightly,5400,23,informational,36,https://pay-calculator-australia.com/fortnightly-pay-calculator/,11.34000015258789
tax file declaration form,5400,5,informational,45,https://pay-calculator-australia.com/tax-file-number-declaration/,11.34000015258789
vps,5400,35,commercial,94,https://pay-calculator-australia.com/public-service-pay-scales/vic/,11.34000015258789
wage calculator nsw,5400,39,informational,21,https://pay-calculator-australia.com/pay-calculator-nsw/,12.420000076293945
weekly tax table 2025,5400,0,informational,34,https://pay-calculator-australia.com/weekly-tax-table/,11.34000015258789
weekly tax table 2026,5400,0,transactional,16,https://pay-calculator-australia.com/payg-withholding-tables/,23.219999313354492
australian tax brackets 2026,4400,32,commercial,65,https://pay-calculator-australia.com/tax-brackets/,9.239999771118164
fee help repayment,4400,21,informational,38,https://pay-calculator-australia.com/hecs-help-guide/,9.239999771118164
fee-help repayment,4400,21,informational,32,https://pay-calculator-australia.com/hecs-help-guide/,9.239999771118164
hecs help loan repayments,4400,17,informational,44,https://pay-calculator-australia.com/hecs-help-guide/,9.239999771118164
hecs repayment,4400,12,informational,58,https://pay-calculator-australia.com/hecs-help-guide/,9.239999771118164
hecs repayments,4400,8,informational,39,https://pay-calculator-australia.com/hecs-help-guide/,9.239999771118164
how much tax do i pay,4400,38,informational,77,https://pay-calculator-australia.com/,9.239999771118164
income tax brackets,4400,37,informational,57,https://pay-calculator-australia.com/tax-brackets/,9.239999771118164
individual tax rate,4400,32,informational,63,https://pay-calculator-australia.com/tax-brackets/,9.239999771118164
individual tax rates,4400,32,informational,61,https://pay-calculator-australia.com/tax-brackets/,9.239999771118164
medicare levy calculator,4400,0,informational,26,https://pay-calculator-australia.com/medicare-levy/,9.239999771118164
payroll calculator,4400,11,informational,41,https://pay-calculator-australia.com/monthly-pay-calculator/,9.239999771118164
repayment of hecs,4400,14,transactional,48,https://pay-calculator-australia.com/hecs-help-guide/,9.239999771118164
salary of a teacher,4400,5,informational,26,https://pay-calculator-australia.com/teacher-pay-australia/,9.239999771118164
salary tax brackets,4400,37,informational,52,https://pay-calculator-australia.com/tax-brackets/,9.239999771118164
tax bracket and income,4400,31,informational,36,https://pay-calculator-australia.com/tax-brackets/,9.239999771118164
tax brackets and income,4400,32,informational,56,https://pay-calculator-australia.com/tax-brackets/,9.239999771118164
tax individual rate,4400,38,informational,62,https://pay-calculator-australia.com/tax-brackets/,9.239999771118164
tax individual rates,4400,38,commercial,58,https://pay-calculator-australia.com/tax-brackets/,9.239999771118164
tax rate for individuals,4400,37,informational,66,https://pay-calculator-australia.com/tax-brackets/,9.239999771118164
tax rate individual,4400,32,informational,61,https://pay-calculator-australia.com/tax-brackets/,9.239999771118164
tax rates for individuals,4400,37,informational,68,https://pay-calculator-australia.com/tax-brackets/,9.239999771118164
tax thresholds 2026,4400,37,informational,64,https://pay-calculator-australia.com/tax-brackets/,9.239999771118164
taxes and income brackets,4400,32,informational,54,https://pay-calculator-australia.com/tax-brackets/,9.239999771118164
teacher earnings,4400,15,informational,22,https://pay-calculator-australia.com/teacher-pay-australia/,9.680000305175781
teacher salary,4400,7,informational,24,https://pay-calculator-australia.com/teacher-pay-australia/,9.239999771118164
teacher salary in nsw,4400,0,informational,34,https://pay-calculator-australia.com/teacher-pay-australia/nsw/,9.239999771118164
teacher wage,4400,11,informational,25,https://pay-calculator-australia.com/teacher-pay-australia/,9.239999771118164
ato tax schedule,3600,28,informational,39,https://pay-calculator-australia.com/weekly-tax-table/,7.559999942779541
australian tax tables,3600,32,informational,35,https://pay-calculator-australia.com/tax-brackets/,7.559999942779541
award wage for hospitality,3600,0,commercial,24,https://pay-calculator-australia.com/hospitality-award-rates/,7.559999942779541
hecs repayment threshold,3600,5,informational,16,https://pay-calculator-australia.com/hecs-repayment-threshold/,15.479999542236328
hecs repayment thresholds,3600,5,commercial,15,https://pay-calculator-australia.com/hecs-repayment-threshold/,18.360000610351562
hospitality award rates,3600,0,informational,14,https://pay-calculator-australia.com/hospitality-award-rates/,20.15999984741211
low income tax offset,3600,5,informational,46,https://pay-calculator-australia.com/low-income-tax-offset/,7.559999942779541
nurse income,3600,0,informational,29,https://pay-calculator-australia.com/healthcare-worker-pay/qld/,7.559999942779541
nurse salaries,3600,1,informational,77,https://pay-calculator-australia.com/healthcare-worker-pay/nsw/,7.559999942779541
nurse salary,3600,0,informational,77,https://pay-calculator-australia.com/healthcare-worker-pay/vic/,7.559999942779541
nurses salaries,3600,1,informational,76,https://pay-calculator-australia.com/healthcare-worker-pay/nsw/,7.559999942779541
nurses salary,3600,0,informational,77,https://pay-calculator-australia.com/healthcare-worker-pay/nsw/,7.559999942779541
nursing salaries,3600,1,informational,75,https://pay-calculator-australia.com/healthcare-worker-pay/nsw/,7.559999942779541
nursing salary,3600,1,informational,76,https://pay-calculator-australia.com/healthcare-worker-pay/vic/,7.559999942779541
pact calculator,3600,12,informational,64,https://pay-calculator-australia.com/salary-package-calculator/,7.559999942779541
queensland teachers pay rate,3600,0,informational,20,https://pay-calculator-australia.com/teacher-pay-australia/qld/,8.640000343322754
retail award rate,3600,0,informational,50,https://pay-calculator-australia.com/retail-award-rates/,7.559999942779541
retail industry award rates,3600,0,informational,50,https://pay-calculator-australia.com/retail-award-rates/,7.559999942779541
salary nurse,3600,0,informational,78,https://pay-calculator-australia.com/healthcare-worker-pay/vic/,7.559999942779541
schads,3600,0,informational,82,https://pay-calculator-australia.com/schads-award-pay-rates/,7.559999942779541
schads award 2025,3600,0,informational,36,https://pay-calculator-australia.com/schads-award-pay-rates/,7.559999942779541
schads award pay rates,3600,0,informational,22,https://pay-calculator-australia.com/schads-award-pay-rates/,7.920000076293945
tax brackets australia 2026,3600,37,informational,68,https://pay-calculator-australia.com/tax-brackets/,7.559999942779541
vps pay grades,3600,0,informational,10,https://pay-calculator-australia.com/public-service-pay-scales/vic/,40.68000030517578
vps pay rates,3600,0,informational,12,https://pay-calculator-australia.com/public-service-pay-scales/vic/,27
vps salaries,3600,0,informational,14,https://pay-calculator-australia.com/public-service-pay-scales/vic/,20.15999984741211
vps salary,3600,0,informational,14,https://pay-calculator-australia.com/public-service-pay-scales/vic/,20.15999984741211
vps salary rates,3600,0,informational,11,https://pay-calculator-australia.com/public-service-pay-scales/vic/,32.7599983215332
wage and tax calculator,3600,9,informational,75,https://pay-calculator-australia.com/monthly-pay-calculator/,7.559999942779541
wages and tax calculator,3600,8,informational,75,https://pay-calculator-australia.com/monthly-pay-calculator/,7.559999942779541
2026 tax brackets,2900,32,informational,64,https://pay-calculator-australia.com/tax-brackets/,6.090000152587891
2026 tax rates,2900,43,informational,51,https://pay-calculator-australia.com/tax-brackets/,6.090000152587891
australia tax rates,2900,37,informational,55,https://pay-calculator-australia.com/tax-brackets/,6.090000152587891
gross income,2900,0,informational,53,https://pay-calculator-australia.com/gross-pay-calculator/,6.090000152587891
income tax brackets australia,2900,43,informational,52,https://pay-calculator-australia.com/tax-brackets/,6.090000152587891
long service leave calculator nsw,2900,0,informational,55,https://pay-calculator-australia.com/long-service-leave-calculator/,6.090000152587891
long service leave nsw calculator,2900,0,informational,57,https://pay-calculator-australia.com/long-service-leave-calculator/,6.090000152587891
lsl calculator nsw,2900,0,informational,51,https://pay-calculator-australia.com/long-service-leave-calculator/,6.090000152587891
medicare levy surcharge calculator,2900,10,informational,29,https://pay-calculator-australia.com/medicare-levy/,6.090000152587891
nurse wage qld,2900,0,informational,26,https://pay-calculator-australia.com/healthcare-worker-pay/qld/,6.090000152587891
nurse wages qld,2900,0,informational,27,https://pay-calculator-australia.com/healthcare-worker-pay/qld/,6.090000152587891
nurses salary qld,2900,0,informational,39,https://pay-calculator-australia.com/healthcare-worker-pay/qld/,6.090000152587891
nurses wage qld,2900,0,informational,28,https://pay-calculator-australia.com/healthcare-worker-pay/qld/,6.090000152587891
nursing pay rates qld,2900,0,informational,24,https://pay-calculator-australia.com/healthcare-worker-pay/qld/,6.090000152587891
nursing penalty rates qld,2900,0,informational,21,https://pay-calculator-australia.com/healthcare-worker-pay/qld/,6.670000076293945
nursing salary qld,2900,0,informational,41,https://pay-calculator-australia.com/healthcare-worker-pay/qld/,6.090000152587891
nursing wage rates qld,2900,0,informational,17,https://pay-calculator-australia.com/healthcare-worker-pay/qld/,12.470000267028809
nursing wages qld,2900,0,informational,26,https://pay-calculator-australia.com/healthcare-worker-pay/qld/,6.090000152587891
pay after tax,2900,6,informational,49,https://pay-calculator-australia.com/annual-pay-calculator/,6.090000152587891
pay finder,2900,34,navigational,70,https://pay-calculator-australia.com/pay-calculator-wa/,6.090000152587891
pay rates,2900,21,informational,33,https://pay-calculator-australia.com/award-rates/,6.090000152587891
pay rates nurses qld,2900,0,informational,22,https://pay-calculator-australia.com/healthcare-worker-pay/qld/,6.380000114440918
paye calculator,2900,34,informational,37,https://pay-calculator-australia.com/,6.090000152587891
qld nurse pay rates,2900,0,informational,23,https://pay-calculator-australia.com/healthcare-worker-pay/qld/,6.090000152587891
qld nurses pay rates,2900,0,informational,21,https://pay-calculator-australia.com/healthcare-worker-pay/qld/,6.670000076293945
qld nursing pay rates,2900,0,informational,19,https://pay-calculator-australia.com/healthcare-worker-pay/qld/,7.829999923706055
qld nursing wages,2900,0,informational,22,https://pay-calculator-australia.com/healthcare-worker-pay/qld/,6.380000114440918
qld teacher pay,2900,0,informational,21,https://pay-calculator-australia.com/teacher-pay-australia/qld/,6.670000076293945
qld teacher salary,2900,0,informational,23,https://pay-calculator-australia.com/teacher-pay-australia/qld/,6.090000152587891
qld teachers pay,2900,0,informational,26,https://pay-calculator-australia.com/teacher-pay-australia/qld/,6.090000152587891
queensland nurse pay rates,2900,0,informational,19,https://pay-calculator-australia.com/healthcare-worker-pay/qld/,7.829999923706055
queensland nurses pay,2900,0,informational,24,https://pay-calculator-australia.com/healthcare-worker-pay/qld/,6.090000152587891
queensland nurses pay rates,2900,0,informational,17,https://pay-calculator-australia.com/healthcare-worker-pay/qld/,12.470000267028809
queensland nursing salary,2900,0,informational,40,https://pay-calculator-australia.com/healthcare-worker-pay/qld/,6.090000152587891
queensland teacher pay,2900,0,informational,21,https://pay-calculator-australia.com/teacher-pay-australia/qld/,6.670000076293945
rates of pay,2900,23,informational,37,https://pay-calculator-australia.com/award-rates/,6.090000152587891
redundancy payment nsw,2900,1,informational,44,https://pay-calculator-australia.com/redundancy-pay-guide/,6.090000152587891
registered nurse wages qld,2900,0,informational,26,https://pay-calculator-australia.com/healthcare-worker-pay/qld/,6.090000152587891
salary after tax,2900,5,informational,44,https://pay-calculator-australia.com/annual-pay-calculator/,6.090000152587891
tax bracket australia 2025,2900,32,informational,75,https://pay-calculator-australia.com/tax-brackets/,6.090000152587891
tax brackets australia 2025,2900,32,informational,84,https://pay-calculator-australia.com/tax-brackets/,6.090000152587891
tax file number declaration,2900,4,informational,46,https://pay-calculator-australia.com/tax-file-number-declaration/,6.090000152587891
tax low income offset,2900,5,commercial,44,https://pay-calculator-australia.com/low-income-tax-offset/,6.090000152587891
tax offset low income,2900,13,informational,42,https://pay-calculator-australia.com/low-income-tax-offset/,6.090000152587891
tax offsets low income,2900,12,informational,93,https://pay-calculator-australia.com/low-income-tax-offset/,6.090000152587891
teacher pay queensland,2900,0,informational,31,https://pay-calculator-australia.com/teacher-pay-australia/qld/,6.090000152587891
teacher pay rates qld,2900,0,informational,24,https://pay-calculator-australia.com/teacher-pay-australia/qld/,6.090000152587891
teacher salaries qld,2900,0,informational,20,https://pay-calculator-australia.com/teacher-pay-australia/qld/,6.960000038146973
teachers salaries queensland,2900,0,informational,19,https://pay-calculator-australia.com/teacher-pay-australia/qld/,7.829999923706055
teachers salary qld,2900,0,informational,20,https://pay-calculator-australia.com/teacher-pay-australia/qld/,6.960000038146973
teaching salary qld,2900,0,informational,17,https://pay-calculator-australia.com/teacher-pay-australia/qld/,12.470000267028809
teaching salary queensland,2900,0,informational,16,https://pay-calculator-australia.com/teacher-pay-australia/qld/,12.470000267028809
teaching wages qld,2900,0,informational,19,https://pay-calculator-australia.com/teacher-pay-australia/qld/,7.829999923706055
tfn declaration,2900,3,informational,24,https://pay-calculator-australia.com/tax-file-number-declaration/,6.090000152587891
year to date calculator,2900,7,informational,45,https://pay-calculator-australia.com/ytd-income-calculator/,6.090000152587891
year-to date calculator,2900,0,informational,38,https://pay-calculator-australia.com/ytd-income-calculator/,6.090000152587891
ytd calculator,2900,0,informational,51,https://pay-calculator-australia.com/ytd-income-calculator/,6.090000152587891
adp hourly paycheck calculator,2400,21,informational,44,https://pay-calculator-australia.com/,5.039999961853027
adp payroll hourly calculator,2400,16,informational,47,https://pay-calculator-australia.com/,5.039999961853027
australia nurses pay rates,2400,1,informational,87,https://pay-calculator-australia.com/healthcare-worker-pay/nsw/,5.039999961853027
australia tax slabs,2400,32,informational,54,https://pay-calculator-australia.com/tax-brackets/,5.039999961853027
australian nurses pay rates,2400,1,informational,83,https://pay-calculator-australia.com/healthcare-worker-pay/nsw/,5.039999961853027
australian nursing pay rates,2400,1,informational,86,https://pay-calculator-australia.com/healthcare-worker-pay/nsw/,5.039999961853027
australian tax slab,2400,37,informational,51,https://pay-calculator-australia.com/tax-brackets/,5.039999961853027
australian tax slabs,2400,31,informational,47,https://pay-calculator-australia.com/tax-brackets/,5.039999961853027
calculating pay rate,2400,8,informational,32,https://pay-calculator-australia.com/hourly-to-annual-salary-calculator/,5.039999961853027
concessional contributions cap 2026,2400,5,informational,94,https://pay-calculator-australia.com/news/super-contribution-caps-2026-27/,5.039999961853027
fortnights in a year,2400,0,informational,69,https://pay-calculator-australia.com/fortnightly-pay-calculator/,5.039999961853027
individual tax rate 2025,2400,37,informational,53,https://pay-calculator-australia.com/tax-brackets/,5.039999961853027
individual tax rates 2025,2400,37,informational,85,https://pay-calculator-australia.com/tax-brackets/,5.039999961853027
midwife pay rate,2400,0,informational,65,https://pay-calculator-australia.com/healthcare-worker-pay/qld/,5.039999961853027
minimum wage increase 2026,2400,14,informational,59,https://pay-calculator-australia.com/news/minimum-wage-increase-july-2026/,5.039999961853027
monthly tax table,2400,0,informational,21,https://pay-calculator-australia.com/monthly-tax-table/,5.519999980926514
notice of assessment ato,2400,4,informational,40,https://pay-calculator-australia.com/notice-of-assessment/,5.039999961853027
nurse pay rate in australia,2400,1,informational,80,https://pay-calculator-australia.com/healthcare-worker-pay/nsw/,5.039999961853027
nurse wage australia,2400,0,informational,89,https://pay-calculator-australia.com/healthcare-worker-pay/vic/,5.039999961853027
nurse wages australia,2400,1,informational,91,https://pay-calculator-australia.com/healthcare-worker-pay/vic/,5.039999961853027
nursing australia pay rates,2400,1,informational,74,https://pay-calculator-australia.com/healthcare-worker-pay/nsw/,5.039999961853027
nursing pay rate in australia,2400,1,informational,83,https://pay-calculator-australia.com/healthcare-worker-pay/nsw/,5.039999961853027
nursing pay rates in australia,2400,2,informational,78,https://pay-calculator-australia.com/healthcare-worker-pay/nsw/,5.039999961853027
nursing wages australia,2400,1,informational,44,https://pay-calculator-australia.com/healthcare-worker-pay/vic/,5.039999961853027
pay rate for nurses in australia,2400,2,informational,85,https://pay-calculator-australia.com/healthcare-worker-pay/nsw/,5.039999961853027
paycheck calculator adp hourly,2400,49,informational,47,https://pay-calculator-australia.com/,5.039999961853027
paycheck calculator hourly adp,2400,18,informational,45,https://pay-calculator-australia.com/,5.039999961853027
sapto,2400,0,informational,20,https://pay-calculator-australia.com/sapto-calculator/,5.760000228881836
super co contribution,2400,0,informational,78,https://pay-calculator-australia.com/super-co-contribution/,5.039999961853027
super contribution cap 2026,2400,5,informational,97,https://pay-calculator-australia.com/news/super-contribution-caps-2026-27/,5.039999961853027
super rate australia,2400,8,commercial,75,https://pay-calculator-australia.com/superannuation-guide/,5.039999961853027
superannuation percentage in australia,2400,2,informational,46,https://pay-calculator-australia.com/superannuation-guide/,5.039999961853027
superannuation rate australia,2400,1,informational,53,https://pay-calculator-australia.com/superannuation-guide/,5.039999961853027
tax file number form,2400,39,informational,38,https://pay-calculator-australia.com/tax-file-number-declaration/,5.039999961853027
tax free threshold 2025,2400,17,informational,44,https://pay-calculator-australia.com/tax-brackets/,5.039999961853027
tax free threshold 2026,2400,17,informational,38,https://pay-calculator-australia.com/tax-brackets/,5.039999961853027
tax monthly table,2400,1,informational,21,https://pay-calculator-australia.com/monthly-tax-table/,5.519999980926514
tax table monthly,2400,0,informational,20,https://pay-calculator-australia.com/monthly-tax-table/,5.760000228881836
tax tables monthly,2400,0,informational,19,https://pay-calculator-australia.com/monthly-tax-table/,6.480000019073486
tax threshold 2025,2400,25,informational,42,https://pay-calculator-australia.com/tax-brackets/,5.039999961853027
tax thresholds 2025,2400,25,informational,74,https://pay-calculator-australia.com/tax-brackets/,5.039999961853027
tax-free threshold 2025,2400,25,informational,37,https://pay-calculator-australia.com/tax-brackets/,5.039999961853027
teacher salaries wa,2400,0,informational,49,https://pay-calculator-australia.com/teacher-pay-australia/wa/,5.039999961853027
teacher salary wa,2400,0,informational,48,https://pay-calculator-australia.com/teacher-pay-australia/wa/,5.039999961853027
teacher salary western australia,2400,0,informational,51,https://pay-calculator-australia.com/teacher-pay-australia/wa/,5.039999961853027
teacher wages wa,2400,0,informational,49,https://pay-calculator-australia.com/teacher-pay-australia/wa/,5.039999961853027
teachers salary wa,2400,0,informational,48,https://pay-calculator-australia.com/teacher-pay-australia/wa/,5.039999961853027
teachers wage wa,2400,0,informational,50,https://pay-calculator-australia.com/teacher-pay-australia/wa/,5.039999961853027
wa teacher pay,2400,0,informational,52,https://pay-calculator-australia.com/teacher-pay-australia/wa/,5.039999961853027
wa teacher pay rates,2400,0,informational,44,https://pay-calculator-australia.com/teacher-pay-australia/wa/,5.039999961853027
wa teacher salaries,2400,0,informational,50,https://pay-calculator-australia.com/teacher-pay-australia/wa/,5.039999961853027
wa teacher salary,2400,0,informational,49,https://pay-calculator-australia.com/teacher-pay-australia/wa/,5.039999961853027
wa teachers salary,2400,0,informational,51,https://pay-calculator-australia.com/teacher-pay-australia/wa/,5.039999961853027
wa teaching salary,2400,0,informational,49,https://pay-calculator-australia.com/teacher-pay-australia/wa/,5.039999961853027
western australia teacher salary,2400,0,informational,35,https://pay-calculator-australia.com/teacher-pay-australia/,5.039999961853027
what are the tax brackets in australia,2400,42,informational,66,https://pay-calculator-australia.com/tax-brackets/,5.039999961853027
youth allowance calculator,2400,4,informational,20,https://pay-calculator-australia.com/austudy-youth-allowance-calculator/,5.760000228881836
youth allowance estimator,2400,3,informational,18,https://pay-calculator-australia.com/austudy-youth-allowance-calculator/,7.920000076293945
2025 tax rates,1900,37,informational,52,https://pay-calculator-australia.com/tax-brackets/,3.990000009536743
annual earning calculator,1900,4,informational,33,https://pay-calculator-australia.com/annual-pay-calculator/,3.990000009536743
annual income calculator,1900,24,informational,41,https://pay-calculator-australia.com/hourly-to-annual-salary-calculator/,3.990000009536743
annual wage calculator,1900,13,informational,26,https://pay-calculator-australia.com/hourly-to-annual-salary-calculator/,3.990000009536743
aps 6 pay rate,1900,0,informational,25,https://pay-calculator-australia.com/public-service-pay-scales/aps/,3.990000009536743
aps 6 salary,1900,0,informational,34,https://pay-calculator-australia.com/public-service-pay-scales/aps/,3.990000009536743
aps6 salary,1900,0,informational,36,https://pay-calculator-australia.com/public-service-pay-scales/aps/,3.990000009536743
ato fortnightly tax table,1900,2,informational,19,https://pay-calculator-australia.com/fortnightly-tax-table/,5.130000114440918
ato notice of assessment,1900,5,informational,37,https://pay-calculator-australia.com/notice-of-assessment/,3.990000009536743
ato tax rates fortnightly,1900,0,informational,26,https://pay-calculator-australia.com/fortnightly-tax-table/,3.990000009536743
ato tax schedule fortnightly,1900,2,informational,20,https://pay-calculator-australia.com/fortnightly-tax-table/,4.559999942779541
australia highest tax bracket,1900,26,informational,82,https://pay-calculator-australia.com/tax-brackets/,3.990000009536743
australia income tax brackets,1900,37,informational,58,https://pay-calculator-australia.com/tax-brackets/,3.990000009536743
australia salary tax rates,1900,43,informational,53,https://pay-calculator-australia.com/tax-brackets/,3.990000009536743
australian minimum wage annual,1900,27,informational,28,https://pay-calculator-australia.com/minimum-wage-history-australia/,3.990000009536743
australian tax office notice of assessment,1900,6,informational,36,https://pay-calculator-australia.com/notice-of-assessment/,3.990000009536743
australian tax table fortnightly,1900,0,informational,16,https://pay-calculator-australia.com/payg-withholding-tables/,8.170000076293945
award pay rates,1900,16,informational,24,https://pay-calculator-australia.com/award-rates/,3.990000009536743
award rates,1900,19,informational,22,https://pay-calculator-australia.com/award-rates/,4.179999828338623
award wage rates,1900,16,commercial,28,https://pay-calculator-australia.com/award-rates/,3.990000009536743
award wages,1900,19,informational,25,https://pay-calculator-australia.com/award-rates/,3.990000009536743
award wages rates,1900,26,commercial,8,https://pay-calculator-australia.com/award-rates/,37.43000030517578
calculate annual salary,1900,9,informational,19,https://pay-calculator-australia.com/hourly-to-annual-salary-calculator/,5.130000114440918
fair work pay rates,1900,56,informational,27,https://pay-calculator-australia.com/award-rates/,3.990000009536743
hecs repayment rates,1900,5,informational,51,https://pay-calculator-australia.com/hecs-repayment-threshold/,3.990000009536743
high tax bracket australia,1900,26,informational,58,https://pay-calculator-australia.com/tax-brackets/,3.990000009536743
higher tax bracket australia,1900,26,informational,48,https://pay-calculator-australia.com/tax-brackets/,3.990000009536743
highest australian tax bracket,1900,32,informational,50,https://pay-calculator-australia.com/tax-brackets/,3.990000009536743
highest tax bracket australia,1900,27,informational,54,https://pay-calculator-australia.com/tax-brackets/,3.990000009536743
hour calculator pay,1900,33,informational,75,https://pay-calculator-australia.com/hourly-to-annual-salary-calculator/,3.990000009536743
hour to year,1900,6,informational,15,https://pay-calculator-australia.com/hourly-to-annual-salary-calculator/,9.6899995803833
hour wage calculator,1900,43,informational,24,https://pay-calculator-australia.com/hourly-to-annual-salary-calculator/,3.990000009536743
hourly wages calculator,1900,46,informational,26,https://pay-calculator-australia.com/hourly-to-annual-salary-calculator/,3.990000009536743
how much is super,1900,13,informational,46,https://pay-calculator-australia.com/superannuation-guide/,3.990000009536743
how much is super in australia,1900,10,informational,42,https://pay-calculator-australia.com/superannuation-guide/,3.990000009536743
income tax rate au,1900,43,informational,55,https://pay-calculator-australia.com/tax-brackets/,3.990000009536743
income tax rates australia,1900,32,informational,55,https://pay-calculator-australia.com/tax-brackets/,3.990000009536743
income tax scale australia,1900,43,informational,49,https://pay-calculator-australia.com/tax-brackets/,3.990000009536743
income yearly calculator,1900,24,informational,45,https://pay-calculator-australia.com/hourly-to-annual-salary-calculator/,3.990000009536743
individual tax rates 2026,1900,32,informational,40,https://pay-calculator-australia.com/tax-brackets/,3.990000009536743
long service leave calculator vic,1900,1,informational,65,https://pay-calculator-australia.com/long-service-leave-calculator/,3.990000009536743
lsl calculator vic,1900,1,informational,64,https://pay-calculator-australia.com/long-service-leave-calculator/,3.990000009536743
minimum wage australia annual,1900,26,informational,57,https://pay-calculator-australia.com/minimum-wage-history-australia/,3.990000009536743
minimum wage australia yearly,1900,30,informational,49,https://pay-calculator-australia.com/minimum-wage-history-australia/,3.990000009536743
net earnings calculator australia,1900,14,informational,39,https://pay-calculator-australia.com/,3.990000009536743
net income calculator australia,1900,3,informational,46,https://pay-calculator-australia.com/gross-pay-calculator/,3.990000009536743
net pay calculator australia,1900,4,informational,42,https://pay-calculator-australia.com/monthly-pay-calculator/,3.990000009536743
net wages calculator australia,1900,4,informational,41,https://pay-calculator-australia.com/gross-pay-calculator/,3.990000009536743
nsw nurse salary,1900,0,informational,65,https://pay-calculator-australia.com/healthcare-worker-pay/nsw/,3.990000009536743
nsw nurses salary,1900,6,informational,69,https://pay-calculator-australia.com/healthcare-worker-pay/nsw/,3.990000009536743
nsw nursing salary,1900,0,informational,68,https://pay-calculator-australia.com/healthcare-worker-pay/nsw/,3.990000009536743
nsw registered nurse pay rates,1900,0,informational,26,https://pay-calculator-australia.com/healthcare-worker-pay/nsw/,3.990000009536743
nsw registered nurse salary,1900,0,informational,65,https://pay-calculator-australia.com/healthcare-worker-pay/nsw/,3.990000009536743
nsw tax brackets,1900,37,informational,39,https://pay-calculator-australia.com/tax-brackets/,3.990000009536743
nurse pay nsw,1900,0,informational,67,https://pay-calculator-australia.com/healthcare-worker-pay/nsw/,3.990000009536743
nurse practitioner pay rate,1900,0,informational,34,https://pay-calculator-australia.com/healthcare-worker-pay/qld/,3.990000009536743
nurse salary nsw,1900,0,informational,69,https://pay-calculator-australia.com/healthcare-worker-pay/nsw/,3.990000009536743
nurse wage nsw,1900,0,informational,72,https://pay-calculator-australia.com/healthcare-worker-pay/nsw/,3.990000009536743
nurse wages nsw,1900,1,informational,66,https://pay-calculator-australia.com/healthcare-worker-pay/nsw/,3.990000009536743
nurses pay nsw,1900,0,informational,33,https://pay-calculator-australia.com/healthcare-worker-pay/nsw/,3.990000009536743
nurses salary in nsw,1900,0,informational,34,https://pay-calculator-australia.com/healthcare-worker-pay/nsw/,3.990000009536743
nurses salary nsw,1900,0,informational,68,https://pay-calculator-australia.com/healthcare-worker-pay/nsw/,3.990000009536743
nursing nsw salary,1900,0,informational,68,https://pay-calculator-australia.com/healthcare-worker-pay/nsw/,3.990000009536743
nursing pay nsw,1900,0,informational,70,https://pay-calculator-australia.com/healthcare-worker-pay/nsw/,3.990000009536743
nursing salaries nsw,1900,1,informational,71,https://pay-calculator-australia.com/healthcare-worker-pay/nsw/,3.990000009536743
nursing salary nsw,1900,0,informational,66,https://pay-calculator-australia.com/healthcare-worker-pay/nsw/,3.990000009536743
pay calculator qld,1900,38,informational,20,https://pay-calculator-australia.com/pay-calculator-qld/,4.559999942779541
pay calculator queensland,1900,15,informational,34,https://pay-calculator-australia.com/pay-calculator-qld/,3.990000009536743
pay rate qld health,1900,0,informational,19,https://pay-calculator-australia.com/healthcare-worker-pay/qld/,5.130000114440918
pay scale victorian teachers,1900,0,informational,44,https://pay-calculator-australia.com/teacher-pay-australia/vic/,3.990000009536743
pension increase march 2026,1900,0,commercial,39,https://pay-calculator-australia.com/news/age-pension-increase-march-2026/,3.990000009536743
qld health pay rates,1900,0,informational,18,https://pay-calculator-australia.com/healthcare-worker-pay/qld/,6.269999980926514
registered nurse nsw salary,1900,0,informational,65,https://pay-calculator-australia.com/healthcare-worker-pay/nsw/,3.990000009536743
registered nurse pay rate nsw,1900,1,informational,34,https://pay-calculator-australia.com/healthcare-worker-pay/nsw/,3.990000009536743
registered nurse pay rates nsw,1900,1,informational,27,https://pay-calculator-australia.com/healthcare-worker-pay/nsw/,3.990000009536743
registered nurse salary nsw,1900,0,informational,64,https://pay-calculator-australia.com/healthcare-worker-pay/nsw/,3.990000009536743
registered nurse wage nsw,1900,6,informational,63,https://pay-calculator-australia.com/healthcare-worker-pay/nsw/,3.990000009536743
registered nurses salary nsw,1900,0,informational,61,https://pay-calculator-australia.com/healthcare-worker-pay/nsw/,3.990000009536743
rn salary nsw,1900,0,informational,65,https://pay-calculator-australia.com/healthcare-worker-pay/nsw/,3.990000009536743
rn wages nsw,1900,0,informational,31,https://pay-calculator-australia.com/healthcare-worker-pay/nsw/,3.990000009536743
salary calculator qld,1900,10,informational,33,https://pay-calculator-australia.com/pay-calculator-qld/,3.990000009536743
salary packaging calculator,1900,7,informational,77,https://pay-calculator-australia.com/salary-packaging-guide/,3.990000009536743
salary tax brackets australia,1900,37,informational,52,https://pay-calculator-australia.com/tax-brackets/,3.990000009536743
sapto eligibility,1900,0,informational,26,https://pay-calculator-australia.com/sapto-calculator/,3.990000009536743
super guarantee amount,1900,8,informational,53,https://pay-calculator-australia.com/super-guarantee-rate-history/,3.990000009536743
super guarantee rate,1900,6,informational,90,https://pay-calculator-australia.com/super-guarantee-rate-history/,3.990000009536743
super percentage,1900,8,informational,49,https://pay-calculator-australia.com/superannuation-guide/,3.990000009536743
superannuation base,1900,11,informational,48,https://pay-calculator-australia.com/superannuation-guide/,3.990000009536743
superannuation guarantee amount,1900,8,informational,58,https://pay-calculator-australia.com/super-guarantee-rate-history/,3.990000009536743
superannuation percentage,1900,1,informational,82,https://pay-calculator-australia.com/superannuation-guide/,3.990000009536743
tax brackets nsw,1900,32,informational,53,https://pay-calculator-australia.com/tax-brackets/,3.990000009536743
tax thresholds australia,1900,32,informational,51,https://pay-calculator-australia.com/tax-brackets/,3.990000009536743
teacher pay scale victoria,1900,0,informational,35,https://pay-calculator-australia.com/teacher-pay-australia/vic/,3.990000009536743
teachers pay scale victoria,1900,0,informational,42,https://pay-calculator-australia.com/teacher-pay-australia/vic/,3.990000009536743
top tax bracket in australia,1900,26,informational,56,https://pay-calculator-australia.com/tax-brackets/,3.990000009536743
vic teacher pay scale,1900,0,informational,32,https://pay-calculator-australia.com/teacher-pay-australia/vic/,3.990000009536743
vic teachers pay scale,1900,0,commercial,41,https://pay-calculator-australia.com/teacher-pay-australia/vic/,3.990000009536743
victorian teachers pay scale,1900,0,informational,34,https://pay-calculator-australia.com/teacher-pay-australia/vic/,3.990000009536743
wages and awards,1900,21,informational,43,https://pay-calculator-australia.com/award-rates/,3.990000009536743
wages calculator per hour,1900,9,informational,24,https://pay-calculator-australia.com/hourly-to-annual-salary-calculator/,3.990000009536743
weekly pay calculator,1900,11,informational,26,https://pay-calculator-australia.com/weekly-pay-calculator/,3.990000009536743
weekly paycheck calculator,1900,15,informational,29,https://pay-calculator-australia.com/,3.990000009536743
weekly tax table 2026 pdf,1900,0,transactional,21,https://pay-calculator-australia.com/payg-withholding-tables/,4.369999885559082
what is the tax percentage in australia,1900,42,informational,60,https://pay-calculator-australia.com/tax-brackets/,3.990000009536743
what is the tax rate in australia,1900,37,informational,63,https://pay-calculator-australia.com/tax-brackets/,3.990000009536743
yearly salary calculator,1900,24,informational,20,https://pay-calculator-australia.com/hourly-to-annual-salary-calculator/,4.559999942779541
annual salary calculator,1600,11,informational,24,https://pay-calculator-australia.com/hourly-to-annual-salary-calculator/,3.3600001335144043
australia income tax rates,1600,43,informational,53,https://pay-calculator-australia.com/tax-brackets/,3.3600001335144043
australian income tax rates,1600,43,informational,52,https://pay-calculator-australia.com/tax-brackets/,3.3600001335144043
australian tax brackets 2025,1600,37,informational,40,https://pay-calculator-australia.com/tax-brackets/,3.3600001335144043
calculate hecs,1600,0,informational,51,https://pay-calculator-australia.com/hecs-repayment-threshold/,3.3600001335144043
calculate leave,1600,0,informational,54,https://pay-calculator-australia.com/leave-calculator/,3.3600001335144043
fbt year,1600,1,informational,47,https://pay-calculator-australia.com/fringe-benefits-tax/,3.3600001335144043
fringe benefit tax year,1600,8,informational,59,https://pay-calculator-australia.com/fringe-benefits-tax/,3.3600001335144043
hecs calculator,1600,0,informational,47,https://pay-calculator-australia.com/hecs-repayment-threshold/,3.3600001335144043
hecs help threshold,1600,15,informational,53,https://pay-calculator-australia.com/hecs-repayment-threshold/,3.3600001335144043
hecs threshold,1600,8,informational,56,https://pay-calculator-australia.com/hecs-repayment-threshold/,3.3600001335144043
hecs thresholds,1600,2,informational,58,https://pay-calculator-australia.com/hecs-repayment-threshold/,3.3600001335144043
how much do teachers get paid,1600,10,informational,27,https://pay-calculator-australia.com/teacher-pay-australia/,3.3600001335144043
how much does a teacher get paid,1600,7,informational,25,https://pay-calculator-australia.com/teacher-pay-australia/,3.3600001335144043
how much is paid parental leave,1600,5,informational,46,https://pay-calculator-australia.com/parental-leave-pay/,3.3600001335144043
income tax rate personal,1600,27,informational,55,https://pay-calculator-australia.com/tax-brackets/,3.3600001335144043
leave calculation,1600,0,informational,25,https://pay-calculator-australia.com/leave-calculator/,3.3600001335144043
leave calculator,1600,0,informational,45,https://pay-calculator-australia.com/leave-calculator/,3.3600001335144043
minimum wages for 18 year olds in australia,1600,19,informational,31,https://pay-calculator-australia.com/junior-pay-rates/,3.3600001335144043
moneysmart tax calculator,1600,37,informational,51,https://pay-calculator-australia.com/,3.3600001335144043
notice of assessment tax,1600,0,informational,46,https://pay-calculator-australia.com/notice-of-assessment/,3.3600001335144043
notice of tax assessment,1600,0,informational,43,https://pay-calculator-australia.com/notice-of-assessment/,3.3600001335144043
nursing wages,1600,2,informational,34,https://pay-calculator-australia.com/healthcare-worker-pay/nsw/,3.3600001335144043
personal income tax brackets,1600,32,informational,53,https://pay-calculator-australia.com/tax-brackets/,3.3600001335144043
personal income tax rates,1600,32,informational,52,https://pay-calculator-australia.com/tax-brackets/,3.3600001335144043
personal tax income rates,1600,32,informational,56,https://pay-calculator-australia.com/tax-brackets/,3.3600001335144043
personal tax rate,1600,27,informational,55,https://pay-calculator-australia.com/tax-brackets/,3.3600001335144043
personal tax rates,1600,37,informational,56,https://pay-calculator-australia.com/tax-brackets/,3.3600001335144043
qld health nurse wage,1600,0,informational,15,https://pay-calculator-australia.com/healthcare-worker-pay/qld/,8.15999984741211
qld minimum wage,1600,30,informational,28,https://pay-calculator-australia.com/minimum-wage-history-australia/,3.3600001335144043
repaying hecs debt,1600,12,informational,62,https://pay-calculator-australia.com/hecs-help-guide/,3.3600001335144043
salary sacrifice super calculator,1600,7,informational,80,https://pay-calculator-australia.com/salary-package-calculator/,3.3600001335144043
salary sacrifice superannuation calculator,1600,0,informational,79,https://pay-calculator-australia.com/salary-package-calculator/,3.3600001335144043
tax assessment notice,1600,0,informational,45,https://pay-calculator-australia.com/notice-of-assessment/,3.3600001335144043
tax assessment notices,1600,0,informational,44,https://pay-calculator-australia.com/notice-of-assessment/,3.3600001335144043
tax notice of assessment,1600,0,informational,69,https://pay-calculator-australia.com/notice-of-assessment/,3.3600001335144043
taxation assessment notice,1600,0,informational,38,https://pay-calculator-australia.com/notice-of-assessment/,3.3600001335144043
taxation notice of assessment,1600,0,informational,57,https://pay-calculator-australia.com/notice-of-assessment/,3.3600001335144043
what is a gross pay,1600,0,informational,36,https://pay-calculator-australia.com/gross-pay-calculator/,3.3600001335144043
what is a gross payment,1600,0,informational,32,https://pay-calculator-australia.com/gross-pay-calculator/,3.3600001335144043
what is the superannuation rate,1600,4,informational,79,https://pay-calculator-australia.com/super-guarantee-rate-history/,3.3600001335144043
ytd,1600,11,informational,29,https://pay-calculator-australia.com/ytd-income-calculator/,3.3600001335144043
2025 tax brackets,1300,12,informational,77,https://pay-calculator-australia.com/tax-brackets/,2.7300000190734863
accrued annual leave calculator,1300,0,informational,57,https://pay-calculator-australia.com/leave-calculator/,2.7300000190734863
age pension increase march 2026,1300,0,commercial,35,https://pay-calculator-australia.com/news/age-pension-increase-march-2026/,2.7300000190734863
annual leave accrual calculator,1300,0,informational,60,https://pay-calculator-australia.com/leave-calculator/,2.7300000190734863
aps 5 salary,1300,0,informational,25,https://pay-calculator-australia.com/public-service-pay-scales/aps/,2.7300000190734863
ato tax brackets 2026,1300,42,commercial,64,https://pay-calculator-australia.com/tax-brackets/,2.7300000190734863
ato tax chart weekly,1300,6,navigational,42,https://pay-calculator-australia.com/weekly-tax-table/,2.7300000190734863
ato tax schedule weekly,1300,5,informational,30,https://pay-calculator-australia.com/weekly-tax-table/,2.7300000190734863
ato tax table weekly,1300,0,informational,30,https://pay-calculator-australia.com/weekly-tax-table/,2.7300000190734863
ato tax tables weekly,1300,7,informational,43,https://pay-calculator-australia.com/weekly-tax-table/,2.7300000190734863
ato weekly tax table,1300,0,informational,33,https://pay-calculator-australia.com/weekly-tax-table/,2.7300000190734863
australia tax threshold,1300,26,informational,45,https://pay-calculator-australia.com/tax-brackets/,2.7300000190734863
australia tax thresholds,1300,37,informational,47,https://pay-calculator-australia.com/tax-brackets/,2.7300000190734863
australia teacher salaries,1300,4,informational,28,https://pay-calculator-australia.com/teacher-pay-australia/,2.7300000190734863
australia teacher salary,1300,7,informational,28,https://pay-calculator-australia.com/teacher-pay-australia/,2.7300000190734863
australia teachers salary,1300,9,informational,27,https://pay-calculator-australia.com/teacher-pay-australia/,2.7300000190734863
australia teaching salary,1300,7,informational,29,https://pay-calculator-australia.com/teacher-pay-australia/,2.7300000190734863
australian tax scales weekly,1300,15,informational,38,https://pay-calculator-australia.com/weekly-tax-table/,2.7300000190734863
australian tax tables weekly,1300,0,informational,30,https://pay-calculator-australia.com/weekly-tax-table/,2.7300000190734863
australian tax thresholds,1300,37,informational,41,https://pay-calculator-australia.com/tax-brackets/,2.7300000190734863
australian teacher pay,1300,7,informational,52,https://pay-calculator-australia.com/teacher-pay-australia/,2.7300000190734863
australian teacher salary,1300,5,informational,28,https://pay-calculator-australia.com/teacher-pay-australia/,2.7300000190734863
australian teachers salary,1300,3,commercial,51,https://pay-calculator-australia.com/teacher-pay-australia/,2.7300000190734863
bonus pay,1300,0,informational,57,https://pay-calculator-australia.com/bonus-tax-calculator/,2.7300000190734863
bonus payable,1300,0,informational,65,https://pay-calculator-australia.com/bonus-tax-calculator/,2.7300000190734863
bonus payments,1300,1,informational,57,https://pay-calculator-australia.com/bonus-tax-calculator/,2.7300000190734863
calculate annual leave accrual,1300,0,informational,62,https://pay-calculator-australia.com/leave-calculator/,2.7300000190734863
calculate gross pay,1300,0,informational,29,https://pay-calculator-australia.com/gross-pay-calculator/,2.7300000190734863
calculate gross salary,1300,0,informational,26,https://pay-calculator-australia.com/gross-pay-calculator/,2.7300000190734863
calculator for gross pay,1300,0,informational,31,https://pay-calculator-australia.com/gross-pay-calculator/,2.7300000190734863
fortnightly tax,1300,3,informational,32,https://pay-calculator-australia.com/fortnightly-tax-table/,2.7300000190734863
fringe benefits tax calculator,1300,0,informational,41,https://pay-calculator-australia.com/fringe-benefits-tax/,2.7300000190734863
gross income calculator,1300,11,informational,36,https://pay-calculator-australia.com/gross-pay-calculator/,2.7300000190734863
gross pay,1300,0,informational,34,https://pay-calculator-australia.com/gross-pay-calculator/,2.7300000190734863
gross pay calculator,1300,0,informational,35,https://pay-calculator-australia.com/gross-pay-calculator/,2.7300000190734863
gross pay estimator,1300,1,informational,28,https://pay-calculator-australia.com/gross-pay-calculator/,2.7300000190734863
gross payment,1300,0,informational,38,https://pay-calculator-australia.com/gross-pay-calculator/,2.7300000190734863
gross payment calculator,1300,2,informational,38,https://pay-calculator-australia.com/gross-pay-calculator/,2.7300000190734863
gross payments,1300,0,informational,31,https://pay-calculator-australia.com/gross-pay-calculator/,2.7300000190734863
gross salary calculation,1300,7,informational,30,https://pay-calculator-australia.com/gross-pay-calculator/,2.7300000190734863
gross salary calculator,1300,5,informational,35,https://pay-calculator-australia.com/gross-pay-calculator/,2.7300000190734863
gross wages calculator,1300,2,informational,31,https://pay-calculator-australia.com/gross-pay-calculator/,2.7300000190734863
holiday leave accrual calculator,1300,0,informational,58,https://pay-calculator-australia.com/leave-calculator/,2.7300000190734863
how much income tax in australia,1300,40,informational,58,https://pay-calculator-australia.com/tax-brackets/,2.7300000190734863
how much is tax in australia,1300,41,informational,48,https://pay-calculator-australia.com/tax-brackets/,2.7300000190734863
how much tax do you pay in australia,1300,38,informational,68,https://pay-calculator-australia.com/tax-brackets/,2.7300000190734863
how much tax should i get back,1300,25,informational,51,https://pay-calculator-australia.com/tax-return-calculator/,2.7300000190734863
income calculator gross,1300,12,informational,40,https://pay-calculator-australia.com/gross-pay-calculator/,2.7300000190734863
income gross calculator,1300,12,informational,41,https://pay-calculator-australia.com/gross-pay-calculator/,2.7300000190734863
income tax threshold,1300,26,informational,58,https://pay-calculator-australia.com/tax-brackets/,2.7300000190734863
income tax threshold australia,1300,31,informational,53,https://pay-calculator-australia.com/tax-brackets/,2.7300000190734863
income tax thresholds,1300,32,informational,54,https://pay-calculator-australia.com/tax-brackets/,2.7300000190734863
income tax thresholds australia,1300,37,informational,53,https://pay-calculator-australia.com/tax-brackets/,2.7300000190734863
jobseeker payment calculator,1300,0,informational,11,https://pay-calculator-australia.com/centrelink-income-test/,11.829999923706055
long service leave calculation qld,1300,0,informational,69,https://pay-calculator-australia.com/long-service-leave-calculator/,2.7300000190734863
long service leave calculator qld,1300,2,informational,59,https://pay-calculator-australia.com/long-service-leave-calculator/,2.7300000190734863
marginal tax rates 2026,1300,37,commercial,49,https://pay-calculator-australia.com/tax-brackets/,2.7300000190734863
pay calculator vic,1300,17,informational,30,https://pay-calculator-australia.com/pay-calculator-vic/,2.7300000190734863
pay calculator wa,1300,38,informational,27,https://pay-calculator-australia.com/pay-calculator-wa/,2.7300000190734863
paycheck gross calculator,1300,35,informational,39,https://pay-calculator-australia.com/gross-pay-calculator/,2.7300000190734863
payg table,1300,0,navigational,13,https://pay-calculator-australia.com/payg-withholding-tables/,7.670000076293945
payg tables,1300,0,commercial,12,https://pay-calculator-australia.com/payg-withholding-tables/,9.75
payg tax chart,1300,14,navigational,53,https://pay-calculator-australia.com/weekly-tax-table/,2.7300000190734863
payg tax rates,1300,32,informational,27,https://pay-calculator-australia.com/payg-withholding-tables/,2.7300000190734863
payg tax table,1300,3,informational,26,https://pay-calculator-australia.com/payg-withholding-tables/,2.7300000190734863
payroll bonus,1300,0,informational,56,https://pay-calculator-australia.com/bonus-tax-calculator/,2.7300000190734863
pdf weekly tax table,1300,0,informational,35,https://pay-calculator-australia.com/weekly-tax-table/,2.7300000190734863
qld health nurse wages,1300,0,informational,17,https://pay-calculator-australia.com/healthcare-worker-pay/qld/,5.590000152587891
qld health nursing pay rates,1300,0,informational,14,https://pay-calculator-australia.com/healthcare-worker-pay/qld/,7.28000020980835
qld health nursing wages,1300,0,informational,14,https://pay-calculator-australia.com/healthcare-worker-pay/qld/,7.28000020980835
qld long service leave calculator,1300,0,informational,61,https://pay-calculator-australia.com/long-service-leave-calculator/,2.7300000190734863
qld lsl calculator,1300,0,informational,58,https://pay-calculator-australia.com/long-service-leave-calculator/,2.7300000190734863
qld teacher pay scale,1300,0,informational,13,https://pay-calculator-australia.com/teacher-pay-australia/qld/,7.670000076293945
qld teachers pay scale,1300,0,informational,16,https://pay-calculator-australia.com/teacher-pay-australia/qld/,5.590000152587891
queensland long service leave calculator,1300,0,informational,57,https://pay-calculator-australia.com/long-service-leave-calculator/,2.7300000190734863
queensland teacher pay scale,1300,0,informational,15,https://pay-calculator-australia.com/teacher-pay-australia/qld/,6.630000114440918
queensland teachers pay scale,1300,0,commercial,16,https://pay-calculator-australia.com/teacher-pay-australia/qld/,5.590000152587891
redundancy calculator nsw,1300,15,informational,18,https://pay-calculator-australia.com/redundancy-pay-calculator/,4.289999961853027
salary calculator gross,1300,7,informational,36,https://pay-calculator-australia.com/gross-pay-calculator/,2.7300000190734863
salary for teachers in australia,1300,6,informational,26,https://pay-calculator-australia.com/teacher-pay-australia/,2.7300000190734863
salary gross calculator,1300,5,informational,37,https://pay-calculator-australia.com/gross-pay-calculator/,2.7300000190734863
salary of a teacher in australia,1300,7,informational,28,https://pay-calculator-australia.com/teacher-pay-australia/,2.7300000190734863
salary of teacher in australia,1300,6,informational,27,https://pay-calculator-australia.com/teacher-pay-australia/,2.7300000190734863
salary of teachers in australia,1300,8,informational,25,https://pay-calculator-australia.com/teacher-pay-australia/,2.7300000190734863
salary tax thresholds,1300,27,informational,37,https://pay-calculator-australia.com/tax-brackets/,2.7300000190734863
schads level 4,1300,0,informational,27,https://pay-calculator-australia.com/schads-award-pay-rates/,2.7300000190734863
schads level 5,1300,0,informational,25,https://pay-calculator-australia.com/schads-award-pay-rates/,2.7300000190734863
tax brackets 2025--26,1300,25,informational,53,https://pay-calculator-australia.com/tax-brackets/,2.7300000190734863
tax file number withholding tax,1300,1,informational,34,https://pay-calculator-australia.com/tax-file-number-declaration/,2.7300000190734863
tax fortnightly,1300,3,informational,31,https://pay-calculator-australia.com/fortnightly-pay-calculator/,2.7300000190734863
tax in australia how much,1300,43,informational,73,https://pay-calculator-australia.com/tax-brackets/,2.7300000190734863
tax income threshold,1300,24,informational,64,https://pay-calculator-australia.com/tax-brackets/,2.7300000190734863
tax rates australia 2026,1300,36,informational,69,https://pay-calculator-australia.com/tax-brackets/,2.7300000190734863
tax table weekly ato,1300,0,informational,33,https://pay-calculator-australia.com/weekly-tax-table/,2.7300000190734863
tax table weekly pdf,1300,0,informational,33,https://pay-calculator-australia.com/weekly-tax-table/,2.7300000190734863
taxable income threshold,1300,27,informational,53,https://pay-calculator-australia.com/tax-brackets/,2.7300000190734863
taxable threshold,1300,26,informational,76,https://pay-calculator-australia.com/tax-brackets/,2.7300000190734863
teach australia salary,1300,6,informational,24,https://pay-calculator-australia.com/teacher-pay-australia/,2.7300000190734863
teacher australia salary,1300,6,informational,23,https://pay-calculator-australia.com/teacher-pay-australia/,2.7300000190734863
teacher pay scale qld,1300,0,informational,13,https://pay-calculator-australia.com/teacher-pay-australia/qld/,7.670000076293945
teacher salaries australia,1300,9,informational,27,https://pay-calculator-australia.com/teacher-pay-australia/,2.7300000190734863
teacher salaries in australia,1300,8,informational,28,https://pay-calculator-australia.com/teacher-pay-australia/,2.7300000190734863
teacher salary aus,1300,4,commercial,32,https://pay-calculator-australia.com/teacher-pay-australia/,2.7300000190734863
teacher salary australia,1300,6,informational,24,https://pay-calculator-australia.com/teacher-pay-australia/,2.7300000190734863
teacher salary in australia,1300,5,informational,31,https://pay-calculator-australia.com/teacher-pay-australia/,2.7300000190734863
teachers australia salary,1300,5,informational,29,https://pay-calculator-australia.com/teacher-pay-australia/,2.7300000190734863
teachers in australia salary,1300,4,informational,26,https://pay-calculator-australia.com/teacher-pay-australia/,2.7300000190734863
teachers salaries in australia,1300,4,informational,18,https://pay-calculator-australia.com/teacher-pay-australia/,4.289999961853027
teachers salary australia,1300,4,informational,26,https://pay-calculator-australia.com/teacher-pay-australia/,2.7300000190734863
teachers salary in australia,1300,4,informational,24,https://pay-calculator-australia.com/teacher-pay-australia/,2.7300000190734863
teaching australia salary,1300,7,informational,25,https://pay-calculator-australia.com/teacher-pay-australia/,2.7300000190734863
teaching pay in australia,1300,4,informational,22,https://pay-calculator-australia.com/teacher-pay-australia/,2.8600001335144043
teaching salaries in australia,1300,6,informational,30,https://pay-calculator-australia.com/teacher-pay-australia/,2.7300000190734863
teaching salary australia,1300,7,informational,28,https://pay-calculator-australia.com/teacher-pay-australia/,2.7300000190734863
teaching salary in australia,1300,4,informational,26,https://pay-calculator-australia.com/teacher-pay-australia/,2.7300000190734863
vic salary calculator,1300,17,informational,20,https://pay-calculator-australia.com/pay-calculator-vic/,3.119999885559082
wage calculator vic,1300,15,informational,32,https://pay-calculator-australia.com/,2.7300000190734863
wage increase 2026,1300,6,informational,60,https://pay-calculator-australia.com/news/minimum-wage-increase-july-2026/,2.7300000190734863
weekly tax table ato,1300,0,informational,30,https://pay-calculator-australia.com/weekly-tax-table/,2.7300000190734863
weekly tax table australian taxation office,1300,1,informational,31,https://pay-calculator-australia.com/weekly-tax-table/,2.7300000190734863
weekly tax table pdf,1300,0,informational,32,https://pay-calculator-australia.com/weekly-tax-table/,2.7300000190734863
wfh rate 2025,1300,0,informational,68,https://pay-calculator-australia.com/work-from-home-deductions/,2.7300000190734863
what is the super rate in australia,1300,8,informational,47,https://pay-calculator-australia.com/superannuation-guide/,2.7300000190734863
apprenticeship rates of pay,1000,0,informational,33,https://pay-calculator-australia.com/construction-trades-pay/,2.0999999046325684
aps 4 salary,1000,0,informational,34,https://pay-calculator-australia.com/public-service-pay-scales/,2.0999999046325684
ato tax rates 2025-26,1000,32,informational,87,https://pay-calculator-australia.com/income-tax-calculator/,2.0999999046325684
australia pay rate,1000,39,informational,39,https://pay-calculator-australia.com/award-rates/,2.0999999046325684
australia pay rates,1000,30,informational,19,https://pay-calculator-australia.com/award-rates/,2.700000047683716
bonus and tax calculator,1000,6,informational,1,https://pay-calculator-australia.com/bonus-tax-calculator/,304
bonus pay tax calculator,1000,0,informational,5,https://pay-calculator-australia.com/bonus-tax-calculator/,46.900001525878906
bonus payment tax calculator,1000,0,informational,3,https://pay-calculator-australia.com/bonus-tax-calculator/,97.30000305175781
bonus tax calculator,1000,0,informational,3,https://pay-calculator-australia.com/bonus-tax-calculator/,97.30000305175781
bonuses tax calculator,1000,0,informational,4,https://pay-calculator-australia.com/bonus-tax-calculator/,65.9000015258789
calculate bonus after tax,1000,0,informational,1,https://pay-calculator-australia.com/bonus-tax-calculator/,304
calculate tax on bonus,1000,0,informational,5,https://pay-calculator-australia.com/bonus-tax-calculator/,46.900001525878906
fortnightly pay calculator,1000,8,informational,26,https://pay-calculator-australia.com/fortnightly-pay-calculator/,2.0999999046325684
fortnightly payment calculator,1000,10,informational,32,https://pay-calculator-australia.com/fortnightly-pay-calculator/,2.0999999046325684
fringe benefit tax australia,1000,22,informational,62,https://pay-calculator-australia.com/fringe-benefits-tax/,2.0999999046325684
gross income net income,1000,1,informational,56,https://pay-calculator-australia.com/gross-pay-calculator/,2.0999999046325684
gross salary vs net salary,1000,7,informational,40,https://pay-calculator-australia.com/gross-pay-calculator/,2.0999999046325684
gross vs net income,1000,0,informational,82,https://pay-calculator-australia.com/gross-pay-calculator/,2.0999999046325684
gross vs net salary,1000,6,informational,48,https://pay-calculator-australia.com/gross-pay-calculator/,2.0999999046325684
hourly pay calculator australia,1000,3,informational,29,https://pay-calculator-australia.com/hourly-to-annual-salary-calculator/,2.0999999046325684
how many fortnight in a year,1000,0,informational,61,https://pay-calculator-australia.com/fortnightly-pay-calculator/,2.0999999046325684
how much does a nurse earn,1000,0,informational,40,https://pay-calculator-australia.com/healthcare-worker-pay/vic/,2.0999999046325684
how much tax do i pay australia,1000,41,informational,74,https://pay-calculator-australia.com/,2.0999999046325684
how much tax will i pay australia,1000,38,informational,73,https://pay-calculator-australia.com/,2.0999999046325684
how to calculate annual leave,1000,0,informational,39,https://pay-calculator-australia.com/leave-calculator/,2.0999999046325684
income tax chart,1000,32,informational,45,https://pay-calculator-australia.com/tax-brackets/,2.0999999046325684
income tax table,1000,32,informational,48,https://pay-calculator-australia.com/tax-brackets/,2.0999999046325684
long service leave calculator w a,1000,2,informational,61,https://pay-calculator-australia.com/long-service-leave-calculator/,2.0999999046325684
long service leave calculator wa,1000,2,informational,58,https://pay-calculator-australia.com/long-service-leave-calculator/,2.0999999046325684
long service leave wa calculator,1000,2,informational,60,https://pay-calculator-australia.com/long-service-leave-calculator/,2.0999999046325684
long service leave western australia calculator,1000,0,informational,58,https://pay-calculator-australia.com/long-service-leave-calculator/,2.0999999046325684
lsl calculator wa,1000,4,informational,57,https://pay-calculator-australia.com/long-service-leave-calculator/,2.0999999046325684
minimum pay rate in australia,1000,25,informational,93,https://pay-calculator-australia.com/minimum-wage-history-australia/,2.0999999046325684
net salary vs gross salary,1000,7,informational,44,https://pay-calculator-australia.com/gross-pay-calculator/,2.0999999046325684
net versus gross pay,1000,0,informational,57,https://pay-calculator-australia.com/gross-pay-calculator/,2.0999999046325684
net vs gross pay,1000,0,informational,50,https://pay-calculator-australia.com/gross-pay-calculator/,2.0999999046325684
net vs gross salary,1000,3,informational,45,https://pay-calculator-australia.com/gross-pay-calculator/,2.0999999046325684
non resident tax rate,1000,27,informational,37,https://pay-calculator-australia.com/non-resident-tax/,2.0999999046325684
non resident tax rates,1000,14,informational,36,https://pay-calculator-australia.com/non-resident-tax/,2.0999999046325684
non-resident tax rates,1000,14,informational,36,https://pay-calculator-australia.com/non-resident-tax/,2.0999999046325684
nsw nurse pay,1000,0,informational,29,https://pay-calculator-australia.com/healthcare-worker-pay/nsw/,2.0999999046325684
nsw nurse pay rates,1000,0,informational,23,https://pay-calculator-australia.com/healthcare-worker-pay/nsw/,2.0999999046325684
nsw nurses pay,1000,2,informational,35,https://pay-calculator-australia.com/healthcare-worker-pay/nsw/,2.0999999046325684
nsw nurses wages,1000,0,informational,38,https://pay-calculator-australia.com/healthcare-worker-pay/nsw/,2.0999999046325684
nsw nursing pay rates,1000,0,informational,28,https://pay-calculator-australia.com/healthcare-worker-pay/nsw/,2.0999999046325684
nsw teacher pay scale,1000,0,informational,28,https://pay-calculator-australia.com/teacher-pay-australia/nsw/,2.0999999046325684
nsw teachers pay scale,1000,0,informational,30,https://pay-calculator-australia.com/teacher-pay-australia/nsw/,2.0999999046325684
nsw teaching pay scale,1000,0,informational,26,https://pay-calculator-australia.com/teacher-pay-australia/nsw/,2.0999999046325684
part time versus casual,1000,1,informational,62,https://pay-calculator-australia.com/full-time-vs-part-time-vs-casual/,2.0999999046325684
pay calculator 2025,1000,14,informational,50,https://pay-calculator-australia.com/,2.0999999046325684
pay calculator hourly rate,1000,8,informational,27,https://pay-calculator-australia.com/hourly-to-annual-salary-calculator/,2.0999999046325684
pay rates australia,1000,25,informational,23,https://pay-calculator-australia.com/award-rates/,2.0999999046325684
pay scale of teachers,1000,15,informational,57,https://pay-calculator-australia.com/teacher-pay-australia/,2.0999999046325684
personal tax table,1000,38,informational,42,https://pay-calculator-australia.com/tax-brackets/,2.0999999046325684
redundancy entitlements victoria,1000,22,informational,39,https://pay-calculator-australia.com/redundancy-pay-guide/,2.0999999046325684
salary calculator australia hourly,1000,1,informational,25,https://pay-calculator-australia.com/hourly-to-annual-salary-calculator/,2.0999999046325684
salary gross vs net,1000,5,informational,46,https://pay-calculator-australia.com/gross-pay-calculator/,2.0999999046325684
salary to hourly rate calculator australia,1000,0,informational,18,https://pay-calculator-australia.com/hourly-to-annual-salary-calculator/,3.299999952316284
salary v wage,1000,0,informational,49,https://pay-calculator-australia.com/salary-vs-hourly/,2.0999999046325684
salary vs wage,1000,0,informational,39,https://pay-calculator-australia.com/salary-vs-hourly/,2.0999999046325684
sgc rates,1000,13,informational,63,https://pay-calculator-australia.com/superannuation-guide/,2.0999999046325684
super guarantee charge rate,1000,0,informational,49,https://pay-calculator-australia.com/super-guarantee-charge/,2.0999999046325684
super guarantee charge rates,1000,1,informational,83,https://pay-calculator-australia.com/super-guarantee-rate-history/,2.0999999046325684
take home pay calculator australia gov,1000,38,informational,26,https://pay-calculator-australia.com/,2.0999999046325684
tax bonus calculator,1000,0,informational,5,https://pay-calculator-australia.com/bonus-tax-calculator/,46.900001525878906
tax bonus payment calculator,1000,0,informational,4,https://pay-calculator-australia.com/bonus-tax-calculator/,65.9000015258789
tax breaks australia,1000,32,informational,33,https://pay-calculator-australia.com/tax-brackets/,2.0999999046325684
tax calculation on bonus,1000,2,informational,12,https://pay-calculator-australia.com/bonus-tax-calculator/,7.5
tax calculator bonus,1000,0,informational,5,https://pay-calculator-australia.com/bonus-tax-calculator/,46.900001525878906
tax calculator bonus payment,1000,0,informational,7,https://pay-calculator-australia.com/bonus-tax-calculator/,25.600000381469727
tax calculator for bonus,1000,0,informational,6,https://pay-calculator-australia.com/bonus-tax-calculator/,33.79999923706055
tax calculator for bonuses,1000,0,informational,4,https://pay-calculator-australia.com/bonus-tax-calculator/,65.9000015258789
tax calculator on bonus,1000,0,informational,6,https://pay-calculator-australia.com/bonus-tax-calculator/,33.79999923706055
tax calculator on bonuses,1000,0,informational,4,https://pay-calculator-australia.com/bonus-tax-calculator/,65.9000015258789
tax calculator with bonus,1000,8,commercial,4,https://pay-calculator-australia.com/bonus-tax-calculator/,65.9000015258789
tax income table,1000,32,informational,46,https://pay-calculator-australia.com/tax-brackets/,2.0999999046325684
tax income tables,1000,23,informational,49,https://pay-calculator-australia.com/tax-brackets/,2.0999999046325684
tax on bonus calculator,1000,0,informational,3,https://pay-calculator-australia.com/bonus-tax-calculator/,97.30000305175781
tax rate australia 2025,1000,32,informational,74,https://pay-calculator-australia.com/tax-brackets/,2.0999999046325684
tax rate for non resident,1000,27,informational,35,https://pay-calculator-australia.com/non-resident-tax/,2.0999999046325684
tax rate non resident,1000,27,informational,35,https://pay-calculator-australia.com/non-resident-tax/,2.0999999046325684
tax rates 2024 25,1000,32,informational,45,https://pay-calculator-australia.com/tax-brackets/,2.0999999046325684
tax rates 2024--25,1000,32,informational,48,https://pay-calculator-australia.com/tax-brackets/,2.0999999046325684
tax rates au 2025,1000,42,informational,76,https://pay-calculator-australia.com/tax-brackets/,2.0999999046325684
tax rates australia 2025,1000,37,informational,73,https://pay-calculator-australia.com/tax-brackets/,2.0999999046325684
tax rates for non residents,1000,27,informational,36,https://pay-calculator-australia.com/non-resident-tax/,2.0999999046325684
tax table income,1000,32,informational,47,https://pay-calculator-australia.com/tax-brackets/,2.0999999046325684
tax table on income,1000,32,informational,46,https://pay-calculator-australia.com/tax-brackets/,2.0999999046325684
tax threshold australia,1000,32,informational,48,https://pay-calculator-australia.com/tax-brackets/,2.0999999046325684
tax week,1000,5,informational,51,https://pay-calculator-australia.com/tax-calendar/,2.0999999046325684
tax weekend,1000,14,informational,25,https://pay-calculator-australia.com/tax-calendar/,2.0999999046325684
taxable income chart,1000,32,informational,46,https://pay-calculator-australia.com/tax-brackets/,2.0999999046325684
taxable income table,1000,32,informational,45,https://pay-calculator-australia.com/tax-brackets/,2.0999999046325684
taxes year,1000,25,informational,55,https://pay-calculator-australia.com/tax-calendar/,2.0999999046325684
teacher pay scale nsw,1000,0,informational,27,https://pay-calculator-australia.com/teacher-pay-australia/nsw/,2.0999999046325684
teachers pay scale nsw,1000,0,informational,27,https://pay-calculator-australia.com/teacher-pay-australia/nsw/,2.0999999046325684
teaching pay scale nsw,1000,0,informational,27,https://pay-calculator-australia.com/teacher-pay-australia/nsw/,2.0999999046325684
wa long service leave calculator,1000,2,informational,61,https://pay-calculator-australia.com/long-service-leave-calculator/,2.0999999046325684
wa lsl calculator,1000,0,informational,57,https://pay-calculator-australia.com/long-service-leave-calculator/,2.0999999046325684
weekly tax,1000,2,informational,42,https://pay-calculator-australia.com/weekly-tax-table/,2.0999999046325684
what is a notice of assessment,1000,3,informational,49,https://pay-calculator-australia.com/notice-of-assessment/,2.0999999046325684
what tax is returned,1000,24,informational,65,https://pay-calculator-australia.com/tax-return-calculator/,2.0999999046325684
working from home rates,1000,0,commercial,98,https://pay-calculator-australia.com/work-from-home-deductions/,2.0999999046325684
working from home tax deduction,1000,0,informational,75,https://pay-calculator-australia.com/work-from-home-deductions/,2.0999999046325684
80000 after tax australia,880,0,informational,13,https://pay-calculator-australia.com/tax-on/80000/,5.191999912261963
90000 after tax australia,880,6,informational,17,https://pay-calculator-australia.com/tax-on/90000/,3.7839999198913574
annual leave accrued,880,0,informational,82,https://pay-calculator-australia.com/leave-calculator/,1.8480000495910645
annual salary,880,15,informational,27,https://pay-calculator-australia.com/hourly-to-annual-salary-calculator/,1.8480000495910645
apprentice carpenter wages,880,0,informational,46,https://pay-calculator-australia.com/construction-trades-pay/,1.8480000495910645
apprentice wages,880,0,informational,35,https://pay-calculator-australia.com/construction-trades-pay/,1.8480000495910645
aps level,880,6,informational,34,https://pay-calculator-australia.com/public-service-pay-scales/aps/,1.8480000495910645
aps levels,880,0,informational,38,https://pay-calculator-australia.com/public-service-pay-scales/aps/,1.8480000495910645
ato tax brackets 2025,880,37,informational,76,https://pay-calculator-australia.com/tax-brackets/,1.8480000495910645
ato tax tables 2026,880,17,informational,20,https://pay-calculator-australia.com/payg-withholding-tables/,2.111999988555908
australia tax brackets 2026,880,32,commercial,67,https://pay-calculator-australia.com/tax-brackets/,1.8480000495910645
australian public service levels,880,0,informational,29,https://pay-calculator-australia.com/public-service-pay-scales/,1.8480000495910645
australian tax rates 2026,880,43,informational,52,https://pay-calculator-australia.com/tax-brackets/,1.8480000495910645
average australian teacher salary,880,8,informational,19,https://pay-calculator-australia.com/teacher-pay-australia/,2.375999927520752
average pay for teachers in australia,880,4,informational,25,https://pay-calculator-australia.com/teacher-pay-australia/,1.8480000495910645
average salary for a teacher in australia,880,15,informational,24,https://pay-calculator-australia.com/teacher-pay-australia/,1.8480000495910645
average salary for teachers in australia,880,8,commercial,25,https://pay-calculator-australia.com/teacher-pay-australia/,1.8480000495910645
average salary of teachers in australia,880,4,informational,27,https://pay-calculator-australia.com/teacher-pay-australia/,1.8480000495910645
average salary teacher australia,880,8,informational,28,https://pay-calculator-australia.com/teacher-pay-australia/,1.8480000495910645
average teacher salary australia,880,8,informational,23,https://pay-calculator-australia.com/teacher-pay-australia/,1.8480000495910645
average teacher salary in australia,880,7,informational,28,https://pay-calculator-australia.com/teacher-pay-australia/,1.8480000495910645
average teaching salary australia,880,4,informational,26,https://pay-calculator-australia.com/teacher-pay-australia/,1.8480000495910645
average wage of a teacher,880,15,informational,21,https://pay-calculator-australia.com/teacher-pay-australia/,2.0239999294281006
average wage of a teacher in australia,880,4,informational,25,https://pay-calculator-australia.com/teacher-pay-australia/,1.8480000495910645
award pay rate nsw,880,42,commercial,22,https://pay-calculator-australia.com/award-rates/,1.9359999895095825
award pay rates qld,880,19,informational,20,https://pay-calculator-australia.com/award-rates/,2.111999988555908
award rates in nsw,880,15,commercial,19,https://pay-calculator-australia.com/award-rates/,2.375999927520752
award wage rates nsw,880,15,commercial,19,https://pay-calculator-australia.com/award-rates/,2.375999927520752
award wages nsw,880,17,informational,15,https://pay-calculator-australia.com/award-rates/,4.48799991607666
award wages qld,880,15,informational,21,https://pay-calculator-australia.com/award-rates/,2.0239999294281006
award wages rates nsw,880,16,commercial,17,https://pay-calculator-australia.com/award-rates/,3.7839999198913574
calculate my wage,880,15,informational,78,https://pay-calculator-australia.com/pay-calculator-wa/,1.8480000495910645
carpentry apprentice wage,880,0,informational,39,https://pay-calculator-australia.com/construction-trades-pay/,1.8480000495910645
carpentry apprenticeship wages,880,0,informational,29,https://pay-calculator-australia.com/construction-trades-pay/,1.8480000495910645
div 293 tax assessment,880,0,informational,65,https://pay-calculator-australia.com/division-293-tax/,1.8480000495910645
el 1 salary,880,0,informational,20,https://pay-calculator-australia.com/public-service-pay-scales/aps/,2.111999988555908
el1 salary,880,0,informational,28,https://pay-calculator-australia.com/public-service-pay-scales/aps/,1.8480000495910645
fortnightly tax table 2025 pdf,880,0,informational,27,https://pay-calculator-australia.com/fortnightly-tax-table/,1.8480000495910645
fortnightly tax table 2026 pdf,880,0,transactional,17,https://pay-calculator-australia.com/payg-withholding-tables/,3.7839999198913574
gross net calculator,880,5,informational,41,https://pay-calculator-australia.com/gross-pay-calculator/,1.8480000495910645
gross to net calculator,880,5,informational,34,https://pay-calculator-australia.com/gross-pay-calculator/,1.8480000495910645
hecs indexation 2026,880,2,commercial,76,https://pay-calculator-australia.com/news/hecs-indexation-2026/,1.8480000495910645
help loan repayment threshold,880,7,informational,66,https://pay-calculator-australia.com/hecs-repayment-threshold/,1.8480000495910645
help repayment threshold,880,4,informational,65,https://pay-calculator-australia.com/hecs-repayment-threshold/,1.8480000495910645
hourly rate calculator australia,880,3,informational,26,https://pay-calculator-australia.com/hourly-to-annual-salary-calculator/,1.8480000495910645
how is annual leave calculated,880,0,informational,33,https://pay-calculator-australia.com/leave-calculator/,1.8480000495910645
how is long service leave calculated,880,0,informational,87,https://pay-calculator-australia.com/long-service-leave-calculator/,1.8480000495910645
how is superannuation calculated,880,16,informational,53,https://pay-calculator-australia.com/superannuation-guide/,1.8480000495910645
how much is austudy,880,6,informational,20,https://pay-calculator-australia.com/austudy-youth-allowance-calculator/,2.111999988555908
how much tax,880,38,informational,72,https://pay-calculator-australia.com/,1.8480000495910645
income calculator ytd,880,0,informational,51,https://pay-calculator-australia.com/ytd-income-calculator/,1.8480000495910645
income tax rate 2026,880,37,informational,77,https://pay-calculator-australia.com/tax-brackets/,1.8480000495910645
income tax rates 2025,880,37,informational,83,https://pay-calculator-australia.com/tax-brackets/,1.8480000495910645
income tax rates 2026,880,32,informational,56,https://pay-calculator-australia.com/tax-brackets/,1.8480000495910645
income year to date calculator,880,0,informational,52,https://pay-calculator-australia.com/ytd-income-calculator/,1.8480000495910645
long service leave victoria calculator,880,0,informational,65,https://pay-calculator-australia.com/long-service-leave-calculator/,1.8480000495910645
lsl victoria calculator,880,0,informational,62,https://pay-calculator-australia.com/long-service-leave-calculator/,1.8480000495910645
marginal tax rate 2025,880,32,informational,72,https://pay-calculator-australia.com/tax-brackets/,1.8480000495910645
maximum super contribution 2026,880,1,commercial,91,https://pay-calculator-australia.com/news/super-contribution-caps-2026-27/,1.8480000495910645
monthly pay calculator,880,12,informational,35,https://pay-calculator-australia.com/,1.8480000495910645
monthly salary calculator,880,12,informational,35,https://pay-calculator-australia.com/,1.8480000495910645
mypay calculator,880,34,navigational,57,https://pay-calculator-australia.com/,1.8480000495910645
net calculation,880,18,informational,36,https://pay-calculator-australia.com/gross-pay-calculator/,1.8480000495910645
net gross,880,0,informational,45,https://pay-calculator-australia.com/gross-pay-calculator/,1.8480000495910645
net pay,880,4,informational,37,https://pay-calculator-australia.com/gross-pay-calculator/,1.8480000495910645
net pay to salary calculator,880,1,informational,66,https://pay-calculator-australia.com/,1.8480000495910645
net salary calculator,880,4,informational,47,https://pay-calculator-australia.com/monthly-pay-calculator/,1.8480000495910645
nsw award rates,880,19,informational,18,https://pay-calculator-australia.com/award-rates/,2.9040000438690186
nurse salary victoria,880,0,informational,63,https://pay-calculator-australia.com/healthcare-worker-pay/vic/,1.8480000495910645
nurses pay rates victoria,880,0,informational,57,https://pay-calculator-australia.com/healthcare-worker-pay/vic/,1.8480000495910645
nurses pay victoria,880,0,informational,75,https://pay-calculator-australia.com/healthcare-worker-pay/vic/,1.8480000495910645
nurses salary in victoria,880,0,informational,66,https://pay-calculator-australia.com/healthcare-worker-pay/vic/,1.8480000495910645
nurses salary victoria,880,0,informational,66,https://pay-calculator-australia.com/healthcare-worker-pay/vic/,1.8480000495910645
nursing penalty rates victoria,880,0,informational,23,https://pay-calculator-australia.com/healthcare-worker-pay/vic/,1.8480000495910645
over time rate,880,0,informational,38,https://pay-calculator-australia.com/overtime-pay-calculator/,1.8480000495910645
overtime pay rates,880,0,informational,64,https://pay-calculator-australia.com/overtime-penalty-rates-guide/,1.8480000495910645
overtime rates,880,0,informational,72,https://pay-calculator-australia.com/overtime-pay-calculator/,1.8480000495910645
parental pay calculator,880,0,informational,55,https://pay-calculator-australia.com/parental-leave-pay/,1.8480000495910645
pay calculator australia hourly rate,880,3,informational,56,https://pay-calculator-australia.com/hourly-to-annual-salary-calculator/,1.8480000495910645
pay calculator hourly rate australia,880,3,informational,29,https://pay-calculator-australia.com/hourly-to-annual-salary-calculator/,1.8480000495910645
pay calculator pro rata,880,5,informational,64,https://pay-calculator-australia.com/,1.8480000495910645
pay calculator victoria,880,19,informational,27,https://pay-calculator-australia.com/pay-calculator-vic/,1.8480000495910645
pay rates in australia,880,21,informational,37,https://pay-calculator-australia.com/award-rates/,1.8480000495910645
pay scale for teachers,880,15,informational,61,https://pay-calculator-australia.com/teacher-pay-australia/,1.8480000495910645
pay scale teacher,880,15,informational,63,https://pay-calculator-australia.com/teacher-pay-australia/,1.8480000495910645
pay scale teachers,880,4,informational,68,https://pay-calculator-australia.com/teacher-pay-australia/,1.8480000495910645
paycheckcity calculator salary,880,10,informational,38,https://pay-calculator-australia.com/,1.8480000495910645
payscale calculator,880,15,informational,34,https://pay-calculator-australia.com/,1.8480000495910645
payslip generator,880,0,transactional,30,https://pay-calculator-australia.com/payslip-generator/,1.8480000495910645
pro rata pay calculator,880,10,informational,65,https://pay-calculator-australia.com/,1.8480000495910645
pro rata salary calculator,880,5,informational,66,https://pay-calculator-australia.com/,1.8480000495910645
queensland health pay rates,880,0,informational,19,https://pay-calculator-australia.com/healthcare-worker-pay/qld/,2.375999927520752
redundancy payment australia,880,9,informational,72,https://pay-calculator-australia.com/redundancy-pay-guide/,1.8480000495910645
sa teacher salary,880,0,informational,25,https://pay-calculator-australia.com/teacher-pay-australia/sa/,1.8480000495910645
sa teachers salary,880,0,informational,44,https://pay-calculator-australia.com/teacher-pay-australia/sa/,1.8480000495910645
salary and super calculator,880,9,informational,57,https://pay-calculator-australia.com/,1.8480000495910645
salary pro rata calculator,880,3,informational,64,https://pay-calculator-australia.com/,1.8480000495910645
salary yearly,880,16,informational,24,https://pay-calculator-australia.com/hourly-to-annual-salary-calculator/,1.8480000495910645
schads award pay rates 2025,880,0,informational,34,https://pay-calculator-australia.com/schads-award-pay-rates/,1.8480000495910645
schads award rate,880,0,informational,27,https://pay-calculator-australia.com/schads-award-pay-rates/,1.8480000495910645
schads level 3,880,0,informational,30,https://pay-calculator-australia.com/schads-award-pay-rates/,1.8480000495910645
schads pay guide,880,0,informational,23,https://pay-calculator-australia.com/schads-award-pay-rates/,1.8480000495910645
seniors and pensioners tax offset,880,0,informational,35,https://pay-calculator-australia.com/sapto-calculator/,1.8480000495910645
seniors pensioners tax offset,880,0,informational,30,https://pay-calculator-australia.com/sapto-calculator/,1.8480000495910645
south australia teacher salary,880,0,informational,31,https://pay-calculator-australia.com/teacher-pay-australia/,1.8480000495910645
south australian teachers salary,880,0,informational,24,https://pay-calculator-australia.com/teacher-pay-australia/sa/,1.8480000495910645
superannuation rate 2027,880,3,commercial,59,https://pay-calculator-australia.com/superannuation-guide/,1.8480000495910645
tax brackets qld,880,32,informational,52,https://pay-calculator-australia.com/tax-brackets/,1.8480000495910645
tax cuts 2026,880,23,informational,75,https://pay-calculator-australia.com/tax-changes-2026-27/,1.8480000495910645
tax on 100k australia,880,18,informational,24,https://pay-calculator-australia.com/tax-on/100000/,1.8480000495910645
tax rates australia 2026 27,880,37,commercial,56,https://pay-calculator-australia.com/tax-changes-2026-27/,1.8480000495910645
tax rates australia 2026--27,880,24,commercial,69,https://pay-calculator-australia.com/tax-changes-2026-27/,1.8480000495910645
tax rates australia 2026-27,880,32,commercial,90,https://pay-calculator-australia.com/income-tax-calculator/,1.8480000495910645
teacher pay rates south australia,880,0,informational,19,https://pay-calculator-australia.com/teacher-pay-australia/sa/,2.375999927520752
teacher pay scale,880,10,informational,49,https://pay-calculator-australia.com/teacher-pay-australia/qld/,1.8480000495910645
teacher pay scales,880,7,informational,66,https://pay-calculator-australia.com/teacher-pay-australia/,1.8480000495910645
teacher payment scale,880,10,informational,63,https://pay-calculator-australia.com/teacher-pay-australia/wa/,1.8480000495910645
teacher salary south australia,880,0,informational,24,https://pay-calculator-australia.com/teacher-pay-australia/sa/,1.8480000495910645
teachers pay scale,880,5,informational,67,https://pay-calculator-australia.com/teacher-pay-australia/vic/,1.8480000495910645
teachers pay scales,880,10,informational,51,https://pay-calculator-australia.com/teacher-pay-australia/qld/,1.8480000495910645
teachers salary sa,880,0,informational,20,https://pay-calculator-australia.com/teacher-pay-australia/sa/,2.111999988555908
teachers salary south australia,880,0,informational,21,https://pay-calculator-australia.com/teacher-pay-australia/sa/,2.0239999294281006
teaching pay scale,880,16,informational,66,https://pay-calculator-australia.com/teacher-pay-australia/,1.8480000495910645
teaching salary sa,880,0,informational,28,https://pay-calculator-australia.com/teacher-pay-australia/sa/,1.8480000495910645
victoria nurse pay rates,880,0,informational,29,https://pay-calculator-australia.com/healthcare-worker-pay/vic/,1.8480000495910645
victoria nurse salary,880,0,informational,64,https://pay-calculator-australia.com/healthcare-worker-pay/vic/,1.8480000495910645
victoria nurses pay rates,880,0,informational,31,https://pay-calculator-australia.com/healthcare-worker-pay/vic/,1.8480000495910645
victoria nursing pay rates,880,0,informational,25,https://pay-calculator-australia.com/healthcare-worker-pay/vic/,1.8480000495910645
victorian nurses pay rates,880,0,informational,26,https://pay-calculator-australia.com/healthcare-worker-pay/vic/,1.8480000495910645
victorian nurses salary,880,0,informational,67,https://pay-calculator-australia.com/healthcare-worker-pay/vic/,1.8480000495910645
vps pay scale,880,0,informational,11,https://pay-calculator-australia.com/public-service-pay-scales/vic/,8.008000373840332
wage yearly,880,23,informational,23,https://pay-calculator-australia.com/hourly-to-annual-salary-calculator/,1.8480000495910645
wages calculator victoria,880,15,informational,35,https://pay-calculator-australia.com/pay-calculator-vic/,1.8480000495910645
wages for apprentice,880,0,informational,38,https://pay-calculator-australia.com/construction-trades-pay/,1.8480000495910645
weekly tax sheet,880,0,informational,33,https://pay-calculator-australia.com/weekly-tax-table/,1.8480000495910645
weekly tax tables,880,1,informational,37,https://pay-calculator-australia.com/weekly-tax-table/,1.8480000495910645
what are the tax brackets,880,8,informational,57,https://pay-calculator-australia.com/tax-brackets/,1.8480000495910645
what does ytd mean on a payslip,880,0,informational,32,https://pay-calculator-australia.com/ytd-income-calculator/,1.8480000495910645
what does ytd mean on payslip,880,0,informational,33,https://pay-calculator-australia.com/ytd-income-calculator/,1.8480000495910645
what is marginal tax bracket,880,18,informational,47,https://pay-calculator-australia.com/tax-brackets/,1.8480000495910645
what is minimum wage in australia for 15 year olds,880,25,informational,13,https://pay-calculator-australia.com/junior-pay-rates/,5.191999912261963
what is net pay,880,8,informational,55,https://pay-calculator-australia.com/gross-pay-calculator/,1.8480000495910645
what is tax bracket,880,11,informational,65,https://pay-calculator-australia.com/tax-brackets/,1.8480000495910645
what marginal tax rate,880,20,informational,56,https://pay-calculator-australia.com/tax-brackets/,1.8480000495910645
youth worker pay rate,880,0,informational,22,https://pay-calculator-australia.com/junior-pay-rates/,1.9359999895095825
youth workers pay,880,0,commercial,25,https://pay-calculator-australia.com/junior-pay-rates/,1.8480000495910645
ytd income calculator,880,0,informational,56,https://pay-calculator-australia.com/ytd-income-calculator/,1.8480000495910645
ytd salary calculator,880,6,informational,41,https://pay-calculator-australia.com/ytd-income-calculator/,1.8480000495910645
100k after tax australia,720,7,informational,20,https://pay-calculator-australia.com/take-home-pay-on/100000/,1.7279999256134033
120k after tax australia,720,0,informational,21,https://pay-calculator-australia.com/take-home-pay-on/120000/,1.656000018119812
2025--26 tax rates,720,32,informational,66,https://pay-calculator-australia.com/tax-brackets/,1.5120000839233398
75000 after tax australia,720,2,informational,10,https://pay-calculator-australia.com/tax-on/75000/,8.13599967956543
annual leave calculator 38 hour week,720,0,informational,63,https://pay-calculator-australia.com/leave-calculator/,1.5120000839233398
annual leave calculator 38-hour week,720,0,navigational,62,https://pay-calculator-australia.com/leave-calculator/,1.5120000839233398
annual leave payment calculator,720,0,informational,20,https://pay-calculator-australia.com/leave-calculator/,1.7279999256134033
ato income tax brackets,720,38,informational,46,https://pay-calculator-australia.com/tax-brackets/,1.5120000839233398
ato tax income brackets,720,38,informational,47,https://pay-calculator-australia.com/tax-brackets/,1.5120000839233398
ato tax thresholds,720,38,informational,43,https://pay-calculator-australia.com/tax-brackets/,1.5120000839233398
australia tax due date,720,0,informational,71,https://pay-calculator-australia.com/tax-calendar/,1.5120000839233398
average salary teachers,720,15,informational,23,https://pay-calculator-australia.com/teacher-pay-australia/,1.5120000839233398
award rate calculator,720,18,informational,17,https://pay-calculator-australia.com/award-rates/,3.0959999561309814
award wage calculator,720,13,informational,14,https://pay-calculator-australia.com/award-rates/,4.0320000648498535
calculate annual leave payout,720,0,transactional,4,https://pay-calculator-australia.com/leave-calculator/,47.448001861572266
calculator for salary increase,720,0,informational,22,https://pay-calculator-australia.com/pay-rise-calculator/,1.5839999914169312
find my award pay rate,720,42,informational,8,https://pay-calculator-australia.com/award-rates/,14.184000015258789
gross and net,720,0,informational,47,https://pay-calculator-australia.com/gross-pay-calculator/,1.5120000839233398
gross net,720,0,informational,44,https://pay-calculator-australia.com/gross-pay-calculator/,1.5120000839233398
help debt repayment threshold,720,10,informational,68,https://pay-calculator-australia.com/hecs-repayment-threshold/,1.5120000839233398
help debt repayments,720,15,informational,59,https://pay-calculator-australia.com/hecs-help-guide/,1.5120000839233398
how much annual leave per year,720,9,informational,82,https://pay-calculator-australia.com/annual-leave-guide/,1.5120000839233398
how much do nurses get paid,720,0,informational,80,https://pay-calculator-australia.com/healthcare-worker-pay/vic/,1.5120000839233398
how much do teacher earn in australia,720,4,informational,74,https://pay-calculator-australia.com/teacher-pay-australia/,1.5120000839233398
how much do teachers earn in australia,720,4,informational,29,https://pay-calculator-australia.com/teacher-pay-australia/,1.5120000839233398
how much does a teacher earn in australia,720,6,informational,22,https://pay-calculator-australia.com/teacher-pay-australia/,1.5839999914169312
how much does an australian teacher earn,720,0,informational,26,https://pay-calculator-australia.com/teacher-pay-australia/,1.5120000839233398
how much does teacher earn in australia,720,5,informational,74,https://pay-calculator-australia.com/teacher-pay-australia/,1.5120000839233398
how much is austudy payment,720,6,informational,19,https://pay-calculator-australia.com/austudy-youth-allowance-calculator/,1.944000005722046
hr to salary calculator,720,29,informational,30,https://pay-calculator-australia.com/hourly-to-annual-salary-calculator/,1.5120000839233398
income increase calculator,720,5,informational,27,https://pay-calculator-australia.com/pay-rise-calculator/,1.5120000839233398
income tax rate 2025,720,32,informational,52,https://pay-calculator-australia.com/tax-brackets/,1.5120000839233398
income ytd calculator,720,0,informational,51,https://pay-calculator-australia.com/ytd-income-calculator/,1.5120000839233398
increase in pay calculator,720,2,informational,28,https://pay-calculator-australia.com/pay-rise-calculator/,1.5120000839233398
increase in salary calculator,720,2,informational,27,https://pay-calculator-australia.com/pay-rise-calculator/,1.5120000839233398
increase salary calculator,720,5,informational,16,https://pay-calculator-australia.com/pay-rise-calculator/,3.0959999561309814
individual tax rate in australia,720,37,informational,62,https://pay-calculator-australia.com/tax-brackets/,1.5120000839233398
low income tax offset 2026,720,11,commercial,82,https://pay-calculator-australia.com/low-income-tax-offset/,1.5120000839233398
marginal tax rates 2025,720,32,informational,74,https://pay-calculator-australia.com/tax-brackets/,1.5120000839233398
max super contribution 2026,720,10,commercial,89,https://pay-calculator-australia.com/news/super-contribution-caps-2026-27/,1.5120000839233398
medicare levy threshold 2025,720,16,informational,65,https://pay-calculator-australia.com/news/medicare-levy-thresholds-2026/,1.5120000839233398
medicare threshold 2026,720,24,informational,67,https://pay-calculator-australia.com/news/medicare-levy-thresholds-2026/,1.5120000839233398
monthly tax tables 2026,720,0,informational,13,https://pay-calculator-australia.com/payg-withholding-tables/,4.248000144958496
nsw health rates of pay,720,0,informational,17,https://pay-calculator-australia.com/healthcare-worker-pay/nsw/,3.0959999561309814
nsw primary teacher salary,720,0,informational,23,https://pay-calculator-australia.com/teacher-pay-australia/nsw/,1.5120000839233398
pay increase calculator,720,9,informational,55,https://pay-calculator-australia.com/pay-rise-calculator/,1.5120000839233398
pay raise calculator,720,16,informational,82,https://pay-calculator-australia.com/backpay-calculator/,1.5120000839233398
paye australia,720,19,informational,59,https://pay-calculator-australia.com/,1.5120000839233398
payg on schedule 5,720,0,informational,9,https://pay-calculator-australia.com/schedule-5-tax-table/,10.800000190734863
personal tax rates australia,720,32,informational,52,https://pay-calculator-australia.com/tax-brackets/,1.5120000839233398
primary teacher salary nsw,720,0,informational,22,https://pay-calculator-australia.com/teacher-pay-australia/nsw/,1.5839999914169312
qld redundancy calculator,720,0,informational,49,https://pay-calculator-australia.com/redundancy-pay-calculator/,1.5120000839233398
raise salary calculator,720,1,informational,17,https://pay-calculator-australia.com/pay-rise-calculator/,3.0959999561309814
redundancy calculator qld,720,16,informational,42,https://pay-calculator-australia.com/redundancy-pay-calculator/,1.5120000839233398
redundancy calculator queensland,720,0,navigational,44,https://pay-calculator-australia.com/redundancy-pay-calculator/,1.5120000839233398
repayment of help debt,720,16,informational,57,https://pay-calculator-australia.com/hecs-help-guide/,1.5120000839233398
salary calculator increase,720,3,informational,23,https://pay-calculator-australia.com/pay-rise-calculator/,1.5120000839233398
salary calculator nsw,720,7,informational,23,https://pay-calculator-australia.com/pay-calculator-nsw/,1.5120000839233398
salary calculator raise,720,4,informational,20,https://pay-calculator-australia.com/pay-rise-calculator/,1.7279999256134033
salary calculator victoria,720,12,informational,27,https://pay-calculator-australia.com/pay-calculator-vic/,1.5120000839233398
salary increase calculator,720,0,informational,58,https://pay-calculator-australia.com/pay-rise-calculator/,1.5120000839233398
salary raise calculator,720,9,informational,59,https://pay-calculator-australia.com/pay-rise-calculator/,1.5120000839233398
schads award 2026 pay rates,720,0,commercial,19,https://pay-calculator-australia.com/schads-award-pay-rates/,1.944000005722046
schads level 6,720,0,informational,27,https://pay-calculator-australia.com/schads-award-pay-rates/,1.5120000839233398
sick day calculator,720,0,informational,58,https://pay-calculator-australia.com/leave-calculator/,1.5120000839233398
sick leave calculator,720,0,informational,56,https://pay-calculator-australia.com/leave-calculator/,1.5120000839233398
sick leave calculator 38-hour week,720,0,navigational,59,https://pay-calculator-australia.com/leave-calculator/,1.5120000839233398
stsl on payslip,720,0,navigational,21,https://pay-calculator-australia.com/stsl-on-payslip/,1.656000018119812
super cap 2026,720,8,informational,99,https://pay-calculator-australia.com/news/super-contribution-caps-2026-27/,1.5120000839233398
talent tax calculator,720,20,informational,39,https://pay-calculator-australia.com/,1.5120000839233398
tax brackets 2025 2026,720,37,commercial,66,https://pay-calculator-australia.com/tax-brackets/,1.5120000839233398
tax calculator weekly pay,720,11,informational,75,https://pay-calculator-australia.com/pay-calculator-wa/,1.5120000839233398
tax file declaration,720,3,informational,38,https://pay-calculator-australia.com/tax-file-number-declaration/,1.5120000839233398
tax on 80000 australia,720,11,informational,13,https://pay-calculator-australia.com/tax-on/80000/,4.248000144958496
tax on 80000 in australia,720,13,informational,17,https://pay-calculator-australia.com/salary-to-hourly/80000/,3.0959999561309814
tax rates australia 2025 26,720,32,informational,55,https://pay-calculator-australia.com/tax-brackets/,1.5120000839233398
tax rates australia 2025-26,720,36,commercial,68,https://pay-calculator-australia.com/tax-brackets/,1.5120000839233398
tax time 2026,720,2,informational,63,https://pay-calculator-australia.com/news/tax-time-2026-whats-new/,1.5120000839233398
tax to salary calculator,720,14,informational,46,https://pay-calculator-australia.com/,1.5120000839233398
victoria tax brackets,720,37,informational,40,https://pay-calculator-australia.com/tax-brackets/,1.5120000839233398
wage calculator victoria,720,39,informational,31,https://pay-calculator-australia.com/,1.5120000839233398
wage increase calculator,720,13,informational,22,https://pay-calculator-australia.com/pay-rise-calculator/,1.5839999914169312
wage to salary calculator,720,10,informational,72,https://pay-calculator-australia.com/hourly-to-annual-salary-calculator/,1.5120000839233398
what is division 293 tax,720,0,informational,70,https://pay-calculator-australia.com/division-293-tax/,1.5120000839233398
what is salary sacrificing in australia,720,8,informational,66,https://pay-calculator-australia.com/salary-sacrifice-guide/,1.5120000839233398
what is the current superannuation rate in australia,720,6,informational,50,https://pay-calculator-australia.com/superannuation-guide/,1.5120000839233398
what percentage is superannuation,720,14,informational,58,https://pay-calculator-australia.com/superannuation-guide/,1.5120000839233398
what percentage of tax do i pay,720,32,informational,81,https://pay-calculator-australia.com/,1.5120000839233398
work from home calculator,720,3,informational,73,https://pay-calculator-australia.com/work-from-home-deductions/,1.5120000839233398
working holiday maker tax rate,720,0,informational,43,https://pay-calculator-australia.com/working-holiday-tax/,1.5120000839233398
working holiday maker tax rates,720,0,commercial,42,https://pay-calculator-australia.com/working-holiday-tax/,1.5120000839233398
year to date calculator income,720,0,informational,52,https://pay-calculator-australia.com/ytd-income-calculator/,1.5120000839233398
year to date income calculator,720,0,informational,48,https://pay-calculator-australia.com/ytd-income-calculator/,1.5120000839233398
year to date pay calculator,720,3,informational,48,https://pay-calculator-australia.com/ytd-income-calculator/,1.5120000839233398
year to date salary calculator,720,1,informational,46,https://pay-calculator-australia.com/ytd-income-calculator/,1.5120000839233398
youth worker pay,720,0,informational,27,https://pay-calculator-australia.com/junior-pay-rates/,1.5120000839233398
youth worker wages,720,0,informational,23,https://pay-calculator-australia.com/junior-pay-rates/,1.5120000839233398
ytd meaning payslip,720,0,informational,32,https://pay-calculator-australia.com/ytd-income-calculator/,1.5120000839233398
150k after tax australia,590,0,informational,13,https://pay-calculator-australia.com/take-home-pay-on/150000/,3.4809999465942383
2nd job tax rate,590,0,informational,8,https://pay-calculator-australia.com/second-job-tax-calculator/,11.623000144958496
85 000 after tax australia,590,0,informational,40,https://pay-calculator-australia.com/take-home-pay-on/85000/,1.2389999628067017
85000 after tax australia,590,0,informational,12,https://pay-calculator-australia.com/take-home-pay-on/85000/,4.425000190734863
annual leave pay calculator,590,0,informational,23,https://pay-calculator-australia.com/leave-calculator/,1.2389999628067017
annual leave payout calculator,590,0,informational,8,https://pay-calculator-australia.com/leave-calculator/,11.623000144958496
ato salary sacrifice calculator,590,38,informational,67,https://pay-calculator-australia.com/salary-packaging-guide/,1.2389999628067017
ato tax calculator weekly,590,23,informational,76,https://pay-calculator-australia.com/,1.2389999628067017
ato tax weekly calculator,590,38,informational,71,https://pay-calculator-australia.com/,1.2389999628067017
ato weekly tax calculator,590,38,informational,25,https://pay-calculator-australia.com/weekly-tax-table/,1.2389999628067017
australian redundancy calculator,590,0,informational,56,https://pay-calculator-australia.com/redundancy-pay-calculator/,1.2389999628067017
australian tax brackets 2027,590,32,commercial,64,https://pay-calculator-australia.com/tax-changes-2026-27/,1.2389999628067017
australian tax rates 2025,590,32,informational,74,https://pay-calculator-australia.com/tax-brackets/,1.2389999628067017
australian taxation chart,590,32,informational,32,https://pay-calculator-australia.com/tax-brackets/,1.2389999628067017
australian taxation table,590,32,informational,30,https://pay-calculator-australia.com/tax-brackets/,1.2389999628067017
calculate annual leave pay,590,0,informational,26,https://pay-calculator-australia.com/leave-calculator/,1.2389999628067017
calculate contractor pay,590,0,informational,62,https://pay-calculator-australia.com/contractor-pay-calculator/,1.2389999628067017
calculate contractor salary,590,0,informational,69,https://pay-calculator-australia.com/contractor-pay-calculator/,1.2389999628067017
calculate net salary from gross,590,0,informational,33,https://pay-calculator-australia.com/gross-pay-calculator/,1.2389999628067017
calculate redundancy australia,590,0,informational,56,https://pay-calculator-australia.com/redundancy-pay-calculator/,1.2389999628067017
calculating annual leave payout,590,0,informational,7,https://pay-calculator-australia.com/leave-calculator/,15.104000091552734
calculating leave loading,590,0,informational,89,https://pay-calculator-australia.com/leave-calculator/,1.2389999628067017
calculator for wages per hour,590,42,informational,30,https://pay-calculator-australia.com/hourly-to-annual-salary-calculator/,1.2389999628067017
calculator pay per hour,590,42,informational,24,https://pay-calculator-australia.com/hourly-to-annual-salary-calculator/,1.2389999628067017
can a sole trader have employees,590,0,informational,58,https://pay-calculator-australia.com/employee-vs-sole-trader-vs-company/,1.2389999628067017
casual pay rates,590,29,informational,63,https://pay-calculator-australia.com/award-rates/,1.2389999628067017
centrelink pension calculator,590,24,informational,72,https://pay-calculator-australia.com/age-pension-income-test-calculator/,1.2389999628067017
contract pay calculator,590,0,informational,69,https://pay-calculator-australia.com/contractor-pay-calculator/,1.2389999628067017
contract salary calculator,590,0,informational,69,https://pay-calculator-australia.com/contractor-pay-calculator/,1.2389999628067017
contract to salary calculator,590,0,informational,80,https://pay-calculator-australia.com/employment-type-calculator/,1.2389999628067017
contractor pay calculator,590,0,informational,61,https://pay-calculator-australia.com/contractor-pay-calculator/,1.2389999628067017
contractor payment calculator,590,0,informational,64,https://pay-calculator-australia.com/contractor-pay-calculator/,1.2389999628067017
contractor salary calculator,590,0,informational,65,https://pay-calculator-australia.com/contractor-pay-calculator/,1.2389999628067017
contractor to salary calculator,590,0,informational,67,https://pay-calculator-australia.com/contractor-pay-calculator/,1.2389999628067017
contractor wage calculator,590,0,informational,63,https://pay-calculator-australia.com/contractor-pay-calculator/,1.2389999628067017
contractor wages calculator,590,0,informational,65,https://pay-calculator-australia.com/contractor-pay-calculator/,1.2389999628067017
contractor-to-salary-calculator,590,0,informational,65,https://pay-calculator-australia.com/contractor-vs-employee-calculator/,1.2389999628067017
contractors pay calculator,590,0,informational,59,https://pay-calculator-australia.com/contractor-pay-calculator/,1.2389999628067017
div 293 calculator,590,0,informational,66,https://pay-calculator-australia.com/division-293-tax/,1.2389999628067017
div 293 tax calculator,590,0,informational,66,https://pay-calculator-australia.com/division-293-tax/,1.2389999628067017
division 293 calculation,590,0,informational,96,https://pay-calculator-australia.com/division-293-tax/,1.2389999628067017
division 293 tax calculator,590,0,informational,66,https://pay-calculator-australia.com/division-293-tax/,1.2389999628067017
el 2 salary,590,0,informational,26,https://pay-calculator-australia.com/public-service-pay-scales/aps/,1.2389999628067017
el2 salary,590,0,informational,31,https://pay-calculator-australia.com/public-service-pay-scales/aps/,1.2389999628067017
fbt gross up rate,590,0,informational,40,https://pay-calculator-australia.com/fringe-benefits-tax/,1.2389999628067017
fbt gross up rates,590,1,informational,39,https://pay-calculator-australia.com/fringe-benefits-tax/,1.2389999628067017
fbt gross-up rate,590,0,informational,40,https://pay-calculator-australia.com/fringe-benefits-tax/,1.2389999628067017
fbt gross-up rates,590,2,informational,39,https://pay-calculator-australia.com/fringe-benefits-tax/,1.2389999628067017
fbt rate,590,0,informational,38,https://pay-calculator-australia.com/fringe-benefits-tax/,1.2389999628067017
fbt rates,590,2,informational,38,https://pay-calculator-australia.com/fringe-benefits-tax/,1.2389999628067017
fortnight in a year,590,0,informational,6,https://pay-calculator-australia.com/fortnightly-pay-calculator/,19.941999435424805
fortnightly tax table pdf,590,0,informational,17,https://pay-calculator-australia.com/fortnightly-tax-table/,2.5369999408721924
gross income and net income calculator,590,2,informational,39,https://pay-calculator-australia.com/gross-pay-calculator/,1.2389999628067017
gross income net income calculator,590,1,informational,37,https://pay-calculator-australia.com/gross-pay-calculator/,1.2389999628067017
gross pay and net pay calculator,590,0,informational,31,https://pay-calculator-australia.com/gross-pay-calculator/,1.2389999628067017
gross salary,590,6,informational,36,https://pay-calculator-australia.com/gross-pay-calculator/,1.2389999628067017
gross salary to net salary calculator,590,1,informational,38,https://pay-calculator-australia.com/gross-pay-calculator/,1.2389999628067017
gross-up rate fbt,590,0,informational,46,https://pay-calculator-australia.com/fringe-benefits-tax/,1.2389999628067017
hecs debt repayment calculator,590,1,informational,44,https://pay-calculator-australia.com/hecs-help-calculator/,1.2389999628067017
hecs threshold 2026,590,3,informational,51,https://pay-calculator-australia.com/hecs-help-calculator/,1.2389999628067017
higa award rates,590,1,informational,23,https://pay-calculator-australia.com/hospitality-award-rates/,1.2389999628067017
hourly rate to annual salary,590,3,informational,11,https://pay-calculator-australia.com/hourly-to-annual-salary-calculator/,5.36899995803833
hourly salary calculator,590,43,informational,35,https://pay-calculator-australia.com/hourly-to-annual-salary-calculator/,1.2389999628067017
hourly to salary calculator,590,33,informational,23,https://pay-calculator-australia.com/hourly-to-annual-salary-calculator/,1.2389999628067017
hours calculator salary,590,33,informational,28,https://pay-calculator-australia.com/hourly-to-annual-salary-calculator/,1.2389999628067017
how many fortnights per year,590,0,informational,55,https://pay-calculator-australia.com/fortnightly-pay-calculator/,1.2389999628067017
how much do teachers make,590,2,informational,60,https://pay-calculator-australia.com/teacher-pay-australia/,1.2389999628067017
how much long service leave after 7 years,590,18,informational,85,https://pay-calculator-australia.com/long-service-leave-calculator/,1.2389999628067017
how much redundancy pay,590,16,informational,33,https://pay-calculator-australia.com/redundancy-pay-calculator/,1.2389999628067017
how much redundancy payment,590,16,informational,33,https://pay-calculator-australia.com/redundancy-pay-calculator/,1.2389999628067017
hr salary calculator,590,6,informational,25,https://pay-calculator-australia.com/hourly-to-annual-salary-calculator/,1.2389999628067017
income calculator net to gross,590,1,informational,36,https://pay-calculator-australia.com/gross-pay-calculator/,1.2389999628067017
income tax bracket,590,32,informational,58,https://pay-calculator-australia.com/tax-brackets/,1.2389999628067017
income tax individual rates,590,42,informational,63,https://pay-calculator-australia.com/tax-brackets/,1.2389999628067017
income tax individual tax rates,590,37,informational,64,https://pay-calculator-australia.com/tax-brackets/,1.2389999628067017
income tax rate for individuals,590,43,informational,66,https://pay-calculator-australia.com/tax-brackets/,1.2389999628067017
income tax rate individual,590,37,informational,79,https://pay-calculator-australia.com/tax-brackets/,1.2389999628067017
income tax rate of individual,590,37,informational,63,https://pay-calculator-australia.com/tax-brackets/,1.2389999628067017
income tax rates 2025 26,590,32,informational,72,https://pay-calculator-australia.com/tax-brackets/,1.2389999628067017
income tax rates for individuals,590,37,informational,83,https://pay-calculator-australia.com/tax-brackets/,1.2389999628067017
income tax rates individuals,590,37,informational,81,https://pay-calculator-australia.com/tax-brackets/,1.2389999628067017
individual income tax bracket,590,38,informational,63,https://pay-calculator-australia.com/tax-brackets/,1.2389999628067017
individual income tax brackets,590,38,informational,56,https://pay-calculator-australia.com/tax-brackets/,1.2389999628067017
individual income tax rates,590,32,informational,80,https://pay-calculator-australia.com/tax-brackets/,1.2389999628067017
individual income tax threshold,590,32,informational,61,https://pay-calculator-australia.com/tax-brackets/,1.2389999628067017
individual tax withheld calculator,590,38,informational,64,https://pay-calculator-australia.com/,1.2389999628067017
individual tax withholding calculator,590,38,informational,62,https://pay-calculator-australia.com/,1.2389999628067017
individuals income tax rates,590,43,informational,70,https://pay-calculator-australia.com/tax-brackets/,1.2389999628067017
long service leave tasmania,590,0,informational,38,https://pay-calculator-australia.com/long-service-leave-calculator/tas/,1.2389999628067017
medicare levy threshold 2026,590,9,informational,62,https://pay-calculator-australia.com/news/medicare-levy-thresholds-2026/,1.2389999628067017
minimum wage calculator,590,56,informational,64,https://pay-calculator-australia.com/pay-calculator-wa/,1.2389999628067017
minimum wages calculator,590,53,informational,56,https://pay-calculator-australia.com/pay-calculator-wa/,1.2389999628067017
monthly tax tables 2025,590,0,informational,21,https://pay-calculator-australia.com/monthly-tax-table/,1.3569999933242798
net and gross calculator,590,6,informational,36,https://pay-calculator-australia.com/gross-pay-calculator/,1.2389999628067017
net gross calculator,590,0,informational,34,https://pay-calculator-australia.com/gross-pay-calculator/,1.2389999628067017
net income to gross calculator,590,2,informational,37,https://pay-calculator-australia.com/gross-pay-calculator/,1.2389999628067017
net income to gross income calculator,590,0,informational,35,https://pay-calculator-australia.com/gross-pay-calculator/,1.2389999628067017
net to gross calculation,590,1,informational,35,https://pay-calculator-australia.com/gross-pay-calculator/,1.2389999628067017
net to gross calculator,590,9,informational,39,https://pay-calculator-australia.com/gross-pay-calculator/,1.2389999628067017
net to gross income calculator,590,1,informational,35,https://pay-calculator-australia.com/gross-pay-calculator/,1.2389999628067017
net to gross salary calculator,590,1,informational,35,https://pay-calculator-australia.com/gross-pay-calculator/,1.2389999628067017
nsw health pay rates,590,0,informational,19,https://pay-calculator-australia.com/healthcare-worker-pay/nsw/,1.5929999351501465
nurses salary in melbourne,590,0,informational,38,https://pay-calculator-australia.com/healthcare-worker-pay/vic/,1.2389999628067017
nurses salary melbourne,590,0,informational,36,https://pay-calculator-australia.com/healthcare-worker-pay/vic/,1.2389999628067017
nursing salary melbourne,590,0,informational,39,https://pay-calculator-australia.com/healthcare-worker-pay/vic/,1.2389999628067017
paid per hour calculator,590,43,informational,24,https://pay-calculator-australia.com/hourly-to-annual-salary-calculator/,1.2389999628067017
pay calculator for contractors,590,0,informational,59,https://pay-calculator-australia.com/contractor-pay-calculator/,1.2389999628067017
pay guide,590,46,informational,24,https://pay-calculator-australia.com/award-rates/,1.2389999628067017
pay increase 2026,590,13,informational,86,https://pay-calculator-australia.com/news/minimum-wage-increase-july-2026/,1.2389999628067017
pay per hour calculator,590,39,informational,26,https://pay-calculator-australia.com/hourly-to-annual-salary-calculator/,1.2389999628067017
pay rate for retail,590,0,informational,54,https://pay-calculator-australia.com/retail-award-rates/,1.2389999628067017
pay rate per hour calculator,590,43,informational,26,https://pay-calculator-australia.com/hourly-to-annual-salary-calculator/,1.2389999628067017
pay rate retail,590,6,informational,54,https://pay-calculator-australia.com/retail-award-rates/,1.2389999628067017
pay rates for retail,590,0,informational,57,https://pay-calculator-australia.com/retail-award-rates/,1.2389999628067017
paycheck calculator gross to net,590,15,informational,36,https://pay-calculator-australia.com/gross-pay-calculator/,1.2389999628067017
payg tax rates weekly,590,5,informational,25,https://pay-calculator-australia.com/payg-withholding-tables/,1.2389999628067017
payg tax table weekly,590,0,informational,20,https://pay-calculator-australia.com/payg-withholding-tables/,1.4160000085830688
payg tax tables fortnightly,590,0,informational,16,https://pay-calculator-australia.com/payg-withholding-tables/,2.5369999408721924
payg tax tables weekly,590,0,informational,23,https://pay-calculator-australia.com/payg-withholding-tables/,1.2389999628067017
payg weekly tax table,590,0,informational,24,https://pay-calculator-australia.com/payg-withholding-tables/,1.2389999628067017
payroll calculation table,590,26,informational,19,https://pay-calculator-australia.com/,1.5929999351501465
payroll tax tasmania,590,1,informational,31,https://pay-calculator-australia.com/pay-calculator-tas/,1.2389999628067017
per hour calculator salary,590,8,informational,26,https://pay-calculator-australia.com/hourly-to-annual-salary-calculator/,1.2389999628067017
per hour salary calculator,590,29,informational,27,https://pay-calculator-australia.com/hourly-to-annual-salary-calculator/,1.2389999628067017
redundancy australia calculator,590,0,informational,52,https://pay-calculator-australia.com/redundancy-pay-calculator/,1.2389999628067017
redundancy calculator australia,590,0,informational,53,https://pay-calculator-australia.com/redundancy-pay-calculator/,1.2389999628067017
retail industry pay rates,590,5,informational,52,https://pay-calculator-australia.com/retail-award-rates/,1.2389999628067017
retail pay rates,590,6,informational,58,https://pay-calculator-australia.com/retail-award-rates/,1.2389999628067017
salary calculator contractor,590,0,informational,67,https://pay-calculator-australia.com/contractor-pay-calculator/,1.2389999628067017
salary calculator for contractors,590,0,informational,64,https://pay-calculator-australia.com/contractor-pay-calculator/,1.2389999628067017
salary calculator gross to net,590,0,informational,39,https://pay-calculator-australia.com/gross-pay-calculator/,1.2389999628067017
salary calculator hourly rate,590,25,informational,31,https://pay-calculator-australia.com/hourly-to-annual-salary-calculator/,1.2389999628067017
salary gross,590,4,informational,35,https://pay-calculator-australia.com/gross-pay-calculator/,1.2389999628067017
salary hourly rate calculator,590,25,informational,29,https://pay-calculator-australia.com/hourly-to-annual-salary-calculator/,1.2389999628067017
salary packaging calculator ato,590,37,informational,69,https://pay-calculator-australia.com/salary-packaging-guide/,1.2389999628067017
salary pay per hour calculator,590,27,informational,28,https://pay-calculator-australia.com/hourly-to-annual-salary-calculator/,1.2389999628067017
salary to hourly rate calculator,590,0,informational,63,https://pay-calculator-australia.com/hourly-to-annual-salary-calculator/,1.2389999628067017
sapto calculator,590,0,informational,12,https://pay-calculator-australia.com/sapto-calculator/,4.425000190734863
second job tax rate,590,0,informational,14,https://pay-calculator-australia.com/second-job-tax-calculator/,3.303999900817871
second job tax rates,590,0,informational,8,https://pay-calculator-australia.com/second-job-tax-calculator/,11.623000144958496
sg rate,590,0,informational,78,https://pay-calculator-australia.com/super-guarantee-rate-history/,1.2389999628067017
sick leave calculator 38 hour week,590,0,informational,58,https://pay-calculator-australia.com/leave-calculator/,1.2389999628067017
spouse contribution tax offset,590,0,informational,61,https://pay-calculator-australia.com/super-co-contribution/,1.2389999628067017
sunday pay rate,590,0,informational,43,https://pay-calculator-australia.com/overtime-penalty-rates-guide/,1.2389999628067017
superannuation rates,590,10,informational,80,https://pay-calculator-australia.com/superannuation-guide/,1.2389999628067017
tas payroll tax,590,19,informational,29,https://pay-calculator-australia.com/pay-calculator-tas/,1.2389999628067017
tasmania payroll tax,590,12,informational,33,https://pay-calculator-australia.com/pay-calculator-tas/,1.2389999628067017
tax bracket 2024,590,27,informational,46,https://pay-calculator-australia.com/tax-brackets/,1.2389999628067017
tax changes 2026,590,19,informational,56,https://pay-calculator-australia.com/tax-changes-2026-27/,1.2389999628067017
tax earning brackets,590,32,informational,58,https://pay-calculator-australia.com/tax-brackets/,1.2389999628067017
tax on 60000 australia,590,16,informational,3,https://pay-calculator-australia.com/tax-on/60000/,57.40700149536133
tax rate for second job,590,0,informational,13,https://pay-calculator-australia.com/second-job-tax-calculator/,3.4809999465942383
tax rate on second job,590,0,informational,19,https://pay-calculator-australia.com/second-job-tax-calculator/,1.5929999351501465
tax rate second job,590,0,informational,14,https://pay-calculator-australia.com/second-job-tax-calculator/,3.303999900817871
tax rates 2027,590,24,informational,64,https://pay-calculator-australia.com/tax-brackets/,1.2389999628067017
tax rates on second job,590,0,informational,11,https://pay-calculator-australia.com/second-job-tax-calculator/,5.36899995803833
tax slab,590,32,informational,68,https://pay-calculator-australia.com/tax-brackets/,1.2389999628067017
tax slabs,590,37,transactional,55,https://pay-calculator-australia.com/tax-brackets/,1.2389999628067017
tax table for australia,590,32,informational,51,https://pay-calculator-australia.com/tax-brackets/,1.2389999628067017
tax table in australia,590,32,informational,39,https://pay-calculator-australia.com/tax-brackets/,1.2389999628067017
tax withheld calculator australia,590,38,informational,75,https://pay-calculator-australia.com/,1.2389999628067017
tax withheld table,590,2,informational,21,https://pay-calculator-australia.com/payg-withholding-tables/,1.3569999933242798
tax zone offset,590,0,informational,18,https://pay-calculator-australia.com/zone-tax-offset/,1.9470000267028809
vps 6 pay,590,0,informational,11,https://pay-calculator-australia.com/public-service-pay-scales/,5.36899995803833
vps 6 salary,590,0,informational,11,https://pay-calculator-australia.com/public-service-pay-scales/,5.36899995803833
vps salary 2025,590,0,informational,13,https://pay-calculator-australia.com/public-service-pay-scales/vic/,3.4809999465942383
vps value,590,0,commercial,12,https://pay-calculator-australia.com/public-service-pay-scales/vic/,4.425000190734863
wage per hour calculator,590,42,informational,27,https://pay-calculator-australia.com/hourly-to-annual-salary-calculator/,1.2389999628067017
weekly tax table payg,590,0,informational,21,https://pay-calculator-australia.com/payg-withholding-tables/,1.3569999933242798
wfh rate,590,0,informational,66,https://pay-calculator-australia.com/work-from-home-deductions/,1.2389999628067017
wfh rates,590,0,informational,58,https://pay-calculator-australia.com/work-from-home-deductions/,1.2389999628067017
what is notice of assessment,590,3,informational,69,https://pay-calculator-australia.com/notice-of-assessment/,1.2389999628067017
what is stsl on payslip,590,0,informational,22,https://pay-calculator-australia.com/stsl-on-payslip/,1.2979999780654907
what is the tax threshold in australia,590,27,informational,53,https://pay-calculator-australia.com/tax-brackets/,1.2389999628067017
when does the tax year end,590,2,informational,58,https://pay-calculator-australia.com/tax-calendar/,1.2389999628067017
working holiday visa tax percentage,590,0,commercial,71,https://pay-calculator-australia.com/working-holiday-tax/,1.2389999628067017
working holiday visa tax rate,590,2,informational,37,https://pay-calculator-australia.com/working-holiday-tax/,1.2389999628067017
zone tax offset,590,0,informational,26,https://pay-calculator-australia.com/zone-tax-offset/,1.2389999628067017
2025 individual tax rates,480,37,informational,79,https://pay-calculator-australia.com/tax-brackets/,1.0080000162124634
2025 vs 2026 tax brackets,480,37,informational,34,https://pay-calculator-australia.com/tax-brackets/,1.0080000162124634
2026 income tax rates,480,43,informational,55,https://pay-calculator-australia.com/tax-brackets/,1.0080000162124634
2nd job tax,480,0,informational,24,https://pay-calculator-australia.com/second-job-tax-calculator/,1.0080000162124634
70000 after tax australia,480,0,informational,11,https://pay-calculator-australia.com/tax-on/70000/,4.368000030517578
80000 12,480,0,informational,7,https://pay-calculator-australia.com/tax-on/80000/,12.288000106811523
80000/12,480,0,informational,24,https://pay-calculator-australia.com/tax-on/80000/,1.0080000162124634
80k after tax australia,480,0,informational,12,https://pay-calculator-australia.com/tax-on/80000/,3.5999999046325684
90k after tax australia,480,0,informational,20,https://pay-calculator-australia.com/take-home-pay-on/90000/,1.1519999504089355
annual income,480,20,informational,47,https://pay-calculator-australia.com/annual-pay-calculator/,1.0080000162124634
annual salary to hourly rate,480,5,informational,16,https://pay-calculator-australia.com/hourly-to-annual-salary-calculator/,2.063999891281128
aps pay scale,480,0,commercial,8,https://pay-calculator-australia.com/public-service-pay-scales/,9.456000328063965
aps pay scales,480,0,informational,14,https://pay-calculator-australia.com/public-service-pay-scales/,2.687999963760376
aps salaries,480,0,informational,12,https://pay-calculator-australia.com/public-service-pay-scales/,3.5999999046325684
aps salary,480,0,informational,10,https://pay-calculator-australia.com/public-service-pay-scales/,5.423999786376953
aps6 salary 2025,480,0,informational,11,https://pay-calculator-australia.com/public-service-pay-scales/,4.368000030517578
ato weekly tax table 2025,480,0,transactional,39,https://pay-calculator-australia.com/weekly-tax-table/,1.0080000162124634
ato weekly tax table 2026,480,0,transactional,22,https://pay-calculator-australia.com/payg-withholding-tables/,1.055999994277954
ato work from home calculator,480,6,informational,54,https://pay-calculator-australia.com/work-from-home-deductions/,1.0080000162124634
australia award rates,480,12,informational,22,https://pay-calculator-australia.com/award-rates/,1.055999994277954
austudy calculator,480,20,informational,13,https://pay-calculator-australia.com/austudy-youth-allowance-calculator/,2.8320000171661377
award rates in australia,480,42,informational,20,https://pay-calculator-australia.com/award-rates/,1.1519999504089355
award retail wage,480,4,informational,55,https://pay-calculator-australia.com/retail-award-rates/,1.0080000162124634
award wages australia,480,33,informational,22,https://pay-calculator-australia.com/award-rates/,1.055999994277954
awards wages australia,480,35,commercial,13,https://pay-calculator-australia.com/award-rates/,2.8320000171661377
back pay,480,0,informational,34,https://pay-calculator-australia.com/backpay-calculator/,1.0080000162124634
back payments,480,0,informational,52,https://pay-calculator-australia.com/backpay-calculator/,1.0080000162124634
calculate hecs debt,480,3,transactional,45,https://pay-calculator-australia.com/hecs-help-calculator/,1.0080000162124634
calculate leave loading,480,0,informational,82,https://pay-calculator-australia.com/leave-calculator/,1.0080000162124634
calculate salary to hourly,480,33,informational,75,https://pay-calculator-australia.com/hourly-to-annual-salary-calculator/,1.0080000162124634
calculate super on salary,480,26,informational,36,https://pay-calculator-australia.com/superannuation-calculator/,1.0080000162124634
calculator for weekly pay,480,1,transactional,45,https://pay-calculator-australia.com/monthly-pay-calculator/,1.0080000162124634
cns salary,480,0,informational,28,https://pay-calculator-australia.com/healthcare-worker-pay/nsw/,1.0080000162124634
current superannuation,480,12,informational,40,https://pay-calculator-australia.com/superannuation-guide/,1.0080000162124634
current tax brackets australia,480,37,informational,53,https://pay-calculator-australia.com/tax-brackets/,1.0080000162124634
do you pay medicare levy if you have private health,480,12,informational,68,https://pay-calculator-australia.com/private-health-insurance-medicare/,1.0080000162124634
expenses for working from home,480,0,informational,81,https://pay-calculator-australia.com/work-from-home-deductions/,1.0080000162124634
fair work award rates,480,55,informational,27,https://pay-calculator-australia.com/award-rates/,1.0080000162124634
fifo jobs pay,480,0,informational,25,https://pay-calculator-australia.com/mining-fifo-pay-guide/,1.0080000162124634
fifo salary,480,0,informational,23,https://pay-calculator-australia.com/mining-fifo-pay-guide/,1.0080000162124634
fly in fly out salary,480,0,informational,24,https://pay-calculator-australia.com/mining-fifo-pay-guide/,1.0080000162124634
full time vs part time,480,0,informational,63,https://pay-calculator-australia.com/full-time-vs-part-time-vs-casual/,1.0080000162124634
full-time vs part-time,480,0,informational,61,https://pay-calculator-australia.com/full-time-vs-part-time-vs-casual/,1.0080000162124634
gross to net,480,7,informational,34,https://pay-calculator-australia.com/gross-pay-calculator/,1.0080000162124634
hecs debt calculator,480,0,informational,21,https://pay-calculator-australia.com/hecs-help-calculator/,1.1039999723434448
hecs help repayment,480,29,informational,33,https://pay-calculator-australia.com/hecs-help-guide/,1.0080000162124634
hecs help repayments,480,16,informational,48,https://pay-calculator-australia.com/hecs-help-guide/,1.0080000162124634
hecs-help repayment,480,18,informational,35,https://pay-calculator-australia.com/hecs-help-calculator/,1.0080000162124634
hourly to annual salary,480,33,informational,10,https://pay-calculator-australia.com/hourly-to-annual-salary-calculator/,5.423999786376953
hourly to salary,480,11,informational,28,https://pay-calculator-australia.com/hourly-to-annual-salary-calculator/,1.0080000162124634
hourly to salary converter,480,33,informational,22,https://pay-calculator-australia.com/hourly-to-annual-salary-calculator/,1.055999994277954
hourly to yearly salary,480,33,informational,17,https://pay-calculator-australia.com/hourly-to-annual-salary-calculator/,2.063999891281128
how calculate tax return,480,18,informational,47,https://pay-calculator-australia.com/tax-return-calculator/,1.0080000162124634
how do you calculate leave loading,480,0,informational,85,https://pay-calculator-australia.com/leave-calculator/,1.0080000162124634
how is redundancy calculated,480,15,informational,34,https://pay-calculator-australia.com/redundancy-pay-calculator/,1.0080000162124634
how is tax return calculated,480,18,informational,46,https://pay-calculator-australia.com/tax-return-calculator/,1.0080000162124634
how much are redundancy payments,480,16,informational,33,https://pay-calculator-australia.com/redundancy-pay-calculator/,1.0080000162124634
how much do teachers get paid in victoria,480,3,informational,29,https://pay-calculator-australia.com/teacher-pay-australia/,1.0080000162124634
how much for redundancy payment,480,16,informational,34,https://pay-calculator-australia.com/redundancy-pay-calculator/,1.0080000162124634
how much is redundancy pay,480,3,informational,37,https://pay-calculator-australia.com/redundancy-pay-calculator/,1.0080000162124634
how much is redundancy payment,480,16,informational,33,https://pay-calculator-australia.com/redundancy-pay-calculator/,1.0080000162124634
how much pay for redundancy,480,15,informational,32,https://pay-calculator-australia.com/redundancy-pay-calculator/,1.0080000162124634
how much super can you salary sacrifice,480,2,informational,83,https://pay-calculator-australia.com/salary-sacrifice-guide/,1.0080000162124634
how novated lease work,480,0,informational,95,https://pay-calculator-australia.com/novated-lease-guide/,1.0080000162124634
how tax refund is calculated,480,6,informational,41,https://pay-calculator-australia.com/tax-refund-guide/,1.0080000162124634
how to calculate annual salary from hourly rate,480,3,informational,9,https://pay-calculator-australia.com/hourly-to-annual-salary-calculator/,7.199999809265137
how to calculate hourly rate from annual salary,480,0,informational,15,https://pay-calculator-australia.com/hourly-to-annual-salary-calculator/,2.447999954223633
how to calculate hourly rate from salary,480,5,informational,36,https://pay-calculator-australia.com/hourly-to-annual-salary-calculator/,1.0080000162124634
how to calculate your tax return,480,19,informational,45,https://pay-calculator-australia.com/tax-return-calculator/,1.0080000162124634
how to find hourly rate from yearly salary,480,9,informational,33,https://pay-calculator-australia.com/hourly-to-annual-salary-calculator/,1.0080000162124634
how to get notice of assessment,480,0,informational,31,https://pay-calculator-australia.com/notice-of-assessment/,1.0080000162124634
how to obtain notice of assessment,480,0,informational,38,https://pay-calculator-australia.com/notice-of-assessment/,1.0080000162124634
how to work out hourly rate from annual salary,480,0,informational,24,https://pay-calculator-australia.com/hourly-to-annual-salary-calculator/,1.0080000162124634
hr to salary,480,14,informational,22,https://pay-calculator-australia.com/hourly-to-annual-salary-calculator/,1.055999994277954
income tax calculator 2026,480,28,informational,64,https://pay-calculator-australia.com/income-tax-calculator/,1.0080000162124634
job seeker calculator,480,8,informational,37,https://pay-calculator-australia.com/centrelink-income-test/,1.0080000162124634
jobseeker calculator,480,0,informational,15,https://pay-calculator-australia.com/centrelink-income-test/,2.447999954223633
leave loading calculator,480,0,informational,23,https://pay-calculator-australia.com/leave-calculator/,1.0080000162124634
level 2 hospitality pay rate casual,480,0,informational,16,https://pay-calculator-australia.com/hospitality-award-rates/,2.063999891281128
mechanical apprentice wages,480,0,informational,43,https://pay-calculator-australia.com/construction-trades-pay/,1.0080000162124634
mechanical apprenticeship wages,480,0,informational,45,https://pay-calculator-australia.com/construction-trades-pay/,1.0080000162124634
medicare threshold 2025,480,29,informational,33,https://pay-calculator-australia.com/news/medicare-levy-thresholds-2026/,1.0080000162124634
minimum wage australia adult,480,30,informational,32,https://pay-calculator-australia.com/junior-pay-rates/,1.0080000162124634
minimum wage for part time,480,20,informational,38,https://pay-calculator-australia.com/junior-pay-rates/,1.0080000162124634
minimum wage for part-time,480,22,informational,39,https://pay-calculator-australia.com/junior-pay-rates/,1.0080000162124634
minimum wage part time,480,21,informational,41,https://pay-calculator-australia.com/junior-pay-rates/,1.0080000162124634
monthly calculator,480,26,informational,53,https://pay-calculator-australia.com/monthly-pay-calculator/,1.0080000162124634
new superannuation tax july 2026,480,14,commercial,99,https://pay-calculator-australia.com/news/super-tax-changes-explained/,1.0080000162124634
nsw health award nurses,480,0,informational,23,https://pay-calculator-australia.com/healthcare-worker-pay/nsw/,1.0080000162124634
nsw teacher pay,480,0,informational,24,https://pay-calculator-australia.com/teacher-pay-australia/nsw/,1.0080000162124634
nsw teacher pay rates,480,0,informational,20,https://pay-calculator-australia.com/teacher-pay-australia/nsw/,1.1519999504089355
nsw teachers pay,480,0,informational,17,https://pay-calculator-australia.com/teacher-pay-australia/nsw/,2.063999891281128
nsw teachers pay rates,480,0,informational,18,https://pay-calculator-australia.com/teacher-pay-australia/nsw/,1.5839999914169312
nurse award pay guide,480,0,informational,42,https://pay-calculator-australia.com/healthcare-worker-pay/nsw/,1.0080000162124634
nurse salary south australia,480,0,informational,47,https://pay-calculator-australia.com/healthcare-worker-pay/sa/,1.0080000162124634
nurses award pay guide,480,0,informational,45,https://pay-calculator-australia.com/healthcare-worker-pay/nsw/,1.0080000162124634
nurses pay rates sa,480,1,informational,33,https://pay-calculator-australia.com/healthcare-worker-pay/sa/,1.0080000162124634
nursing pay rates sa,480,0,informational,30,https://pay-calculator-australia.com/healthcare-worker-pay/sa/,1.0080000162124634
nursing salary south australia,480,0,informational,37,https://pay-calculator-australia.com/healthcare-worker-pay/sa/,1.0080000162124634
part time job minimum wage,480,21,informational,43,https://pay-calculator-australia.com/junior-pay-rates/,1.0080000162124634
part time vs full time,480,1,informational,52,https://pay-calculator-australia.com/full-time-vs-part-time-vs-casual/,1.0080000162124634
pay calculator hourly to salary,480,33,informational,19,https://pay-calculator-australia.com/hourly-to-annual-salary-calculator/,1.2960000038146973
pay check,480,14,informational,47,https://pay-calculator-australia.com/pay-calculator-wa/,1.0080000162124634
pay rates general retail award,480,6,informational,58,https://pay-calculator-australia.com/retail-award-rates/,1.0080000162124634
payg fortnightly tax table,480,0,informational,19,https://pay-calculator-australia.com/payg-withholding-tables/,1.2960000038146973
payg tax table fortnightly,480,0,informational,13,https://pay-calculator-australia.com/payg-withholding-tables/,2.8320000171661377
payg tax withheld table,480,4,informational,19,https://pay-calculator-australia.com/payg-withholding-tables/,1.2960000038146973
payg withholding rate,480,0,informational,15,https://pay-calculator-australia.com/payg-withholding-tables/,2.447999954223633
payg withholding rates,480,9,informational,24,https://pay-calculator-australia.com/payg-withholding-tables/,1.0080000162124634
payg withholding schedule,480,0,informational,15,https://pay-calculator-australia.com/payg-withholding-tables/,2.447999954223633
payg withholding tables,480,3,informational,20,https://pay-calculator-australia.com/payg-withholding-tables/,1.1519999504089355
payg withholding tax table,480,3,informational,22,https://pay-calculator-australia.com/payg-withholding-tables/,1.055999994277954
payg withholding tax tables,480,0,informational,15,https://pay-calculator-australia.com/payg-withholding-tables/,2.447999954223633
queensland teacher salary,480,0,informational,13,https://pay-calculator-australia.com/teacher-pay-australia/qld/,2.8320000171661377
queensland teaching salary,480,0,informational,10,https://pay-calculator-australia.com/teacher-pay-australia/qld/,5.423999786376953
reception pay rate,480,28,informational,28,https://pay-calculator-australia.com/award-rates/,1.0080000162124634
redundancy calculator tax,480,0,informational,62,https://pay-calculator-australia.com/redundancy-pay-calculator/,1.0080000162124634
redundancy calculator victoria,480,15,informational,44,https://pay-calculator-australia.com/redundancy-pay-calculator/,1.0080000162124634
redundancy calculator wa,480,15,informational,46,https://pay-calculator-australia.com/redundancy-pay-calculator/,1.0080000162124634
redundancy payment how much,480,16,informational,71,https://pay-calculator-australia.com/redundancy-pay-guide/,1.0080000162124634
retail award pay guide,480,0,informational,34,https://pay-calculator-australia.com/retail-award-rates/,1.0080000162124634
retail industry award wages,480,3,informational,37,https://pay-calculator-australia.com/retail-award-rates/,1.0080000162124634
retail pay award,480,0,informational,23,https://pay-calculator-australia.com/retail-award-rates/,1.0080000162124634
retail wage award,480,0,informational,37,https://pay-calculator-australia.com/retail-award-rates/,1.0080000162124634
retail wages,480,8,informational,32,https://pay-calculator-australia.com/retail-award-rates/,1.0080000162124634
retail wages award,480,0,informational,57,https://pay-calculator-australia.com/retail-award-rates/,1.0080000162124634
sa nurse pay rates,480,0,informational,34,https://pay-calculator-australia.com/healthcare-worker-pay/sa/,1.0080000162124634
sa nurses pay rates,480,0,informational,28,https://pay-calculator-australia.com/healthcare-worker-pay/sa/,1.0080000162124634
sa nursing pay rates,480,0,informational,29,https://pay-calculator-australia.com/healthcare-worker-pay/sa/,1.0080000162124634
salary calculator by hour,480,33,informational,29,https://pay-calculator-australia.com/hourly-to-annual-salary-calculator/,1.0080000162124634
salary calculator from hourly rate,480,29,informational,13,https://pay-calculator-australia.com/hourly-to-annual-salary-calculator/,2.8320000171661377
salary calculator per hour,480,10,informational,15,https://pay-calculator-australia.com/hourly-to-annual-salary-calculator/,2.447999954223633
salary calculator to hourly,480,33,informational,61,https://pay-calculator-australia.com/hourly-to-annual-salary-calculator/,1.0080000162124634
salary calculator to hourly rate,480,26,informational,63,https://pay-calculator-australia.com/hourly-to-annual-salary-calculator/,1.0080000162124634
salary hourly calculator,480,43,informational,28,https://pay-calculator-australia.com/hourly-to-annual-salary-calculator/,1.0080000162124634
salary package calculator,480,5,informational,52,https://pay-calculator-australia.com/salary-package-calculator/,1.0080000162124634
salary sacrifice australia,480,17,informational,78,https://pay-calculator-australia.com/salary-sacrifice-guide/,1.0080000162124634
salary to hourly calculator,480,25,informational,40,https://pay-calculator-australia.com/hourly-to-annual-salary-calculator/,1.0080000162124634
schads award level 5,480,0,informational,28,https://pay-calculator-australia.com/schads-award-pay-rates/,1.0080000162124634
second job and tax,480,0,informational,22,https://pay-calculator-australia.com/second-job-tax-calculator/,1.055999994277954
second job tax,480,0,informational,15,https://pay-calculator-australia.com/second-job-tax-calculator/,2.447999954223633
smart salary calculator,480,14,informational,74,https://pay-calculator-australia.com/annual-pay-calculator/,1.0080000162124634
south australia nurse pay rates,480,0,informational,34,https://pay-calculator-australia.com/healthcare-worker-pay/sa/,1.0080000162124634
south australia nursing pay rates,480,0,commercial,34,https://pay-calculator-australia.com/healthcare-worker-pay/sa/,1.0080000162124634
stage 3 tax cuts,480,19,informational,37,https://pay-calculator-australia.com/stage-3-tax-cuts/,1.0080000162124634
super rate 2027,480,3,informational,59,https://pay-calculator-australia.com/superannuation-guide/,1.0080000162124634
tax 2nd job,480,0,informational,25,https://pay-calculator-australia.com/second-job-tax-calculator/,1.0080000162124634
tax bands australia,480,37,informational,42,https://pay-calculator-australia.com/tax-brackets/,1.0080000162124634
tax bracket 2023,480,27,informational,49,https://pay-calculator-australia.com/tax-bracket-history/,1.0080000162124634
tax brackets 2023,480,27,informational,47,https://pay-calculator-australia.com/tax-brackets/,1.0080000162124634
tax brackets 2024 25,480,27,informational,40,https://pay-calculator-australia.com/tax-brackets/,1.0080000162124634
tax brackets 2024--25,480,32,commercial,43,https://pay-calculator-australia.com/tax-brackets/,1.0080000162124634
tax calculator for redundancy,480,0,informational,66,https://pay-calculator-australia.com/redundancy-pay-calculator/,1.0080000162124634
tax calculator redundancy,480,0,informational,66,https://pay-calculator-australia.com/redundancy-pay-calculator/,1.0080000162124634
tax for second job,480,0,informational,12,https://pay-calculator-australia.com/second-job-tax-calculator/,3.5999999046325684
tax for working holiday visa,480,0,informational,44,https://pay-calculator-australia.com/working-holiday-tax/,1.0080000162124634
tax fortnightly table,480,0,informational,16,https://pay-calculator-australia.com/payg-withholding-tables/,2.063999891281128
tax on 150k australia,480,20,informational,19,https://pay-calculator-australia.com/tax-on/150000/,1.2960000038146973
tax on 50000 australia,480,13,informational,9,https://pay-calculator-australia.com/tax-on/50000/,7.199999809265137
tax on 90000 australia,480,18,transactional,15,https://pay-calculator-australia.com/tax-on/90000/,2.447999954223633
tax on second job,480,0,informational,13,https://pay-calculator-australia.com/second-job-tax-calculator/,2.8320000171661377
tax table withholding,480,1,informational,33,https://pay-calculator-australia.com/payg-withholding-tables/,1.0080000162124634
tax withheld for individuals calculator,480,38,informational,82,https://pay-calculator-australia.com/,1.0080000162124634
tax withhold table,480,7,informational,28,https://pay-calculator-australia.com/payg-withholding-tables/,1.0080000162124634
tax withholding chart,480,6,informational,23,https://pay-calculator-australia.com/payg-withholding-tables/,1.0080000162124634
tax withholding table,480,0,informational,20,https://pay-calculator-australia.com/payg-withholding-tables/,1.1519999504089355
tax withholding tables,480,0,informational,22,https://pay-calculator-australia.com/payg-withholding-tables/,1.055999994277954
tax working from home,480,0,informational,72,https://pay-calculator-australia.com/work-from-home-deductions/,1.0080000162124634
tax working holiday,480,13,informational,45,https://pay-calculator-australia.com/working-holiday-tax/,1.0080000162124634
tax working holiday visa,480,0,informational,46,https://pay-calculator-australia.com/working-holiday-tax/,1.0080000162124634
taxable year dates,480,0,informational,66,https://pay-calculator-australia.com/tax-calendar/,1.0080000162124634
teacher pay scale victoria 2026,480,0,commercial,35,https://pay-calculator-australia.com/teacher-pay-australia/vic/,1.0080000162124634
teachers pay qld,480,0,informational,18,https://pay-calculator-australia.com/teacher-pay-australia/qld/,1.5839999914169312
teachers salaries qld,480,0,informational,20,https://pay-calculator-australia.com/teacher-pay-australia/qld/,1.1519999504089355
vps wage rates,480,0,informational,10,https://pay-calculator-australia.com/public-service-pay-scales/vic/,5.423999786376953
wage calculator qld,480,7,informational,15,https://pay-calculator-australia.com/pay-calculator-qld/,2.447999954223633
wage calculator queensland,480,10,informational,24,https://pay-calculator-australia.com/pay-calculator-qld/,1.0080000162124634
wages calculator qld,480,12,informational,22,https://pay-calculator-australia.com/pay-calculator-qld/,1.055999994277954
wages qld calculator,480,15,informational,18,https://pay-calculator-australia.com/award-rates/,1.5839999914169312
weekly income calculator,480,7,informational,23,https://pay-calculator-australia.com/,1.0080000162124634
weekly tax table 2026 pdf free download,480,0,transactional,21,https://pay-calculator-australia.com/payg-withholding-tables/,1.1039999723434448
weekly wage calculator,480,7,informational,37,https://pay-calculator-australia.com/weekly-pay-calculator/,1.0080000162124634
what are the tax thresholds,480,26,informational,48,https://pay-calculator-australia.com/tax-brackets/,1.0080000162124634
what is a gross salary,480,0,informational,42,https://pay-calculator-australia.com/gross-pay-calculator/,1.0080000162124634
what is a notice of assessment ato,480,0,informational,44,https://pay-calculator-australia.com/notice-of-assessment/,1.0080000162124634
what is a redundancy pay,480,16,informational,57,https://pay-calculator-australia.com/redundancy-pay-guide/,1.0080000162124634
what is stsl,480,0,informational,25,https://pay-calculator-australia.com/stsl-on-payslip/,1.0080000162124634
what is ytd on payslip,480,0,informational,42,https://pay-calculator-australia.com/ytd-income-calculator/,1.0080000162124634
withheld tax table,480,5,informational,30,https://pay-calculator-australia.com/payg-withholding-tables/,1.0080000162124634
withholding tax table,480,7,informational,24,https://pay-calculator-australia.com/payg-withholding-tables/,1.0080000162124634
withholding tax tables,480,16,informational,26,https://pay-calculator-australia.com/payg-withholding-tables/,1.0080000162124634
working holiday tax,480,13,informational,43,https://pay-calculator-australia.com/working-holiday-tax/,1.0080000162124634
working holiday taxes,480,0,informational,78,https://pay-calculator-australia.com/working-holiday-tax/,1.0080000162124634
working holiday visa tax,480,9,informational,73,https://pay-calculator-australia.com/working-holiday-tax/,1.0080000162124634
working holiday visa taxes,480,0,informational,74,https://pay-calculator-australia.com/working-holiday-tax/,1.0080000162124634
yearly salary,480,12,informational,13,https://pay-calculator-australia.com/hourly-to-annual-salary-calculator/,2.8320000171661377
ytd in payslip,480,0,navigational,47,https://pay-calculator-australia.com/understanding-your-payslip/,1.0080000162124634
ytd on payslip,480,0,navigational,36,https://pay-calculator-australia.com/ytd-income-calculator/,1.0080000162124634
ytd payslip,480,0,navigational,46,https://pay-calculator-australia.com/understanding-your-payslip/,1.0080000162124634
100000/52,390,0,informational,26,https://pay-calculator-australia.com/salary-to-hourly/100000/,0.8190000057220459
120 000 after tax australia,390,0,informational,24,https://pay-calculator-australia.com/take-home-pay-on/120000/,0.8190000057220459
120000 after tax australia,390,0,informational,13,https://pay-calculator-australia.com/take-home-pay-on/120000/,2.3010001182556152
130k after tax australia,390,8,informational,11,https://pay-calculator-australia.com/take-home-pay-on/130000/,3.5490000247955322
2025 help compulsory repayment credit,390,14,commercial,82,https://pay-calculator-australia.com/hecs-help-guide/,0.8190000057220459
2025--26 tax brackets,390,20,informational,36,https://pay-calculator-australia.com/tax-brackets/,0.8190000057220459
2026 tax rates australia,390,37,informational,52,https://pay-calculator-australia.com/tax-brackets/,0.8190000057220459
2027 tax rates,390,43,informational,50,https://pay-calculator-australia.com/tax-brackets/,0.8190000057220459
60 000,390,0,informational,9,https://pay-calculator-australia.com/salary-to-hourly/60000/,5.849999904632568
70 000 a year is how much an hour,390,0,informational,13,https://pay-calculator-australia.com/salary-to-hourly/70000/,2.3010001182556152
70000 a year is how much an hour,390,0,informational,17,https://pay-calculator-australia.com/salary-to-hourly/70000/,1.6770000457763672
70000/52,390,0,informational,20,https://pay-calculator-australia.com/salary-to-hourly/70000/,0.9359999895095825
70k a year is how much an hour,390,0,informational,17,https://pay-calculator-australia.com/salary-to-hourly/70000/,1.6770000457763672
80000/52,390,0,informational,6,https://pay-calculator-australia.com/salary-to-hourly/80000/,13.182000160217285
95 000 after tax australia,390,0,informational,6,https://pay-calculator-australia.com/take-home-pay-on/95000/,13.182000160217285
95000 after tax australia,390,0,informational,6,https://pay-calculator-australia.com/take-home-pay-on/95000/,13.182000160217285
accrual rate for annual leave,390,0,informational,47,https://pay-calculator-australia.com/annual-leave-guide/,0.8190000057220459
accrued leave calculator,390,0,informational,27,https://pay-calculator-australia.com/leave-calculator/,0.8190000057220459
admin wage rates qld health,390,0,commercial,29,https://pay-calculator-australia.com/public-service-pay-scales/qld/,0.8190000057220459
afg ytd calculator,390,0,informational,52,https://pay-calculator-australia.com/ytd-income-calculator/,0.8190000057220459
ao7 salary queensland government,390,0,informational,25,https://pay-calculator-australia.com/public-service-pay-scales/qld/,0.8190000057220459
aps 3 salary,390,0,informational,10,https://pay-calculator-australia.com/public-service-pay-scales/,4.4070000648498535
aps3 salary,390,0,informational,18,https://pay-calculator-australia.com/public-service-pay-scales/,1.2869999408721924
ato fbt calculator,390,9,informational,36,https://pay-calculator-australia.com/fringe-benefits-tax/,0.8190000057220459
ato tax rates 2026 27,390,34,commercial,43,https://pay-calculator-australia.com/tax-changes-2026-27/,0.8190000057220459
ato tax table 2025,390,24,informational,44,https://pay-calculator-australia.com/weekly-tax-table/,0.8190000057220459
ato tax tables 2025,390,18,informational,41,https://pay-calculator-australia.com/weekly-tax-table/,0.8190000057220459
australia tax brackets 2025,390,42,informational,71,https://pay-calculator-australia.com/tax-brackets/,0.8190000057220459
australia tax calculator fortnightly,390,21,informational,43,https://pay-calculator-australia.com/fortnightly-pay-calculator/,0.8190000057220459
australia top tax rate,390,32,informational,44,https://pay-calculator-australia.com/tax-brackets/,0.8190000057220459
australian tax chart,390,32,informational,36,https://pay-calculator-australia.com/tax-brackets/,0.8190000057220459
awards pay,390,29,informational,20,https://pay-calculator-australia.com/award-rates/,0.9359999895095825
back payment,390,0,informational,47,https://pay-calculator-australia.com/backpay-calculator/,0.8190000057220459
bonus and tax,390,0,informational,23,https://pay-calculator-australia.com/bonus-tax-calculator/,0.8190000057220459
bonus is taxable,390,0,informational,27,https://pay-calculator-australia.com/bonus-tax-calculator/,0.8190000057220459
bonus pay tax,390,0,informational,17,https://pay-calculator-australia.com/bonus-tax-calculator/,1.6770000457763672
bonus payment tax,390,0,informational,17,https://pay-calculator-australia.com/bonus-tax-calculator/,1.6770000457763672
bonus tax,390,0,informational,11,https://pay-calculator-australia.com/bonus-tax-calculator/,3.5490000247955322
bonuses and tax,390,0,informational,34,https://pay-calculator-australia.com/bonus-tax-calculator/,0.8190000057220459
bonuses tax,390,0,informational,30,https://pay-calculator-australia.com/bonus-tax-calculator/,0.8190000057220459
bonuses taxable,390,0,informational,32,https://pay-calculator-australia.com/bonus-tax-calculator/,0.8190000057220459
calculate leave accrual,390,0,informational,39,https://pay-calculator-australia.com/leave-calculator/,0.8190000057220459
calculate long service leave sa,390,0,informational,46,https://pay-calculator-australia.com/long-service-leave-calculator/sa/,0.8190000057220459
calculate overtime,390,3,informational,23,https://pay-calculator-australia.com/overtime-pay-calculator/,0.8190000057220459
calculate tax on fortnightly pay,390,8,informational,23,https://pay-calculator-australia.com/fortnightly-pay-calculator/,0.8190000057220459
calculator for overtime pay,390,19,informational,20,https://pay-calculator-australia.com/overtime-pay-calculator/,0.9359999895095825
calculator hourly,390,29,informational,27,https://pay-calculator-australia.com/hourly-to-annual-salary-calculator/,0.8190000057220459
centrelink calculator youth allowance,390,4,informational,15,https://pay-calculator-australia.com/austudy-youth-allowance-calculator/,1.9890000820159912
centrelink earnings calculator,390,16,informational,9,https://pay-calculator-australia.com/centrelink-income-test/,5.849999904632568
centrelink online estimator,390,6,navigational,9,https://pay-calculator-australia.com/centrelink-income-test/,5.849999904632568
centrelink youth allowance calculator,390,4,informational,14,https://pay-calculator-australia.com/austudy-youth-allowance-calculator/,2.184000015258789
centrelink youth allowance estimator,390,3,navigational,12,https://pay-calculator-australia.com/austudy-youth-allowance-calculator/,2.924999952316284
current tax brackets,390,32,informational,54,https://pay-calculator-australia.com/tax-brackets/,0.8190000057220459
current tax rate,390,31,informational,50,https://pay-calculator-australia.com/tax-brackets/,0.8190000057220459
current tax rates,390,37,informational,51,https://pay-calculator-australia.com/tax-brackets/,0.8190000057220459
current tax rates australia,390,43,informational,46,https://pay-calculator-australia.com/tax-brackets/,0.8190000057220459
estimate salary,390,33,informational,53,https://pay-calculator-australia.com/pay-calculator-nsw/,0.8190000057220459
fair work redundancy calculator,390,15,informational,20,https://pay-calculator-australia.com/redundancy-pay-calculator/,0.9359999895095825
fortnight payment,390,0,informational,8,https://pay-calculator-australia.com/fortnightly-pay-calculator/,7.683000087738037
fortnightly pay,390,1,informational,4,https://pay-calculator-australia.com/fortnightly-pay-calculator/,25.701000213623047
fortnightly pay tax calculator,390,11,transactional,33,https://pay-calculator-australia.com/fortnightly-pay-calculator/,0.8190000057220459
fortnightly payment,390,8,informational,7,https://pay-calculator-australia.com/fortnightly-pay-calculator/,9.984000205993652
fortnightly tax calculator australia,390,24,informational,32,https://pay-calculator-australia.com/fortnightly-pay-calculator/,0.8190000057220459
fortnightly tax table 2026 pdf free download,390,0,transactional,13,https://pay-calculator-australia.com/fortnightly-tax-table/,2.3010001182556152
gross and net income calculator,390,9,informational,43,https://pay-calculator-australia.com/gross-pay-calculator/,0.8190000057220459
gross pay to net pay calculator,390,0,informational,33,https://pay-calculator-australia.com/gross-pay-calculator/,0.8190000057220459
gross salary and net salary calculator,390,1,informational,37,https://pay-calculator-australia.com/gross-pay-calculator/,0.8190000057220459
gross to net calculator australia,390,3,informational,39,https://pay-calculator-australia.com/gross-pay-calculator/,0.8190000057220459
gross to net income calculator,390,6,informational,36,https://pay-calculator-australia.com/gross-pay-calculator/,0.8190000057220459
gross to net salary calculator,390,0,informational,39,https://pay-calculator-australia.com/gross-pay-calculator/,0.8190000057220459
hecs rate,390,2,informational,31,https://pay-calculator-australia.com/hecs-repayment-threshold/,0.8190000057220459
hecs repayment threshold 2026,390,4,informational,12,https://pay-calculator-australia.com/hecs-repayment-threshold/,2.924999952316284
hecs tax calculator,390,13,informational,20,https://pay-calculator-australia.com/hecs-help-calculator/,0.9359999895095825
hecs threshold 2025,390,2,informational,15,https://pay-calculator-australia.com/hecs-repayment-threshold/,1.9890000820159912
help debt repayment calculator,390,2,informational,23,https://pay-calculator-australia.com/hecs-help-calculator/,0.8190000057220459
help repayment calculator,390,1,informational,19,https://pay-calculator-australia.com/hecs-help-calculator/,1.0529999732971191
high tax bracket,390,9,informational,34,https://pay-calculator-australia.com/tax-brackets/,0.8190000057220459
highest tax bracket,390,13,informational,50,https://pay-calculator-australia.com/tax-brackets/,0.8190000057220459
hourly pay calculator,390,43,informational,29,https://pay-calculator-australia.com/hourly-to-annual-salary-calculator/,0.8190000057220459
how do you calculate redundancy pay,390,0,informational,69,https://pay-calculator-australia.com/redundancy-pay-calculator/,0.8190000057220459
how does novated lease work australia,390,0,informational,65,https://pay-calculator-australia.com/novated-lease-guide/,0.8190000057220459
how much can i get from tax return,390,17,informational,41,https://pay-calculator-australia.com/tax-return-calculator/,0.8190000057220459
how much do australian teachers get paid,390,7,informational,29,https://pay-calculator-australia.com/teacher-pay-australia/,0.8190000057220459
how much do registered nurses earn,390,0,informational,46,https://pay-calculator-australia.com/healthcare-worker-pay/vic/,0.8190000057220459
how much do registered nurses get paid,390,0,informational,46,https://pay-calculator-australia.com/healthcare-worker-pay/vic/,0.8190000057220459
how much do teacher get paid in australia,390,3,informational,29,https://pay-calculator-australia.com/teacher-pay-australia/,0.8190000057220459
how much do teachers get paid in australia,390,7,informational,30,https://pay-calculator-australia.com/teacher-pay-australia/,0.8190000057220459
how much do teachers in australia get paid,390,3,informational,33,https://pay-calculator-australia.com/teacher-pay-australia/,0.8190000057220459
how much does a teacher get paid in australia,390,7,informational,30,https://pay-calculator-australia.com/teacher-pay-australia/,0.8190000057220459
how much does teachers get paid in australia,390,4,informational,28,https://pay-calculator-australia.com/teacher-pay-australia/,0.8190000057220459
how much is leave loading,390,0,informational,57,https://pay-calculator-australia.com/leave-calculator/,0.8190000057220459
how redundancy pay is calculated,390,0,informational,74,https://pay-calculator-australia.com/redundancy-pay-calculator/,0.8190000057220459
how redundancy payment is calculated,390,1,informational,74,https://pay-calculator-australia.com/redundancy-pay-calculator/,0.8190000057220459
how to calculate annual income,390,24,informational,24,https://pay-calculator-australia.com/hourly-to-annual-salary-calculator/,0.8190000057220459
how to calculate redundancy pay,390,15,informational,27,https://pay-calculator-australia.com/redundancy-pay-calculator/,0.8190000057220459
how to calculate redundancy payment,390,0,informational,64,https://pay-calculator-australia.com/redundancy-pay-calculator/,0.8190000057220459
how to calculate taxes for payroll,390,17,informational,86,https://pay-calculator-australia.com/site-directory/,0.8190000057220459
how to calculate yearly income,390,24,informational,47,https://pay-calculator-australia.com/gross-pay-calculator/,0.8190000057220459
how to calculate yearly salary,390,29,informational,25,https://pay-calculator-australia.com/hourly-to-annual-salary-calculator/,0.8190000057220459
how to compute annual salary,390,24,informational,36,https://pay-calculator-australia.com/hourly-to-annual-salary-calculator/,0.8190000057220459
how to compute redundancy pay,390,0,informational,57,https://pay-calculator-australia.com/redundancy-pay-calculator/,0.8190000057220459
how to salary sacrifice,390,17,informational,78,https://pay-calculator-australia.com/salary-sacrifice-guide/,0.8190000057220459
how to work out redundancy payout,390,0,informational,65,https://pay-calculator-australia.com/redundancy-pay-calculator/,0.8190000057220459
hr pay calculator,390,42,informational,27,https://pay-calculator-australia.com/hourly-to-annual-salary-calculator/,0.8190000057220459
hr rates,390,0,informational,29,https://pay-calculator-australia.com/award-rates/,0.8190000057220459
hr wage calculator,390,46,informational,25,https://pay-calculator-australia.com/hourly-to-annual-salary-calculator/,0.8190000057220459
income calculator centrelink,390,17,informational,14,https://pay-calculator-australia.com/centrelink-income-test/,2.184000015258789
indeed hourly to salary calculator,390,3,commercial,28,https://pay-calculator-australia.com/hourly-to-annual-salary-calculator/,0.8190000057220459
jobseeker payment calculator australia,390,0,informational,11,https://pay-calculator-australia.com/centrelink-income-test/,3.5490000247955322
junior pay rates,390,4,informational,10,https://pay-calculator-australia.com/junior-pay-rates/,4.4070000648498535
leave accrual calculator,390,0,informational,29,https://pay-calculator-australia.com/leave-calculator/,0.8190000057220459
level 1 hospitality pay rate casual,390,0,informational,15,https://pay-calculator-australia.com/hospitality-award-rates/,1.9890000820159912
long service leave calculator sa,390,0,informational,38,https://pay-calculator-australia.com/long-service-leave-calculator/,0.8190000057220459
long service leave calculator south australia,390,0,informational,41,https://pay-calculator-australia.com/long-service-leave-calculator/,0.8190000057220459
long service leave sa calculator,390,0,informational,39,https://pay-calculator-australia.com/long-service-leave-calculator/,0.8190000057220459
long service leave south australia calculator,390,0,informational,43,https://pay-calculator-australia.com/long-service-leave-calculator/,0.8190000057220459
lsl calculator sa,390,0,navigational,39,https://pay-calculator-australia.com/long-service-leave-calculator/sa/,0.8190000057220459
net and gross income calculator,390,0,informational,34,https://pay-calculator-australia.com/gross-pay-calculator/,0.8190000057220459
net to gross,390,0,informational,34,https://pay-calculator-australia.com/gross-pay-calculator/,0.8190000057220459
nsw pay rate,390,25,informational,12,https://pay-calculator-australia.com/pay-calculator-nsw/,2.924999952316284
nsw rates of pay,390,5,informational,15,https://pay-calculator-australia.com/pay-calculator-nsw/,1.9890000820159912
nsw super rate,390,10,informational,32,https://pay-calculator-australia.com/super-guarantee-rate-history/,0.8190000057220459
nsw superannuation rate,390,16,informational,29,https://pay-calculator-australia.com/super-guarantee-rate-history/,0.8190000057220459
nurse pay rate,390,2,informational,84,https://pay-calculator-australia.com/healthcare-worker-pay/nsw/,0.8190000057220459
nurse pay rates,390,0,informational,78,https://pay-calculator-australia.com/healthcare-worker-pay/nsw/,0.8190000057220459
nurses pay rates,390,2,informational,77,https://pay-calculator-australia.com/healthcare-worker-pay/vic/,0.8190000057220459
nursing pay rate,390,0,informational,85,https://pay-calculator-australia.com/healthcare-worker-pay/vic/,0.8190000057220459
nursing pay rates,390,0,informational,77,https://pay-calculator-australia.com/healthcare-worker-pay/vic/,0.8190000057220459
ot calculator,390,7,informational,25,https://pay-calculator-australia.com/overtime-pay-calculator/,0.8190000057220459
overtime calculation,390,2,informational,62,https://pay-calculator-australia.com/overtime-pay-calculator/,0.8190000057220459
overtime calculator,390,4,informational,53,https://pay-calculator-australia.com/overtime-pay-calculator/,0.8190000057220459
parental leave pay 2025,390,9,informational,34,https://pay-calculator-australia.com/parental-leave-pay/,0.8190000057220459
pay awards,390,15,informational,25,https://pay-calculator-australia.com/award-rates/,0.8190000057220459
pay rates nsw,390,31,informational,20,https://pay-calculator-australia.com/award-rates/,0.9359999895095825
pay rates qld,390,21,informational,15,https://pay-calculator-australia.com/award-rates/,1.9890000820159912
pay salary,390,34,informational,52,https://pay-calculator-australia.com/pay-calculator-nsw/,0.8190000057220459
qld health admin wages,390,0,informational,31,https://pay-calculator-australia.com/public-service-pay-scales/qld/,0.8190000057220459
qld health pay,390,0,informational,26,https://pay-calculator-australia.com/healthcare-worker-pay/qld/,0.8190000057220459
qld health pay rates admin,390,0,informational,29,https://pay-calculator-australia.com/public-service-pay-scales/qld/,0.8190000057220459
qld health wages,390,0,informational,23,https://pay-calculator-australia.com/healthcare-worker-pay/qld/,0.8190000057220459
redundancy tax calculator,390,0,informational,31,https://pay-calculator-australia.com/redundancy-pay-calculator/,0.8190000057220459
retail industry wages,390,0,informational,23,https://pay-calculator-australia.com/retail-award-rates/,0.8190000057220459
retail minimum wage,390,3,informational,18,https://pay-calculator-australia.com/retail-award-rates/,1.2869999408721924
salary estimator,390,29,informational,71,https://pay-calculator-australia.com/monthly-pay-calculator/,0.8190000057220459
schads award level 3,390,4,transactional,30,https://pay-calculator-australia.com/schads-award-pay-rates/,0.8190000057220459
schads award level 4,390,0,informational,27,https://pay-calculator-australia.com/schads-award-pay-rates/,0.8190000057220459
schads level 4 salary,390,0,informational,17,https://pay-calculator-australia.com/schads-award-pay-rates/,1.6770000457763672
schads level 7,390,0,informational,23,https://pay-calculator-australia.com/schads-award-pay-rates/,0.8190000057220459
schads pay rates,390,0,informational,21,https://pay-calculator-australia.com/schads-award-pay-rates/,0.8970000147819519
super contribution cap 2027,390,1,commercial,65,https://pay-calculator-australia.com/news/super-contribution-caps-2026-27/,0.8190000057220459
superannuation cap 2026,390,8,informational,58,https://pay-calculator-australia.com/news/super-contribution-caps-2026-27/,0.8190000057220459
superannuation nsw rate,390,10,informational,27,https://pay-calculator-australia.com/super-guarantee-rate-history/,0.8190000057220459
tax and hecs calculator,390,25,informational,44,https://pay-calculator-australia.com/hecs-help-calculator/,0.8190000057220459
tax bonus,390,0,informational,22,https://pay-calculator-australia.com/bonus-tax-calculator/,0.8579999804496765
tax calculator for fortnightly pay,390,24,informational,32,https://pay-calculator-australia.com/,0.8190000057220459
tax calculator fortnightly pay,390,21,informational,31,https://pay-calculator-australia.com/fortnightly-pay-calculator/,0.8190000057220459
tax calculator hecs,390,25,informational,13,https://pay-calculator-australia.com/hecs-help-calculator/,2.3010001182556152
tax calculator with hecs,390,16,informational,41,https://pay-calculator-australia.com/hecs-help-calculator/,0.8190000057220459
tax due date 2025,390,0,informational,57,https://pay-calculator-australia.com/tax-calendar/,0.8190000057220459
tax file form,390,18,informational,53,https://pay-calculator-australia.com/tax-file-number-declaration/,0.8190000057220459
tax for bonuses,390,0,informational,27,https://pay-calculator-australia.com/bonus-tax-calculator/,0.8190000057220459
tax hecs calculator,390,13,informational,16,https://pay-calculator-australia.com/hecs-help-calculator/,1.6770000457763672
tax on 100000,390,3,informational,18,https://pay-calculator-australia.com/take-home-pay-on/100000/,1.2869999408721924
tax on 120k australia,390,37,informational,21,https://pay-calculator-australia.com/tax-on/120000/,0.8970000147819519
tax on 200k australia,390,16,informational,24,https://pay-calculator-australia.com/take-home-pay-on/200000/,0.8190000057220459
tax on 70000 australia,390,32,informational,13,https://pay-calculator-australia.com/tax-on/70000/,2.3010001182556152
tax on 75000 australia,390,13,informational,9,https://pay-calculator-australia.com/tax-on/75000/,5.849999904632568
tax on bonus,390,0,informational,10,https://pay-calculator-australia.com/bonus-tax-calculator/,4.4070000648498535
tax on bonus payments,390,0,informational,15,https://pay-calculator-australia.com/bonus-tax-calculator/,1.9890000820159912
tax on fortnightly pay calculator,390,8,informational,30,https://pay-calculator-australia.com/fortnightly-pay-calculator/,0.8190000057220459
taxation bonus,390,0,informational,32,https://pay-calculator-australia.com/bonus-tax-calculator/,0.8190000057220459
taxation of bonuses,390,0,informational,30,https://pay-calculator-australia.com/bonus-tax-calculator/,0.8190000057220459
taxation percentage,390,32,informational,47,https://pay-calculator-australia.com/tax-brackets/,0.8190000057220459
taxes chart,390,23,informational,34,https://pay-calculator-australia.com/tax-brackets/,0.8190000057220459
taxes last day,390,0,informational,64,https://pay-calculator-australia.com/tax-calendar/,0.8190000057220459
time and a half,390,14,informational,78,https://pay-calculator-australia.com/overtime-pay-calculator/,0.8190000057220459
top australian tax rate,390,26,informational,52,https://pay-calculator-australia.com/tax-brackets/,0.8190000057220459
top tax rate australia,390,26,informational,53,https://pay-calculator-australia.com/tax-brackets/,0.8190000057220459
top tax rate in australia,390,26,informational,53,https://pay-calculator-australia.com/tax-brackets/,0.8190000057220459
vps 5 salary,390,0,informational,10,https://pay-calculator-australia.com/public-service-pay-scales/vic/,4.4070000648498535
wa tax brackets,390,37,informational,68,https://pay-calculator-australia.com/tax-brackets/,0.8190000057220459
wage nsw,390,30,informational,22,https://pay-calculator-australia.com/pay-calculator-nsw/,0.8579999804496765
wage or salary,390,4,informational,51,https://pay-calculator-australia.com/salary-vs-hourly/,0.8190000057220459
wage rates nsw,390,25,informational,30,https://pay-calculator-australia.com/award-rates/,0.8190000057220459
wages salary,390,43,informational,54,https://pay-calculator-australia.com/pay-calculator-wa/,0.8190000057220459
weekly pay calculator australia,390,15,informational,30,https://pay-calculator-australia.com/,0.8190000057220459
weekly tax table 2026 pdf free download in australia,390,0,transactional,21,https://pay-calculator-australia.com/payg-withholding-tables/,0.8970000147819519
western australia payroll tax threshold,390,0,informational,28,https://pay-calculator-australia.com/pay-calculator-wa/,0.8190000057220459
western australia tax brackets,390,31,informational,47,https://pay-calculator-australia.com/tax-brackets/,0.8190000057220459
what is notice of assessment ato,390,0,informational,47,https://pay-calculator-australia.com/notice-of-assessment/,0.8190000057220459
what is sapto,390,0,informational,28,https://pay-calculator-australia.com/sapto-calculator/,0.8190000057220459
what is the highest tax bracket in australia,390,32,informational,56,https://pay-calculator-australia.com/tax-brackets/,0.8190000057220459
what is the maximum super contribution for 2026,390,1,commercial,63,https://pay-calculator-australia.com/news/super-contribution-caps-2026-27/,0.8190000057220459
what is the tax brackets in australia,390,37,informational,61,https://pay-calculator-australia.com/tax-brackets/,0.8190000057220459
whv tax rates,390,13,informational,30,https://pay-calculator-australia.com/working-holiday-tax/,0.8190000057220459
work hour in a year,390,3,informational,76,https://pay-calculator-australia.com/hourly-to-annual-salary-calculator/,0.8190000057220459
work time,390,31,informational,59,https://pay-calculator-australia.com/work-hours-calculator/,0.8190000057220459
working holiday tax rate,390,9,informational,35,https://pay-calculator-australia.com/working-holiday-tax/,0.8190000057220459
youth allowance calculator centrelink,390,23,navigational,18,https://pay-calculator-australia.com/austudy-youth-allowance-calculator/,1.2869999408721924
ytd in payslip meaning,390,0,informational,47,https://pay-calculator-australia.com/ytd-income-calculator/,0.8190000057220459
ytd meaning in payslip,390,0,informational,34,https://pay-calculator-australia.com/ytd-income-calculator/,0.8190000057220459
ytd payslip meaning,390,0,informational,43,https://pay-calculator-australia.com/ytd-income-calculator/,0.8190000057220459
110k after tax australia,320,2,informational,6,https://pay-calculator-australia.com/take-home-pay-on/110000/,10.815999984741211
140k after tax australia,320,13,informational,17,https://pay-calculator-australia.com/tax-on/140000/,1.375999927520752
150000/12,320,0,informational,13,https://pay-calculator-australia.com/tax-on/150000/,1.8880000114440918
1st year apprentice carpenter wage,320,0,informational,48,https://pay-calculator-australia.com/construction-trades-pay/,0.671999990940094
200k after tax australia,320,2,informational,13,https://pay-calculator-australia.com/take-home-pay-on/200000/,1.8880000114440918
2024 tax rate,320,32,informational,41,https://pay-calculator-australia.com/tax-brackets/,0.671999990940094
2025 2026 tax brackets,320,12,informational,69,https://pay-calculator-australia.com/tax-brackets/,0.671999990940094
2025 income tax rates,320,37,informational,49,https://pay-calculator-australia.com/tax-brackets/,0.671999990940094
2025/2026 tax brackets,320,24,informational,41,https://pay-calculator-australia.com/tax-brackets/,0.671999990940094
2026-27 tax rates,320,42,informational,44,https://pay-calculator-australia.com/tax-changes-2026-27/,0.671999990940094
2026/27 tax rates,320,32,informational,47,https://pay-calculator-australia.com/tax-changes-2026-27/,0.671999990940094
35 an hour is how much a year,320,0,informational,6,https://pay-calculator-australia.com/hourly-to-annual-salary-calculator/,10.815999984741211
60000/52,320,0,informational,2,https://pay-calculator-australia.com/salary-to-hourly/60000/,51.84000015258789
65 000 a year is how much an hour,320,0,informational,14,https://pay-calculator-australia.com/salary-to-hourly/65000/,1.7920000553131104
65000 a year is how much an hour,320,0,informational,5,https://pay-calculator-australia.com/salary-to-hourly/65000/,15.008000373840332
70 000,320,0,informational,55,https://pay-calculator-australia.com/tax-on/70000/,0.671999990940094
75 000 a year is how much an hour,320,0,informational,7,https://pay-calculator-australia.com/salary-to-hourly/75000/,8.192000389099121
75000 a year is how much an hour,320,0,informational,3,https://pay-calculator-australia.com/salary-to-hourly/75000/,31.13599967956543
75000/12,320,0,informational,16,https://pay-calculator-australia.com/tax-on/75000/,1.375999927520752
80 000 a year is how much an hour,320,0,informational,4,https://pay-calculator-australia.com/salary-to-hourly/80000/,21.08799934387207
80000 a year is how much an hour,320,0,informational,5,https://pay-calculator-australia.com/salary-to-hourly/80000/,15.008000373840332
80k a year is how much an hour,320,0,informational,3,https://pay-calculator-australia.com/salary-to-hourly/80000/,31.13599967956543
90000/12,320,0,informational,13,https://pay-calculator-australia.com/tax-on/90000/,1.8880000114440918
age pension rate calculator,320,25,informational,50,https://pay-calculator-australia.com/age-pension-income-test-calculator/,0.671999990940094
age pension rates calculator,320,24,informational,47,https://pay-calculator-australia.com/age-pension-income-test-calculator/,0.671999990940094
annual gross income,320,6,informational,34,https://pay-calculator-australia.com/gross-pay-calculator/,0.671999990940094
annual leave australia calculator,320,0,informational,27,https://pay-calculator-australia.com/leave-calculator/,0.671999990940094
annual leave calculation australia,320,0,informational,30,https://pay-calculator-australia.com/leave-calculator/,0.671999990940094
annual leave calculator au,320,0,informational,25,https://pay-calculator-australia.com/leave-calculator/,0.671999990940094
annual leave calculator australia,320,0,informational,28,https://pay-calculator-australia.com/leave-calculator/,0.671999990940094
annual pay calculator,320,11,informational,13,https://pay-calculator-australia.com/,1.8880000114440918
annualised pay calculator,320,0,informational,91,https://pay-calculator-australia.com/hourly-to-annual-salary-calculator/,0.671999990940094
annualized pay calculator,320,24,informational,26,https://pay-calculator-australia.com/hourly-to-annual-salary-calculator/,0.671999990940094
ao3 salary queensland government,320,0,informational,24,https://pay-calculator-australia.com/public-service-pay-scales/qld/,0.671999990940094
ao4 salary queensland government,320,0,informational,22,https://pay-calculator-australia.com/public-service-pay-scales/qld/,0.7039999961853027
ao6 salary queensland government,320,0,informational,22,https://pay-calculator-australia.com/public-service-pay-scales/qld/,0.7039999961853027
aps level 6 pay,320,0,informational,15,https://pay-calculator-australia.com/public-service-pay-scales/,1.6319999694824219
aps level 6 salary,320,0,informational,12,https://pay-calculator-australia.com/public-service-pay-scales/,2.4000000953674316
ato employee vs contractor,320,0,informational,12,https://pay-calculator-australia.com/contractor-vs-employee/,2.4000000953674316
ato fortnightly tax calculator,320,24,informational,35,https://pay-calculator-australia.com/fortnightly-pay-calculator/,0.671999990940094
ato fortnightly tax table 2025,320,2,transactional,24,https://pay-calculator-australia.com/payg-withholding-tables/,0.671999990940094
ato salary sacrificing,320,16,informational,28,https://pay-calculator-australia.com/salary-sacrifice-guide/,0.671999990940094
ato tax calculator fortnightly,320,24,informational,37,https://pay-calculator-australia.com/fortnightly-pay-calculator/,0.671999990940094
ato tax fortnightly calculator,320,39,informational,64,https://pay-calculator-australia.com/fortnightly-pay-calculator/,0.671999990940094
australia annual leave calculator,320,0,informational,27,https://pay-calculator-australia.com/leave-calculator/,0.671999990940094
australia minimum wage after tax,320,21,informational,16,https://pay-calculator-australia.com/,1.375999927520752
australia monthly salary calculator,320,9,informational,14,https://pay-calculator-australia.com/,1.7920000553131104
australia non resident tax rate,320,27,informational,25,https://pay-calculator-australia.com/non-resident-tax/,0.671999990940094
australia non resident tax rates,320,27,informational,26,https://pay-calculator-australia.com/non-resident-tax/,0.671999990940094
australia tax band,320,37,informational,47,https://pay-calculator-australia.com/tax-brackets/,0.671999990940094
australia tax rate for non residents,320,27,informational,27,https://pay-calculator-australia.com/non-resident-tax/,0.671999990940094
australia tax rate non resident,320,27,informational,29,https://pay-calculator-australia.com/non-resident-tax/,0.671999990940094
australia tax rates non resident,320,27,informational,29,https://pay-calculator-australia.com/non-resident-tax/,0.671999990940094
australia tax rates non-resident,320,6,informational,29,https://pay-calculator-australia.com/non-resident-tax/,0.671999990940094
australian minimum wage after tax,320,21,informational,16,https://pay-calculator-australia.com/,1.375999927520752
australian non resident tax rate,320,13,informational,44,https://pay-calculator-australia.com/non-resident-tax/,0.671999990940094
australian non resident tax rates,320,27,informational,28,https://pay-calculator-australia.com/non-resident-tax/,0.671999990940094
australian public service level 6 salary,320,0,informational,13,https://pay-calculator-australia.com/public-service-pay-scales/,1.8880000114440918
australian tax for non residents,320,6,informational,34,https://pay-calculator-australia.com/non-resident-tax/,0.671999990940094
australian tax rate for non residents,320,27,informational,25,https://pay-calculator-australia.com/non-resident-tax/,0.671999990940094
australian tax rates for non residents,320,27,informational,27,https://pay-calculator-australia.com/non-resident-tax/,0.671999990940094
australian tax rates non resident,320,27,informational,29,https://pay-calculator-australia.com/non-resident-tax/,0.671999990940094
austudy amount,320,6,informational,14,https://pay-calculator-australia.com/austudy-youth-allowance-calculator/,1.7920000553131104
austudy payment amount,320,6,informational,14,https://pay-calculator-australia.com/austudy-youth-allowance-calculator/,1.7920000553131104
award calculator,320,0,informational,13,https://pay-calculator-australia.com/award-rates/,1.8880000114440918
award rate retail nsw,320,0,informational,28,https://pay-calculator-australia.com/retail-award-rates/,0.671999990940094
award rates nsw retail,320,0,informational,29,https://pay-calculator-australia.com/retail-award-rates/,0.671999990940094
award rates retail nsw,320,0,informational,19,https://pay-calculator-australia.com/retail-award-rates/,0.8640000224113464
award retail wage qld,320,5,informational,28,https://pay-calculator-australia.com/retail-award-rates/,0.671999990940094
award wage retail nsw,320,0,informational,25,https://pay-calculator-australia.com/retail-award-rates/,0.671999990940094
award wages nsw retail,320,0,informational,28,https://pay-calculator-australia.com/retail-award-rates/,0.671999990940094
bartender pay rates,320,0,informational,21,https://pay-calculator-australia.com/hospitality-award-rates/,0.7360000014305115
calculate payroll tax nsw,320,26,informational,26,https://pay-calculator-australia.com/pay-calculator-nsw/,0.671999990940094
calculate time and a half,320,12,informational,23,https://pay-calculator-australia.com/overtime-pay-calculator/,0.671999990940094
can i salary sacrifice my mortgage,320,0,informational,68,https://pay-calculator-australia.com/salary-sacrifice-vs-mortgage/,0.671999990940094
can you salary sacrifice your mortgage,320,0,informational,69,https://pay-calculator-australia.com/salary-sacrifice-vs-mortgage/,0.671999990940094
casual retail award rate,320,0,commercial,21,https://pay-calculator-australia.com/retail-award-rates/,0.7360000014305115
contractor vs employee ato,320,0,informational,46,https://pay-calculator-australia.com/contractor-vs-employee/,0.671999990940094
cost of an employee calculator,320,1,informational,79,https://pay-calculator-australia.com/employer-cost-calculator/,0.671999990940094
cost of employee calculator,320,0,informational,33,https://pay-calculator-australia.com/employer-cost-calculator/,0.671999990940094
current superannuation guarantee rate,320,0,informational,40,https://pay-calculator-australia.com/super-guarantee-rate-history/,0.671999990940094
div 293 income,320,0,informational,67,https://pay-calculator-australia.com/division-293-tax/,0.671999990940094
division 293 income,320,0,informational,76,https://pay-calculator-australia.com/division-293-tax/,0.671999990940094
employee cost calculator,320,0,informational,33,https://pay-calculator-australia.com/employer-cost-calculator/,0.671999990940094
employment costs calculator,320,0,informational,39,https://pay-calculator-australia.com/employer-cost-calculator/,0.671999990940094
enrolled nurse pay rate,320,0,informational,43,https://pay-calculator-australia.com/healthcare-worker-pay/vic/,0.671999990940094
enrolled nurse wage,320,0,informational,35,https://pay-calculator-australia.com/healthcare-worker-pay/qld/,0.671999990940094
extra super contribution calculator,320,13,informational,80,https://pay-calculator-australia.com/superannuation-calculator/,0.671999990940094
fbt interest rate 2025,320,0,informational,42,https://pay-calculator-australia.com/fringe-benefits-tax/,0.671999990940094
fifo pay calculator,320,0,informational,8,https://pay-calculator-australia.com/mining-fifo-pay-guide/,6.303999900817871
fifo salary calculator,320,0,informational,8,https://pay-calculator-australia.com/mining-fifo-pay-guide/,6.303999900817871
find my pay rate,320,54,informational,14,https://pay-calculator-australia.com/award-rates/,1.7920000553131104
fortnightly tax calculator ato,320,24,informational,31,https://pay-calculator-australia.com/fortnightly-pay-calculator/,0.671999990940094
gross annual income,320,6,informational,38,https://pay-calculator-australia.com/gross-pay-calculator/,0.671999990940094
gross income calculator australia,320,6,informational,29,https://pay-calculator-australia.com/gross-pay-calculator/,0.671999990940094
gross income yearly,320,24,informational,41,https://pay-calculator-australia.com/gross-pay-calculator/,0.671999990940094
gross pay estimator australia,320,12,informational,23,https://pay-calculator-australia.com/gross-pay-calculator/,0.671999990940094
gross salary calculator australia,320,8,informational,25,https://pay-calculator-australia.com/gross-pay-calculator/,0.671999990940094
hecs debt repayment threshold,320,8,informational,24,https://pay-calculator-australia.com/hecs-repayment-threshold/,0.671999990940094
hecs debt threshold,320,4,informational,21,https://pay-calculator-australia.com/hecs-repayment-threshold/,0.7360000014305115
hecs rates,320,1,informational,24,https://pay-calculator-australia.com/hecs-help-calculator/,0.671999990940094
hecs repayment table,320,4,informational,22,https://pay-calculator-australia.com/hecs-repayment-threshold/,0.7039999961853027
hecs repayment threshold 2025,320,6,informational,16,https://pay-calculator-australia.com/hecs-repayment-threshold/,1.375999927520752
help repayment,320,15,informational,34,https://pay-calculator-australia.com/hecs-help-calculator/,0.671999990940094
help repayment rates,320,14,informational,29,https://pay-calculator-australia.com/hecs-help-calculator/,0.671999990940094
help repayments,320,13,informational,21,https://pay-calculator-australia.com/hecs-help-calculator/,0.7360000014305115
hospitality award pay guide,320,0,informational,21,https://pay-calculator-australia.com/hospitality-award-rates/,0.7360000014305115
hospitality award rate qld,320,0,informational,21,https://pay-calculator-australia.com/retail-hospitality-pay-guide/,0.7360000014305115
hospitality pay rate,320,0,informational,17,https://pay-calculator-australia.com/retail-hospitality-pay-guide/,1.375999927520752
hospitality pay rates,320,0,informational,21,https://pay-calculator-australia.com/retail-hospitality-pay-guide/,0.7360000014305115
hourly pay rate,320,23,informational,15,https://pay-calculator-australia.com/hourly-to-annual-salary-calculator/,1.6319999694824219
how much do you get taxed in australia,320,37,informational,60,https://pay-calculator-australia.com/tax-brackets/,0.671999990940094
how much does a teacher make in a year,320,5,informational,23,https://pay-calculator-australia.com/teacher-pay-australia/,0.671999990940094
how much hecs do i pay,320,11,informational,19,https://pay-calculator-australia.com/hecs-help-calculator/,0.8640000224113464
how much percentage is tax,320,32,informational,62,https://pay-calculator-australia.com/tax-brackets/,0.671999990940094
how much super does an employer pay,320,12,informational,64,https://pay-calculator-australia.com/superannuation-guide/,0.671999990940094
how much tax percentage,320,31,informational,65,https://pay-calculator-australia.com/tax-brackets/,0.671999990940094
how much tax should i pay australia,320,38,informational,47,https://pay-calculator-australia.com/,0.671999990940094
how to avoid div 293 tax,320,0,informational,72,https://pay-calculator-australia.com/division-293-tax/,0.671999990940094
how to calculate time and a half,320,12,informational,36,https://pay-calculator-australia.com/overtime-pay-calculator/,0.671999990940094
income estimate calculator centrelink,320,0,informational,20,https://pay-calculator-australia.com/centrelink-income-test/,0.7680000066757202
income tax return calculator,320,25,informational,54,https://pay-calculator-australia.com/tax-return-calculator/,0.671999990940094
income tax slabs australia,320,37,informational,53,https://pay-calculator-australia.com/tax-brackets/,0.671999990940094
income tax slabs in australia,320,32,informational,57,https://pay-calculator-australia.com/tax-brackets/,0.671999990940094
junior rates,320,4,commercial,15,https://pay-calculator-australia.com/junior-pay-rates/,1.6319999694824219
melbourne teacher salary,320,2,informational,35,https://pay-calculator-australia.com/teacher-pay-australia/vic/,0.671999990940094
melbourne teachers salary,320,1,commercial,31,https://pay-calculator-australia.com/teacher-pay-australia/vic/,0.671999990940094
minimum wage after tax australia,320,21,informational,15,https://pay-calculator-australia.com/,1.6319999694824219
minimum wage australia after tax,320,12,informational,16,https://pay-calculator-australia.com/,1.375999927520752
minimum wage in australia after tax,320,38,informational,13,https://pay-calculator-australia.com/,1.8880000114440918
minimum wage yearly income,320,31,informational,43,https://pay-calculator-australia.com/minimum-wage-history-australia/,0.671999990940094
monthly pay calculator australia,320,7,informational,16,https://pay-calculator-australia.com/,1.375999927520752
monthly salary calculator australia,320,7,informational,16,https://pay-calculator-australia.com/,1.375999927520752
my salary calculator,320,16,informational,41,https://pay-calculator-australia.com/hourly-to-annual-salary-calculator/,0.671999990940094
net salaries,320,5,commercial,38,https://pay-calculator-australia.com/gross-pay-calculator/,0.671999990940094
net salary,320,0,informational,28,https://pay-calculator-australia.com/gross-pay-calculator/,0.671999990940094
netto salary,320,11,informational,52,https://pay-calculator-australia.com/gross-pay-calculator/,0.671999990940094
non australian resident tax rate,320,28,informational,29,https://pay-calculator-australia.com/non-resident-tax/,0.671999990940094
non resident australian tax,320,9,informational,47,https://pay-calculator-australia.com/non-resident-tax/,0.671999990940094
non resident tax rate australia,320,31,informational,28,https://pay-calculator-australia.com/non-resident-tax/,0.671999990940094
non resident tax rates australia,320,27,informational,23,https://pay-calculator-australia.com/non-resident-tax/,0.671999990940094
nsw health nurse pay rates,320,0,informational,24,https://pay-calculator-australia.com/healthcare-worker-pay/nsw/,0.671999990940094
nsw health nurse salary,320,0,informational,38,https://pay-calculator-australia.com/healthcare-worker-pay/nsw/,0.671999990940094
nsw health nursing pay rates,320,0,informational,36,https://pay-calculator-australia.com/healthcare-worker-pay/nsw/,0.671999990940094
nsw pay rates for nurses,320,1,informational,33,https://pay-calculator-australia.com/healthcare-worker-pay/nsw/,0.671999990940094
nsw payroll tax calculator,320,33,informational,49,https://pay-calculator-australia.com/pay-calculator-nsw/,0.671999990940094
nurse award qld,320,1,informational,37,https://pay-calculator-australia.com/healthcare-worker-pay/qld/,0.671999990940094
nurse pay rate nsw,320,0,informational,42,https://pay-calculator-australia.com/healthcare-worker-pay/nsw/,0.671999990940094
nurse pay rates nsw,320,0,informational,31,https://pay-calculator-australia.com/healthcare-worker-pay/nsw/,0.671999990940094
nurse salary nsw health,320,0,informational,33,https://pay-calculator-australia.com/healthcare-worker-pay/nsw/,0.671999990940094
nurse salary sydney,320,0,informational,37,https://pay-calculator-australia.com/healthcare-worker-pay/nsw/,0.671999990940094
nurse wage sydney,320,0,informational,36,https://pay-calculator-australia.com/healthcare-worker-pay/nsw/,0.671999990940094
nurses award qld,320,0,informational,33,https://pay-calculator-australia.com/healthcare-worker-pay/qld/,0.671999990940094
nurses pay rates nsw,320,0,informational,34,https://pay-calculator-australia.com/healthcare-worker-pay/nsw/,0.671999990940094
nurses wage australia,320,0,informational,92,https://pay-calculator-australia.com/healthcare-worker-pay/vic/,0.671999990940094
nursing award qld,320,0,informational,31,https://pay-calculator-australia.com/healthcare-worker-pay/qld/,0.671999990940094
nursing awards qld,320,0,informational,26,https://pay-calculator-australia.com/healthcare-worker-pay/qld/,0.671999990940094
nursing pay rates nsw,320,0,informational,26,https://pay-calculator-australia.com/healthcare-worker-pay/nsw/,0.671999990940094
nursing rates of pay nsw,320,0,informational,36,https://pay-calculator-australia.com/healthcare-worker-pay/nsw/,0.671999990940094
on cost,320,0,informational,31,https://pay-calculator-australia.com/employer-cost-calculator/,0.671999990940094
part time pay,320,1,informational,34,https://pay-calculator-australia.com/employment-type-calculator/,0.671999990940094
pay calculator sa,320,20,informational,22,https://pay-calculator-australia.com/pay-calculator-sa/,0.7039999961853027
pay guides,320,23,commercial,27,https://pay-calculator-australia.com/award-rates/,0.671999990940094
pay raise increase calculator,320,7,informational,30,https://pay-calculator-australia.com/pay-rise-calculator/,0.671999990940094
pay rate for hospitality,320,0,informational,19,https://pay-calculator-australia.com/hospitality-award-rates/,0.8640000224113464
pay rates for hospitality,320,0,informational,53,https://pay-calculator-australia.com/retail-hospitality-pay-guide/,0.671999990940094
pay rates for hospitality industry,320,0,informational,49,https://pay-calculator-australia.com/retail-hospitality-pay-guide/,0.671999990940094
pay rates for nurses in nsw,320,0,informational,38,https://pay-calculator-australia.com/healthcare-worker-pay/nsw/,0.671999990940094
pay scale calculator,320,38,informational,29,https://pay-calculator-australia.com/,0.671999990940094
payg schedule 5,320,0,informational,9,https://pay-calculator-australia.com/schedule-5-tax-table/,4.800000190734863
payroll tax calculator wa,320,23,informational,34,https://pay-calculator-australia.com/pay-calculator-wa/,0.671999990940094
payroll tax wa calculator,320,6,informational,51,https://pay-calculator-australia.com/pay-calculator-wa/,0.671999990940094
primary teacher salary qld,320,0,commercial,14,https://pay-calculator-australia.com/teacher-pay-australia/qld/,1.7920000553131104
primary teacher salary victoria,320,2,informational,28,https://pay-calculator-australia.com/teacher-pay-australia/vic/,0.671999990940094
primary teaching salary victoria,320,0,informational,30,https://pay-calculator-australia.com/teacher-pay-australia/vic/,0.671999990940094
qld nurse award,320,0,informational,28,https://pay-calculator-australia.com/healthcare-worker-pay/qld/,0.671999990940094
qld nurses award,320,0,informational,26,https://pay-calculator-australia.com/healthcare-worker-pay/qld/,0.671999990940094
qld nursing award,320,0,informational,23,https://pay-calculator-australia.com/healthcare-worker-pay/qld/,0.671999990940094
qld teacher salary 2026,320,0,commercial,7,https://pay-calculator-australia.com/teacher-pay-australia/qld/,8.192000389099121
redundancy payment table australia,320,13,informational,26,https://pay-calculator-australia.com/redundancy-pay-calculator/,0.671999990940094
redundancy tax calculator australia,320,0,informational,32,https://pay-calculator-australia.com/redundancy-pay-calculator/,0.671999990940094
retail award nsw pay rates,320,0,informational,21,https://pay-calculator-australia.com/retail-award-rates/,0.7360000014305115
retail award pay rates 2024,320,0,informational,17,https://pay-calculator-australia.com/retail-award-rates/,1.375999927520752
retail award rate nsw,320,0,informational,21,https://pay-calculator-australia.com/retail-award-rates/,0.7360000014305115
retail award rate qld,320,0,informational,24,https://pay-calculator-australia.com/retail-award-rates/,0.671999990940094
retail award rates nsw,320,0,informational,21,https://pay-calculator-australia.com/retail-award-rates/,0.7360000014305115
retail award wage casual,320,0,informational,26,https://pay-calculator-australia.com/retail-award-rates/,0.671999990940094
retail award wages nsw,320,0,informational,23,https://pay-calculator-australia.com/retail-award-rates/,0.671999990940094
retail minimum wage australia,320,3,informational,20,https://pay-calculator-australia.com/retail-award-rates/,0.7680000066757202
salary bracket tax,320,31,informational,43,https://pay-calculator-australia.com/tax-brackets/,0.671999990940094
salary inclusive of super calculator,320,6,informational,59,https://pay-calculator-australia.com/,0.671999990940094
salary sacrifice disadvantages,320,0,informational,58,https://pay-calculator-australia.com/salary-sacrifice-guide/,0.671999990940094
salary tax,320,37,informational,44,https://pay-calculator-australia.com/,0.671999990940094
salary tax bracket,320,37,informational,41,https://pay-calculator-australia.com/tax-brackets/,0.671999990940094
salary to hourly rate,320,25,informational,31,https://pay-calculator-australia.com/hourly-to-annual-salary-calculator/,0.671999990940094
salary to weekly pay calculator,320,7,informational,34,https://pay-calculator-australia.com/weekly-pay-calculator/,0.671999990940094
sapto tax offset,320,0,informational,39,https://pay-calculator-australia.com/sapto-calculator/,0.671999990940094
schads award pay rates 2026,320,0,commercial,18,https://pay-calculator-australia.com/schads-award-pay-rates/,1.055999994277954
schads level 5 salary,320,0,informational,20,https://pay-calculator-australia.com/schads-award-pay-rates/,0.7680000066757202
senior civil service pay scales,320,0,informational,22,https://pay-calculator-australia.com/public-service-pay-scales/,0.7039999961853027
simple pay calculator,320,9,informational,45,https://pay-calculator-australia.com/,0.671999990940094
stsl component meaning,320,0,informational,25,https://pay-calculator-australia.com/stsl-on-payslip/,0.671999990940094
stsl meaning,320,0,informational,27,https://pay-calculator-australia.com/stsl-on-payslip/,0.671999990940094
super concessional cap 2026,320,6,informational,53,https://pay-calculator-australia.com/news/super-contribution-caps-2026-27/,0.671999990940094
tasmanian teacher salary,320,0,informational,12,https://pay-calculator-australia.com/teacher-pay-australia/tas/,2.4000000953674316
tasmanian teachers salary,320,0,informational,13,https://pay-calculator-australia.com/teacher-pay-australia/tas/,1.8880000114440918
tax bracket salary,320,26,informational,46,https://pay-calculator-australia.com/tax-brackets/,0.671999990940094
tax brackets 2025 australia,320,37,informational,46,https://pay-calculator-australia.com/tax-brackets/,0.671999990940094
tax brackets 2026 27,320,32,commercial,44,https://pay-calculator-australia.com/tax-brackets/,0.671999990940094
tax calculator 2025 26,320,39,informational,66,https://pay-calculator-australia.com/income-tax-calculator/,0.671999990940094
tax dates,320,4,informational,73,https://pay-calculator-australia.com/tax-calendar/,0.671999990940094
tax margins,320,13,informational,40,https://pay-calculator-australia.com/tax-brackets/,0.671999990940094
tax non resident australia,320,0,informational,47,https://pay-calculator-australia.com/non-resident-tax/,0.671999990940094
tax on 40 000 australia,320,2,informational,12,https://pay-calculator-australia.com/tax-on/40000/,2.4000000953674316
tax on 40000 australia,320,32,informational,4,https://pay-calculator-australia.com/tax-on/40000/,21.08799934387207
tax on 45000 australia,320,32,informational,20,https://pay-calculator-australia.com/tax-on/45000/,0.7680000066757202
tax on 65000 australia,320,0,informational,8,https://pay-calculator-australia.com/tax-on/65000/,6.303999900817871
tax on 65000 in australia,320,0,informational,6,https://pay-calculator-australia.com/tax-on/65000/,10.815999984741211
tax percentage,320,38,informational,60,https://pay-calculator-australia.com/tax-brackets/,0.671999990940094
tax rate 2024,320,27,informational,46,https://pay-calculator-australia.com/tax-brackets/,0.671999990940094
tax rate 2025 australia,320,37,informational,77,https://pay-calculator-australia.com/tax-brackets/,0.671999990940094
tax rate australia for non residents,320,27,informational,31,https://pay-calculator-australia.com/non-resident-tax/,0.671999990940094
tax rate australia non resident,320,27,informational,28,https://pay-calculator-australia.com/non-resident-tax/,0.671999990940094
tax rate in australia for non residents,320,18,informational,30,https://pay-calculator-australia.com/non-resident-tax/,0.671999990940094
tax rate non resident australia,320,27,informational,31,https://pay-calculator-australia.com/non-resident-tax/,0.671999990940094
tax rate nsw,320,31,informational,46,https://pay-calculator-australia.com/tax-brackets/,0.671999990940094
tax rates 2024,320,32,informational,44,https://pay-calculator-australia.com/tax-brackets/,0.671999990940094
tax rates 2025 2026,320,36,informational,74,https://pay-calculator-australia.com/tax-brackets/,0.671999990940094
tax rates 2025 australia,320,37,informational,74,https://pay-calculator-australia.com/tax-brackets/,0.671999990940094
tax rates 2025-2026,320,37,informational,53,https://pay-calculator-australia.com/tax-brackets/,0.671999990940094
tax rates 2026 australia,320,37,informational,53,https://pay-calculator-australia.com/tax-brackets/,0.671999990940094
tax rates for non residents australia,320,27,commercial,37,https://pay-calculator-australia.com/non-resident-tax/,0.671999990940094
tax rates for non residents in australia,320,27,informational,35,https://pay-calculator-australia.com/non-resident-tax/,0.671999990940094
tax scale nsw,320,32,informational,37,https://pay-calculator-australia.com/tax-brackets/,0.671999990940094
tax tables 2025--26,320,23,informational,49,https://pay-calculator-australia.com/tax-bracket-history/,0.671999990940094
tax tables 2025-26,320,24,informational,31,https://pay-calculator-australia.com/monthly-tax-table/,0.671999990940094
tax tables 2025/26,320,23,informational,94,https://pay-calculator-australia.com/income-tax-calculator/,0.671999990940094
taxation rates 2024,320,32,informational,42,https://pay-calculator-australia.com/tax-brackets/,0.671999990940094
teacher pay nsw,320,0,informational,18,https://pay-calculator-australia.com/teacher-pay-australia/nsw/,1.055999994277954
teacher pay rates nsw,320,0,informational,17,https://pay-calculator-australia.com/teacher-pay-australia/nsw/,1.375999927520752
teacher pay scale wa,320,0,informational,22,https://pay-calculator-australia.com/teacher-pay-australia/,0.7039999961853027
teacher salary melbourne,320,2,informational,36,https://pay-calculator-australia.com/teacher-pay-australia/vic/,0.671999990940094
teacher salary tasmania,320,0,informational,12,https://pay-calculator-australia.com/teacher-pay-australia/tas/,2.4000000953674316
teachers base salary,320,9,informational,22,https://pay-calculator-australia.com/teacher-pay-australia/,0.7039999961853027
teachers pay nsw,320,0,informational,19,https://pay-calculator-australia.com/teacher-pay-australia/nsw/,0.8640000224113464
teachers pay rates nsw,320,0,informational,19,https://pay-calculator-australia.com/teacher-pay-australia/nsw/,0.8640000224113464
teachers starting salary,320,8,informational,24,https://pay-calculator-australia.com/teacher-pay-australia/qld/,0.671999990940094
time and half calculator,320,7,informational,65,https://pay-calculator-australia.com/overtime-pay-calculator/,0.671999990940094
time in a half calculator,320,10,transactional,26,https://pay-calculator-australia.com/overtime-pay-calculator/,0.671999990940094
top marginal tax rate australia,320,27,informational,25,https://pay-calculator-australia.com/tax-brackets/,0.671999990940094
vps 6,320,0,informational,17,https://pay-calculator-australia.com/public-service-pay-scales/vic/,1.375999927520752
vps wage,320,0,informational,12,https://pay-calculator-australia.com/public-service-pay-scales/vic/,2.4000000953674316
vps wages,320,0,informational,12,https://pay-calculator-australia.com/public-service-pay-scales/vic/,2.4000000953674316
wa award rates,320,7,informational,23,https://pay-calculator-australia.com/award-rates/,0.671999990940094
wa payroll tax calculator,320,0,informational,31,https://pay-calculator-australia.com/pay-calculator-wa/,0.671999990940094
wa teacher pay scale,320,0,informational,24,https://pay-calculator-australia.com/teacher-pay-australia/wa/,0.671999990940094
wa teacher salary 2026,320,0,commercial,27,https://pay-calculator-australia.com/teacher-pay-australia/wa/,0.671999990940094
wa teachers pay scale,320,0,informational,23,https://pay-calculator-australia.com/teacher-pay-australia/wa/,0.671999990940094
wage calculator sa,320,17,informational,11,https://pay-calculator-australia.com/pay-calculator-sa/,2.9119999408721924
weekly hours worked,320,13,informational,42,https://pay-calculator-australia.com/work-hours-calculator/,0.671999990940094
weekly salary calculator,320,7,informational,29,https://pay-calculator-australia.com/weekly-pay-calculator/,0.671999990940094
weekly tax tables 2026,320,0,transactional,42,https://pay-calculator-australia.com/payg-withholding-tables/,0.671999990940094
what can be salary sacrificed,320,6,informational,64,https://pay-calculator-australia.com/salary-sacrifice-guide/,0.671999990940094
what can i salary sacrifice,320,17,informational,76,https://pay-calculator-australia.com/salary-sacrifice-guide/,0.671999990940094
what is time and a half,320,11,informational,57,https://pay-calculator-australia.com/overtime-pay-calculator/,0.671999990940094
work hours calculator australia,320,27,informational,31,https://pay-calculator-australia.com/work-hours-calculator/,0.671999990940094
working holiday tax rates,320,0,informational,40,https://pay-calculator-australia.com/working-holiday-tax/,0.671999990940094
year to date,320,3,informational,59,https://pay-calculator-australia.com/ytd-income-calculator/,0.671999990940094
year-to-date,320,3,informational,58,https://pay-calculator-australia.com/ytd-income-calculator/,0.671999990940094
ytd meaning on payslip,320,0,informational,46,https://pay-calculator-australia.com/ytd-income-calculator/,0.671999990940094
zone offset calculator,320,0,informational,7,https://pay-calculator-australia.com/zone-tax-offset/,8.192000389099121
zone tax offset calculator,320,0,informational,9,https://pay-calculator-australia.com/zone-tax-offset/,4.800000190734863
100 000 after tax,260,7,informational,51,https://pay-calculator-australia.com/take-home-pay-on/100000/,0.5460000038146973
100 000 after tax australia,260,9,informational,97,https://pay-calculator-australia.com/tax-on/100000/,0.5460000038146973
100000 after tax,260,9,informational,61,https://pay-calculator-australia.com/take-home-pay-on/100000/,0.5460000038146973
100000 after tax australia,260,9,informational,59,https://pay-calculator-australia.com/take-home-pay-on/100000/,0.5460000038146973
100k after tax,260,13,informational,58,https://pay-calculator-australia.com/take-home-pay-on/100000/,0.5460000038146973
1st year carpentry apprenticeship wage,260,0,informational,40,https://pay-calculator-australia.com/construction-trades-pay/,0.5460000038146973
2024 tax rates,260,27,informational,43,https://pay-calculator-australia.com/tax-brackets/,0.5460000038146973
2nd job tax calculator,260,8,informational,4,https://pay-calculator-australia.com/second-job-tax-calculator/,17.134000778198242
30000/52,260,0,informational,47,https://pay-calculator-australia.com/salary-to-hourly/30000/,0.5460000038146973
40 per hour annual salary,260,0,informational,14,https://pay-calculator-australia.com/hourly-to-annual-salary-calculator/,1.4559999704360962
45 per hour annual salary,260,0,informational,41,https://pay-calculator-australia.com/hourly-to-annual-salary-calculator/,0.5460000038146973
60 000 a year is how much an hour,260,0,informational,9,https://pay-calculator-australia.com/salary-to-hourly/60000/,3.9000000953674316
60 thousand a year is how much an hour,260,0,informational,10,https://pay-calculator-australia.com/hourly-to-annual-salary-calculator/,2.937999963760376
60000 a year is how much an hour,260,0,informational,7,https://pay-calculator-australia.com/salary-to-hourly/60000/,6.656000137329102
60k a year is how much an hour,260,0,informational,13,https://pay-calculator-australia.com/salary-to-hourly/60000/,1.5339999198913574
65000 after tax australia,260,9,informational,17,https://pay-calculator-australia.com/salary-to-hourly/65000/,1.1180000305175781
65k a year is how much an hour,260,0,informational,20,https://pay-calculator-australia.com/salary-to-hourly/65000/,0.6240000128746033
70k after tax australia,260,10,informational,32,https://pay-calculator-australia.com/tax-on/70000/,0.5460000038146973
75 000,260,0,informational,56,https://pay-calculator-australia.com/tax-on/75000/,0.5460000038146973
75000/52,260,0,informational,28,https://pay-calculator-australia.com/salary-to-hourly/75000/,0.5460000038146973
75k after tax australia,260,16,informational,18,https://pay-calculator-australia.com/salary-to-hourly/75000/,0.8579999804496765
80 000 after tax,260,8,informational,22,https://pay-calculator-australia.com/salary-to-hourly/80000/,0.5720000267028809
85k after tax australia,260,2,informational,27,https://pay-calculator-australia.com/salary-to-hourly/85000/,0.5460000038146973
90 000,260,0,informational,60,https://pay-calculator-australia.com/tax-on/90000/,0.5460000038146973
90000/52,260,0,informational,18,https://pay-calculator-australia.com/redundancy-pay-calculator/,0.8579999804496765
90k after tax australia weekly salary,260,4,informational,18,https://pay-calculator-australia.com/salary-to-hourly/90000/,0.8579999804496765
annual leave calculator nsw,260,0,informational,46,https://pay-calculator-australia.com/leave-calculator/,0.5460000038146973
ato hecs repayments,260,30,informational,29,https://pay-calculator-australia.com/hecs-help-guide/,0.5460000038146973
aus tax brackets 2025,260,10,informational,75,https://pay-calculator-australia.com/tax-brackets/,0.5460000038146973
australia bonus tax calculator,260,1,informational,5,https://pay-calculator-australia.com/bonus-tax-calculator/,12.194000244140625
australia mining wage,260,0,informational,18,https://pay-calculator-australia.com/mining-fifo-pay-guide/,0.8579999804496765
australia non resident tax,260,5,informational,33,https://pay-calculator-australia.com/non-resident-tax/,0.5460000038146973
australian income brackets,260,32,informational,35,https://pay-calculator-australia.com/tax-brackets/,0.5460000038146973
award wages victoria,260,41,informational,11,https://pay-calculator-australia.com/award-rates/,2.365999937057495
bonus payment tax calculator australia,260,7,informational,3,https://pay-calculator-australia.com/bonus-tax-calculator/,25.29800033569336
bonus tax calculator australia,260,5,informational,4,https://pay-calculator-australia.com/bonus-tax-calculator/,17.134000778198242
builders pay rates,260,0,informational,36,https://pay-calculator-australia.com/construction-trades-pay/,0.5460000038146973
calculate hours salary,260,42,transactional,18,https://pay-calculator-australia.com/hourly-to-annual-salary-calculator/,0.8579999804496765
calculate parental leave pay,260,0,informational,61,https://pay-calculator-australia.com/parental-leave-pay/,0.5460000038146973
calculate tax on bonus australia,260,6,informational,2,https://pay-calculator-australia.com/bonus-tax-calculator/,42.119998931884766
calculate tax on redundancy pay,260,0,transactional,71,https://pay-calculator-australia.com/redundancy-pay-calculator/,0.5460000038146973
calculate tax on redundancy payment,260,0,informational,67,https://pay-calculator-australia.com/redundancy-pay-calculator/,0.5460000038146973
calculate tax on second job,260,8,informational,9,https://pay-calculator-australia.com/second-job-tax-calculator/,3.9000000953674316
calculating annual leave nsw,260,0,informational,60,https://pay-calculator-australia.com/leave-calculator/,0.5460000038146973
casual teacher pay rate nsw,260,0,informational,19,https://pay-calculator-australia.com/teacher-pay-australia/nsw/,0.7020000219345093
casual teacher pay rates nsw,260,0,informational,18,https://pay-calculator-australia.com/teacher-pay-australia/nsw/,0.8579999804496765
centrelink eligibility test,260,13,informational,23,https://pay-calculator-australia.com/centrelink-income-test/,0.5460000038146973
centrelink income estimate calculator,260,3,informational,44,https://pay-calculator-australia.com/centrelink-income-test/,0.5460000038146973
centrelink income test calculator,260,21,informational,12,https://pay-calculator-australia.com/centrelink-income-test/,1.9500000476837158
cost of employment,260,0,informational,34,https://pay-calculator-australia.com/employer-cost-calculator/,0.5460000038146973
costs of employees,260,0,informational,57,https://pay-calculator-australia.com/employer-cost-calculator/,0.5460000038146973
create a payslip,260,7,transactional,43,https://pay-calculator-australia.com/payslip-generator/,0.5460000038146973
difference between wages and salary,260,0,informational,92,https://pay-calculator-australia.com/salary-vs-hourly/,0.5460000038146973
ed qld pay scale,260,0,informational,11,https://pay-calculator-australia.com/teacher-pay-australia/qld/,2.365999937057495
education qld pay scale,260,0,informational,9,https://pay-calculator-australia.com/teacher-pay-australia/qld/,3.9000000953674316
el1 salary 2025,260,0,informational,13,https://pay-calculator-australia.com/public-service-pay-scales/aps/,1.5339999198913574
employee cost,260,0,informational,38,https://pay-calculator-australia.com/employer-cost-calculator/,0.5460000038146973
employee costs,260,0,informational,51,https://pay-calculator-australia.com/employer-cost-calculator/,0.5460000038146973
employee on costs,260,0,informational,46,https://pay-calculator-australia.com/employer-cost-calculator/,0.5460000038146973
employee on-costs,260,0,informational,15,https://pay-calculator-australia.com/employer-cost-calculator/,1.3259999752044678
employee rates,260,26,informational,29,https://pay-calculator-australia.com/award-rates/,0.5460000038146973
employees cost,260,0,informational,87,https://pay-calculator-australia.com/employer-cost-calculator/,0.5460000038146973
employment costs,260,2,informational,49,https://pay-calculator-australia.com/employer-cost-calculator/,0.5460000038146973
fbt and salary packaging,260,16,navigational,57,https://pay-calculator-australia.com/salary-packaging-guide/,0.5460000038146973
fbt salary packaging,260,3,navigational,37,https://pay-calculator-australia.com/salary-packaging-guide/,0.5460000038146973
first year carpentry apprenticeship wages,260,0,informational,38,https://pay-calculator-australia.com/construction-trades-pay/,0.5460000038146973
fortnightly salary calculator,260,7,informational,20,https://pay-calculator-australia.com/,0.6240000128746033
fortnightly tax tables 2026,260,0,transactional,8,https://pay-calculator-australia.com/fortnightly-tax-table/,5.122000217437744
fringe benefits tax salary sacrifice,260,16,informational,54,https://pay-calculator-australia.com/salary-packaging-guide/,0.5460000038146973
general retail industry award pay guide,260,0,informational,32,https://pay-calculator-australia.com/retail-award-rates/,0.5460000038146973
graduate nurse salary qld,260,0,informational,38,https://pay-calculator-australia.com/healthcare-worker-pay/qld/,0.5460000038146973
gross amount,260,3,informational,46,https://pay-calculator-australia.com/gross-pay-calculator/,0.5460000038146973
gross and net pay,260,7,informational,38,https://pay-calculator-australia.com/gross-pay-calculator/,0.5460000038146973
gross and net salary,260,6,informational,34,https://pay-calculator-australia.com/gross-pay-calculator/,0.5460000038146973
gross net salary,260,0,informational,31,https://pay-calculator-australia.com/gross-pay-calculator/,0.5460000038146973
gross pay to net,260,2,informational,26,https://pay-calculator-australia.com/gross-pay-calculator/,0.5460000038146973
gross pay vs net pay,260,0,informational,41,https://pay-calculator-australia.com/gross-pay-calculator/,0.5460000038146973
gross salary and net salary,260,5,informational,36,https://pay-calculator-australia.com/gross-pay-calculator/,0.5460000038146973
gross to net income,260,0,informational,36,https://pay-calculator-australia.com/gross-pay-calculator/,0.5460000038146973
gross to net pay,260,2,informational,38,https://pay-calculator-australia.com/gross-pay-calculator/,0.5460000038146973
gross to net salary,260,0,informational,37,https://pay-calculator-australia.com/gross-pay-calculator/,0.5460000038146973
gross wages,260,0,informational,40,https://pay-calculator-australia.com/gross-pay-calculator/,0.5460000038146973
gross wages vs net wages,260,0,informational,44,https://pay-calculator-australia.com/gross-pay-calculator/,0.5460000038146973
help debt threshold,260,9,informational,25,https://pay-calculator-australia.com/hecs-repayment-threshold/,0.5460000038146973
holiday leave calculator nsw,260,0,informational,24,https://pay-calculator-australia.com/leave-calculator/,0.5460000038146973
hospitality award pay rates,260,0,informational,23,https://pay-calculator-australia.com/hospitality-award-rates/,0.5460000038146973
hospitality award wages qld,260,0,informational,35,https://pay-calculator-australia.com/retail-hospitality-pay-guide/,0.5460000038146973
hospitality industry minimum wage,260,0,informational,26,https://pay-calculator-australia.com/retail-hospitality-pay-guide/,0.5460000038146973
hospitality minimum wage,260,2,informational,44,https://pay-calculator-australia.com/hospitality-award-rates/,0.5460000038146973
hospitality minimum wages,260,19,informational,41,https://pay-calculator-australia.com/retail-hospitality-pay-guide/,0.5460000038146973
hourly pay to salary calculator,260,29,informational,19,https://pay-calculator-australia.com/hourly-to-annual-salary-calculator/,0.7020000219345093
hourly rate calculator salary,260,6,transactional,30,https://pay-calculator-australia.com/hourly-to-annual-salary-calculator/,0.5460000038146973
hourly rate to salary calculator,260,29,informational,22,https://pay-calculator-australia.com/hourly-to-annual-salary-calculator/,0.5720000267028809
hourly to salary chart,260,10,navigational,30,https://pay-calculator-australia.com/hourly-to-annual-salary-calculator/,0.5460000038146973
hourly wage calculator from salary,260,33,informational,28,https://pay-calculator-australia.com/hourly-to-annual-salary-calculator/,0.5460000038146973
hourly wage salary calculator,260,29,informational,29,https://pay-calculator-australia.com/hourly-to-annual-salary-calculator/,0.5460000038146973
hourly wage to salary calculator,260,25,informational,18,https://pay-calculator-australia.com/hourly-to-annual-salary-calculator/,0.8579999804496765
how are redundancy payments calculated,260,0,informational,76,https://pay-calculator-australia.com/redundancy-pay-calculator/,0.5460000038146973
how is a redundancy payment calculated,260,11,informational,82,https://pay-calculator-australia.com/redundancy-pay-guide/,0.5460000038146973
how is redundancy pay calculated,260,15,informational,36,https://pay-calculator-australia.com/redundancy-pay-calculator/,0.5460000038146973
how is redundancy payment calculated,260,15,informational,39,https://pay-calculator-australia.com/redundancy-pay-calculator/,0.5460000038146973
how is super calculated,260,14,informational,52,https://pay-calculator-australia.com/superannuation-guide/,0.5460000038146973
how many hours do i work,260,13,informational,35,https://pay-calculator-australia.com/work-hours-calculator/,0.5460000038146973
how much centrelink will i get,260,17,informational,14,https://pay-calculator-australia.com/centrelink-income-test/,1.4559999704360962
how much do teachers get paid in qld,260,0,informational,17,https://pay-calculator-australia.com/teacher-pay-australia/qld/,1.1180000305175781
how much do you get taxed on a second job,260,0,informational,14,https://pay-calculator-australia.com/second-job-tax-calculator/,1.4559999704360962
how much does a teacher earn,260,5,informational,29,https://pay-calculator-australia.com/teacher-pay-australia/,0.5460000038146973
how much is annual leave loading,260,0,informational,63,https://pay-calculator-australia.com/leave-calculator/,0.5460000038146973
how much is overtime,260,0,informational,21,https://pay-calculator-australia.com/overtime-pay-calculator/,0.5979999899864197
how much is overtime pay,260,0,informational,14,https://pay-calculator-australia.com/overtime-pay-calculator/,1.4559999704360962
how much is the minimum wage,260,25,informational,59,https://pay-calculator-australia.com/minimum-wage-history-australia/,0.5460000038146973
how much overtime pay,260,0,informational,20,https://pay-calculator-australia.com/overtime-pay-calculator/,0.6240000128746033
how much pay for overtime,260,0,informational,18,https://pay-calculator-australia.com/overtime-pay-calculator/,0.8579999804496765
how much pay is overtime,260,0,informational,15,https://pay-calculator-australia.com/overtime-pay-calculator/,1.3259999752044678
how much super does employer pay,260,8,informational,42,https://pay-calculator-australia.com/superannuation-guide/,0.5460000038146973
how much tax do you pay on 100k in australia,260,15,informational,58,https://pay-calculator-australia.com/tax-on/100000/,0.5460000038146973
how much tax will,260,24,informational,56,https://pay-calculator-australia.com/income-tax-calculator/,0.5460000038146973
how redundancy payments are calculated,260,11,informational,81,https://pay-calculator-australia.com/redundancy-pay-calculator/,0.5460000038146973
how to calculate net earnings,260,7,informational,64,https://pay-calculator-australia.com/gross-pay-calculator/,0.5460000038146973
how to calculate net income,260,4,informational,66,https://pay-calculator-australia.com/gross-pay-calculator/,0.5460000038146973
how to work out net income,260,8,informational,48,https://pay-calculator-australia.com/gross-pay-calculator/,0.5460000038146973
how to work out time and a half,260,4,informational,34,https://pay-calculator-australia.com/overtime-pay-calculator/,0.5460000038146973
hr salary to annual,260,25,informational,14,https://pay-calculator-australia.com/hourly-to-annual-salary-calculator/,1.4559999704360962
income brackets australia,260,32,informational,44,https://pay-calculator-australia.com/tax-brackets/,0.5460000038146973
income calculator hourly,260,33,informational,28,https://pay-calculator-australia.com/hourly-to-annual-salary-calculator/,0.5460000038146973
income hourly calculator,260,43,informational,26,https://pay-calculator-australia.com/hourly-to-annual-salary-calculator/,0.5460000038146973
income tax brackets 2025 26,260,20,informational,33,https://pay-calculator-australia.com/tax-brackets/,0.5460000038146973
is long service leave taxed,260,0,informational,29,https://pay-calculator-australia.com/long-service-leave-calculator/,0.5460000038146973
ma000009,260,0,informational,47,https://pay-calculator-australia.com/hospitality-award-rates/,0.5460000038146973
marginal tax bracket calculator,260,38,informational,46,https://pay-calculator-australia.com/tax-brackets/,0.5460000038146973
max tax rate australia,260,37,commercial,53,https://pay-calculator-australia.com/tax-brackets/,0.5460000038146973
maximum salary sacrifice,260,9,informational,96,https://pay-calculator-australia.com/salary-sacrifice-guide/,0.5460000038146973
miner australia salary,260,0,informational,26,https://pay-calculator-australia.com/mining-fifo-pay-guide/,0.5460000038146973
miners salary australia,260,0,informational,19,https://pay-calculator-australia.com/mining-fifo-pay-guide/,0.7020000219345093
minimum wage 18,260,26,informational,27,https://pay-calculator-australia.com/junior-pay-rates/,0.5460000038146973
minimum wage annual,260,26,informational,60,https://pay-calculator-australia.com/minimum-wage-history-australia/,0.5460000038146973
minimum wage yearly,260,29,informational,22,https://pay-calculator-australia.com/minimum-wage-history-australia/,0.5720000267028809
minimum wage yearly salary,260,19,informational,56,https://pay-calculator-australia.com/minimum-wage-history-australia/,0.5460000038146973
minimum wages hospitality,260,22,informational,28,https://pay-calculator-australia.com/retail-hospitality-pay-guide/,0.5460000038146973
mining australia salary,260,0,informational,20,https://pay-calculator-australia.com/mining-fifo-pay-guide/,0.6240000128746033
mining in australia salary,260,0,informational,20,https://pay-calculator-australia.com/mining-fifo-pay-guide/,0.6240000128746033
mining wages australia,260,0,informational,20,https://pay-calculator-australia.com/mining-fifo-pay-guide/,0.6240000128746033
mining wages in australia,260,0,informational,25,https://pay-calculator-australia.com/mining-fifo-pay-guide/,0.5460000038146973
monthly tax table 2026 pdf,260,0,informational,17,https://pay-calculator-australia.com/monthly-tax-table/,1.1180000305175781
nat 1005,260,0,informational,12,https://pay-calculator-australia.com/weekly-tax-table/,1.9500000476837158
nat 3092,260,1,informational,30,https://pay-calculator-australia.com/tax-file-number-declaration/,0.5460000038146973
net calculator,260,14,informational,40,https://pay-calculator-australia.com/gross-pay-calculator/,0.5460000038146973
net income to gross,260,4,informational,36,https://pay-calculator-australia.com/gross-pay-calculator/,0.5460000038146973
non australian resident tax,260,28,informational,39,https://pay-calculator-australia.com/non-resident-tax/,0.5460000038146973
non resident tax in australia,260,3,informational,51,https://pay-calculator-australia.com/non-resident-tax/,0.5460000038146973
not for profit salary sacrifice calculator,260,1,informational,45,https://pay-calculator-australia.com/salary-packaging-guide/,0.5460000038146973
notice of assessment mygov,260,3,navigational,35,https://pay-calculator-australia.com/notice-of-assessment/,0.5460000038146973
nsw health nurse pay,260,0,informational,38,https://pay-calculator-australia.com/healthcare-worker-pay/nsw/,0.5460000038146973
nsw health nurses pay,260,0,informational,39,https://pay-calculator-australia.com/healthcare-worker-pay/nsw/,0.5460000038146973
nsw health nursing pay,260,0,informational,37,https://pay-calculator-australia.com/healthcare-worker-pay/nsw/,0.5460000038146973
nswnma pay rates,260,6,informational,30,https://pay-calculator-australia.com/healthcare-worker-pay/nsw/,0.5460000038146973
on costs,260,0,informational,36,https://pay-calculator-australia.com/employer-cost-calculator/,0.5460000038146973
overtime pay,260,0,informational,34,https://pay-calculator-australia.com/overtime-pay-calculator/,0.5460000038146973
overtime pay in australia,260,0,informational,66,https://pay-calculator-australia.com/overtime-penalty-rates-guide/,0.5460000038146973
overtime payment,260,0,informational,42,https://pay-calculator-australia.com/overtime-pay-calculator/,0.5460000038146973
paid parental leave calculator,260,0,informational,33,https://pay-calculator-australia.com/parental-leave-pay/,0.5460000038146973
parental leave pay calculator,260,0,informational,35,https://pay-calculator-australia.com/parental-leave-pay/,0.5460000038146973
parental leave payment calculator,260,0,informational,29,https://pay-calculator-australia.com/parental-leave-pay/,0.5460000038146973
part time job pay rate,260,19,informational,36,https://pay-calculator-australia.com/employment-type-calculator/,0.5460000038146973
part time pay rates,260,21,informational,26,https://pay-calculator-australia.com/award-rates/,0.5460000038146973
part time salary,260,9,informational,28,https://pay-calculator-australia.com/employment-type-calculator/,0.5460000038146973
part-time pay rates,260,21,informational,26,https://pay-calculator-australia.com/award-rates/,0.5460000038146973
pay and conditions tool,260,19,informational,17,https://pay-calculator-australia.com/award-rates/,1.1180000305175781
pay calculator 2026,260,18,transactional,26,https://pay-calculator-australia.com/,0.5460000038146973
pay calculator per hour,260,7,informational,20,https://pay-calculator-australia.com/hourly-to-annual-salary-calculator/,0.6240000128746033
pay for overtime,260,0,informational,33,https://pay-calculator-australia.com/overtime-pay-calculator/,0.5460000038146973
pay rate for permanent part time,260,15,informational,28,https://pay-calculator-australia.com/employment-type-calculator/,0.5460000038146973
pay rates fair work,260,61,informational,28,https://pay-calculator-australia.com/award-rates/,0.5460000038146973
paycheck calculator wa,260,2,navigational,22,https://pay-calculator-australia.com/pay-calculator-wa/,0.5720000267028809
payrise calculator,260,11,informational,12,https://pay-calculator-australia.com/,1.9500000476837158
payroll calculator wa,260,20,informational,61,https://pay-calculator-australia.com/,0.5460000038146973
payroll tax calculation nsw,260,29,informational,56,https://pay-calculator-australia.com/pay-calculator-nsw/,0.5460000038146973
payroll tax calculator nsw,260,33,informational,52,https://pay-calculator-australia.com/pay-calculator-nsw/,0.5460000038146973
payroll tax calculator qld,260,23,informational,65,https://pay-calculator-australia.com/pay-calculator-qld/,0.5460000038146973
payroll tax queensland calculator,260,9,informational,62,https://pay-calculator-australia.com/pay-calculator-qld/,0.5460000038146973
personal tax calculator ato,260,38,informational,76,https://pay-calculator-australia.com/income-tax-calculator/,0.5460000038146973
primary teacher salary australia,260,5,informational,33,https://pay-calculator-australia.com/teacher-pay-australia/,0.5460000038146973
primary teacher salary in australia,260,9,informational,34,https://pay-calculator-australia.com/teacher-pay-australia/,0.5460000038146973
primary teachers salary in australia,260,4,commercial,38,https://pay-calculator-australia.com/teacher-pay-australia/,0.5460000038146973
primary teaching salary australia,260,4,informational,36,https://pay-calculator-australia.com/teacher-pay-australia/,0.5460000038146973
private health insurance for tax,260,0,commercial,73,https://pay-calculator-australia.com/private-health-insurance-medicare/,0.5460000038146973
private health insurance rebate calculator,260,3,informational,58,https://pay-calculator-australia.com/private-health-insurance-medicare/,0.5460000038146973
pss cpi increase july 2026,260,0,commercial,73,https://pay-calculator-australia.com/news/july-1-2026-money-changes/,0.5460000038146973
qld health pay rates 2025,260,0,informational,22,https://pay-calculator-australia.com/healthcare-worker-pay/qld/,0.5720000267028809
qld teacher pay scale 2025,260,0,informational,8,https://pay-calculator-australia.com/teacher-pay-australia/qld/,5.122000217437744
qtu pay scales,260,0,informational,17,https://pay-calculator-australia.com/teacher-pay-australia/qld/,1.1180000305175781
redundancy pay tax calculator,260,0,informational,31,https://pay-calculator-australia.com/redundancy-pay-calculator/,0.5460000038146973
registered nurse salary qld,260,0,informational,29,https://pay-calculator-australia.com/healthcare-worker-pay/qld/,0.5460000038146973
registered nurse salary qld per hour,260,0,informational,25,https://pay-calculator-australia.com/healthcare-worker-pay/qld/,0.5460000038146973
resident tax rates,260,37,informational,55,https://pay-calculator-australia.com/tax-brackets/,0.5460000038146973
residential tax rate,260,32,informational,46,https://pay-calculator-australia.com/tax-brackets/,0.5460000038146973
residential tax rates,260,37,informational,50,https://pay-calculator-australia.com/tax-brackets/,0.5460000038146973
retail award pay rates 2025,260,0,informational,17,https://pay-calculator-australia.com/award-rates/,1.1180000305175781
retail award rates qld,260,0,informational,24,https://pay-calculator-australia.com/retail-award-rates/,0.5460000038146973
retail casual rates,260,0,informational,14,https://pay-calculator-australia.com/retail-award-rates/,1.4559999704360962
retail wage award qld,260,6,informational,30,https://pay-calculator-australia.com/retail-award-rates/,0.5460000038146973
rn 8 salary nsw per hour,260,0,informational,26,https://pay-calculator-australia.com/healthcare-worker-pay/nsw/,0.5460000038146973
rn salary qld,260,0,informational,33,https://pay-calculator-australia.com/healthcare-worker-pay/qld/,0.5460000038146973
salary and bonus calculator,260,33,informational,3,https://pay-calculator-australia.com/bonus-tax-calculator/,25.29800033569336
salary cal,260,11,informational,56,https://pay-calculator-australia.com/pay-calculator-nsw/,0.5460000038146973
salary calculator by hourly rate,260,29,informational,28,https://pay-calculator-australia.com/hourly-to-annual-salary-calculator/,0.5460000038146973
salary calculator from hourly,260,33,informational,26,https://pay-calculator-australia.com/hourly-to-annual-salary-calculator/,0.5460000038146973
salary calculator hourly pay,260,43,informational,26,https://pay-calculator-australia.com/hourly-to-annual-salary-calculator/,0.5460000038146973
salary calculator hourly wage,260,33,informational,29,https://pay-calculator-australia.com/hourly-to-annual-salary-calculator/,0.5460000038146973
salary calculator vic,260,34,informational,37,https://pay-calculator-australia.com/pay-calculator-vic/,0.5460000038146973
salary hourly to annual,260,29,informational,9,https://pay-calculator-australia.com/hourly-to-annual-salary-calculator/,3.9000000953674316
salary packaging fringe benefits tax,260,16,informational,71,https://pay-calculator-australia.com/salary-packaging-guide/,0.5460000038146973
salary sacrifice and fbt,260,17,informational,51,https://pay-calculator-australia.com/salary-packaging-guide/,0.5460000038146973
salary sacrifice fringe benefits tax,260,17,informational,59,https://pay-calculator-australia.com/salary-packaging-guide/,0.5460000038146973
schads award level 2 pay rate,260,0,informational,20,https://pay-calculator-australia.com/schads-award-pay-rates/,0.6240000128746033
schads award level 6,260,0,informational,26,https://pay-calculator-australia.com/schads-award-pay-rates/,0.5460000038146973
schads levels,260,0,informational,24,https://pay-calculator-australia.com/schads-award-pay-rates/,0.5460000038146973
second job tax calculator,260,9,informational,6,https://pay-calculator-australia.com/second-job-tax-calculator/,8.788000106811523
security award rates 2026,260,0,commercial,31,https://pay-calculator-australia.com/award-rates/,0.5460000038146973
senior tax offset,260,0,informational,49,https://pay-calculator-australia.com/sapto-calculator/,0.5460000038146973
standard super rate,260,10,informational,55,https://pay-calculator-australia.com/super-guarantee-rate-history/,0.5460000038146973
standard superannuation rate,260,6,informational,46,https://pay-calculator-australia.com/super-guarantee-rate-history/,0.5460000038146973
super australia percentage,260,5,informational,52,https://pay-calculator-australia.com/superannuation-guide/,0.5460000038146973
super guarantee rate history,260,0,informational,9,https://pay-calculator-australia.com/super-guarantee-rate-history/,3.9000000953674316
superannuation guarantee rate history,260,5,informational,11,https://pay-calculator-australia.com/super-guarantee-rate-history/,2.365999937057495
superannuation guarantee rates historical,260,12,informational,9,https://pay-calculator-australia.com/super-guarantee-rate-history/,3.9000000953674316
superannuation guarantee rates history,260,0,informational,9,https://pay-calculator-australia.com/super-guarantee-rate-history/,3.9000000953674316
take home pay after salary sacrifice calculator,260,6,informational,22,https://pay-calculator-australia.com/take-home-pay-calculator/,0.5720000267028809
tax 2025,260,37,informational,69,https://pay-calculator-australia.com/tax-calendar/,0.5460000038146973
tax 80000,260,11,informational,13,https://pay-calculator-australia.com/tax-on/80000/,1.5339999198913574
tax bands,260,37,informational,55,https://pay-calculator-australia.com/tax-brackets/,0.5460000038146973
tax bracket percentages,260,32,informational,56,https://pay-calculator-australia.com/tax-brackets/,0.5460000038146973
tax bracket wa,260,31,informational,38,https://pay-calculator-australia.com/tax-brackets/,0.5460000038146973
tax calculation on redundancy payments,260,0,informational,36,https://pay-calculator-australia.com/redundancy-pay-calculator/,0.5460000038146973
tax calculator for bonus payments australia,260,0,informational,2,https://pay-calculator-australia.com/bonus-tax-calculator/,42.119998931884766
tax calculator for second job,260,22,informational,5,https://pay-calculator-australia.com/second-job-tax-calculator/,12.194000244140625
tax calculator moneysmart,260,46,informational,44,https://pay-calculator-australia.com/tax-on/180000/,0.5460000038146973
tax calculator on redundancy payment,260,0,informational,57,https://pay-calculator-australia.com/redundancy-pay-calculator/,0.5460000038146973
tax calculator on second job,260,9,informational,6,https://pay-calculator-australia.com/second-job-tax-calculator/,8.788000106811523
tax calculator second job,260,5,informational,5,https://pay-calculator-australia.com/second-job-tax-calculator/,12.194000244140625
tax calculator talent,260,21,informational,16,https://pay-calculator-australia.com/,1.1180000305175781
tax calculator victoria,260,12,informational,39,https://pay-calculator-australia.com/pay-calculator-vic/,0.5460000038146973
tax calculator with second job,260,5,informational,5,https://pay-calculator-australia.com/second-job-tax-calculator/,12.194000244140625
tax for 80000,260,11,informational,14,https://pay-calculator-australia.com/tax-on/80000/,1.4559999704360962
tax for second job calculator,260,10,informational,6,https://pay-calculator-australia.com/second-job-tax-calculator/,8.788000106811523
tax on $2000 per week australia,260,12,transactional,17,https://pay-calculator-australia.com/,1.1180000305175781
tax on $80000 australia,260,11,informational,13,https://pay-calculator-australia.com/tax-on/80000/,1.5339999198913574
tax on 100000 australia,260,32,informational,11,https://pay-calculator-australia.com/take-home-pay-on/100000/,2.365999937057495
tax on 110k australia,260,12,informational,13,https://pay-calculator-australia.com/take-home-pay-on/110000/,1.5339999198913574
tax on 120000,260,16,informational,20,https://pay-calculator-australia.com/tax-on/120000/,0.6240000128746033
tax on 130k australia,260,20,informational,15,https://pay-calculator-australia.com/take-home-pay-on/130000/,1.3259999752044678
tax on 150000,260,15,informational,20,https://pay-calculator-australia.com/tax-on/150000/,0.6240000128746033
tax on 80000,260,13,informational,16,https://pay-calculator-australia.com/tax-on/80000/,1.1180000305175781
tax on 85000 australia,260,6,informational,14,https://pay-calculator-australia.com/tax-on/85000/,1.4559999704360962
tax on bonus calculator australia,260,6,informational,3,https://pay-calculator-australia.com/bonus-tax-calculator/,25.29800033569336
tax on bonus payments calculator australia,260,0,informational,2,https://pay-calculator-australia.com/bonus-tax-calculator/,42.119998931884766
tax on redundancy payment calculator,260,0,informational,30,https://pay-calculator-australia.com/redundancy-pay-calculator/,0.5460000038146973
tax on redundancy payments calculator,260,0,informational,31,https://pay-calculator-australia.com/redundancy-pay-calculator/,0.5460000038146973
tax on second job calculator,260,11,informational,7,https://pay-calculator-australia.com/second-job-tax-calculator/,6.656000137329102
tax percentage brackets,260,32,informational,51,https://pay-calculator-australia.com/tax-brackets/,0.5460000038146973
tax rate table,260,32,informational,48,https://pay-calculator-australia.com/tax-brackets/,0.5460000038146973
tax rate tables,260,32,informational,47,https://pay-calculator-australia.com/tax-brackets/,0.5460000038146973
tax rates 2024 2025,260,37,informational,47,https://pay-calculator-australia.com/tax-brackets/,0.5460000038146973
tax rates 2024-2025,260,37,informational,49,https://pay-calculator-australia.com/tax-brackets/,0.5460000038146973
tax rates 2024/2025,260,37,informational,48,https://pay-calculator-australia.com/tax-brackets/,0.5460000038146973
tax table fortnightly 2026,260,0,transactional,12,https://pay-calculator-australia.com/fortnightly-tax-table/,1.9500000476837158
tax table rates,260,32,informational,48,https://pay-calculator-australia.com/tax-brackets/,0.5460000038146973
teacher pay rate,260,10,informational,14,https://pay-calculator-australia.com/teacher-pay-australia/qld/,1.4559999704360962
teacher pay rates,260,7,informational,20,https://pay-calculator-australia.com/teacher-pay-australia/qld/,0.6240000128746033
teachers pay rate,260,10,informational,19,https://pay-calculator-australia.com/teacher-pay-australia/qld/,0.7020000219345093
teaching pay rates,260,10,informational,22,https://pay-calculator-australia.com/teacher-pay-australia/qld/,0.5720000267028809
threshold for help debt,260,9,informational,25,https://pay-calculator-australia.com/hecs-repayment-threshold/,0.5460000038146973
total reportable fringe benefits amount,260,0,informational,47,https://pay-calculator-australia.com/fringe-benefits-tax/,0.5460000038146973
victoria teacher pay,260,3,commercial,34,https://pay-calculator-australia.com/teacher-pay-australia/vic/,0.5460000038146973
vps 4 salary,260,0,informational,11,https://pay-calculator-australia.com/public-service-pay-scales/vic/,2.365999937057495
wa salary calculator,260,9,informational,28,https://pay-calculator-australia.com/pay-calculator-wa/,0.5460000038146973
wage calculator wa,260,34,informational,25,https://pay-calculator-australia.com/pay-calculator-wa/,0.5460000038146973
wage hourly rate calculator,260,25,informational,22,https://pay-calculator-australia.com/hourly-to-annual-salary-calculator/,0.5720000267028809
wages overtime,260,0,informational,49,https://pay-calculator-australia.com/overtime-pay-calculator/,0.5460000038146973
wages salary difference,260,0,informational,53,https://pay-calculator-australia.com/salary-vs-hourly/,0.5460000038146973
weekly tax calculator 2025,260,37,informational,50,https://pay-calculator-australia.com/weekly-tax-table/,0.5460000038146973
weekly tax table 2025 26,260,0,informational,37,https://pay-calculator-australia.com/weekly-tax-table/,0.5460000038146973
weekly tax table 2025--26,260,2,informational,39,https://pay-calculator-australia.com/weekly-tax-table/,0.5460000038146973
weekly tax table 2025-26,260,0,informational,38,https://pay-calculator-australia.com/weekly-tax-table/,0.5460000038146973
weekly tax table australia,260,0,informational,31,https://pay-calculator-australia.com/weekly-tax-table/,0.5460000038146973
wfh fixed rate,260,0,informational,59,https://pay-calculator-australia.com/work-from-home-deductions/,0.5460000038146973
what can you salary sacrifice,260,17,informational,85,https://pay-calculator-australia.com/salary-sacrifice-guide/,0.5460000038146973
what is a low income tax offset,260,5,informational,66,https://pay-calculator-australia.com/low-income-tax-offset/,0.5460000038146973
what is an award wage,260,33,informational,32,https://pay-calculator-australia.com/award-rates/,0.5460000038146973
what is annual gross income,260,0,informational,44,https://pay-calculator-australia.com/gross-pay-calculator/,0.5460000038146973
what is award wage,260,13,informational,29,https://pay-calculator-australia.com/award-rates/,0.5460000038146973
what is division 293,260,0,informational,71,https://pay-calculator-australia.com/division-293-tax/,0.5460000038146973
what is low income tax offset,260,11,informational,62,https://pay-calculator-australia.com/low-income-tax-offset/,0.5460000038146973
what is my tax rate,260,37,informational,49,https://pay-calculator-australia.com/tax-brackets/,0.5460000038146973
what is noa,260,0,informational,50,https://pay-calculator-australia.com/notice-of-assessment/,0.5460000038146973
what is the difference between wages and salary,260,0,informational,87,https://pay-calculator-australia.com/salary-vs-hourly/,0.5460000038146973
what is the income tax rate in australia,260,37,informational,61,https://pay-calculator-australia.com/tax-brackets/,0.5460000038146973
what is the low income tax offset,260,5,informational,60,https://pay-calculator-australia.com/low-income-tax-offset/,0.5460000038146973
what my pay,260,16,informational,75,https://pay-calculator-australia.com/pay-calculator-wa/,0.5460000038146973
what tax bracket am i in,260,27,informational,37,https://pay-calculator-australia.com/tax-brackets/,0.5460000038146973
when is tax time 2026,260,0,informational,54,https://pay-calculator-australia.com/news/tax-time-2026-whats-new/,0.5460000038146973
where to find notice of assessment,260,0,informational,37,https://pay-calculator-australia.com/notice-of-assessment/,0.5460000038146973
zone offset,260,0,informational,12,https://pay-calculator-australia.com/zone-tax-offset/,1.9500000476837158
zone offsets,260,0,informational,20,https://pay-calculator-australia.com/zone-tax-offset/,0.6240000128746033
120000 after tax,210,9,informational,69,https://pay-calculator-australia.com/tax-on/120000/,0.4410000145435333
130 000 after tax australia,210,17,informational,19,https://pay-calculator-australia.com/salary-to-hourly/130000/,0.5669999718666077
130000 after tax australia,210,17,informational,14,https://pay-calculator-australia.com/salary-to-hourly/130000/,1.1759999990463257
130000/12,210,0,informational,29,https://pay-calculator-australia.com/tax-on/130000/,0.4410000145435333
160k after tax australia,210,19,informational,36,https://pay-calculator-australia.com/take-home-pay-on/160000/,0.4410000145435333
2024 25 tax rates,210,31,informational,39,https://pay-calculator-australia.com/tax-brackets/,0.4410000145435333
2024 to 2025 tax brackets,210,24,informational,51,https://pay-calculator-australia.com/tax-brackets/,0.4410000145435333
2024-25 tax rates,210,26,informational,56,https://pay-calculator-australia.com/tax-brackets/,0.4410000145435333
2025 2026 tax rates,210,17,informational,75,https://pay-calculator-australia.com/tax-brackets/,0.4410000145435333
2025 tax rates australia,210,24,informational,40,https://pay-calculator-australia.com/tax-brackets/,0.4410000145435333
2025-26 tax calculator,210,28,informational,88,https://pay-calculator-australia.com/income-tax-calculator/,0.4410000145435333
26 27 tax rates,210,31,informational,47,https://pay-calculator-australia.com/tax-brackets/,0.4410000145435333
2nd job tax calculator australia,210,7,informational,7,https://pay-calculator-australia.com/second-job-tax-calculator/,5.375999927520752
40 an hour is how much a year,210,0,informational,6,https://pay-calculator-australia.com/hourly-to-annual-salary-calculator/,7.0980000495910645
45 an hour is how much a year,210,0,informational,31,https://pay-calculator-australia.com/hourly-to-annual-salary-calculator/,0.4410000145435333
50 per hour annual salary,210,0,informational,44,https://pay-calculator-australia.com/hourly-to-annual-salary-calculator/,0.4410000145435333
60 000 after tax australia,210,12,informational,3,https://pay-calculator-australia.com/tax-on/60000/,20.433000564575195
60000 after tax australia,210,6,informational,14,https://pay-calculator-australia.com/tax-on/60000/,1.1759999990463257
65000/12,210,0,informational,86,https://pay-calculator-australia.com/salary-to-hourly/65000/,0.4410000145435333
65000/52,210,0,informational,22,https://pay-calculator-australia.com/salary-to-hourly/65000/,0.4620000123977661
75k a year is how much an hour,210,0,informational,10,https://pay-calculator-australia.com/hourly-to-annual-salary-calculator/,2.372999906539917
85 000 a year is how much an hour,210,0,informational,10,https://pay-calculator-australia.com/hourly-to-annual-salary-calculator/,2.372999906539917
85000 a year is how much an hour,210,0,informational,12,https://pay-calculator-australia.com/hourly-to-annual-salary-calculator/,1.5750000476837158
85000/12,210,0,informational,77,https://pay-calculator-australia.com/salary-to-hourly/85000/,0.4410000145435333
90 000 a year is how much an hour,210,0,informational,10,https://pay-calculator-australia.com/salary-to-hourly/90000/,2.372999906539917
90000 after tax,210,10,informational,22,https://pay-calculator-australia.com/salary-to-hourly/90000/,0.4620000123977661
95k after tax australia,210,8,informational,15,https://pay-calculator-australia.com/salary-to-hourly/95000/,1.0709999799728394
annual gross salary,210,5,informational,25,https://pay-calculator-australia.com/gross-pay-calculator/,0.4410000145435333
annual leave calculator vic,210,0,informational,24,https://pay-calculator-australia.com/leave-calculator/,0.4410000145435333
annual leave loading calculator,210,0,informational,62,https://pay-calculator-australia.com/leave-calculator/,0.4410000145435333
annual salary calculator australia,210,11,informational,14,https://pay-calculator-australia.com/hourly-to-annual-salary-calculator/,1.1759999990463257
annual salary calculator hourly rate,210,5,informational,20,https://pay-calculator-australia.com/hourly-to-annual-salary-calculator/,0.5040000081062317
apprentice boilermaker wages,210,0,informational,37,https://pay-calculator-australia.com/construction-trades-pay/,0.4410000145435333
apprentice bricklayer wage,210,0,informational,39,https://pay-calculator-australia.com/construction-trades-pay/,0.4410000145435333
aps pay bands,210,0,commercial,26,https://pay-calculator-australia.com/public-service-pay-scales/,0.4410000145435333
ato fortnightly tax table 2026 pdf,210,0,transactional,18,https://pay-calculator-australia.com/payg-withholding-tables/,0.6930000185966492
ato fortnightly tax tables 2026,210,3,transactional,16,https://pay-calculator-australia.com/payg-withholding-tables/,0.902999997138977
ato medicare levy calculator,210,28,informational,58,https://pay-calculator-australia.com/medicare-levy/,0.4410000145435333
ato non resident tax rates,210,31,informational,28,https://pay-calculator-australia.com/non-resident-tax/,0.4410000145435333
ato take home pay calculator,210,35,informational,62,https://pay-calculator-australia.com/,0.4410000145435333
ato tax rates 2024 25,210,38,informational,37,https://pay-calculator-australia.com/tax-brackets/,0.4410000145435333
ato tax rates 2024--25,210,36,commercial,40,https://pay-calculator-australia.com/tax-brackets/,0.4410000145435333
ato tax rates 2024-25,210,36,informational,55,https://pay-calculator-australia.com/tax-brackets/,0.4410000145435333
ato tax rates non resident,210,26,informational,32,https://pay-calculator-australia.com/non-resident-tax/,0.4410000145435333
ato zone list,210,0,informational,18,https://pay-calculator-australia.com/zone-tax-offset/,0.6930000185966492
australia personal income tax rates,210,31,informational,50,https://pay-calculator-australia.com/tax-brackets/,0.4410000145435333
australia tax for working holiday visa,210,0,informational,74,https://pay-calculator-australia.com/working-holiday-tax/,0.4410000145435333
australia tax rate percentage,210,31,informational,48,https://pay-calculator-australia.com/tax-brackets/,0.4410000145435333
australia tax rates percentage,210,31,informational,50,https://pay-calculator-australia.com/tax-brackets/,0.4410000145435333
australia working holiday tax,210,0,informational,72,https://pay-calculator-australia.com/working-holiday-tax/,0.4410000145435333
australia working holiday visa tax,210,2,informational,71,https://pay-calculator-australia.com/working-holiday-tax/,0.4410000145435333
australian minimum wage per year,210,25,informational,63,https://pay-calculator-australia.com/minimum-wage-history-australia/,0.4410000145435333
australian personal income tax rates,210,32,informational,55,https://pay-calculator-australia.com/tax-brackets/,0.4410000145435333
australian primary teacher salary,210,9,informational,31,https://pay-calculator-australia.com/teacher-pay-australia/,0.4410000145435333
australian resident tax rates,210,31,informational,48,https://pay-calculator-australia.com/tax-brackets/,0.4410000145435333
australian tax for working holiday visa,210,0,informational,37,https://pay-calculator-australia.com/working-holiday-tax/,0.4410000145435333
australian tax rate percentage,210,31,informational,46,https://pay-calculator-australia.com/tax-brackets/,0.4410000145435333
australian tax rates percentage,210,31,informational,47,https://pay-calculator-australia.com/tax-brackets/,0.4410000145435333
australian tax working holiday visa,210,7,informational,74,https://pay-calculator-australia.com/working-holiday-tax/,0.4410000145435333
australian taxation office assessment,210,7,navigational,21,https://pay-calculator-australia.com/notice-of-assessment/,0.4830000102519989
australian working holiday tax,210,0,informational,74,https://pay-calculator-australia.com/working-holiday-tax/,0.4410000145435333
australian working holiday visa tax,210,2,informational,76,https://pay-calculator-australia.com/working-holiday-tax/,0.4410000145435333
average teacher salary victoria,210,0,informational,31,https://pay-calculator-australia.com/teacher-pay-australia/,0.4410000145435333
basic annual salary,210,7,informational,23,https://pay-calculator-australia.com/hourly-to-annual-salary-calculator/,0.4410000145435333
bonus calculator,210,1,informational,1,https://pay-calculator-australia.com/bonus-tax-calculator/,63.84000015258789
bonus pay calculator,210,1,informational,2,https://pay-calculator-australia.com/bonus-tax-calculator/,34.02000045776367
bonus payment calculator,210,12,informational,2,https://pay-calculator-australia.com/bonus-tax-calculator/,34.02000045776367
calculate hour rate from annual salary,210,5,informational,12,https://pay-calculator-australia.com/hourly-to-annual-salary-calculator/,1.5750000476837158
calculate hourly rate,210,27,informational,16,https://pay-calculator-australia.com/hourly-to-annual-salary-calculator/,0.902999997138977
calculate redundancy pay nsw,210,0,informational,42,https://pay-calculator-australia.com/redundancy-pay-calculator/,0.4410000145435333
calculate termination pay,210,0,informational,59,https://pay-calculator-australia.com/final-pay-calculator/,0.4410000145435333
calculation of hourly rate,210,42,informational,16,https://pay-calculator-australia.com/hourly-to-annual-salary-calculator/,0.902999997138977
casual full time,210,0,informational,57,https://pay-calculator-australia.com/full-time-vs-part-time-vs-casual/,0.4410000145435333
casual full-time,210,0,informational,52,https://pay-calculator-australia.com/full-time-vs-part-time-vs-casual/,0.4410000145435333
centrelink income limits,210,16,informational,31,https://pay-calculator-australia.com/centrelink-income-test/,0.4410000145435333
fair work australia pay rates,210,51,informational,26,https://pay-calculator-australia.com/award-rates/,0.4410000145435333
fbt interest rate,210,0,informational,16,https://pay-calculator-australia.com/fringe-benefits-tax/,0.902999997138977
fbt tax rate,210,8,informational,35,https://pay-calculator-australia.com/fringe-benefits-tax/,0.4410000145435333
fifo pay,210,0,informational,14,https://pay-calculator-australia.com/mining-fifo-pay-guide/,1.1759999990463257
find my award rate,210,41,informational,9,https://pay-calculator-australia.com/award-rates/,3.1500000953674316
foreign tax rate,210,0,informational,39,https://pay-calculator-australia.com/non-resident-tax/,0.4410000145435333
foreign tax rates,210,4,informational,36,https://pay-calculator-australia.com/non-resident-tax/,0.4410000145435333
foreigner tax rate,210,2,informational,39,https://pay-calculator-australia.com/non-resident-tax/,0.4410000145435333
fortnight calculator,210,1,informational,9,https://pay-calculator-australia.com/fortnightly-pay-calculator/,3.1500000953674316
full time casual,210,0,informational,37,https://pay-calculator-australia.com/full-time-vs-part-time-vs-casual/,0.4410000145435333
full time to casual,210,0,informational,13,https://pay-calculator-australia.com/full-time-vs-part-time-vs-casual/,1.2389999628067017
gross annual salary,210,9,informational,22,https://pay-calculator-australia.com/gross-pay-calculator/,0.4620000123977661
gross vs net wage,210,9,informational,37,https://pay-calculator-australia.com/gross-pay-calculator/,0.4410000145435333
hecs calculator 2026,210,0,informational,35,https://pay-calculator-australia.com/hecs-help-calculator/,0.4410000145435333
hecs debt amount,210,4,informational,41,https://pay-calculator-australia.com/hecs-help-guide/,0.4410000145435333
hecs repayment rate,210,1,informational,24,https://pay-calculator-australia.com/hecs-repayment-threshold/,0.4410000145435333
help loan repayment,210,13,informational,33,https://pay-calculator-australia.com/hecs-help-guide/,0.4410000145435333
help loan repayments,210,13,informational,40,https://pay-calculator-australia.com/hecs-help-guide/,0.4410000145435333
help loans repayment,210,13,informational,39,https://pay-calculator-australia.com/hecs-help-guide/,0.4410000145435333
holiday leave loading calculator,210,0,informational,63,https://pay-calculator-australia.com/leave-calculator/,0.4410000145435333
hospitality casual rates,210,0,informational,19,https://pay-calculator-australia.com/retail-hospitality-pay-guide/,0.5669999718666077
hour rate calculator,210,42,informational,13,https://pay-calculator-australia.com/hourly-to-annual-salary-calculator/,1.2389999628067017
hour rate to annual salary,210,0,informational,7,https://pay-calculator-australia.com/hourly-to-annual-salary-calculator/,5.375999927520752
hourly rate as annual salary,210,30,informational,11,https://pay-calculator-australia.com/hourly-to-annual-salary-calculator/,1.9110000133514404
hourly rate of pay calculator,210,42,informational,14,https://pay-calculator-australia.com/hourly-to-annual-salary-calculator/,1.1759999990463257
hourly wage per year,210,27,informational,11,https://pay-calculator-australia.com/hourly-to-annual-salary-calculator/,1.9110000133514404
how many percent tax in australia,210,39,informational,64,https://pay-calculator-australia.com/tax-brackets/,0.4410000145435333
how much do teachers make in australia,210,3,informational,25,https://pay-calculator-australia.com/teacher-pay-australia/,0.4410000145435333
how much do you have to earn to pay hecs,210,8,informational,39,https://pay-calculator-australia.com/hecs-help-guide/,0.4410000145435333
how much does a teacher make in australia,210,6,informational,23,https://pay-calculator-australia.com/teacher-pay-australia/,0.4410000145435333
how much i should get paid,210,53,informational,51,https://pay-calculator-australia.com/hourly-to-annual-salary-calculator/,0.4410000145435333
how much income tax,210,10,informational,50,https://pay-calculator-australia.com/income-tax-calculator/,0.4410000145435333
how much is income tax,210,26,informational,66,https://pay-calculator-australia.com/tax-brackets/,0.4410000145435333
how much is paid parental leave after tax,210,0,informational,38,https://pay-calculator-australia.com/parental-leave-pay/,0.4410000145435333
how much is parental leave pay after tax,210,0,informational,31,https://pay-calculator-australia.com/parental-leave-pay/,0.4410000145435333
how much is tax on income,210,24,informational,99,https://pay-calculator-australia.com/tax-brackets/,0.4410000145435333
how much pay should i get,210,22,informational,76,https://pay-calculator-australia.com/hourly-to-annual-salary-calculator/,0.4410000145435333
how much pay will i get,210,14,informational,37,https://pay-calculator-australia.com/pay-rise-calculator/,0.4410000145435333
how much tax do australian pay,210,40,informational,73,https://pay-calculator-australia.com/tax-brackets/,0.4410000145435333
how much tax do australians pay,210,34,informational,49,https://pay-calculator-australia.com/tax-brackets/,0.4410000145435333
how much tax do i pay on 80000 in australia,210,2,informational,13,https://pay-calculator-australia.com/tax-on/80000/,1.2389999628067017
how much tax do you pay on a second job,210,0,informational,17,https://pay-calculator-australia.com/second-job-tax-calculator/,0.902999997138977
how much tax is deducted from salary in australia,210,32,informational,47,https://pay-calculator-australia.com/income-tax-calculator/,0.4410000145435333
how much tax on income,210,31,informational,47,https://pay-calculator-australia.com/income-tax-calculator/,0.4410000145435333
how much tax to pay,210,31,informational,22,https://pay-calculator-australia.com/income-tax-calculator/,0.4620000123977661
income bracket,210,26,informational,42,https://pay-calculator-australia.com/tax-brackets/,0.4410000145435333
income brackets,210,5,informational,42,https://pay-calculator-australia.com/tax-brackets/,0.4410000145435333
income tax brackets 2026,210,43,informational,47,https://pay-calculator-australia.com/tax-brackets/,0.4410000145435333
income tax calculator ay 2025 26,210,37,informational,56,https://pay-calculator-australia.com/income-tax-calculator/,0.4410000145435333
increase in pay,210,17,informational,33,https://pay-calculator-australia.com/pay-rise-calculator/,0.4410000145435333
increase pay,210,26,informational,30,https://pay-calculator-australia.com/pay-rise-calculator/,0.4410000145435333
individual tax brackets,210,27,informational,53,https://pay-calculator-australia.com/tax-brackets/,0.4410000145435333
it pay rates,210,8,informational,21,https://pay-calculator-australia.com/tech-salary-guide-australia/,0.4830000102519989
kitchen hand pay,210,0,informational,31,https://pay-calculator-australia.com/hospitality-award-rates/,0.4410000145435333
kitchen hand wage,210,0,informational,26,https://pay-calculator-australia.com/hospitality-award-rates/,0.4410000145435333
long service leave payout tax,210,0,informational,38,https://pay-calculator-australia.com/long-service-leave-calculator/,0.4410000145435333
long service leave tax,210,0,informational,38,https://pay-calculator-australia.com/long-service-leave-calculator/,0.4410000145435333
long service leave tax calculator,210,0,informational,30,https://pay-calculator-australia.com/long-service-leave-calculator/nt/,0.4410000145435333
mat leave calculator,210,0,informational,47,https://pay-calculator-australia.com/parental-leave-pay/,0.4410000145435333
maternity and parental leave calculator,210,0,informational,49,https://pay-calculator-australia.com/parental-leave-pay/,0.4410000145435333
maternity leave calculator,210,6,informational,44,https://pay-calculator-australia.com/parental-leave-pay/,0.4410000145435333
medicare levy calculator 2026,210,0,informational,25,https://pay-calculator-australia.com/medicare-levy/,0.4410000145435333
medicare surcharge calculator,210,0,informational,23,https://pay-calculator-australia.com/medicare-levy/,0.4410000145435333
melbourne salary calculator,210,16,informational,46,https://pay-calculator-australia.com/pay-calculator-vic/,0.4410000145435333
midwife salary qld,210,0,informational,23,https://pay-calculator-australia.com/healthcare-worker-pay/qld/,0.4410000145435333
midwifery salary qld,210,0,informational,24,https://pay-calculator-australia.com/healthcare-worker-pay/qld/,0.4410000145435333
miner salary australia,210,0,informational,19,https://pay-calculator-australia.com/mining-fifo-pay-guide/,0.5669999718666077
mines australia salary,210,0,informational,28,https://pay-calculator-australia.com/mining-fifo-pay-guide/,0.4410000145435333
mines wages australia,210,0,informational,29,https://pay-calculator-australia.com/mining-fifo-pay-guide/,0.4410000145435333
minimum pay rates australia,210,30,informational,28,https://pay-calculator-australia.com/junior-pay-rates/,0.4410000145435333
minimum wage hospitality australia,210,12,informational,39,https://pay-calculator-australia.com/hospitality-award-rates/,0.4410000145435333
minimum wage in australia per year,210,30,informational,64,https://pay-calculator-australia.com/minimum-wage-history-australia/,0.4410000145435333
minimum wage per year australia,210,26,informational,62,https://pay-calculator-australia.com/minimum-wage-history-australia/,0.4410000145435333
minimum wage rates,210,23,informational,38,https://pay-calculator-australia.com/minimum-wage-history-australia/,0.4410000145435333
mining in australia pay,210,0,informational,26,https://pay-calculator-australia.com/mining-fifo-pay-guide/,0.4410000145435333
mining salary australia,210,0,informational,19,https://pay-calculator-australia.com/mining-fifo-pay-guide/,0.5669999718666077
mining salary in australia,210,0,informational,20,https://pay-calculator-australia.com/mining-fifo-pay-guide/,0.5040000081062317
monthly payg tax table,210,0,informational,16,https://pay-calculator-australia.com/payg-withholding-tables/,0.902999997138977
monthly tax table ato,210,0,informational,16,https://pay-calculator-australia.com/monthly-tax-table/,0.902999997138977
net and gross,210,0,informational,39,https://pay-calculator-australia.com/gross-pay-calculator/,0.4410000145435333
net to gross calculator australia,210,0,informational,35,https://pay-calculator-australia.com/gross-pay-calculator/,0.4410000145435333
night shift penalty rates australia,210,0,informational,53,https://pay-calculator-australia.com/overtime-penalty-rates-guide/,0.4410000145435333
not for profit salary packaging calculator,210,1,informational,46,https://pay-calculator-australia.com/salary-packaging-guide/,0.4410000145435333
nsw nurse award 2025,210,2,informational,28,https://pay-calculator-australia.com/healthcare-worker-pay/nsw/,0.4410000145435333
nsw nurses award pay rates,210,0,informational,23,https://pay-calculator-australia.com/healthcare-worker-pay/nsw/,0.4410000145435333
nsw redundancy pay calculator,210,0,informational,44,https://pay-calculator-australia.com/redundancy-pay-calculator/,0.4410000145435333
nurse levels,210,0,informational,49,https://pay-calculator-australia.com/healthcare-worker-pay/qld/,0.4410000145435333
nurse pay qld,210,0,informational,20,https://pay-calculator-australia.com/healthcare-worker-pay/qld/,0.5040000081062317
nurse wages qld health,210,0,informational,19,https://pay-calculator-australia.com/healthcare-worker-pay/qld/,0.5669999718666077
nursing pay australia,210,0,informational,41,https://pay-calculator-australia.com/healthcare-worker-pay/vic/,0.4410000145435333
online paycheck calculator,210,38,informational,38,https://pay-calculator-australia.com/,0.4410000145435333
overtime pay rates nsw,210,0,informational,38,https://pay-calculator-australia.com/overtime-penalty-rates-guide/,0.4410000145435333
overtime rate nsw,210,0,informational,42,https://pay-calculator-australia.com/overtime-penalty-rates-guide/,0.4410000145435333
overtime rates nsw,210,0,informational,42,https://pay-calculator-australia.com/overtime-penalty-rates-guide/,0.4410000145435333
parental pay rates,210,10,informational,44,https://pay-calculator-australia.com/parental-leave-pay/,0.4410000145435333
pay calculator melbourne,210,9,informational,27,https://pay-calculator-australia.com/pay-calculator-vic/,0.4410000145435333
pay calculator seek,210,8,informational,40,https://pay-calculator-australia.com/,0.4410000145435333
pay raise,210,3,informational,19,https://pay-calculator-australia.com/pay-rise-calculator/,0.5669999718666077
pay rate victoria,210,31,informational,18,https://pay-calculator-australia.com/award-rates/,0.6930000185966492
pay tax brackets,210,32,informational,44,https://pay-calculator-australia.com/tax-brackets/,0.4410000145435333
paycheck calculator salary,210,10,informational,34,https://pay-calculator-australia.com/,0.4410000145435333
paycheck salary calculator,210,9,informational,31,https://pay-calculator-australia.com/,0.4410000145435333
paye calculator tax,210,10,informational,66,https://pay-calculator-australia.com/,0.4410000145435333
paye tax calculator,210,25,informational,43,https://pay-calculator-australia.com/,0.4410000145435333
payg monthly tax table,210,0,informational,16,https://pay-calculator-australia.com/payg-withholding-tables/,0.902999997138977
payg rates,210,16,informational,20,https://pay-calculator-australia.com/payg-withholding-tables/,0.5040000081062317
payg tax tables monthly,210,0,informational,14,https://pay-calculator-australia.com/payg-withholding-tables/,1.1759999990463257
payroll calculator salary,210,34,informational,33,https://pay-calculator-australia.com/,0.4410000145435333
payroll salary calculator,210,38,informational,77,https://pay-calculator-australia.com/pay-calculator-vic/,0.4410000145435333
pension income test calculator,210,11,informational,42,https://pay-calculator-australia.com/age-pension-income-test-calculator/,0.4410000145435333
permanent part time pay rates,210,20,informational,27,https://pay-calculator-australia.com/award-rates/,0.4410000145435333
permanent part time salary,210,3,informational,25,https://pay-calculator-australia.com/employment-type-calculator/,0.4410000145435333
permanent part-time pay rates,210,20,informational,24,https://pay-calculator-australia.com/award-rates/,0.4410000145435333
permanent part-time salary,210,7,informational,12,https://pay-calculator-australia.com/employment-type-calculator/,1.5750000476837158
personal income tax rates australia,210,32,informational,56,https://pay-calculator-australia.com/tax-brackets/,0.4410000145435333
personal income tax rates in australia,210,26,informational,59,https://pay-calculator-australia.com/tax-brackets/,0.4410000145435333
personal tax rate 2025,210,32,informational,54,https://pay-calculator-australia.com/tax-brackets/,0.4410000145435333
primary teacher australia salary,210,6,commercial,37,https://pay-calculator-australia.com/teacher-pay-australia/,0.4410000145435333
primary teachers salary australia,210,5,informational,33,https://pay-calculator-australia.com/teacher-pay-australia/,0.4410000145435333
private health insurance and tax,210,0,informational,70,https://pay-calculator-australia.com/private-health-insurance-medicare/,0.4410000145435333
private health insurance tax,210,0,informational,66,https://pay-calculator-australia.com/private-health-insurance-medicare/,0.4410000145435333
queensland tax rate,210,32,informational,47,https://pay-calculator-australia.com/tax-brackets/,0.4410000145435333
queensland tax rates,210,37,informational,49,https://pay-calculator-australia.com/tax-brackets/,0.4410000145435333
rate for me,210,6,informational,40,https://pay-calculator-australia.com/award-rates/,0.4410000145435333
rate hour calculator,210,9,informational,33,https://pay-calculator-australia.com/overtime-pay-calculator/,0.4410000145435333
redundancy calculator ato,210,0,informational,27,https://pay-calculator-australia.com/redundancy-pay-calculator/,0.4410000145435333
redundancy pay calculator nsw,210,15,informational,20,https://pay-calculator-australia.com/redundancy-pay-calculator/,0.5040000081062317
redundancy payment calculator nsw,210,15,informational,23,https://pay-calculator-australia.com/redundancy-pay-calculator/,0.4410000145435333
redundancy payments calculator nsw,210,15,informational,23,https://pay-calculator-australia.com/redundancy-pay-calculator/,0.4410000145435333
redundancy payments nsw calculator,210,15,informational,21,https://pay-calculator-australia.com/redundancy-pay-calculator/,0.4830000102519989
registered nurse salary melbourne,210,0,informational,40,https://pay-calculator-australia.com/healthcare-worker-pay/vic/,0.4410000145435333
registered nurse salary nsw hourly rate,210,0,informational,35,https://pay-calculator-australia.com/healthcare-worker-pay/nsw/,0.4410000145435333
retail award rate casual,210,0,informational,12,https://pay-calculator-australia.com/retail-award-rates/,1.5750000476837158
rn salary melbourne,210,0,informational,43,https://pay-calculator-australia.com/healthcare-worker-pay/vic/,0.4410000145435333
s g calculator,210,10,informational,39,https://pay-calculator-australia.com/superannuation-calculator/,0.4410000145435333
salary calculator paycheck,210,38,informational,30,https://pay-calculator-australia.com/,0.4410000145435333
salary for minimum wage,210,32,informational,58,https://pay-calculator-australia.com/junior-pay-rates/,0.4410000145435333
salary in mining industry australia,210,0,informational,16,https://pay-calculator-australia.com/mining-fifo-pay-guide/,0.902999997138977
salary paycheck calculator,210,14,informational,35,https://pay-calculator-australia.com/,0.4410000145435333
salary sacrifice maximum,210,12,informational,57,https://pay-calculator-australia.com/salary-sacrifice-guide/,0.4410000145435333
salary to paycheck calculator,210,34,informational,32,https://pay-calculator-australia.com/,0.4410000145435333
schads level 3 salary,210,0,informational,17,https://pay-calculator-australia.com/schads-award-pay-rates/,0.902999997138977
schads level 8,210,0,informational,22,https://pay-calculator-australia.com/schads-award-pay-rates/,0.4620000123977661
second job tax calculator australia,210,10,informational,6,https://pay-calculator-australia.com/second-job-tax-calculator/,7.0980000495910645
secondary teacher salary victoria,210,0,informational,33,https://pay-calculator-australia.com/teacher-pay-australia/vic/,0.4410000145435333
secondary teachers salary victoria,210,0,informational,31,https://pay-calculator-australia.com/teacher-pay-australia/vic/,0.4410000145435333
sg calculator,210,12,informational,80,https://pay-calculator-australia.com/superannuation-calculator/,0.4410000145435333
simple annual leave calculator,210,0,informational,23,https://pay-calculator-australia.com/leave-calculator/,0.4410000145435333
super co contribution 2025,210,0,informational,71,https://pay-calculator-australia.com/super-co-contribution/,0.4410000145435333
super rate 2023,210,7,informational,39,https://pay-calculator-australia.com/super-guarantee-rate-history/,0.4410000145435333
super threshold 2026,210,4,informational,63,https://pay-calculator-australia.com/news/super-contribution-caps-2026-27/,0.4410000145435333
take home pay calculator ato,210,26,informational,64,https://pay-calculator-australia.com/take-home-pay-calculator/,0.4410000145435333
tax 50000,210,14,informational,14,https://pay-calculator-australia.com/tax-on/50000/,1.1759999990463257
tax 60000,210,27,informational,13,https://pay-calculator-australia.com/tax-on/60000/,1.2389999628067017
tax and private health insurance,210,0,informational,63,https://pay-calculator-australia.com/private-health-insurance-medicare/,0.4410000145435333
tax australia working holiday,210,2,informational,74,https://pay-calculator-australia.com/working-holiday-tax/,0.4410000145435333
tax bracket and percentage,210,11,informational,46,https://pay-calculator-australia.com/tax-brackets/,0.4410000145435333
tax bracket individual,210,31,informational,50,https://pay-calculator-australia.com/tax-brackets/,0.4410000145435333
tax bracket rates,210,31,informational,48,https://pay-calculator-australia.com/tax-brackets/,0.4410000145435333
tax brackets 2024 2025,210,31,commercial,49,https://pay-calculator-australia.com/tax-brackets/,0.4410000145435333
tax brackets and percentages,210,31,informational,43,https://pay-calculator-australia.com/tax-brackets/,0.4410000145435333
tax brackets and rates,210,31,informational,50,https://pay-calculator-australia.com/tax-brackets/,0.4410000145435333
tax brackets individuals,210,36,informational,53,https://pay-calculator-australia.com/tax-brackets/,0.4410000145435333
tax calculator for second job australia,210,24,informational,7,https://pay-calculator-australia.com/second-job-tax-calculator/,5.375999927520752
tax cut 2026,210,16,informational,59,https://pay-calculator-australia.com/tax-changes-2026-27/,0.4410000145435333
tax for 50000,210,14,informational,13,https://pay-calculator-australia.com/tax-on/50000/,1.2389999628067017
tax for 60000,210,10,informational,10,https://pay-calculator-australia.com/tax-on/60000/,2.372999906539917
tax in australia percentage,210,31,informational,51,https://pay-calculator-australia.com/tax-brackets/,0.4410000145435333
tax in australia working holiday visa,210,0,informational,74,https://pay-calculator-australia.com/working-holiday-tax/,0.4410000145435333
tax on $50 000 australia,210,21,informational,10,https://pay-calculator-australia.com/tax-on/50000/,2.372999906539917
tax on $70000 australia,210,21,commercial,11,https://pay-calculator-australia.com/tax-on/70000/,1.9110000133514404
tax on 120k salary australia,210,15,informational,38,https://pay-calculator-australia.com/take-home-pay-on/120000/,0.4410000145435333
tax on 140k australia,210,13,informational,33,https://pay-calculator-australia.com/tax-on/140000/,0.4410000145435333
tax on 180k australia,210,20,informational,40,https://pay-calculator-australia.com/take-home-pay-on/180000/,0.4410000145435333
tax on 200000,210,12,informational,69,https://pay-calculator-australia.com/tax-on/200000/,0.4410000145435333
tax on 30 000 australia,210,11,informational,16,https://pay-calculator-australia.com/tax-on/30000/,0.902999997138977
tax on 30000 australia,210,25,informational,11,https://pay-calculator-australia.com/tax-on/30000/,1.9110000133514404
tax on 50 000,210,0,informational,8,https://pay-calculator-australia.com/tax-on/50000/,4.13700008392334
tax on 50000,210,3,informational,13,https://pay-calculator-australia.com/tax-on/50000/,1.2389999628067017
tax on 55000 australia,210,17,informational,40,https://pay-calculator-australia.com/take-home-pay-on/55000/,0.4410000145435333
tax on 60000,210,11,informational,5,https://pay-calculator-australia.com/tax-on/60000/,9.848999977111816
tax on 70000,210,14,informational,17,https://pay-calculator-australia.com/tax-on/70000/,0.902999997138977
tax on second job australia calculator,210,8,informational,6,https://pay-calculator-australia.com/second-job-tax-calculator/,7.0980000495910645
tax on working holiday visa australia,210,0,informational,70,https://pay-calculator-australia.com/working-holiday-tax/,0.4410000145435333
tax rate brackets,210,31,informational,48,https://pay-calculator-australia.com/tax-brackets/,0.4410000145435333
tax rate for redundancy,210,0,informational,60,https://pay-calculator-australia.com/redundancy-pay-guide/,0.4410000145435333
tax rates 2026 2027,210,32,informational,73,https://pay-calculator-australia.com/tax-changes-2026-27/,0.4410000145435333
tax rates 26 27,210,32,informational,48,https://pay-calculator-australia.com/tax-changes-2026-27/,0.4410000145435333
tax return dates 2026,210,0,informational,67,https://pay-calculator-australia.com/tax-calendar/,0.4410000145435333
tax table australia weekly,210,1,informational,36,https://pay-calculator-australia.com/weekly-tax-table/,0.4410000145435333
tax table weekly australia,210,0,informational,34,https://pay-calculator-australia.com/weekly-tax-table/,0.4410000145435333
tax tables 2026 fortnightly,210,0,transactional,13,https://pay-calculator-australia.com/payg-withholding-tables/,1.2389999628067017
tax withholding rates,210,10,informational,18,https://pay-calculator-australia.com/payg-withholding-tables/,0.6930000185966492
tax working holiday australia,210,0,informational,69,https://pay-calculator-australia.com/working-holiday-tax/,0.4410000145435333
tax working holiday visa australia,210,2,informational,74,https://pay-calculator-australia.com/working-holiday-tax/,0.4410000145435333
taxes by income,210,37,informational,60,https://pay-calculator-australia.com/tax-brackets/,0.4410000145435333
teacher annual salary,210,15,informational,22,https://pay-calculator-australia.com/teacher-pay-australia/,0.4620000123977661
teacher pay vic,210,0,informational,34,https://pay-calculator-australia.com/teacher-pay-australia/vic/,0.4410000145435333
teacher wage qld,210,0,informational,20,https://pay-calculator-australia.com/teacher-pay-australia/qld/,0.5040000081062317
teacher wages qld,210,0,informational,29,https://pay-calculator-australia.com/teacher-pay-australia/qld/,0.4410000145435333
teacher yearly income,210,8,informational,18,https://pay-calculator-australia.com/teacher-pay-australia/,0.6930000185966492
teachers wages qld,210,0,informational,21,https://pay-calculator-australia.com/teacher-pay-australia/qld/,0.4830000102519989
teaching pay scale victoria,210,0,informational,33,https://pay-calculator-australia.com/teacher-pay-australia/vic/,0.4410000145435333
termination pay calculation,210,0,informational,70,https://pay-calculator-australia.com/final-pay-calculator/,0.4410000145435333
termination pay calculator,210,0,informational,49,https://pay-calculator-australia.com/redundancy-pay-calculator/,0.4410000145435333
termination payment calculator,210,0,informational,55,https://pay-calculator-australia.com/redundancy-pay-calculator/,0.4410000145435333
termination payments calculator,210,0,informational,62,https://pay-calculator-australia.com/redundancy-pay-calculator/,0.4410000145435333
wage calculator melbourne,210,8,informational,18,https://pay-calculator-australia.com/pay-calculator-vic/,0.6930000185966492
weekly pay after tax calculator,210,6,informational,40,https://pay-calculator-australia.com/weekly-pay-calculator/,0.4410000145435333
weekly tax tables 2025,210,0,informational,35,https://pay-calculator-australia.com/weekly-tax-table/,0.4410000145435333
weekly tax tables australia,210,1,informational,29,https://pay-calculator-australia.com/weekly-tax-table/,0.4410000145435333
wfh calculator,210,0,informational,69,https://pay-calculator-australia.com/work-from-home-deductions/,0.4410000145435333
wfh fixed rate method,210,0,informational,57,https://pay-calculator-australia.com/work-from-home-deductions/,0.4410000145435333
wfh tax deduction 2026,210,0,informational,90,https://pay-calculator-australia.com/work-from-home-deductions/,0.4410000145435333
what are award rates,210,16,informational,22,https://pay-calculator-australia.com/award-rates/,0.4620000123977661
what are on costs,210,0,informational,11,https://pay-calculator-australia.com/employer-cost-calculator/,1.9110000133514404
what is a tax assessment notice,210,0,informational,54,https://pay-calculator-australia.com/notice-of-assessment/,0.4410000145435333
what is annual salary,210,5,informational,15,https://pay-calculator-australia.com/hourly-to-annual-salary-calculator/,1.0709999799728394
what is overtime rate,210,0,informational,75,https://pay-calculator-australia.com/overtime-pay-calculator/,0.4410000145435333
what is tax assessment notice,210,0,informational,46,https://pay-calculator-australia.com/notice-of-assessment/,0.4410000145435333
whv australia tax,210,0,informational,72,https://pay-calculator-australia.com/working-holiday-tax/,0.4410000145435333
work from home calculator ato,210,18,informational,40,https://pay-calculator-australia.com/work-from-home-deductions/,0.4410000145435333
work from home cents per hour,210,0,informational,63,https://pay-calculator-australia.com/work-from-home-deductions/,0.4410000145435333
work from home tax calculator,210,6,informational,20,https://pay-calculator-australia.com/work-from-home-deductions/,0.5040000081062317
work test paid parental leave,210,0,commercial,40,https://pay-calculator-australia.com/parental-leave-pay/,0.4410000145435333
working from home calculator ato,210,18,informational,44,https://pay-calculator-australia.com/work-from-home-deductions/,0.4410000145435333
working holiday australia tax,210,0,informational,76,https://pay-calculator-australia.com/working-holiday-tax/,0.4410000145435333
working holiday tax australia,210,0,informational,74,https://pay-calculator-australia.com/working-holiday-tax/,0.4410000145435333
working holiday visa australia tax,210,0,informational,76,https://pay-calculator-australia.com/working-holiday-tax/,0.4410000145435333
working holiday visa tax australia,210,0,informational,37,https://pay-calculator-australia.com/working-holiday-tax/,0.4410000145435333
yearly salary to hourly rate,210,5,informational,46,https://pay-calculator-australia.com/hourly-to-annual-salary-calculator/,0.4410000145435333
zone list ato,210,0,informational,11,https://pay-calculator-australia.com/zone-tax-offset/,1.9110000133514404
1000 tax deduction 2025 2026,170,9,commercial,48,https://pay-calculator-australia.com/news/1000-dollar-instant-tax-deduction/,0.3569999933242798
100k a year is how much an hour,170,0,informational,26,https://pay-calculator-australia.com/salary-to-hourly/100000/,0.3569999933242798
100k salary after tax australia,170,12,informational,55,https://pay-calculator-australia.com/take-home-pay-on/100000/,0.3569999933242798
100k salary after taxes australia,170,9,informational,55,https://pay-calculator-australia.com/tax-on/100000/,0.3569999933242798
110 000 after tax australia,170,7,informational,46,https://pay-calculator-australia.com/salary-to-hourly/110000/,0.3569999933242798
120k after tax,170,9,informational,52,https://pay-calculator-australia.com/take-home-pay-on/120000/,0.3569999933242798
140 000 after tax australia,170,17,informational,18,https://pay-calculator-australia.com/salary-to-hourly/140000/,0.5609999895095825
140000 after tax australia,170,20,informational,10,https://pay-calculator-australia.com/tax-on/140000/,1.9210000038146973
150 000 after tax australia,170,7,informational,63,https://pay-calculator-australia.com/tax-on/150000/,0.3569999933242798
150000 after tax,170,0,informational,14,https://pay-calculator-australia.com/take-home-pay-on/150000/,0.9520000219345093
150000 after tax australia,170,4,informational,67,https://pay-calculator-australia.com/tax-on/150000/,0.3569999933242798
2027 tax brackets,170,32,informational,78,https://pay-calculator-australia.com/tax-brackets/,0.3569999933242798
60 per hour annual salary,170,0,informational,5,https://pay-calculator-australia.com/hourly-to-annual-salary-calculator/,7.9730000495910645
70 000 after tax,170,10,informational,21,https://pay-calculator-australia.com/salary-to-hourly/70000/,0.39100000262260437
70k a year is how much a week after tax,170,11,informational,41,https://pay-calculator-australia.com/tax-on/70000/,0.3569999933242798
75k a year is how much a week after tax,170,5,informational,11,https://pay-calculator-australia.com/take-home-pay-on/75000/,1.5469999313354492
80k after tax,170,9,informational,38,https://pay-calculator-australia.com/take-home-pay-on/80000/,0.3569999933242798
85000/52,170,0,informational,6,https://pay-calculator-australia.com/salary-to-hourly/85000/,5.745999813079834
90000 a year is how much an hour,170,0,informational,8,https://pay-calculator-australia.com/salary-to-hourly/90000/,3.3489999771118164
90k a year is how much a week after tax,170,1,informational,24,https://pay-calculator-australia.com/salary-to-hourly/90000/,0.3569999933242798
90k a year is how much an hour,170,0,informational,10,https://pay-calculator-australia.com/salary-to-hourly/90000/,1.9210000038146973
annual gross income calculator,170,31,informational,42,https://pay-calculator-australia.com/gross-pay-calculator/,0.3569999933242798
annual gross salary calculator,170,13,informational,54,https://pay-calculator-australia.com/annual-pay-calculator/,0.3569999933242798
annual leave calculator part time,170,2,informational,78,https://pay-calculator-australia.com/leave-calculator/,0.3569999933242798
annual leave part time calculator,170,0,informational,65,https://pay-calculator-australia.com/leave-calculator/,0.3569999933242798
annual salary to hourly,170,27,informational,39,https://pay-calculator-australia.com/hourly-to-annual-salary-calculator/,0.3569999933242798
ato 2025 tax rates,170,31,informational,83,https://pay-calculator-australia.com/tax-brackets/,0.3569999933242798
ato fortnightly tax table 2026,170,3,transactional,17,https://pay-calculator-australia.com/payg-withholding-tables/,0.7310000061988831
ato monthly tax tables 2026,170,6,commercial,19,https://pay-calculator-australia.com/payg-withholding-tables/,0.45899999141693115
ato tax brackets 25 26,170,31,informational,70,https://pay-calculator-australia.com/tax-brackets/,0.3569999933242798
ato tax calculator income,170,38,informational,77,https://pay-calculator-australia.com/income-tax-calculator/,0.3569999933242798
australia redundancy pay calculator,170,11,informational,55,https://pay-calculator-australia.com/redundancy-pay-calculator/,0.3569999933242798
australian teacher wage,170,6,informational,52,https://pay-calculator-australia.com/teacher-pay-australia/,0.3569999933242798
average income australia 2025,170,9,informational,42,https://pay-calculator-australia.com/average-salary-australia/,0.3569999933242798
average salary australia 2025,170,7,informational,71,https://pay-calculator-australia.com/average-salary-australia/,0.3569999933242798
award rate of pay,170,17,informational,24,https://pay-calculator-australia.com/award-rates/,0.3569999933242798
award rates nsw,170,41,informational,21,https://pay-calculator-australia.com/award-rates/,0.39100000262260437
award rates of pay,170,16,informational,38,https://pay-calculator-australia.com/award-rates/,0.3569999933242798
award rates pay,170,14,informational,21,https://pay-calculator-australia.com/award-rates/,0.39100000262260437
base salary calculator,170,10,informational,71,https://pay-calculator-australia.com/pay-calculator-vic/,0.3569999933242798
bonus payment tax rate,170,0,informational,49,https://pay-calculator-australia.com/bonus-tax-calculator/,0.3569999933242798
bonus tax rate,170,0,informational,42,https://pay-calculator-australia.com/bonus-tax-calculator/,0.3569999933242798
bonuses tax rate,170,0,informational,44,https://pay-calculator-australia.com/bonus-tax-calculator/,0.3569999933242798
calculate annual income from hourly,170,30,informational,18,https://pay-calculator-australia.com/hourly-to-annual-salary-calculator/,0.5609999895095825
calculate final pay,170,0,informational,38,https://pay-calculator-australia.com/final-pay-calculator/,0.3569999933242798
calculate hourly rate from annual,170,27,informational,10,https://pay-calculator-australia.com/hourly-to-annual-salary-calculator/,1.9210000038146973
calculate hourly wage to annual,170,30,informational,9,https://pay-calculator-australia.com/hourly-to-annual-salary-calculator/,2.549999952316284
calculating final pay,170,0,informational,57,https://pay-calculator-australia.com/final-pay-calculator/,0.3569999933242798
calculating redundancy pay in australia,170,11,commercial,59,https://pay-calculator-australia.com/redundancy-pay-calculator/,0.3569999933242798
calculating superannuation guarantee,170,0,informational,59,https://pay-calculator-australia.com/superannuation-calculator/,0.3569999933242798
casual and part time difference,170,0,informational,38,https://pay-calculator-australia.com/full-time-vs-part-time-vs-casual/,0.3569999933242798
casual and part-time difference,170,0,informational,46,https://pay-calculator-australia.com/full-time-vs-part-time-vs-casual/,0.3569999933242798
casual pay calculator,170,8,informational,21,https://pay-calculator-australia.com/employment-type-calculator/,0.39100000262260437
centrelink how much can i earn,170,13,informational,13,https://pay-calculator-australia.com/centrelink-income-test/,1.003000020980835
concessional super contributions 2026,170,8,commercial,92,https://pay-calculator-australia.com/news/super-contribution-caps-2026-27/,0.3569999933242798
contractor employee difference,170,9,informational,27,https://pay-calculator-australia.com/contractor-vs-employee/,0.3569999933242798
converting hourly rate to annual salary,170,2,informational,8,https://pay-calculator-australia.com/hourly-to-annual-salary-calculator/,3.3489999771118164
difference between employee and contractor,170,10,informational,22,https://pay-calculator-australia.com/contractor-vs-employee/,0.37400001287460327
employee and contractor difference,170,23,informational,24,https://pay-calculator-australia.com/contractor-vs-employee/,0.3569999933242798
fair work rates,170,41,informational,26,https://pay-calculator-australia.com/award-rates/,0.3569999933242798
fair work redundancy table,170,4,informational,23,https://pay-calculator-australia.com/redundancy-pay-guide/,0.3569999933242798
fbt calculation,170,0,informational,43,https://pay-calculator-australia.com/fringe-benefits-tax/,0.3569999933242798
final pay calculator,170,0,informational,43,https://pay-calculator-australia.com/final-pay-calculator/,0.3569999933242798
financial year dates 24/25,170,0,transactional,71,https://pay-calculator-australia.com/tax-calendar/,0.3569999933242798
first year teaching salary,170,7,informational,26,https://pay-calculator-australia.com/teacher-pay-australia/,0.3569999933242798
fixed rate method 2025,170,0,transactional,40,https://pay-calculator-australia.com/work-from-home-deductions/,0.3569999933242798
fixed rate method work from home,170,0,commercial,69,https://pay-calculator-australia.com/work-from-home-deductions/,0.3569999933242798
fixed rate method working from home,170,0,informational,61,https://pay-calculator-australia.com/work-from-home-deductions/,0.3569999933242798
fortnightly tax table 2026 calculator,170,8,transactional,16,https://pay-calculator-australia.com/payg-withholding-tables/,0.7310000061988831
fortnightly tax table 2026 pdf free download australia,170,0,transactional,19,https://pay-calculator-australia.com/payg-withholding-tables/,0.45899999141693115
fy25 tax rates,170,31,informational,43,https://pay-calculator-australia.com/tax-brackets/,0.3569999933242798
hecs brackets,170,0,informational,6,https://pay-calculator-australia.com/hecs-help-guide/,5.745999813079834
help threshold,170,5,informational,33,https://pay-calculator-australia.com/hecs-help-guide/,0.3569999933242798
hour to yearly salary,170,5,informational,10,https://pay-calculator-australia.com/hourly-to-annual-salary-calculator/,1.9210000038146973
hourly to annual income calculator,170,3,informational,7,https://pay-calculator-australia.com/hourly-to-annual-salary-calculator/,4.3520002365112305
hourly to annual salary calculator,170,42,informational,12,https://pay-calculator-australia.com/hourly-to-annual-salary-calculator/,1.274999976158142
hourly wage annual salary calculator,170,3,informational,7,https://pay-calculator-australia.com/hourly-to-annual-salary-calculator/,4.3520002365112305
hourly wage yearly calculator,170,42,informational,23,https://pay-calculator-australia.com/hourly-to-annual-salary-calculator/,0.3569999933242798
how is overtime calculated,170,5,informational,40,https://pay-calculator-australia.com/overtime-pay-calculator/,0.3569999933242798
how long will my super last calculator ato,170,15,informational,66,https://pay-calculator-australia.com/superannuation-guide/,0.3569999933242798
how much am i getting paid,170,46,informational,84,https://pay-calculator-australia.com/pay-calculator-wa/,0.3569999933242798
how much can i earn on centrelink,170,3,informational,14,https://pay-calculator-australia.com/centrelink-income-test/,0.9520000219345093
how much do i get taxed in australia,170,38,informational,50,https://pay-calculator-australia.com/income-tax-calculator/,0.3569999933242798
how much percent is super,170,11,informational,57,https://pay-calculator-australia.com/superannuation-guide/,0.3569999933242798
how much tax do you pay,170,31,informational,52,https://pay-calculator-australia.com/income-tax-calculator/,0.3569999933242798
how much tax pay,170,20,informational,14,https://pay-calculator-australia.com/income-tax-calculator/,0.9520000219345093
how much will i get paid,170,18,informational,36,https://pay-calculator-australia.com/pay-rise-calculator/,0.3569999933242798
how much will i get taxed this week,170,9,informational,47,https://pay-calculator-australia.com/,0.3569999933242798
how to calculate accrued annual leave,170,0,informational,73,https://pay-calculator-australia.com/leave-calculator/,0.3569999933242798
how to calculate fbt,170,0,informational,43,https://pay-calculator-australia.com/fringe-benefits-tax/,0.3569999933242798
how to calculate gross income,170,7,informational,23,https://pay-calculator-australia.com/gross-pay-calculator/,0.3569999933242798
how to calculate hourly rate,170,8,informational,14,https://pay-calculator-australia.com/hourly-to-annual-salary-calculator/,0.9520000219345093
how to calculate overtime,170,0,informational,15,https://pay-calculator-australia.com/overtime-pay-calculator/,0.8669999837875366
how to calculate redundancy pay australia,170,15,informational,61,https://pay-calculator-australia.com/redundancy-pay-calculator/,0.3569999933242798
how to calculate tax payment,170,28,informational,59,https://pay-calculator-australia.com/bonus-tax-calculator/,0.3569999933242798
how to figure gross income,170,24,informational,19,https://pay-calculator-australia.com/gross-pay-calculator/,0.45899999141693115
how to figure out gross income,170,21,informational,42,https://pay-calculator-australia.com/gross-pay-calculator/,0.3569999933242798
how to find gross income,170,21,informational,9,https://pay-calculator-australia.com/gross-pay-calculator/,2.549999952316284
how to work out gross income,170,4,informational,26,https://pay-calculator-australia.com/gross-pay-calculator/,0.3569999933242798
how.to work out gross income,170,8,informational,27,https://pay-calculator-australia.com/gross-pay-calculator/,0.3569999933242798
income tax brackets 2025,170,24,informational,45,https://pay-calculator-australia.com/tax-brackets/,0.3569999933242798
income tax marginal rate,170,21,informational,54,https://pay-calculator-australia.com/tax-brackets/,0.3569999933242798
income tax marginal rates,170,19,informational,46,https://pay-calculator-australia.com/tax-brackets/,0.3569999933242798
income tax percentage,170,31,informational,62,https://pay-calculator-australia.com/tax-brackets/,0.3569999933242798
income taxes percentage,170,31,informational,57,https://pay-calculator-australia.com/tax-brackets/,0.3569999933242798
is paid parental leave taxed,170,0,informational,26,https://pay-calculator-australia.com/parental-leave-pay/,0.3569999933242798
is parental leave pay taxable,170,0,informational,23,https://pay-calculator-australia.com/parental-leave-pay/,0.3569999933242798
it australia salary,170,14,informational,37,https://pay-calculator-australia.com/tech-salary-guide-australia/,0.3569999933242798
it in australia salary,170,6,informational,37,https://pay-calculator-australia.com/tech-salary-guide-australia/,0.3569999933242798
it pay rates australia,170,16,informational,32,https://pay-calculator-australia.com/tech-salary-guide-australia/,0.3569999933242798
it salaries australia,170,14,informational,24,https://pay-calculator-australia.com/tech-salary-guide-australia/,0.3569999933242798
it salaries in australia,170,14,informational,28,https://pay-calculator-australia.com/tech-salary-guide-australia/,0.3569999933242798
it salary australia,170,14,informational,38,https://pay-calculator-australia.com/tech-salary-guide-australia/,0.3569999933242798
it salary in australia,170,14,informational,39,https://pay-calculator-australia.com/tech-salary-guide-australia/,0.3569999933242798
it wages australia,170,0,informational,37,https://pay-calculator-australia.com/tech-salary-guide-australia/,0.3569999933242798
it wages in australia,170,0,informational,36,https://pay-calculator-australia.com/tech-salary-guide-australia/,0.3569999933242798
leave calculator australia,170,0,informational,25,https://pay-calculator-australia.com/leave-calculator/,0.3569999933242798
leave calculator nsw,170,0,informational,41,https://pay-calculator-australia.com/leave-calculator/,0.3569999933242798
level 3 hospitality pay rate casual,170,0,informational,20,https://pay-calculator-australia.com/retail-hospitality-pay-guide/,0.40799999237060547
lump sum tax calculator,170,6,informational,8,https://pay-calculator-australia.com/bonus-tax-calculator/,3.3489999771118164
lump sum taxes calculator,170,5,informational,8,https://pay-calculator-australia.com/bonus-tax-calculator/,3.3489999771118164
marginal income tax rates,170,17,informational,45,https://pay-calculator-australia.com/tax-brackets/,0.3569999933242798
median income australia 2025,170,5,informational,38,https://pay-calculator-australia.com/average-salary-australia/,0.3569999933242798
medicare levy 2025,170,20,informational,26,https://pay-calculator-australia.com/medicare-levy/,0.3569999933242798
medicare levy 2026,170,16,informational,68,https://pay-calculator-australia.com/news/medicare-levy-thresholds-2026/,0.3569999933242798
medicare levy surcharge calculator ato,170,24,informational,33,https://pay-calculator-australia.com/medicare-levy/,0.3569999933242798
monthly tax tables,170,0,informational,9,https://pay-calculator-australia.com/payg-withholding-tables/,2.549999952316284
nat 3092 form,170,6,informational,37,https://pay-calculator-australia.com/tax-file-number-declaration/,0.3569999933242798
non resident tax rates ato,170,34,informational,32,https://pay-calculator-australia.com/non-resident-tax/,0.3569999933242798
notice of assessment meaning,170,8,informational,48,https://pay-calculator-australia.com/notice-of-assessment/,0.3569999933242798
nursing eba victoria pay rates 2025,170,0,informational,29,https://pay-calculator-australia.com/healthcare-worker-pay/vic/,0.3569999933242798
overtime pay rates qld,170,0,informational,28,https://pay-calculator-australia.com/overtime-penalty-rates-guide/,0.3569999933242798
overtime rates qld,170,0,informational,29,https://pay-calculator-australia.com/overtime-penalty-rates-guide/,0.3569999933242798
paid parental leave income test,170,0,informational,35,https://pay-calculator-australia.com/parental-leave-pay/,0.3569999933242798
paid parental leave who pays,170,9,informational,64,https://pay-calculator-australia.com/parental-leave-pay/,0.3569999933242798
painter apprenticeship wages,170,0,informational,33,https://pay-calculator-australia.com/construction-trades-pay/,0.3569999933242798
part time calculator salary,170,9,informational,68,https://pay-calculator-australia.com/employment-type-calculator/,0.3569999933242798
part time salary calculator,170,15,informational,68,https://pay-calculator-australia.com/hourly-to-annual-salary-calculator/,0.3569999933242798
part-time annual leave calculator,170,0,informational,68,https://pay-calculator-australia.com/leave-calculator/,0.3569999933242798
part-time salary calculator,170,15,informational,81,https://pay-calculator-australia.com/weekly-pay-calculator/,0.3569999933242798
part-time wage calculator,170,15,informational,73,https://pay-calculator-australia.com/employment-type-calculator/,0.3569999933242798
pay calculator by hourly rate,170,34,informational,17,https://pay-calculator-australia.com/hourly-to-annual-salary-calculator/,0.7310000061988831
pay calculator hourly to annual,170,29,informational,11,https://pay-calculator-australia.com/hourly-to-annual-salary-calculator/,1.5469999313354492
pay calculator online,170,22,informational,73,https://pay-calculator-australia.com/pay-calculator-vic/,0.3569999933242798
pay calculator part time,170,13,informational,72,https://pay-calculator-australia.com/employment-type-calculator/,0.3569999933242798
pay calculator perth,170,33,informational,38,https://pay-calculator-australia.com/pay-calculator-wa/,0.3569999933242798
pay increase calculator australia,170,17,informational,8,https://pay-calculator-australia.com/pay-rise-calculator/,3.3489999771118164
pay rates and awards,170,14,informational,20,https://pay-calculator-australia.com/award-rates/,0.40799999237060547
pay rise calculator australia,170,3,informational,7,https://pay-calculator-australia.com/pay-rise-calculator/,4.3520002365112305
pay tax calculator ato,170,28,informational,55,https://pay-calculator-australia.com/,0.3569999933242798
payg weekly tax table 2026,170,0,transactional,15,https://pay-calculator-australia.com/payg-withholding-tables/,0.8669999837875366
payg withholding table,170,0,informational,14,https://pay-calculator-australia.com/payg-withholding-tables/,0.9520000219345093
payslip tax calculator,170,12,informational,43,https://pay-calculator-australia.com/,0.3569999933242798
perth teacher salary,170,0,informational,26,https://pay-calculator-australia.com/teacher-pay-australia/,0.3569999933242798
pro rata salary calculator au,170,8,informational,79,https://pay-calculator-australia.com/annual-pay-calculator/,0.3569999933242798
purchased leave calculator,170,0,informational,63,https://pay-calculator-australia.com/leave-calculator/,0.3569999933242798
qld tax rates,170,32,informational,47,https://pay-calculator-australia.com/tax-brackets/,0.3569999933242798
redundancy payment calculator ato,170,0,informational,66,https://pay-calculator-australia.com/redundancy-pay-calculator/,0.3569999933242798
redundancy payment calculator victoria,170,0,informational,42,https://pay-calculator-australia.com/redundancy-pay-calculator/,0.3569999933242798
redundancy payment victoria calculator,170,11,informational,45,https://pay-calculator-australia.com/redundancy-pay-calculator/,0.3569999933242798
redundancy payments victoria calculator,170,11,informational,42,https://pay-calculator-australia.com/redundancy-pay-calculator/,0.3569999933242798
salary bonus tax rate,170,0,informational,12,https://pay-calculator-australia.com/bonus-tax-calculator/,1.274999976158142
salary calculator for part time,170,5,informational,65,https://pay-calculator-australia.com/employment-type-calculator/,0.3569999933242798
salary calculator hourly,170,33,informational,27,https://pay-calculator-australia.com/hourly-to-annual-salary-calculator/,0.3569999933242798
salary calculator hr,170,29,informational,26,https://pay-calculator-australia.com/hourly-to-annual-salary-calculator/,0.3569999933242798
salary calculator in hours,170,45,informational,25,https://pay-calculator-australia.com/hourly-to-annual-salary-calculator/,0.3569999933242798
salary calculator part time,170,10,informational,66,https://pay-calculator-australia.com/employment-type-calculator/,0.3569999933242798
salary calculator with hourly rate,170,6,informational,14,https://pay-calculator-australia.com/hourly-to-annual-salary-calculator/,0.9520000219345093
salary hours calculator,170,43,informational,27,https://pay-calculator-australia.com/hourly-to-annual-salary-calculator/,0.3569999933242798
salary increase calculator australia,170,3,informational,8,https://pay-calculator-australia.com/pay-rise-calculator/,3.3489999771118164
salary sacrifice limit,170,12,informational,83,https://pay-calculator-australia.com/salary-sacrifice-guide/,0.3569999933242798
salary yearly to hourly,170,27,informational,57,https://pay-calculator-australia.com/hourly-to-annual-salary-calculator/,0.3569999933242798
sapto age,170,2,informational,31,https://pay-calculator-australia.com/sapto-calculator/,0.3569999933242798
schedule 5 tax table,170,0,informational,14,https://pay-calculator-australia.com/bonus-tax-calculator/,0.9520000219345093
super rates 2023,170,3,informational,48,https://pay-calculator-australia.com/super-guarantee-rate-history/,0.3569999933242798
sydney teacher salary,170,0,informational,32,https://pay-calculator-australia.com/teacher-pay-australia/nsw/,0.3569999933242798
tax 40000,170,12,informational,10,https://pay-calculator-australia.com/tax-on/40000/,1.9210000038146973
tax 75000,170,15,informational,7,https://pay-calculator-australia.com/tax-on/75000/,4.3520002365112305
tax 90000,170,2,informational,9,https://pay-calculator-australia.com/tax-on/90000/,2.549999952316284
tax bracket chart,170,32,informational,29,https://pay-calculator-australia.com/tax-brackets/,0.3569999933242798
tax bracket table,170,32,informational,20,https://pay-calculator-australia.com/tax-brackets/,0.40799999237060547
tax brackets table,170,25,informational,23,https://pay-calculator-australia.com/tax-brackets/,0.3569999933242798
tax calculator take home,170,11,informational,33,https://pay-calculator-australia.com/,0.3569999933242798
tax calculator wa,170,28,informational,69,https://pay-calculator-australia.com/pay-calculator-wa/,0.3569999933242798
tax for 40000,170,13,informational,5,https://pay-calculator-australia.com/tax-on/40000/,7.9730000495910645
tax for 75000,170,12,informational,6,https://pay-calculator-australia.com/tax-on/75000/,5.745999813079834
tax for second job australia,170,0,informational,40,https://pay-calculator-australia.com/second-job-tax-calculator/,0.3569999933242798
tax free threshold for pensioners,170,0,informational,60,https://pay-calculator-australia.com/sapto-calculator/,0.3569999933242798
tax income percentage,170,37,informational,31,https://pay-calculator-australia.com/tax-brackets/,0.3569999933242798
tax on 100k,170,20,informational,15,https://pay-calculator-australia.com/take-home-pay-on/100000/,0.8669999837875366
tax on 110000,170,15,informational,7,https://pay-calculator-australia.com/tax-on/110000/,4.3520002365112305
tax on 120 000 australia,170,21,informational,44,https://pay-calculator-australia.com/take-home-pay-on/120000/,0.3569999933242798
tax on 130000,170,20,informational,8,https://pay-calculator-australia.com/take-home-pay-on/130000/,3.3489999771118164
tax on 150000 australia,170,13,informational,9,https://pay-calculator-australia.com/tax-on/150000/,2.549999952316284
tax on 160k australia,170,20,informational,14,https://pay-calculator-australia.com/take-home-pay-on/160000/,0.9520000219345093
tax on 250k australia,170,32,informational,73,https://pay-calculator-australia.com/tax-on/200000/,0.3569999933242798
tax on 35000 australia,170,17,informational,5,https://pay-calculator-australia.com/tax-on/35000/,7.9730000495910645
tax on 40000,170,0,informational,5,https://pay-calculator-australia.com/tax-on/40000/,7.9730000495910645
tax on 45000,170,8,informational,7,https://pay-calculator-australia.com/tax-on/45000/,4.3520002365112305
tax on 52000 australia,170,25,informational,23,https://pay-calculator-australia.com/tax-on/50000/,0.3569999933242798
tax on 90000,170,14,informational,9,https://pay-calculator-australia.com/tax-on/90000/,2.549999952316284
tax on 90k australia,170,12,informational,13,https://pay-calculator-australia.com/tax-on/90000/,1.003000020980835
tax on long service leave calculator,170,0,informational,55,https://pay-calculator-australia.com/leave-calculator/,0.3569999933242798
tax on termination payments calculator,170,0,informational,38,https://pay-calculator-australia.com/redundancy-pay-calculator/,0.3569999933242798
tax rate qld,170,41,informational,30,https://pay-calculator-australia.com/tax-brackets/,0.3569999933242798
tax rate queensland,170,32,informational,53,https://pay-calculator-australia.com/tax-brackets/,0.3569999933242798
tax table 2024,170,10,informational,37,https://pay-calculator-australia.com/tax-brackets/,0.3569999933242798
tax tables 2024,170,25,informational,30,https://pay-calculator-australia.com/tax-brackets/,0.3569999933242798
tax-free threshold for pensioners,170,0,informational,60,https://pay-calculator-australia.com/sapto-calculator/,0.3569999933242798
teacher pay wa,170,0,informational,25,https://pay-calculator-australia.com/teacher-pay-australia/wa/,0.3569999933242798
teacher salary sydney,170,0,informational,29,https://pay-calculator-australia.com/teacher-pay-australia/nsw/,0.3569999933242798
teacher salary sydney australia,170,4,informational,24,https://pay-calculator-australia.com/teacher-pay-australia/,0.3569999933242798
teachers pay wa,170,0,informational,28,https://pay-calculator-australia.com/teacher-pay-australia/wa/,0.3569999933242798
teachers pay western australia,170,0,informational,26,https://pay-calculator-australia.com/teacher-pay-australia/wa/,0.3569999933242798
termination payment tax calculator,170,0,informational,49,https://pay-calculator-australia.com/final-pay-calculator/,0.3569999933242798
unused annual leave tax calculator,170,0,informational,33,https://pay-calculator-australia.com/leave-calculator/,0.3569999933242798
vic tax brackets,170,37,informational,23,https://pay-calculator-australia.com/tax-brackets/,0.3569999933242798
victorian nursing wages,170,0,informational,23,https://pay-calculator-australia.com/healthcare-worker-pay/vic/,0.3569999933242798
vps 3 salary,170,0,informational,11,https://pay-calculator-australia.com/public-service-pay-scales/vic/,1.5469999313354492
vps payment,170,0,commercial,13,https://pay-calculator-australia.com/public-service-pay-scales/vic/,1.003000020980835
vps salary range,170,0,informational,6,https://pay-calculator-australia.com/public-service-pay-scales/vic/,5.745999813079834
wage award rates,170,22,informational,23,https://pay-calculator-australia.com/award-rates/,0.3569999933242798
wage tax,170,37,informational,57,https://pay-calculator-australia.com/,0.3569999933242798
wage to hourly rate calculator,170,6,informational,33,https://pay-calculator-australia.com/hourly-to-annual-salary-calculator/,0.3569999933242798
weekly net to gross calculator,170,6,informational,18,https://pay-calculator-australia.com/gross-pay-calculator/,0.5609999895095825
weekly tax table 2024,170,1,informational,36,https://pay-calculator-australia.com/weekly-tax-table/,0.3569999933242798
what are the tax thresholds in australia,170,37,informational,30,https://pay-calculator-australia.com/tax-brackets/,0.3569999933242798
what is net income salary,170,12,informational,26,https://pay-calculator-australia.com/gross-pay-calculator/,0.3569999933242798
what is net salary,170,0,informational,21,https://pay-calculator-australia.com/gross-pay-calculator/,0.39100000262260437
when tax return 2026,170,0,informational,91,https://pay-calculator-australia.com/tax-calendar/,0.3569999933242798
whm tax rates,170,9,informational,35,https://pay-calculator-australia.com/working-holiday-tax/,0.3569999933242798
work from home tax deductions australia,170,0,informational,69,https://pay-calculator-australia.com/work-from-home-deductions/,0.3569999933242798
work test for parental leave pay,170,0,informational,41,https://pay-calculator-australia.com/parental-leave-pay/,0.3569999933242798
yearly salary to hourly,170,6,informational,16,https://pay-calculator-australia.com/hourly-to-annual-salary-calculator/,0.7310000061988831
youth allowance eligibility test,170,5,informational,34,https://pay-calculator-australia.com/austudy-youth-allowance-calculator/,0.3569999933242798
105 000 after tax australia,140,3,informational,24,https://pay-calculator-australia.com/tax-on/105000/,0.2939999997615814
105000 after tax australia,140,20,informational,12,https://pay-calculator-australia.com/tax-on/105000/,1.0499999523162842
110000/52,140,0,informational,7,https://pay-calculator-australia.com/salary-to-hourly/110000/,3.5840001106262207
115k after tax australia,140,18,informational,35,https://pay-calculator-australia.com/take-home-pay-on/115000/,0.2939999997615814
130000 after tax,140,35,informational,30,https://pay-calculator-australia.com/tax-on/130000/,0.2939999997615814
130k after tax,140,13,informational,50,https://pay-calculator-australia.com/tax-on/130000/,0.2939999997615814
135k after tax australia,140,11,informational,37,https://pay-calculator-australia.com/tax-on/135000/,0.2939999997615814
150k after tax,140,0,informational,16,https://pay-calculator-australia.com/take-home-pay-on/150000/,0.6019999980926514
170k after tax australia,140,11,informational,12,https://pay-calculator-australia.com/tax-on/170000/,1.0499999523162842
200000/52,140,0,informational,6,https://pay-calculator-australia.com/salary-to-hourly/200000/,4.73199987411499
2025 marginal tax rate,140,13,informational,36,https://pay-calculator-australia.com/tax-brackets/,0.2939999997615814
2025 marginal tax rates,140,13,informational,41,https://pay-calculator-australia.com/tax-brackets/,0.2939999997615814
2026 tax calculator australia,140,38,informational,70,https://pay-calculator-australia.com/income-tax-calculator/,0.2939999997615814
26 27 tax brackets,140,34,informational,39,https://pay-calculator-australia.com/tax-brackets/,0.2939999997615814
30 an hour is how much a year,140,0,informational,33,https://pay-calculator-australia.com/hourly-to-annual-salary-calculator/,0.2939999997615814
30 per hour annual salary,140,0,informational,35,https://pay-calculator-australia.com/hourly-to-annual-salary-calculator/,0.2939999997615814
38 an hour is how much a year,140,0,informational,20,https://pay-calculator-australia.com/hourly-to-annual-salary-calculator/,0.335999995470047
38 per hour annual salary,140,0,informational,27,https://pay-calculator-australia.com/hourly-to-annual-salary-calculator/,0.2939999997615814
40 dollars an hour is how much a year,140,0,informational,30,https://pay-calculator-australia.com/hourly-to-annual-salary-calculator/,0.2939999997615814
55 per hour annual salary,140,0,informational,34,https://pay-calculator-australia.com/hourly-to-annual-salary-calculator/,0.2939999997615814
85 000 after tax,140,8,informational,18,https://pay-calculator-australia.com/salary-to-hourly/85000/,0.4620000123977661
85k a year is how much an hour,140,0,informational,9,https://pay-calculator-australia.com/hourly-to-annual-salary-calculator/,2.0999999046325684
95000/12,140,0,informational,7,https://pay-calculator-australia.com/tax-on/95000/,3.5840001106262207
abn to wages calculator,140,0,informational,17,https://pay-calculator-australia.com/contractor-pay-calculator/,0.6019999980926514
are bonus payments taxable,140,0,informational,24,https://pay-calculator-australia.com/bonus-tax-calculator/,0.2939999997615814
are bonuses taxed,140,0,informational,55,https://pay-calculator-australia.com/bonus-tax-calculator/,0.2939999997615814
ato hecs calculator,140,28,informational,57,https://pay-calculator-australia.com/hecs-help-calculator/,0.2939999997615814
ato low income tax offset,140,27,informational,33,https://pay-calculator-australia.com/low-income-tax-offset/,0.2939999997615814
ato redundancy tax calculator,140,0,informational,61,https://pay-calculator-australia.com/redundancy-pay-calculator/,0.2939999997615814
ato tax calculator 2025 26,140,38,informational,59,https://pay-calculator-australia.com/income-tax-calculator/,0.2939999997615814
australia bonus tax,140,0,commercial,11,https://pay-calculator-australia.com/bonus-tax-calculator/,1.2739999294281006
australia tax bonus,140,0,informational,13,https://pay-calculator-australia.com/bonus-tax-calculator/,0.8259999752044678
australia tax rate 2025,140,24,informational,90,https://pay-calculator-australia.com/tax-brackets/,0.2939999997615814
average monthly income in australia,140,2,informational,70,https://pay-calculator-australia.com/average-salary-australia/,0.2939999997615814
award pay,140,19,informational,43,https://pay-calculator-australia.com/award-rates/,0.2939999997615814
bonus tax australia,140,0,informational,16,https://pay-calculator-australia.com/bonus-tax-calculator/,0.6019999980926514
bonuses tax australia,140,0,informational,49,https://pay-calculator-australia.com/bonus-tax-calculator/,0.2939999997615814
calculate low income tax offset,140,4,informational,12,https://pay-calculator-australia.com/low-income-tax-offset/,1.0499999523162842
calculate tax payable on income,140,28,informational,57,https://pay-calculator-australia.com/income-tax-calculator/,0.2939999997615814
calculating home office expenses,140,0,informational,72,https://pay-calculator-australia.com/work-from-home-deductions/,0.2939999997615814
casual v part time employment,140,0,informational,47,https://pay-calculator-australia.com/full-time-vs-part-time-vs-casual/,0.2939999997615814
casual vs part time employment,140,0,informational,52,https://pay-calculator-australia.com/full-time-vs-part-time-vs-casual/,0.2939999997615814
casual vs part-time australia,140,0,informational,44,https://pay-calculator-australia.com/full-time-vs-part-time-vs-casual/,0.2939999997615814
commissions tax,140,0,informational,21,https://pay-calculator-australia.com/bonus-tax-calculator/,0.32199999690055847
contract rates calculator,140,0,informational,75,https://pay-calculator-australia.com/contractor-pay-calculator/,0.2939999997615814
contracting rate calculator,140,0,informational,80,https://pay-calculator-australia.com/contractor-pay-calculator/,0.2939999997615814
contracting rates calculator,140,0,informational,71,https://pay-calculator-australia.com/contractor-pay-calculator/,0.2939999997615814
contractor rate calculator,140,0,informational,72,https://pay-calculator-australia.com/contractor-pay-calculator/,0.2939999997615814
contractor rates calculator,140,0,informational,71,https://pay-calculator-australia.com/contractor-pay-calculator/,0.2939999997615814
contractor versus employee,140,10,informational,29,https://pay-calculator-australia.com/contractor-vs-employee/,0.2939999997615814
convert annual salary to hourly calculator,140,27,informational,53,https://pay-calculator-australia.com/hourly-to-annual-salary-calculator/,0.2939999997615814
difference between full time and part time,140,0,informational,45,https://pay-calculator-australia.com/full-time-vs-part-time-vs-casual/,0.2939999997615814
does salary sacrifice reduce taxable income,140,19,informational,67,https://pay-calculator-australia.com/salary-sacrifice-guide/,0.2939999997615814
does salary sacrifice reduce your taxable income,140,17,informational,98,https://pay-calculator-australia.com/salary-sacrifice-guide/,0.2939999997615814
effective tax rate australia,140,46,informational,58,https://pay-calculator-australia.com/tax-brackets/,0.2939999997615814
fair work leave calculator,140,3,informational,64,https://pay-calculator-australia.com/leave-calculator/,0.2939999997615814
fbt deemed interest rate 2025,140,0,informational,16,https://pay-calculator-australia.com/fringe-benefits-tax/,0.6019999980926514
fbt threshold,140,0,informational,31,https://pay-calculator-australia.com/fringe-benefits-tax/,0.2939999997615814
fifo worker salary,140,0,informational,19,https://pay-calculator-australia.com/mining-fifo-pay-guide/,0.3779999911785126
fortnightly tax calculator 2026,140,23,transactional,53,https://pay-calculator-australia.com/fortnightly-pay-calculator/,0.2939999997615814
hecs debt tax threshold,140,6,informational,24,https://pay-calculator-australia.com/hecs-help-guide/,0.2939999997615814
hecs income threshold,140,0,informational,26,https://pay-calculator-australia.com/hecs-help-guide/,0.2939999997615814
hecs tax brackets,140,12,informational,12,https://pay-calculator-australia.com/hecs-help-guide/,1.0499999523162842
home office calculator,140,3,informational,62,https://pay-calculator-australia.com/work-from-home-deductions/,0.2939999997615814
home office cents per hour 2025,140,0,commercial,47,https://pay-calculator-australia.com/work-from-home-deductions/,0.2939999997615814
home office expenses 2025,140,0,informational,56,https://pay-calculator-australia.com/work-from-home-deductions/,0.2939999997615814
home office expenses calculator,140,0,informational,68,https://pay-calculator-australia.com/work-from-home-deductions/,0.2939999997615814
hospitality award rate casual,140,0,informational,20,https://pay-calculator-australia.com/retail-hospitality-pay-guide/,0.335999995470047
hospitality award rates casual,140,0,commercial,52,https://pay-calculator-australia.com/retail-hospitality-pay-guide/,0.2939999997615814
how many fortnights in a financial year,140,0,informational,13,https://pay-calculator-australia.com/fortnightly-pay-calculator/,0.8259999752044678
how many hours is considered full time,140,0,informational,55,https://pay-calculator-australia.com/full-time-vs-part-time-vs-casual/,0.2939999997615814
how much is fbt,140,3,informational,37,https://pay-calculator-australia.com/fringe-benefits-tax/,0.2939999997615814
how much is fringe benefits tax,140,6,informational,57,https://pay-calculator-australia.com/fringe-benefits-tax/,0.2939999997615814
how much should my salary increase each year australia,140,5,informational,15,https://pay-calculator-australia.com/pay-rise-calculator/,0.7139999866485596
how salary sacrifice works,140,16,informational,68,https://pay-calculator-australia.com/salary-sacrifice-guide/,0.2939999997615814
how to calculate annual salary,140,30,informational,20,https://pay-calculator-australia.com/hourly-to-annual-salary-calculator/,0.335999995470047
how to calculate medicare levy surcharge,140,14,informational,69,https://pay-calculator-australia.com/medicare-levy/,0.2939999997615814
how to calculate work from home expenses,140,0,informational,54,https://pay-calculator-australia.com/work-from-home-deductions/,0.2939999997615814
how to calculate working from home expenses,140,0,informational,52,https://pay-calculator-australia.com/work-from-home-deductions/,0.2939999997615814
how to get tax assessment notice,140,0,informational,35,https://pay-calculator-australia.com/notice-of-assessment/,0.2939999997615814
income tax minimum,140,31,informational,52,https://pay-calculator-australia.com/tax-brackets/,0.2939999997615814
income tax rate 2024 25,140,12,informational,52,https://pay-calculator-australia.com/tax-brackets/,0.2939999997615814
income tax slab,140,31,informational,62,https://pay-calculator-australia.com/tax-brackets/,0.2939999997615814
income tax slabs,140,31,informational,55,https://pay-calculator-australia.com/tax-brackets/,0.2939999997615814
income tax thresholds 2026,140,10,informational,57,https://pay-calculator-australia.com/tax-brackets/,0.2939999997615814
increase in salary,140,10,informational,16,https://pay-calculator-australia.com/pay-rise-calculator/,0.6019999980926514
low income tax offset calculator,140,4,informational,17,https://pay-calculator-australia.com/low-income-tax-offset/,0.6019999980926514
low income threshold,140,24,informational,26,https://pay-calculator-australia.com/low-income-tax-offset/,0.2939999997615814
lower tax threshold,140,26,informational,63,https://pay-calculator-australia.com/tax-brackets/,0.2939999997615814
marginal tax brackets,140,19,informational,47,https://pay-calculator-australia.com/tax-brackets/,0.2939999997615814
medicare levy calculator 2025,140,2,informational,20,https://pay-calculator-australia.com/medicare-levy/,0.335999995470047
minimum taxable income,140,31,informational,44,https://pay-calculator-australia.com/tax-brackets/,0.2939999997615814
monthly salary after tax calculator,140,11,informational,63,https://pay-calculator-australia.com/,0.2939999997615814
monthly take home pay calculator,140,9,informational,44,https://pay-calculator-australia.com/weekly-pay-calculator/,0.2939999997615814
monthly tax table 2026,140,0,informational,14,https://pay-calculator-australia.com/payg-withholding-tables/,0.7839999794960022
new tax rate,140,36,informational,58,https://pay-calculator-australia.com/tax-bracket-history/,0.2939999997615814
non resident tax,140,5,informational,24,https://pay-calculator-australia.com/non-resident-tax/,0.2939999997615814
notice of assessment from the australian tax office,140,0,informational,29,https://pay-calculator-australia.com/notice-of-assessment/,0.2939999997615814
overtime rate australia,140,0,informational,54,https://pay-calculator-australia.com/overtime-pay-calculator/,0.2939999997615814
overtime rate in australia,140,0,informational,54,https://pay-calculator-australia.com/overtime-pay-calculator/,0.2939999997615814
overtime rates in australia,140,0,informational,57,https://pay-calculator-australia.com/overtime-penalty-rates-guide/,0.2939999997615814
paid parental leave rate,140,1,informational,77,https://pay-calculator-australia.com/parental-leave-pay/,0.2939999997615814
parental leave income test,140,0,informational,32,https://pay-calculator-australia.com/parental-leave-pay/,0.2939999997615814
part time annual leave calculator,140,0,informational,64,https://pay-calculator-australia.com/leave-calculator/,0.2939999997615814
part time vs casual employment,140,0,informational,54,https://pay-calculator-australia.com/full-time-vs-part-time-vs-casual/,0.2939999997615814
pay brackets australia,140,31,informational,37,https://pay-calculator-australia.com/tax-brackets/,0.2939999997615814
pay calculator hourly,140,10,informational,20,https://pay-calculator-australia.com/hourly-to-annual-salary-calculator/,0.335999995470047
pay rate check,140,18,informational,20,https://pay-calculator-australia.com/award-rates/,0.335999995470047
payg cal,140,45,navigational,83,https://pay-calculator-australia.com/fortnightly-pay-calculator/,0.2939999997615814
payg tax brackets,140,26,informational,36,https://pay-calculator-australia.com/tax-brackets/,0.2939999997615814
permanent part time vs casual,140,0,informational,44,https://pay-calculator-australia.com/full-time-vs-part-time-vs-casual/,0.2939999997615814
permanent part-time vs casual,140,0,informational,46,https://pay-calculator-australia.com/full-time-vs-part-time-vs-casual/,0.2939999997615814
pro rata pay calculator australia,140,1,informational,77,https://pay-calculator-australia.com/annual-pay-calculator/,0.2939999997615814
redundancy pay calculator australia,140,11,informational,52,https://pay-calculator-australia.com/redundancy-pay-calculator/,0.2939999997615814
redundancy payment calculator australia,140,11,informational,52,https://pay-calculator-australia.com/redundancy-pay-calculator/,0.2939999997615814
redundancy payment tax australia,140,0,informational,44,https://pay-calculator-australia.com/redundancy-pay-guide/,0.2939999997615814
redundancy tax calculator ato,140,0,informational,26,https://pay-calculator-australia.com/redundancy-pay-calculator/,0.2939999997615814
salary base calculator,140,24,informational,72,https://pay-calculator-australia.com/,0.2939999997615814
salary brackets australia,140,26,informational,43,https://pay-calculator-australia.com/tax-brackets/,0.2939999997615814
salary calculator annual to hourly,140,33,informational,17,https://pay-calculator-australia.com/hourly-to-annual-salary-calculator/,0.6019999980926514
salary calculator pro rata australia,140,1,informational,63,https://pay-calculator-australia.com/,0.2939999997615814
salary increase,140,21,informational,23,https://pay-calculator-australia.com/pay-rise-calculator/,0.2939999997615814
salary increase yearly,140,6,informational,19,https://pay-calculator-australia.com/pay-rise-calculator/,0.3779999911785126
salary pro rata calculator australia,140,1,informational,71,https://pay-calculator-australia.com/hourly-to-annual-salary-calculator/,0.2939999997615814
salary queensland,140,17,informational,22,https://pay-calculator-australia.com/pay-calculator-qld/,0.30799999833106995
salary sacrifice mortgage repayments,140,0,informational,88,https://pay-calculator-australia.com/salary-sacrifice-vs-mortgage/,0.2939999997615814
salary sacrifice tax,140,16,informational,66,https://pay-calculator-australia.com/salary-sacrifice-guide/,0.2939999997615814
salary sacrificing options,140,34,informational,73,https://pay-calculator-australia.com/salary-sacrifice-guide/,0.2939999997615814
salary yearly increase,140,6,informational,18,https://pay-calculator-australia.com/pay-rise-calculator/,0.4620000123977661
sick leave accrual calculator,140,0,informational,57,https://pay-calculator-australia.com/leave-calculator/,0.2939999997615814
sunday pay rates casual calculator,140,7,informational,49,https://pay-calculator-australia.com/retail-hospitality-pay-guide/,0.2939999997615814
take home pay calculator after tax,140,12,informational,78,https://pay-calculator-australia.com/take-home-pay-calculator/,0.2939999997615814
tax 65000,140,8,informational,11,https://pay-calculator-australia.com/tax-on/65000/,1.2739999294281006
tax bracket return,140,31,informational,68,https://pay-calculator-australia.com/tax-brackets/,0.2939999997615814
tax bracket sydney,140,32,informational,50,https://pay-calculator-australia.com/tax-brackets/,0.2939999997615814
tax brackets 24 25,140,31,informational,41,https://pay-calculator-australia.com/tax-brackets/,0.2939999997615814
tax brackets 26 27,140,32,informational,54,https://pay-calculator-australia.com/tax-brackets/,0.2939999997615814
tax brackets and returns,140,31,informational,59,https://pay-calculator-australia.com/tax-brackets/,0.2939999997615814
tax brackets sydney,140,32,informational,56,https://pay-calculator-australia.com/tax-brackets/,0.2939999997615814
tax brackets vic,140,31,informational,47,https://pay-calculator-australia.com/tax-brackets/,0.2939999997615814
tax for 65000,140,7,informational,12,https://pay-calculator-australia.com/tax-on/65000/,1.0499999523162842
tax for non residents,140,26,informational,35,https://pay-calculator-australia.com/non-resident-tax/,0.2939999997615814
tax levels,140,32,informational,47,https://pay-calculator-australia.com/tax-brackets/,0.2939999997615814
tax non resident,140,26,informational,30,https://pay-calculator-australia.com/non-resident-tax/,0.2939999997615814
tax on $60 000 australia,140,16,informational,4,https://pay-calculator-australia.com/tax-on/60000/,9.22599983215332
tax on $60000 australia,140,31,informational,5,https://pay-calculator-australia.com/tax-on/60000/,6.565999984741211
tax on 135k australia,140,31,informational,15,https://pay-calculator-australia.com/tax-on/135000/,0.7139999866485596
tax on 140000,140,20,informational,13,https://pay-calculator-australia.com/tax-on/140000/,0.8259999752044678
tax on 170k australia,140,21,informational,38,https://pay-calculator-australia.com/take-home-pay-on/170000/,0.2939999997615814
tax on 180000,140,22,informational,36,https://pay-calculator-australia.com/take-home-pay-on/180000/,0.2939999997615814
tax on 200000 australia,140,5,informational,22,https://pay-calculator-australia.com/tax-on/200000/,0.30799999833106995
tax on 80k australia,140,9,informational,12,https://pay-calculator-australia.com/tax-on/80000/,1.0499999523162842
tax on bonus australia,140,0,informational,14,https://pay-calculator-australia.com/bonus-tax-calculator/,0.7839999794960022
tax on bonus payments australia,140,0,informational,14,https://pay-calculator-australia.com/bonus-tax-calculator/,0.7839999794960022
tax on bonuses australia,140,0,informational,13,https://pay-calculator-australia.com/bonus-tax-calculator/,0.8259999752044678
tax on commission,140,0,informational,16,https://pay-calculator-australia.com/bonus-tax-guide/,0.6019999980926514
tax on commission income,140,2,informational,17,https://pay-calculator-australia.com/bonus-tax-guide/,0.6019999980926514
tax on commission payments,140,0,informational,15,https://pay-calculator-australia.com/bonus-tax-calculator/,0.7139999866485596
tax on redundancy payments in australia,140,0,informational,44,https://pay-calculator-australia.com/redundancy-pay-guide/,0.2939999997615814
tax on salary sacrifice,140,16,informational,72,https://pay-calculator-australia.com/salary-sacrifice-guide/,0.2939999997615814
tax on taxable income,140,33,informational,56,https://pay-calculator-australia.com/income-tax-calculator/,0.2939999997615814
tax rate 2027,140,32,informational,70,https://pay-calculator-australia.com/tax-changes-2026-27/,0.2939999997615814
tax rate withholding calculator,140,14,informational,75,https://pay-calculator-australia.com/,0.2939999997615814
tax rates 2025 26 australia,140,31,informational,39,https://pay-calculator-australia.com/tax-brackets/,0.2939999997615814
tax rates 2025--26 australia,140,31,commercial,49,https://pay-calculator-australia.com/tax-brackets/,0.2939999997615814
tax return brackets,140,36,informational,60,https://pay-calculator-australia.com/tax-brackets/,0.2939999997615814
tax return date 2025,140,0,informational,56,https://pay-calculator-australia.com/tax-calendar/,0.2939999997615814
tax return dates 2025,140,0,informational,46,https://pay-calculator-australia.com/tax-calendar/,0.2939999997615814
tax returns brackets,140,31,informational,59,https://pay-calculator-australia.com/tax-brackets/,0.2939999997615814
tax table 2025 australia,140,31,informational,33,https://pay-calculator-australia.com/tax-brackets/,0.2939999997615814
tax threshold calculator,140,24,informational,80,https://pay-calculator-australia.com/income-tax-calculator/,0.2939999997615814
tax threshold nsw,140,31,informational,56,https://pay-calculator-australia.com/tax-brackets/,0.2939999997615814
tax thresholds 2024,140,31,informational,44,https://pay-calculator-australia.com/tax-brackets/,0.2939999997615814
tax thresholds nsw,140,26,informational,44,https://pay-calculator-australia.com/tax-brackets/,0.2939999997615814
tax weeks,140,0,informational,27,https://pay-calculator-australia.com/tax-calendar/,0.2939999997615814
taxable income slab,140,31,informational,49,https://pay-calculator-australia.com/tax-brackets/,0.2939999997615814
taxation for non resident,140,3,informational,29,https://pay-calculator-australia.com/non-resident-tax/,0.2939999997615814
taxation of non residents,140,2,informational,46,https://pay-calculator-australia.com/non-resident-tax/,0.2939999997615814
taxation of redundancy payments australia,140,0,informational,53,https://pay-calculator-australia.com/redundancy-pay-guide/,0.2939999997615814
teacher pay australia,140,15,informational,73,https://pay-calculator-australia.com/teacher-pay-australia/,0.2939999997615814
teacher pay sa,140,0,informational,25,https://pay-calculator-australia.com/teacher-pay-australia/,0.2939999997615814
teacher wage australia,140,12,informational,23,https://pay-calculator-australia.com/teacher-pay-australia/,0.2939999997615814
teaching wage australia,140,7,informational,27,https://pay-calculator-australia.com/teacher-pay-australia/,0.2939999997615814
teaching wages australia,140,7,informational,29,https://pay-calculator-australia.com/teacher-pay-australia/,0.2939999997615814
victoria payroll tax calculator,140,0,informational,31,https://pay-calculator-australia.com/pay-calculator-vic/,0.2939999997615814
wa pay rates,140,6,informational,36,https://pay-calculator-australia.com/award-rates/,0.2939999997615814
wages tax calculator australia,140,10,informational,76,https://pay-calculator-australia.com/income-tax-calculator/,0.2939999997615814
weekly tax withheld calculator,140,21,informational,48,https://pay-calculator-australia.com/,0.2939999997615814
wfh rate 2024,140,0,informational,73,https://pay-calculator-australia.com/work-from-home-deductions/,0.2939999997615814
wfh tax calculator,140,6,informational,66,https://pay-calculator-australia.com/work-from-home-deductions/,0.2939999997615814
what are the income tax brackets in australia,140,31,informational,64,https://pay-calculator-australia.com/tax-brackets/,0.2939999997615814
what is my marginal tax rate,140,30,informational,59,https://pay-calculator-australia.com/tax-brackets/,0.2939999997615814
what is the lowest tax bracket in australia,140,31,informational,44,https://pay-calculator-australia.com/tax-brackets/,0.2939999997615814
when did minimum wage go up,140,12,informational,44,https://pay-calculator-australia.com/minimum-wage-history-australia/,0.2939999997615814
when is the 20 hecs cut happening,140,3,informational,50,https://pay-calculator-australia.com/news/hecs-20-percent-cut-status/,0.2939999997615814
where do i find my notice of assessment,140,4,informational,30,https://pay-calculator-australia.com/notice-of-assessment/,0.2939999997615814
work from home tax claim,140,0,informational,64,https://pay-calculator-australia.com/work-from-home-deductions/,0.2939999997615814
yearly income calculator,140,31,informational,42,https://pay-calculator-australia.com/hourly-to-annual-salary-calculator/,0.2939999997615814
yearly to hourly wage converter,140,27,informational,56,https://pay-calculator-australia.com/hourly-to-annual-salary-calculator/,0.2939999997615814
ytd calculator afg,140,0,informational,50,https://pay-calculator-australia.com/ytd-income-calculator/,0.2939999997615814
zone offset list,140,0,informational,18,https://pay-calculator-australia.com/zone-tax-offset/,0.4620000123977661
10 of 60000,110,0,informational,38,https://pay-calculator-australia.com/tax-on/60000/,0.23100000619888306
105k after tax australia,110,5,informational,26,https://pay-calculator-australia.com/tax-on/105000/,0.23100000619888306
110k after tax,110,2,informational,46,https://pay-calculator-australia.com/salary-to-hourly/110000/,0.23100000619888306
115 000 after tax australia,110,6,informational,47,https://pay-calculator-australia.com/tax-on/115000/,0.23100000619888306
125000/12,110,0,informational,63,https://pay-calculator-australia.com/take-home-pay-on/125000/,0.23100000619888306
125k after tax australia,110,16,informational,14,https://pay-calculator-australia.com/tax-on/125000/,0.6159999966621399
140000 after tax,110,12,informational,18,https://pay-calculator-australia.com/tax-on/140000/,0.3630000054836273
140k after tax,110,13,informational,14,https://pay-calculator-australia.com/salary-to-hourly/140000/,0.6159999966621399
150000 aud,110,9,informational,34,https://pay-calculator-australia.com/take-home-pay-on/150000/,0.23100000619888306
150k,110,0,informational,41,https://pay-calculator-australia.com/take-home-pay-on/150000/,0.23100000619888306
170 000,110,0,informational,13,https://pay-calculator-australia.com/take-home-pay-on/170000/,0.6489999890327454
2 jobs tax,110,0,informational,29,https://pay-calculator-australia.com/second-job-tax-calculator/,0.23100000619888306
200k after tax,110,2,informational,52,https://pay-calculator-australia.com/take-home-pay-on/200000/,0.23100000619888306
2024 tax brackets,110,26,informational,50,https://pay-calculator-australia.com/tax-brackets/,0.23100000619888306
2025 tax year,110,25,informational,43,https://pay-calculator-australia.com/tax-calendar/,0.23100000619888306
2026 2027 tax rates,110,32,informational,61,https://pay-calculator-australia.com/tax-changes-2026-27/,0.23100000619888306
2nd job tax australia,110,0,informational,33,https://pay-calculator-australia.com/second-job-tax-calculator/,0.23100000619888306
2nd job tax rate australia,110,0,informational,19,https://pay-calculator-australia.com/second-job-tax-calculator/,0.296999990940094
30 dollars an hour is how much a year,110,0,informational,31,https://pay-calculator-australia.com/hourly-to-annual-salary-calculator/,0.23100000619888306
32 per hour annual salary,110,0,informational,40,https://pay-calculator-australia.com/hourly-to-annual-salary-calculator/,0.23100000619888306
35 dollars an hour is how much a year,110,0,informational,34,https://pay-calculator-australia.com/hourly-to-annual-salary-calculator/,0.23100000619888306
55 000 a year is how much an hour,110,0,informational,12,https://pay-calculator-australia.com/hourly-to-annual-salary-calculator/,0.824999988079071
55000 a year is how much an hour,110,0,informational,10,https://pay-calculator-australia.com/salary-to-hourly/55000/,1.2430000305175781
55000/52,110,0,informational,26,https://pay-calculator-australia.com/salary-to-hourly/55000/,0.23100000619888306
55k a year is how much an hour,110,0,informational,9,https://pay-calculator-australia.com/hourly-to-annual-salary-calculator/,1.649999976158142
60 000 after tax,110,3,informational,13,https://pay-calculator-australia.com/tax-on/60000/,0.6489999890327454
60000 after tax,110,0,informational,53,https://pay-calculator-australia.com/tax-on/60000/,0.23100000619888306
60k,110,0,informational,16,https://pay-calculator-australia.com/tax-on/60000/,0.4729999899864197
60k after tax australia,110,9,informational,11,https://pay-calculator-australia.com/tax-on/60000/,1.0010000467300415
65000 after tax,110,1,informational,9,https://pay-calculator-australia.com/tax-on/65000/,1.649999976158142
65k a year is how much a week after tax,110,7,informational,16,https://pay-calculator-australia.com/salary-to-hourly/65000/,0.4729999899864197
65k after tax australia,110,2,informational,40,https://pay-calculator-australia.com/tax-on/65000/,0.23100000619888306
72000 after tax australia,110,1,informational,53,https://pay-calculator-australia.com/tax-on/70000/,0.23100000619888306
75k after tax,110,14,informational,18,https://pay-calculator-australia.com/tax-on/75000/,0.3630000054836273
80k salary after taxes,110,8,informational,56,https://pay-calculator-australia.com/take-home-pay-on/80000/,0.23100000619888306
80k tax,110,0,informational,17,https://pay-calculator-australia.com/take-home-pay-on/80000/,0.4729999899864197
95000/52,110,0,informational,11,https://pay-calculator-australia.com/salary-to-hourly/95000/,1.0010000467300415
annual increase in salary,110,11,informational,33,https://pay-calculator-australia.com/pay-rise-calculator/,0.23100000619888306
annual leave calculator hours,110,0,informational,65,https://pay-calculator-australia.com/leave-calculator/,0.23100000619888306
annual leave calculator in hours,110,0,informational,65,https://pay-calculator-australia.com/leave-calculator/,0.23100000619888306
annual leave hours calculator,110,0,informational,67,https://pay-calculator-australia.com/leave-calculator/,0.23100000619888306
annual leave in hours calculator,110,1,informational,67,https://pay-calculator-australia.com/leave-calculator/,0.23100000619888306
annual pay increase,110,11,informational,12,https://pay-calculator-australia.com/pay-rise-calculator/,0.824999988079071
annual salary increase,110,7,informational,23,https://pay-calculator-australia.com/pay-rise-calculator/,0.23100000619888306
annual salary to hourly converter,110,33,informational,63,https://pay-calculator-australia.com/hourly-to-annual-salary-calculator/,0.23100000619888306
apprentice builder wage,110,0,informational,28,https://pay-calculator-australia.com/construction-trades-pay/,0.23100000619888306
apprentice wage calculator,110,14,informational,21,https://pay-calculator-australia.com/construction-trades-pay/,0.2529999911785126
apprentice wages calculator,110,8,informational,15,https://pay-calculator-australia.com/construction-trades-pay/,0.5609999895095825
apprenticeship wage calculator,110,4,informational,16,https://pay-calculator-australia.com/construction-trades-pay/,0.4729999899864197
ato concessional contributions cap 2026,110,17,transactional,65,https://pay-calculator-australia.com/news/super-contribution-caps-2026-27/,0.23100000619888306
ato contractors,110,8,navigational,35,https://pay-calculator-australia.com/contractor-vs-employee/,0.23100000619888306
ato fortnightly tax table 2025 26,110,1,transactional,18,https://pay-calculator-australia.com/payg-withholding-tables/,0.3630000054836273
ato fortnightly tax table 2025-26,110,1,transactional,18,https://pay-calculator-australia.com/payg-withholding-tables/,0.3630000054836273
ato redundancy payments,110,1,informational,30,https://pay-calculator-australia.com/redundancy-pay-guide/,0.23100000619888306
ato tax brackets 2027,110,32,informational,68,https://pay-calculator-australia.com/tax-brackets/,0.23100000619888306
ato tax table 2026,110,25,informational,24,https://pay-calculator-australia.com/payg-withholding-tables/,0.23100000619888306
australia's income tax rate,110,32,informational,54,https://pay-calculator-australia.com/tax-brackets/,0.23100000619888306
australian tax rates for second job,110,0,informational,28,https://pay-calculator-australia.com/second-job-tax-calculator/,0.23100000619888306
australian teachers pay,110,2,informational,30,https://pay-calculator-australia.com/teacher-pay-australia/,0.23100000619888306
award pay calculator,110,12,informational,16,https://pay-calculator-australia.com/award-rates/,0.4729999899864197
award rates hospitality victoria,110,0,informational,23,https://pay-calculator-australia.com/retail-hospitality-pay-guide/,0.23100000619888306
award rates victoria hospitality,110,0,navigational,20,https://pay-calculator-australia.com/retail-hospitality-pay-guide/,0.2639999985694885
award wage hospitality victoria,110,0,informational,24,https://pay-calculator-australia.com/retail-hospitality-pay-guide/,0.23100000619888306
builder apprentice wage,110,0,informational,33,https://pay-calculator-australia.com/construction-trades-pay/,0.23100000619888306
builder apprenticeship wages,110,0,informational,37,https://pay-calculator-australia.com/construction-trades-pay/,0.23100000619888306
builders apprentice wage,110,0,informational,31,https://pay-calculator-australia.com/construction-trades-pay/,0.23100000619888306
builders apprenticeship wages,110,0,informational,38,https://pay-calculator-australia.com/construction-trades-pay/,0.23100000619888306
building apprenticeship wage,110,0,informational,29,https://pay-calculator-australia.com/construction-trades-pay/,0.23100000619888306
building apprenticeship wages,110,0,informational,24,https://pay-calculator-australia.com/construction-trades-pay/,0.23100000619888306
calculate net income,110,11,informational,50,https://pay-calculator-australia.com/gross-pay-calculator/,0.23100000619888306
calculate percentage increase in salary,110,0,informational,67,https://pay-calculator-australia.com/pay-rise-calculator/,0.23100000619888306
calculate percentage increase salary,110,6,informational,68,https://pay-calculator-australia.com/pay-rise-calculator/,0.23100000619888306
calculate percentage salary increase,110,0,informational,68,https://pay-calculator-australia.com/pay-rise-calculator/,0.23100000619888306
calculate salary increase percentage,110,0,informational,68,https://pay-calculator-australia.com/pay-rise-calculator/,0.23100000619888306
calculate wage,110,15,informational,40,https://pay-calculator-australia.com/pay-calculator-vic/,0.23100000619888306
centrelink bonus payments 2026 when will it be paid july,110,0,commercial,55,https://pay-calculator-australia.com/news/centrelink-payment-increase-january-2026/,0.23100000619888306
concessional contributions cap 2026 27,110,5,commercial,82,https://pay-calculator-australia.com/news/super-contribution-caps-2026-27/,0.23100000619888306
concessional contributions cap 2026-27,110,4,commercial,82,https://pay-calculator-australia.com/news/super-contribution-caps-2026-27/,0.23100000619888306
contractor ato,110,8,navigational,11,https://pay-calculator-australia.com/contractor-vs-employee/,1.0010000467300415
couple tax brackets,110,8,informational,53,https://pay-calculator-australia.com/tax-brackets/,0.23100000619888306
couples tax brackets,110,8,informational,51,https://pay-calculator-australia.com/tax-brackets/,0.23100000619888306
current superannuation rate qld,110,5,informational,35,https://pay-calculator-australia.com/super-guarantee-rate-history/,0.23100000619888306
difference between casual and part time jobs,110,0,informational,56,https://pay-calculator-australia.com/full-time-vs-part-time-vs-casual/,0.23100000619888306
do bonuses get taxed,110,0,informational,24,https://pay-calculator-australia.com/bonus-tax-calculator/,0.23100000619888306
etp calculator,110,0,informational,54,https://pay-calculator-australia.com/redundancy-pay-calculator/,0.23100000619888306
fbt deemed interest rate 2026,110,0,informational,30,https://pay-calculator-australia.com/fringe-benefits-tax/,0.23100000619888306
fbt statutory rate,110,0,informational,36,https://pay-calculator-australia.com/fringe-benefits-tax/,0.23100000619888306
fbt statutory rates,110,1,informational,24,https://pay-calculator-australia.com/fringe-benefits-tax/,0.23100000619888306
fifo calculator,110,0,informational,71,https://pay-calculator-australia.com/mining-fifo-pay-guide/,0.23100000619888306
find pay rates,110,21,informational,16,https://pay-calculator-australia.com/award-rates/,0.4729999899864197
fortnightly tax tables 2025,110,0,informational,16,https://pay-calculator-australia.com/payg-withholding-tables/,0.4729999899864197
fringe benefit tax rate,110,6,informational,40,https://pay-calculator-australia.com/fringe-benefits-tax/,0.23100000619888306
fringe benefits tax rate,110,6,informational,54,https://pay-calculator-australia.com/fringe-benefits-tax/,0.23100000619888306
full time or part time,110,0,informational,52,https://pay-calculator-australia.com/full-time-vs-part-time-vs-casual/,0.23100000619888306
full-time or part-time,110,0,informational,51,https://pay-calculator-australia.com/full-time-vs-part-time-vs-casual/,0.23100000619888306
gross earnings,110,0,informational,50,https://pay-calculator-australia.com/gross-pay-calculator/,0.23100000619888306
gross salary calculator from net pay,110,7,informational,38,https://pay-calculator-australia.com/gross-pay-calculator/,0.23100000619888306
gross weekly income,110,7,informational,33,https://pay-calculator-australia.com/gross-pay-calculator/,0.23100000619888306
hecs calculator 2025,110,0,informational,38,https://pay-calculator-australia.com/hecs-help-calculator/,0.23100000619888306
hecs repayment 2026,110,4,transactional,63,https://pay-calculator-australia.com/hecs-help-calculator/,0.23100000619888306
hecs table,110,0,informational,19,https://pay-calculator-australia.com/hecs-help-guide/,0.296999990940094
help calculator,110,14,informational,47,https://pay-calculator-australia.com/hecs-help-calculator/,0.23100000619888306
help repayment threshold 2026,110,3,informational,52,https://pay-calculator-australia.com/hecs-help-guide/,0.23100000619888306
home office calculator ato,110,3,informational,44,https://pay-calculator-australia.com/work-from-home-deductions/,0.23100000619888306
home office rate 2023,110,0,informational,83,https://pay-calculator-australia.com/work-from-home-deductions/,0.23100000619888306
hospitality award rate victoria,110,0,informational,22,https://pay-calculator-australia.com/retail-hospitality-pay-guide/,0.24199999868869781
hospitality award rates victoria,110,0,informational,16,https://pay-calculator-australia.com/retail-hospitality-pay-guide/,0.4729999899864197
hospitality public holiday rates,110,0,informational,72,https://pay-calculator-australia.com/retail-hospitality-pay-guide/,0.23100000619888306
hour to year salary calculator,110,30,informational,6,https://pay-calculator-australia.com/hourly-to-annual-salary-calculator/,3.7179999351501465
hour to yearly salary calculator,110,3,informational,4,https://pay-calculator-australia.com/hourly-to-annual-salary-calculator/,7.249000072479248
how are bonuses taxed,110,0,informational,15,https://pay-calculator-australia.com/bonus-tax-calculator/,0.5609999895095825
how bonus is taxed,110,0,informational,50,https://pay-calculator-australia.com/bonus-tax-calculator/,0.23100000619888306
how bonuses are taxed,110,0,informational,16,https://pay-calculator-australia.com/bonus-tax-calculator/,0.4729999899864197
how is hecs repayment calculated,110,6,informational,29,https://pay-calculator-australia.com/hecs-help-calculator/,0.23100000619888306
how much annual leave do you get a year,110,0,informational,80,https://pay-calculator-australia.com/leave-calculator/,0.23100000619888306
how much do fifo workers make,110,0,informational,56,https://pay-calculator-australia.com/mining-fifo-pay-guide/,0.23100000619888306
how much do mine workers earn,110,0,informational,13,https://pay-calculator-australia.com/mining-fifo-pay-guide/,0.6489999890327454
how much should i be taxed,110,13,informational,48,https://pay-calculator-australia.com/income-tax-calculator/,0.23100000619888306
how much tax do i pay on 60000 in australia,110,3,informational,3,https://pay-calculator-australia.com/tax-on/60000/,10.70300006866455
how much tax do i pay on a second job,110,0,informational,14,https://pay-calculator-australia.com/second-job-tax-calculator/,0.6159999966621399
how much tax do i pay weekly calculator,110,11,informational,44,https://pay-calculator-australia.com/weekly-pay-calculator/,0.23100000619888306
how much tax will i pay on a second job,110,0,informational,21,https://pay-calculator-australia.com/second-job-tax-calculator/,0.2529999911785126
how to calculate holiday loading,110,0,informational,85,https://pay-calculator-australia.com/leave-calculator/,0.23100000619888306
how to tax a bonus,110,0,informational,16,https://pay-calculator-australia.com/bonus-tax-calculator/,0.4729999899864197
how to tax bonus,110,0,informational,31,https://pay-calculator-australia.com/bonus-tax-calculator/,0.23100000619888306
how to tax bonuses,110,0,informational,16,https://pay-calculator-australia.com/bonus-tax-calculator/,0.4729999899864197
income tax rate nsw,110,36,informational,49,https://pay-calculator-australia.com/tax-brackets/,0.23100000619888306
income tax rates 2024 25,110,31,informational,57,https://pay-calculator-australia.com/tax-brackets/,0.23100000619888306
income tax rates nsw,110,38,informational,48,https://pay-calculator-australia.com/tax-brackets/,0.23100000619888306
income tax threshold 2025,110,24,informational,43,https://pay-calculator-australia.com/tax-brackets/,0.23100000619888306
income tax thresholds 2025,110,24,informational,86,https://pay-calculator-australia.com/tax-brackets/,0.23100000619888306
indexation rate 2026,110,0,informational,39,https://pay-calculator-australia.com/news/hecs-indexation-2026/,0.23100000619888306
individual tax rate 2024,110,31,informational,54,https://pay-calculator-australia.com/tax-brackets/,0.23100000619888306
individual tax rates 2024,110,31,informational,52,https://pay-calculator-australia.com/tax-brackets/,0.23100000619888306
is it better to pay div 293 from super,110,0,commercial,64,https://pay-calculator-australia.com/division-293-tax/,0.23100000619888306
labour rates,110,19,informational,56,https://pay-calculator-australia.com/award-rates/,0.23100000619888306
leave calculator vic,110,0,informational,43,https://pay-calculator-australia.com/leave-calculator/,0.23100000619888306
level 3 hospitality wage casual salary,110,0,informational,18,https://pay-calculator-australia.com/retail-hospitality-pay-guide/,0.3630000054836273
level 4 hospitality pay rate casual,110,0,commercial,34,https://pay-calculator-australia.com/retail-hospitality-pay-guide/,0.23100000619888306
long service leave payout calculator,110,0,informational,57,https://pay-calculator-australia.com/leave-calculator/,0.23100000619888306
low income tax offset 2024 25,110,12,commercial,16,https://pay-calculator-australia.com/low-income-tax-offset/,0.4729999899864197
low income tax offset 2024-25,110,16,informational,67,https://pay-calculator-australia.com/low-income-tax-offset/,0.23100000619888306
marginal tax rate for individuals,110,32,informational,41,https://pay-calculator-australia.com/tax-brackets/,0.23100000619888306
medicare calculator,110,4,informational,44,https://pay-calculator-australia.com/medicare-levy/,0.23100000619888306
minimum superannuation rate,110,13,informational,57,https://pay-calculator-australia.com/superannuation-guide/,0.23100000619888306
minimum wage rate in australia,110,25,informational,94,https://pay-calculator-australia.com/minimum-wage-history-australia/,0.23100000619888306
mining jobs pay rates,110,0,informational,30,https://pay-calculator-australia.com/mining-fifo-pay-guide/,0.23100000619888306
nat 1005 tax table 2026,110,0,informational,15,https://pay-calculator-australia.com/payg-withholding-tables/,0.5609999895095825
nett pay calculator,110,6,informational,68,https://pay-calculator-australia.com/,0.23100000619888306
nett payment calculator,110,8,informational,44,https://pay-calculator-australia.com/gross-pay-calculator/,0.23100000619888306
new tax bracket,110,31,informational,64,https://pay-calculator-australia.com/tax-brackets/,0.23100000619888306
non resident tax rates 2025,110,26,informational,33,https://pay-calculator-australia.com/non-resident-tax/,0.23100000619888306
other previous earnings on payslip,110,0,informational,45,https://pay-calculator-australia.com/understanding-your-payslip/,0.23100000619888306
parental leave how much,110,2,informational,46,https://pay-calculator-australia.com/parental-leave-pay/,0.23100000619888306
part time and full time,110,0,informational,48,https://pay-calculator-australia.com/full-time-vs-part-time-vs-casual/,0.23100000619888306
part-time or full-time,110,0,informational,54,https://pay-calculator-australia.com/full-time-vs-part-time-vs-casual/,0.23100000619888306
pay calculator hourly to yearly,110,33,informational,14,https://pay-calculator-australia.com/hourly-to-annual-salary-calculator/,0.6159999966621399
pay calculator weekly,110,11,informational,42,https://pay-calculator-australia.com/weekly-pay-calculator/,0.23100000619888306
pay increase calculator percentage,110,0,informational,10,https://pay-calculator-australia.com/pay-rise-calculator/,1.2430000305175781
pay increase percentage calculator,110,16,informational,50,https://pay-calculator-australia.com/pay-rise-calculator/,0.23100000619888306
pay raise calculator percent,110,16,informational,46,https://pay-calculator-australia.com/pay-rise-calculator/,0.23100000619888306
pay raise percentage calculator,110,16,commercial,49,https://pay-calculator-australia.com/pay-rise-calculator/,0.23100000619888306
payg tax calculator weekly,110,23,informational,68,https://pay-calculator-australia.com/payg-withholding-tables/,0.23100000619888306
payg weekly tax table 2025,110,0,transactional,16,https://pay-calculator-australia.com/payg-withholding-tables/,0.4729999899864197
payroll tax calculator vic,110,32,informational,56,https://pay-calculator-australia.com/pay-calculator-vic/,0.23100000619888306
percentage calculator for salary increase,110,0,informational,14,https://pay-calculator-australia.com/pay-rise-calculator/,0.6159999966621399
personal marginal tax rates,110,32,informational,44,https://pay-calculator-australia.com/tax-brackets/,0.23100000619888306
qld hospitality award,110,0,navigational,24,https://pay-calculator-australia.com/hospitality-award-rates/,0.23100000619888306
queensland hospitality award,110,0,informational,34,https://pay-calculator-australia.com/hospitality-award-rates/,0.23100000619888306
redundancy entitlement,110,16,informational,41,https://pay-calculator-australia.com/redundancy-pay-guide/,0.23100000619888306
redundancy how much,110,15,informational,38,https://pay-calculator-australia.com/redundancy-pay-guide/,0.23100000619888306
redundancy payment for 20 years service,110,0,commercial,56,https://pay-calculator-australia.com/redundancy-pay-guide/,0.23100000619888306
resident tax rates 2025-26,110,36,informational,91,https://pay-calculator-australia.com/tax-brackets/,0.23100000619888306
salary calculator percentage increase,110,7,informational,63,https://pay-calculator-australia.com/pay-rise-calculator/,0.23100000619888306
salary calculator yearly to hourly,110,27,informational,12,https://pay-calculator-australia.com/hourly-to-annual-salary-calculator/,0.824999988079071
salary raise percentage calculator,110,4,informational,50,https://pay-calculator-australia.com/pay-rise-calculator/,0.23100000619888306
salary to hourly,110,0,informational,61,https://pay-calculator-australia.com/hourly-to-annual-salary-calculator/,0.23100000619888306
salary yearly to hourly calculator,110,29,informational,25,https://pay-calculator-australia.com/hourly-to-annual-salary-calculator/,0.23100000619888306
schads award increase 2026 pdf,110,0,commercial,31,https://pay-calculator-australia.com/schads-award-pay-rates/,0.23100000619888306
schads level 2 pay rate,110,0,informational,14,https://pay-calculator-australia.com/schads-award-pay-rates/,0.6159999966621399
second job how much tax,110,0,informational,27,https://pay-calculator-australia.com/second-job-tax-calculator/,0.23100000619888306
second job tax australia,110,0,informational,28,https://pay-calculator-australia.com/second-job-tax-calculator/,0.23100000619888306
second job tax rate australia,110,1,informational,28,https://pay-calculator-australia.com/second-job-tax-calculator/,0.23100000619888306
subcontractor vs employee,110,13,informational,33,https://pay-calculator-australia.com/contractor-vs-employee/,0.23100000619888306
super cap 2027,110,1,informational,56,https://pay-calculator-australia.com/news/super-contribution-caps-2026-27/,0.23100000619888306
super contributions 2026,110,8,commercial,86,https://pay-calculator-australia.com/news/super-contribution-caps-2026-27/,0.23100000619888306
superannuation calculator for employers,110,11,informational,38,https://pay-calculator-australia.com/superannuation-calculator/,0.23100000619888306
superannuation contribution australia,110,54,informational,54,https://pay-calculator-australia.com/superannuation-guide/,0.23100000619888306
tax 2 jobs,110,0,informational,34,https://pay-calculator-australia.com/second-job-tax-calculator/,0.23100000619888306
tax 30000,110,25,informational,18,https://pay-calculator-australia.com/tax-on/30000/,0.3630000054836273
tax brackets couples,110,7,informational,60,https://pay-calculator-australia.com/tax-brackets/,0.23100000619888306
tax brackets for couples,110,8,commercial,63,https://pay-calculator-australia.com/tax-brackets/,0.23100000619888306
tax brackets queensland,110,32,informational,45,https://pay-calculator-australia.com/tax-brackets/,0.23100000619888306
tax calculator per fortnight,110,38,informational,48,https://pay-calculator-australia.com/fortnightly-pay-calculator/,0.23100000619888306
tax calculator with salary sacrifice,110,33,informational,67,https://pay-calculator-australia.com/salary-sacrifice-calculator/,0.23100000619888306
tax file number format,110,10,informational,60,https://pay-calculator-australia.com/tax-file-number-declaration/,0.23100000619888306
tax free threshold 2025 australia,110,14,informational,77,https://pay-calculator-australia.com/tax-brackets/,0.23100000619888306
tax income due date,110,0,informational,55,https://pay-calculator-australia.com/tax-calendar/,0.23100000619888306
tax on $45000 australia,110,32,informational,21,https://pay-calculator-australia.com/tax-on/45000/,0.2529999911785126
tax on 125k australia,110,20,informational,53,https://pay-calculator-australia.com/take-home-pay-on/125000/,0.23100000619888306
tax on 160000,110,10,informational,17,https://pay-calculator-australia.com/tax-on/160000/,0.4729999899864197
tax on 190k australia,110,20,informational,37,https://pay-calculator-australia.com/tax-on/190000/,0.23100000619888306
tax on 30000,110,30,informational,18,https://pay-calculator-australia.com/tax-on/30000/,0.3630000054836273
tax on 36000 australia,110,23,informational,23,https://pay-calculator-australia.com/tax-on/35000/,0.23100000619888306
tax on 50000 income australia,110,28,informational,45,https://pay-calculator-australia.com/take-home-pay-on/50000/,0.23100000619888306
tax on 50k australia,110,36,informational,9,https://pay-calculator-australia.com/tax-on/50000/,1.649999976158142
tax on 60k australia,110,12,informational,4,https://pay-calculator-australia.com/tax-on/60000/,7.249000072479248
tax on 67000 australia,110,3,informational,35,https://pay-calculator-australia.com/tax-on/60000/,0.23100000619888306
tax on 68000 australia,110,9,informational,43,https://pay-calculator-australia.com/tax-on/60000/,0.23100000619888306
tax on 78000 australia,110,11,informational,37,https://pay-calculator-australia.com/tax-on/70000/,0.23100000619888306
tax on 85000,110,8,informational,19,https://pay-calculator-australia.com/tax-on/85000/,0.296999990940094
tax rate for couples,110,32,informational,53,https://pay-calculator-australia.com/tax-brackets/,0.23100000619888306
tax rate for fringe benefits,110,18,informational,58,https://pay-calculator-australia.com/fringe-benefits-tax/,0.23100000619888306
tax rate personal,110,32,informational,57,https://pay-calculator-australia.com/tax-brackets/,0.23100000619888306
tax rate victoria,110,36,informational,49,https://pay-calculator-australia.com/tax-brackets/,0.23100000619888306
tax rate weekly,110,0,informational,34,https://pay-calculator-australia.com/weekly-tax-table/,0.23100000619888306
tax rates 2027 australia,110,32,commercial,78,https://pay-calculator-australia.com/tax-brackets/,0.23100000619888306
tax schedule 5,110,1,informational,21,https://pay-calculator-australia.com/bonus-tax-calculator/,0.2529999911785126
tax tables 2025 to 2026 pdf,110,0,informational,22,https://pay-calculator-australia.com/payg-withholding-tables/,0.24199999868869781
tax threshold 2025 australia,110,31,informational,44,https://pay-calculator-australia.com/tax-brackets/,0.23100000619888306
tax time 2025,110,2,informational,53,https://pay-calculator-australia.com/tax-calendar/,0.23100000619888306
tax timetable 2026,110,0,transactional,43,https://pay-calculator-australia.com/payg-withholding-tables/,0.23100000619888306
tax with 2 jobs,110,0,informational,31,https://pay-calculator-australia.com/second-job-tax-calculator/,0.23100000619888306
tax year 2025,110,12,informational,33,https://pay-calculator-australia.com/tax-calendar/,0.23100000619888306
tax-free threshold 2025 australia,110,24,informational,38,https://pay-calculator-australia.com/tax-brackets/,0.23100000619888306
tax-free threshold australia 2025,110,24,informational,31,https://pay-calculator-australia.com/tax-brackets/,0.23100000619888306
tech salaries,110,0,informational,13,https://pay-calculator-australia.com/tech-salary-guide-australia/,0.6489999890327454
technology salaries,110,0,informational,35,https://pay-calculator-australia.com/tech-salary-guide-australia/,0.23100000619888306
two job tax,110,0,informational,36,https://pay-calculator-australia.com/second-job-tax-calculator/,0.23100000619888306
two jobs tax,110,0,informational,33,https://pay-calculator-australia.com/second-job-tax-calculator/,0.23100000619888306
victoria teachers pay,110,0,commercial,36,https://pay-calculator-australia.com/teacher-pay-australia/vic/,0.23100000619888306
victorian payroll tax calculator,110,1,informational,20,https://pay-calculator-australia.com/pay-calculator-vic/,0.2639999985694885
wages hospitality,110,0,informational,20,https://pay-calculator-australia.com/retail-hospitality-pay-guide/,0.2639999985694885
weekly pay,110,3,informational,28,https://pay-calculator-australia.com/weekly-pay-calculator/,0.23100000619888306
weekly payroll,110,5,informational,46,https://pay-calculator-australia.com/weekly-pay-calculator/,0.23100000619888306
what are income tax rates,110,32,informational,68,https://pay-calculator-australia.com/tax-brackets/,0.23100000619888306
what are the income brackets for income tax,110,32,informational,65,https://pay-calculator-australia.com/tax-brackets/,0.23100000619888306
what can you salary sacrifice australia,110,10,informational,92,https://pay-calculator-australia.com/salary-sacrifice-guide/,0.23100000619888306
what is $40 an hour annually,110,0,informational,12,https://pay-calculator-australia.com/hourly-to-annual-salary-calculator/,0.824999988079071
what is award wage in australia,110,35,informational,50,https://pay-calculator-australia.com/award-rates/,0.23100000619888306
what is income tax brackets,110,32,informational,68,https://pay-calculator-australia.com/tax-brackets/,0.23100000619888306
what is net pay and gross pay,110,1,informational,55,https://pay-calculator-australia.com/gross-pay-calculator/,0.23100000619888306
what is taxable income for tax brackets,110,32,informational,51,https://pay-calculator-australia.com/tax-brackets/,0.23100000619888306
what is the current tax rate in australia,110,31,informational,43,https://pay-calculator-australia.com/tax-brackets/,0.23100000619888306
what tax year are we in,110,0,informational,67,https://pay-calculator-australia.com/tax-calendar/,0.23100000619888306
when is tax season,110,3,informational,72,https://pay-calculator-australia.com/tax-calendar/,0.23100000619888306
working holiday maker tax,110,0,informational,45,https://pay-calculator-australia.com/working-holiday-tax/,0.23100000619888306
working holiday visa tax calculator,110,4,informational,68,https://pay-calculator-australia.com/working-holiday-tax/,0.23100000619888306
year to date income,110,0,informational,45,https://pay-calculator-australia.com/ytd-income-calculator/,0.23100000619888306
yearly salary to hourly calculator,110,27,informational,52,https://pay-calculator-australia.com/hourly-to-annual-salary-calculator/,0.23100000619888306
100 000 how much,90,0,informational,53,https://pay-calculator-australia.com/take-home-pay-on/100000/,0.1889999955892563
100k after tax australia weekly salary,90,9,informational,39,https://pay-calculator-australia.com/tax-on/100000/,0.1889999955892563
100k salary after tax,90,8,informational,51,https://pay-calculator-australia.com/take-home-pay-on/100000/,0.1889999955892563
100k salary after taxes,90,8,informational,52,https://pay-calculator-australia.com/take-home-pay-on/100000/,0.1889999955892563
115000/12,90,0,informational,98,https://pay-calculator-australia.com/tax-on/115000/,0.1889999955892563
120k,90,0,informational,32,https://pay-calculator-australia.com/take-home-pay-on/120000/,0.1889999955892563
120k a year is how much an hour,90,0,informational,13,https://pay-calculator-australia.com/salary-to-hourly/120000/,0.531000018119812
130k salary after tax australia,90,15,informational,16,https://pay-calculator-australia.com/tax-on/130000/,0.3869999945163727
140000/52,90,0,informational,6,https://pay-calculator-australia.com/salary-to-hourly/140000/,3.0420000553131104
180 000 after tax australia,90,0,informational,54,https://pay-calculator-australia.com/take-home-pay-on/180000/,0.1889999955892563
180 plus 180,90,2,informational,61,https://pay-calculator-australia.com/take-home-pay-on/180000/,0.1889999955892563
180000 after tax,90,0,informational,55,https://pay-calculator-australia.com/take-home-pay-on/180000/,0.1889999955892563
190k after tax australia,90,3,informational,23,https://pay-calculator-australia.com/tax-on/190000/,0.1889999955892563
1st july 2026,90,3,informational,55,https://pay-calculator-australia.com/news/july-1-2026-money-changes/,0.1889999955892563
200 000 after tax australia,90,4,informational,58,https://pay-calculator-australia.com/tax-on/200000/,0.1889999955892563
200000 after tax,90,0,informational,58,https://pay-calculator-australia.com/tax-on/200000/,0.1889999955892563
200k salary after tax australia,90,1,informational,52,https://pay-calculator-australia.com/tax-on/200000/,0.1889999955892563
2025 ato tax rates,90,38,informational,75,https://pay-calculator-australia.com/tax-brackets/,0.1889999955892563
2025 medicare levy surcharge,90,6,informational,70,https://pay-calculator-australia.com/medicare-levy/,0.1889999955892563
24/25 tax rates,90,32,informational,93,https://pay-calculator-australia.com/tax-bracket-history/,0.1889999955892563
33 an hour is how much a year,90,0,informational,43,https://pay-calculator-australia.com/hourly-to-annual-salary-calculator/,0.1889999955892563
33 per hour annual salary,90,0,informational,43,https://pay-calculator-australia.com/hourly-to-annual-salary-calculator/,0.1889999955892563
36 an hour is how much a year,90,0,informational,32,https://pay-calculator-australia.com/hourly-to-annual-salary-calculator/,0.1889999955892563
36 per hour annual salary,90,0,informational,16,https://pay-calculator-australia.com/hourly-to-annual-salary-calculator/,0.3869999945163727
37 an hour is how much a year,90,0,informational,31,https://pay-calculator-australia.com/hourly-to-annual-salary-calculator/,0.1889999955892563
37 per hour annual salary,90,0,commercial,12,https://pay-calculator-australia.com/hourly-to-annual-salary-calculator/,0.675000011920929
40 an hour salary,90,0,informational,19,https://pay-calculator-australia.com/hourly-to-annual-salary-calculator/,0.24300000071525574
42 per hour annual salary,90,0,informational,35,https://pay-calculator-australia.com/hourly-to-salary/42/,0.1889999955892563
45000/52,90,0,informational,13,https://pay-calculator-australia.com/salary-to-hourly/45000/,0.531000018119812
50 dollars an hour is how much a year,90,0,informational,44,https://pay-calculator-australia.com/hourly-to-annual-salary-calculator/,0.1889999955892563
55 an hour is how much a year,90,0,informational,24,https://pay-calculator-australia.com/hourly-to-salary/55/,0.1889999955892563
55000 after tax australia,90,1,informational,39,https://pay-calculator-australia.com/tax-on/55000/,0.1889999955892563
60 an hour is how much a year,90,0,informational,32,https://pay-calculator-australia.com/hourly-to-annual-salary-calculator/,0.1889999955892563
60k after tax,90,0,informational,73,https://pay-calculator-australia.com/tax-on/55000/,0.1889999955892563
70 per hour annual salary,90,0,informational,39,https://pay-calculator-australia.com/hourly-to-annual-salary-calculator/,0.1889999955892563
80000 australian dollars after tax,90,3,informational,51,https://pay-calculator-australia.com/tax-on/80000/,0.1889999955892563
80k,90,0,informational,40,https://pay-calculator-australia.com/take-home-pay-on/80000/,0.1889999955892563
85k a year is how much a week after tax,90,0,informational,39,https://pay-calculator-australia.com/take-home-pay-on/85000/,0.1889999955892563
90k plus super salary calculator,90,2,informational,24,https://pay-calculator-australia.com/take-home-pay-on/90000/,0.1889999955892563
90k salary after tax,90,0,transactional,23,https://pay-calculator-australia.com/tax-on/90000/,0.1889999955892563
95 000 a year is how much an hour,90,0,informational,7,https://pay-calculator-australia.com/salary-to-hourly/95000/,2.303999900817871
abn calculator,90,19,informational,18,https://pay-calculator-australia.com/contractor-pay-calculator/,0.296999990940094
admin award rate,90,0,informational,27,https://pay-calculator-australia.com/award-rates/,0.1889999955892563
annual pay,90,3,informational,17,https://pay-calculator-australia.com/hourly-to-annual-salary-calculator/,0.3869999945163727
annual salary calculator to hourly,90,29,informational,18,https://pay-calculator-australia.com/hourly-to-annual-salary-calculator/,0.296999990940094
annual salary per hour calculator,90,33,informational,26,https://pay-calculator-australia.com/hourly-to-annual-salary-calculator/,0.1889999955892563
annual salary to hourly calculator,90,26,informational,20,https://pay-calculator-australia.com/hourly-to-annual-salary-calculator/,0.2160000056028366
annual salary to hourly salary calculator,90,6,informational,26,https://pay-calculator-australia.com/hourly-to-annual-salary-calculator/,0.1889999955892563
apprentice wages australia,90,0,informational,33,https://pay-calculator-australia.com/construction-trades-pay/,0.1889999955892563
apprenticeship rates,90,0,informational,39,https://pay-calculator-australia.com/construction-trades-pay/,0.1889999955892563
approx tax return calculator,90,12,informational,93,https://pay-calculator-australia.com/tax-return-calculator/,0.1889999955892563
ato gross pay calculator,90,38,informational,35,https://pay-calculator-australia.com/gross-pay-calculator/,0.1889999955892563
ato hecs repayment calculator,90,28,informational,14,https://pay-calculator-australia.com/hecs-help-calculator/,0.5040000081062317
ato low income tax offset 2025,90,24,informational,79,https://pay-calculator-australia.com/low-income-tax-offset/,0.1889999955892563
ato notice of assessment example,90,0,informational,43,https://pay-calculator-australia.com/notice-of-assessment/,0.1889999955892563
ato payg tax tables,90,21,transactional,29,https://pay-calculator-australia.com/payg-withholding-tables/,0.1889999955892563
ato super guarantee rate,90,39,informational,21,https://pay-calculator-australia.com/super-guarantee-rate-history/,0.2070000022649765
ato super guarantee rates,90,35,informational,26,https://pay-calculator-australia.com/super-guarantee-rate-history/,0.1889999955892563
ato tax rate 2024,90,43,informational,49,https://pay-calculator-australia.com/tax-brackets/,0.1889999955892563
australian payg tax rates,90,36,informational,42,https://pay-calculator-australia.com/tax-brackets/,0.1889999955892563
australian tax date,90,2,informational,48,https://pay-calculator-australia.com/tax-calendar/,0.1889999955892563
average apprentice wage,90,0,informational,35,https://pay-calculator-australia.com/construction-trades-pay/,0.1889999955892563
average australian salary 2025,90,12,commercial,77,https://pay-calculator-australia.com/average-salary-australia/,0.1889999955892563
average fifo salary,90,0,informational,42,https://pay-calculator-australia.com/mining-fifo-pay-guide/,0.1889999955892563
average pay rise per year,90,7,informational,14,https://pay-calculator-australia.com/pay-rise-calculator/,0.5040000081062317
average primary teacher salary australia,90,9,informational,31,https://pay-calculator-australia.com/teacher-pay-australia/,0.1889999955892563
average salary increase per year,90,10,informational,20,https://pay-calculator-australia.com/pay-rise-calculator/,0.2160000056028366
award checker,90,13,informational,10,https://pay-calculator-australia.com/award-rates/,1.0169999599456787
award wages nsw hospitality,90,0,informational,20,https://pay-calculator-australia.com/hospitality-award-rates/,0.2160000056028366
ayers calculator,90,12,informational,77,https://pay-calculator-australia.com/,0.1889999955892563
before tax income,90,7,informational,46,https://pay-calculator-australia.com/gross-pay-calculator/,0.1889999955892563
benefits of full time,90,0,informational,57,https://pay-calculator-australia.com/full-time-vs-part-time-vs-casual/,0.1889999955892563
bonus calculator australia,90,17,informational,3,https://pay-calculator-australia.com/bonus-tax-calculator/,8.756999969482422
building apprenticeships wages,90,0,informational,24,https://pay-calculator-australia.com/construction-trades-pay/,0.1889999955892563
calculate holiday pay,90,19,informational,76,https://pay-calculator-australia.com/leave-calculator/,0.1889999955892563
calculate leave payout,90,0,informational,18,https://pay-calculator-australia.com/leave-calculator/,0.296999990940094
calculate tax return 2023,90,28,informational,84,https://pay-calculator-australia.com/tax-return-calculator/,0.1889999955892563
calculating payroll tax victoria,90,1,informational,64,https://pay-calculator-australia.com/pay-calculator-vic/,0.1889999955892563
calculator for paycheck taxes,90,38,informational,75,https://pay-calculator-australia.com/,0.1889999955892563
calculator tax return 2023,90,36,informational,81,https://pay-calculator-australia.com/tax-return-calculator/,0.1889999955892563
can anyone salary sacrifice,90,17,informational,83,https://pay-calculator-australia.com/salary-sacrifice-guide/,0.1889999955892563
care pay calculator,90,33,informational,44,https://pay-calculator-australia.com/pay-calculator-nsw/,0.1889999955892563
casual rate calculator,90,1,informational,53,https://pay-calculator-australia.com/employment-type-calculator/,0.1889999955892563
casual rate hospitality,90,0,informational,27,https://pay-calculator-australia.com/retail-hospitality-pay-guide/,0.1889999955892563
casual rates hospitality,90,0,informational,23,https://pay-calculator-australia.com/retail-hospitality-pay-guide/,0.1889999955892563
casual vs full time,90,0,informational,57,https://pay-calculator-australia.com/full-time-vs-part-time-vs-casual/,0.1889999955892563
casual vs full-time,90,0,informational,29,https://pay-calculator-australia.com/full-time-vs-part-time-vs-casual/,0.1889999955892563
co contribution calculator,90,0,informational,44,https://pay-calculator-australia.com/super-co-contribution/,0.1889999955892563
concessional super cap 2026,90,7,commercial,80,https://pay-calculator-australia.com/news/super-contribution-caps-2026-27/,0.1889999955892563
contract vs permanent calculator,90,0,informational,70,https://pay-calculator-australia.com/contractor-vs-employee-calculator/,0.1889999955892563
contracting calculator,90,0,informational,72,https://pay-calculator-australia.com/contractor-pay-calculator/,0.1889999955892563
contracting vs permanent calculator,90,0,informational,66,https://pay-calculator-australia.com/contractor-vs-employee-calculator/,0.1889999955892563
contractor calculator,90,0,informational,67,https://pay-calculator-australia.com/contractor-pay-calculator/,0.1889999955892563
convert annual salary to hourly,90,27,informational,61,https://pay-calculator-australia.com/hourly-to-annual-salary-calculator/,0.1889999955892563
convert annual salary to hourly rate,90,26,informational,61,https://pay-calculator-australia.com/hourly-to-annual-salary-calculator/,0.1889999955892563
convert yearly salary to hourly,90,27,informational,64,https://pay-calculator-australia.com/hourly-to-annual-salary-calculator/,0.1889999955892563
convert yearly salary to hourly rate,90,26,informational,59,https://pay-calculator-australia.com/hourly-to-annual-salary-calculator/,0.1889999955892563
couple tax brackets australia,90,13,informational,53,https://pay-calculator-australia.com/tax-brackets/,0.1889999955892563
current income tax brackets,90,32,informational,54,https://pay-calculator-australia.com/tax-brackets/,0.1889999955892563
current income tax rates,90,32,informational,54,https://pay-calculator-australia.com/tax-brackets/,0.1889999955892563
div 293 tax threshold,90,0,informational,87,https://pay-calculator-australia.com/division-293-tax/,0.1889999955892563
div 293 threshold 2025,90,0,informational,48,https://pay-calculator-australia.com/division-293-tax/,0.1889999955892563
division 293 tax threshold,90,0,informational,88,https://pay-calculator-australia.com/division-293-tax/,0.1889999955892563
effective tax free threshold,90,7,informational,32,https://pay-calculator-australia.com/tax-brackets/,0.1889999955892563
employee vs contractor decision tool,90,1,informational,27,https://pay-calculator-australia.com/contractor-vs-employee/,0.1889999955892563
fair work annual leave calculator,90,6,informational,57,https://pay-calculator-australia.com/leave-calculator/,0.1889999955892563
fbt gross-up rates 2026,90,0,commercial,20,https://pay-calculator-australia.com/fringe-benefits-tax/,0.2160000056028366
fifo miner salary,90,0,informational,16,https://pay-calculator-australia.com/mining-fifo-pay-guide/,0.3869999945163727
fifo mines salary,90,0,informational,57,https://pay-calculator-australia.com/mining-fifo-pay-guide/,0.1889999955892563
fifo mining salary,90,0,informational,26,https://pay-calculator-australia.com/mining-fifo-pay-guide/,0.1889999955892563
fifo wage,90,0,informational,46,https://pay-calculator-australia.com/mining-fifo-pay-guide/,0.1889999955892563
fifo wages,90,0,informational,50,https://pay-calculator-australia.com/mining-fifo-pay-guide/,0.1889999955892563
final pay calculator australia,90,0,informational,44,https://pay-calculator-australia.com/final-pay-calculator/,0.1889999955892563
financial year 24 25,90,0,informational,50,https://pay-calculator-australia.com/tax-calendar/,0.1889999955892563
fixed rate method ato,90,5,informational,59,https://pay-calculator-australia.com/work-from-home-deductions/,0.1889999955892563
fixed rate working from home,90,0,informational,68,https://pay-calculator-australia.com/work-from-home-deductions/,0.1889999955892563
fortnightly tax calculator 2025,90,39,transactional,86,https://pay-calculator-australia.com/take-home-pay-on/125000/,0.1889999955892563
fringe benefits tax year,90,18,informational,62,https://pay-calculator-australia.com/fringe-benefits-tax/,0.1889999955892563
generate payslip online,90,0,transactional,68,https://pay-calculator-australia.com/payslip-generator/,0.1889999955892563
gross income monthly,90,10,informational,33,https://pay-calculator-australia.com/monthly-pay-calculator/,0.1889999955892563
gross monthly income,90,46,informational,35,https://pay-calculator-australia.com/monthly-pay-calculator/,0.1889999955892563
gross pay and net pay,90,3,informational,46,https://pay-calculator-australia.com/gross-pay-calculator/,0.1889999955892563
gross pay calculator ato,90,12,informational,34,https://pay-calculator-australia.com/gross-pay-calculator/,0.1889999955892563
gross tax calculator,90,7,informational,38,https://pay-calculator-australia.com/gross-pay-calculator/,0.1889999955892563
gross to net pay calculator australia,90,5,informational,37,https://pay-calculator-australia.com/gross-pay-calculator/,0.1889999955892563
gross to net salary calculator australia,90,2,informational,38,https://pay-calculator-australia.com/gross-pay-calculator/,0.1889999955892563
gross up calculator,90,3,informational,94,https://pay-calculator-australia.com/gross-pay-calculator/,0.1889999955892563
gross-up calculator,90,3,informational,71,https://pay-calculator-australia.com/gross-pay-calculator/,0.1889999955892563
grossed up calculator,90,3,informational,56,https://pay-calculator-australia.com/gross-pay-calculator/,0.1889999955892563
hecs indexation rate 2026,90,0,commercial,34,https://pay-calculator-australia.com/news/hecs-indexation-2026/,0.1889999955892563
hecs repayment rates 2026,90,1,commercial,15,https://pay-calculator-australia.com/hecs-help-calculator/,0.45899999141693115
help loan repayment calculator,90,13,informational,50,https://pay-calculator-australia.com/hecs-help-calculator/,0.1889999955892563
help threshold 2025,90,7,informational,75,https://pay-calculator-australia.com/hecs-help-guide/,0.1889999955892563
help threshold 2026,90,3,informational,49,https://pay-calculator-australia.com/hecs-help-calculator/,0.1889999955892563
higa pay guide,90,0,informational,26,https://pay-calculator-australia.com/retail-hospitality-pay-guide/,0.1889999955892563
holiday calculator,90,6,informational,61,https://pay-calculator-australia.com/leave-calculator/,0.1889999955892563
holiday payout calculator,90,8,informational,66,https://pay-calculator-australia.com/leave-calculator/,0.1889999955892563
home office fixed rate,90,0,informational,66,https://pay-calculator-australia.com/work-from-home-deductions/,0.1889999955892563
home office set rate,90,0,informational,59,https://pay-calculator-australia.com/work-from-home-deductions/,0.1889999955892563
hospitality award wage nsw,90,0,informational,25,https://pay-calculator-australia.com/retail-hospitality-pay-guide/,0.1889999955892563
hospitality award wages nsw,90,0,informational,30,https://pay-calculator-australia.com/retail-hospitality-pay-guide/,0.1889999955892563
hospitality pay guide,90,0,informational,23,https://pay-calculator-australia.com/retail-hospitality-pay-guide/,0.1889999955892563
hourly pay,90,25,informational,28,https://pay-calculator-australia.com/hourly-to-annual-salary-calculator/,0.1889999955892563
hourly rate conversion to annual salary,90,2,informational,15,https://pay-calculator-australia.com/hourly-to-annual-salary-calculator/,0.45899999141693115
hourly rate for retail,90,0,informational,23,https://pay-calculator-australia.com/retail-hospitality-pay-guide/,0.1889999955892563
hourly wage,90,27,informational,26,https://pay-calculator-australia.com/hourly-to-annual-salary-calculator/,0.1889999955892563
hourly wages,90,27,informational,46,https://pay-calculator-australia.com/salary-vs-hourly/,0.1889999955892563
how are bonuses taxed in australia,90,0,informational,15,https://pay-calculator-australia.com/bonus-tax-calculator/,0.45899999141693115
how calculate net salary,90,6,informational,51,https://pay-calculator-australia.com/gross-pay-calculator/,0.1889999955892563
how many hours is full-time a year,90,10,informational,51,https://pay-calculator-australia.com/hourly-to-annual-salary-calculator/,0.1889999955892563
how much does fifo pay,90,0,informational,24,https://pay-calculator-australia.com/mining-fifo-pay-guide/,0.1889999955892563
how much income tax do i pay,90,24,informational,51,https://pay-calculator-australia.com/income-tax-calculator/,0.1889999955892563
how much is 100000,90,0,informational,16,https://pay-calculator-australia.com/salary-to-hourly/100000/,0.3869999945163727
how much is 70000 a year per hour,90,0,informational,14,https://pay-calculator-australia.com/salary-to-hourly/70000/,0.5040000081062317
how much is 70k a year hourly,90,0,informational,34,https://pay-calculator-australia.com/salary-to-hourly/75000/,0.1889999955892563
how much is 80k a year hourly,90,0,informational,6,https://pay-calculator-australia.com/salary-to-hourly/80000/,3.0420000553131104
how much is ppl,90,17,informational,62,https://pay-calculator-australia.com/parental-leave-pay/,0.1889999955892563
how much is the medicare levy surcharge 2025,90,4,commercial,65,https://pay-calculator-australia.com/medicare-levy/,0.1889999955892563
how much redundancy after 5 years,90,0,informational,39,https://pay-calculator-australia.com/redundancy-pay-guide/,0.1889999955892563
how much redundancy do you get,90,2,informational,61,https://pay-calculator-australia.com/redundancy-pay-guide/,0.1889999955892563
how much salary sacrifice,90,6,informational,91,https://pay-calculator-australia.com/salary-sacrifice-guide/,0.1889999955892563
how much tax do i pay calculator weekly,90,13,informational,42,https://pay-calculator-australia.com/weekly-pay-calculator/,0.1889999955892563
how much tax do i pay on 90000 in australia,90,18,informational,19,https://pay-calculator-australia.com/tax-on/90000/,0.24300000071525574
how much tax do you pay on 150k in australia,90,7,informational,22,https://pay-calculator-australia.com/tax-on/150000/,0.1979999989271164
how much tax do you pay on 200k in australia,90,16,informational,25,https://pay-calculator-australia.com/tax-on/200000/,0.1889999955892563
how much tax on 100k australia,90,2,informational,58,https://pay-calculator-australia.com/tax-on/100000/,0.1889999955892563
how much tax on 60000 australia,90,32,informational,3,https://pay-calculator-australia.com/tax-on/60000/,8.756999969482422
how much tax on 70000 australia,90,9,informational,18,https://pay-calculator-australia.com/tax-on/70000/,0.296999990940094
how much tax on 80000 australia,90,18,informational,20,https://pay-calculator-australia.com/tax-on/80000/,0.2160000056028366
how much tax to pay in australia,90,32,informational,88,https://pay-calculator-australia.com/tax-brackets/,0.1889999955892563
how much tax will i pay weekly calculator,90,9,informational,46,https://pay-calculator-australia.com/weekly-pay-calculator/,0.1889999955892563
how much tax withholding,90,0,informational,65,https://pay-calculator-australia.com/tax-return-calculator/,0.1889999955892563
how much to salary sacrifice,90,9,informational,87,https://pay-calculator-australia.com/salary-sacrifice-guide/,0.1889999955892563
how much weekly tax do i pay calculator,90,14,informational,69,https://pay-calculator-australia.com/gross-pay-calculator/,0.1889999955892563
how to calculate annual gross income,90,24,informational,47,https://pay-calculator-australia.com/gross-pay-calculator/,0.1889999955892563
how to calculate annual gross salary,90,3,informational,37,https://pay-calculator-australia.com/gross-pay-calculator/,0.1889999955892563
how to calculate annual leave hours,90,0,informational,68,https://pay-calculator-australia.com/leave-calculator/,0.1889999955892563
how to calculate annual leave in hours,90,0,informational,71,https://pay-calculator-australia.com/leave-calculator/,0.1889999955892563
how to calculate gross annual income,90,12,informational,35,https://pay-calculator-australia.com/gross-pay-calculator/,0.1889999955892563
how to calculate gross income yearly,90,24,informational,44,https://pay-calculator-australia.com/gross-pay-calculator/,0.1889999955892563
how to calculate holiday pay,90,5,informational,63,https://pay-calculator-australia.com/leave-calculator/,0.1889999955892563
how to calculate net pay,90,36,informational,35,https://pay-calculator-australia.com/gross-pay-calculator/,0.1889999955892563
how to calculate salary,90,16,informational,46,https://pay-calculator-australia.com/monthly-pay-calculator/,0.1889999955892563
how to calculate weekly salary,90,0,informational,29,https://pay-calculator-australia.com/weekly-pay-calculator/,0.1889999955892563
how to figure out holiday pay,90,20,informational,78,https://pay-calculator-australia.com/leave-calculator/,0.1889999955892563
how to work out annual leave hours,90,0,informational,77,https://pay-calculator-australia.com/leave-calculator/,0.1889999955892563
how to work out hourly rate,90,4,informational,37,https://pay-calculator-australia.com/hourly-to-annual-salary-calculator/,0.1889999955892563
how to work out yearly salary,90,7,informational,29,https://pay-calculator-australia.com/hourly-to-annual-salary-calculator/,0.1889999955892563
how to work out your hourly rate from annual salary,90,0,informational,23,https://pay-calculator-australia.com/hourly-to-annual-salary-calculator/,0.1889999955892563
income before tax,90,10,informational,48,https://pay-calculator-australia.com/gross-pay-calculator/,0.1889999955892563
income tax notice of assessment,90,0,informational,68,https://pay-calculator-australia.com/notice-of-assessment/,0.1889999955892563
income tax on 60000 australia,90,16,informational,4,https://pay-calculator-australia.com/tax-on/60000/,5.930999755859375
income tax rates 2026 27,90,32,informational,45,https://pay-calculator-australia.com/tax-changes-2026-27/,0.1889999955892563
income tax table 2025,90,31,informational,42,https://pay-calculator-australia.com/tax-brackets/,0.1889999955892563
income tax weekly,90,10,informational,46,https://pay-calculator-australia.com/weekly-tax-table/,0.1889999955892563
income taxes 2025,90,24,informational,90,https://pay-calculator-australia.com/tax-brackets/,0.1889999955892563
income test jobseeker,90,0,informational,21,https://pay-calculator-australia.com/centrelink-income-test/,0.2070000022649765
individual tax table,90,32,informational,38,https://pay-calculator-australia.com/tax-brackets/,0.1889999955892563
individuals tax tables,90,32,informational,39,https://pay-calculator-australia.com/tax-brackets/,0.1889999955892563
industry award rate,90,9,informational,19,https://pay-calculator-australia.com/award-rates/,0.24300000071525574
industry award rates,90,41,informational,16,https://pay-calculator-australia.com/award-rates/,0.3869999945163727
inflation pay calculator,90,51,informational,60,https://pay-calculator-australia.com/pay-rise-calculator/,0.1889999955892563
instant tax deduction 2026,90,8,transactional,86,https://pay-calculator-australia.com/news/1000-dollar-instant-tax-deduction/,0.1889999955892563
is jobseeker means tested,90,0,informational,23,https://pay-calculator-australia.com/centrelink-income-test/,0.1889999955892563
is saturday time and a half,90,0,informational,34,https://pay-calculator-australia.com/overtime-penalty-rates-guide/,0.1889999955892563
leave payout calculator,90,0,informational,13,https://pay-calculator-australia.com/leave-calculator/,0.531000018119812
low income offset 2025,90,12,informational,33,https://pay-calculator-australia.com/low-income-tax-offset/,0.1889999955892563
lump sum tax calculator australia,90,12,informational,12,https://pay-calculator-australia.com/bonus-tax-calculator/,0.675000011920929
medicare levy low income threshold,90,0,informational,59,https://pay-calculator-australia.com/medicare-levy/,0.1889999955892563
medicare levy low-income threshold,90,0,informational,58,https://pay-calculator-australia.com/medicare-levy/,0.1889999955892563
minimum wage after tax,90,20,informational,59,https://pay-calculator-australia.com/news/new-minimum-wage-take-home-pay/,0.1889999955892563
minimum wage per year,90,30,informational,36,https://pay-calculator-australia.com/minimum-wage-history-australia/,0.1889999955892563
monthly gross salary,90,10,informational,30,https://pay-calculator-australia.com/monthly-pay-calculator/,0.1889999955892563
monthly income gross,90,25,informational,67,https://pay-calculator-australia.com/gross-pay-calculator/,0.1889999955892563
net or gross pay,90,0,informational,51,https://pay-calculator-australia.com/gross-pay-calculator/,0.1889999955892563
net pay calculator ato,90,38,informational,54,https://pay-calculator-australia.com/monthly-pay-calculator/,0.1889999955892563
net to gross income calculator australia,90,0,informational,34,https://pay-calculator-australia.com/gross-pay-calculator/,0.1889999955892563
new hecs repayment rates,90,10,commercial,80,https://pay-calculator-australia.com/hecs-help-guide/,0.1889999955892563
noa ato,90,0,informational,36,https://pay-calculator-australia.com/notice-of-assessment/,0.1889999955892563
over time pay calculator,90,15,transactional,11,https://pay-calculator-australia.com/overtime-pay-calculator/,0.8190000057220459
overtime calculation australia,90,0,informational,54,https://pay-calculator-australia.com/overtime-pay-calculator/,0.1889999955892563
overtime calculator australia,90,14,informational,29,https://pay-calculator-australia.com/overtime-pay-calculator/,0.1889999955892563
overtime pay calculator,90,9,informational,18,https://pay-calculator-australia.com/overtime-pay-calculator/,0.296999990940094
overtime pay calculator australia,90,14,informational,7,https://pay-calculator-australia.com/overtime-pay-calculator/,2.303999900817871
parental leave pay after tax,90,0,informational,28,https://pay-calculator-australia.com/parental-leave-pay/,0.1889999955892563
parental leave pay amount after tax,90,0,informational,39,https://pay-calculator-australia.com/parental-leave-pay/,0.1889999955892563
parental leave pay income test,90,0,informational,28,https://pay-calculator-australia.com/parental-leave-pay/,0.1889999955892563
parental leave pay plp,90,3,transactional,33,https://pay-calculator-australia.com/parental-leave-pay/,0.1889999955892563
pay calculator day rate,90,22,informational,76,https://pay-calculator-australia.com/hourly-to-annual-salary-calculator/,0.1889999955892563
pay calculator salary to hourly,90,33,informational,60,https://pay-calculator-australia.com/hourly-to-annual-salary-calculator/,0.1889999955892563
pay calculator with tax,90,11,informational,43,https://pay-calculator-australia.com/,0.1889999955892563
pay calculator with taxes,90,15,informational,49,https://pay-calculator-australia.com/,0.1889999955892563
pay rates in south australia,90,10,informational,12,https://pay-calculator-australia.com/pay-calculator-sa/,0.675000011920929
payg withholding calculator 2026,90,9,informational,63,https://pay-calculator-australia.com/payg-withholding-tables/,0.1889999955892563
payroll tax threshold vic 2025,90,24,informational,30,https://pay-calculator-australia.com/pay-calculator-vic/,0.1889999955892563
payroll tax victoria calculator,90,5,informational,48,https://pay-calculator-australia.com/pay-calculator-vic/,0.1889999955892563
payslip calculator australia,90,15,informational,40,https://pay-calculator-australia.com/monthly-pay-calculator/,0.1889999955892563
per week,90,0,informational,38,https://pay-calculator-australia.com/fortnightly-pay-calculator/,0.1889999955892563
personal income tax rate 2025,90,32,informational,59,https://pay-calculator-australia.com/tax-brackets/,0.1889999955892563
redundancy payment meaning,90,6,informational,81,https://pay-calculator-australia.com/redundancy-pay-guide/,0.1889999955892563
redundancy payment nsw calculator,90,15,informational,46,https://pay-calculator-australia.com/redundancy-pay-calculator/,0.1889999955892563
redundancy payment table,90,13,informational,58,https://pay-calculator-australia.com/redundancy-pay-guide/,0.1889999955892563
redundancy severance pay,90,16,informational,24,https://pay-calculator-australia.com/redundancy-pay-guide/,0.1889999955892563
redundancy severance payment,90,1,informational,58,https://pay-calculator-australia.com/redundancy-pay-guide/,0.1889999955892563
retail level 1 pay rate casual,90,0,informational,25,https://pay-calculator-australia.com/retail-hospitality-pay-guide/,0.1889999955892563
salaried salary,90,0,informational,39,https://pay-calculator-australia.com/salary-vs-hourly/,0.1889999955892563
salary and tax brackets,90,31,informational,58,https://pay-calculator-australia.com/tax-brackets/,0.1889999955892563
salary bracket for tax,90,31,informational,45,https://pay-calculator-australia.com/tax-brackets/,0.1889999955892563
salary calculator hourly to annual,90,3,informational,6,https://pay-calculator-australia.com/hourly-to-annual-salary-calculator/,3.0420000553131104
salary calculator hourly to yearly,90,27,informational,9,https://pay-calculator-australia.com/hourly-to-annual-salary-calculator/,1.350000023841858
salary calculator inflation,90,23,informational,65,https://pay-calculator-australia.com/pay-rise-calculator/,0.1889999955892563
salary calculator salary to hourly,90,26,informational,60,https://pay-calculator-australia.com/hourly-to-annual-salary-calculator/,0.1889999955892563
salary including super calculator,90,9,informational,67,https://pay-calculator-australia.com/gross-pay-calculator/,0.1889999955892563
salary sacrifice explained,90,17,informational,75,https://pay-calculator-australia.com/salary-sacrifice-guide/,0.1889999955892563
salary sacrifice home loan repayments,90,0,informational,89,https://pay-calculator-australia.com/salary-sacrifice-vs-mortgage/,0.1889999955892563
salary sacrifice mortgage calculator,90,3,informational,41,https://pay-calculator-australia.com/salary-sacrifice-vs-mortgage/,0.1889999955892563
salary sacrifice pay calculator,90,13,informational,34,https://pay-calculator-australia.com/salary-sacrifice-calculator/,0.1889999955892563
salary tax bands,90,32,informational,38,https://pay-calculator-australia.com/tax-brackets/,0.1889999955892563
severance package calculator,90,15,informational,57,https://pay-calculator-australia.com/redundancy-pay-calculator/,0.1889999955892563
severance pay calculation,90,15,informational,30,https://pay-calculator-australia.com/redundancy-pay-calculator/,0.1889999955892563
severance pay calculator,90,15,informational,52,https://pay-calculator-australia.com/redundancy-pay-calculator/,0.1889999955892563
severance pay for redundancy,90,11,informational,56,https://pay-calculator-australia.com/redundancy-pay-guide/,0.1889999955892563
severance pay redundancy,90,0,informational,49,https://pay-calculator-australia.com/redundancy-pay-guide/,0.1889999955892563
severance payment calculator,90,16,informational,60,https://pay-calculator-australia.com/redundancy-pay-calculator/,0.1889999955892563
sgc superannuation rate,90,1,informational,68,https://pay-calculator-australia.com/super-guarantee-rate-history/,0.1889999955892563
spouse co contribution,90,0,informational,59,https://pay-calculator-australia.com/super-co-contribution/,0.1889999955892563
stage three tax cuts,90,17,informational,31,https://pay-calculator-australia.com/stage-3-tax-cuts/,0.1889999955892563
super contribution cap 2026 increase,90,7,commercial,56,https://pay-calculator-australia.com/news/super-contribution-caps-2026-27/,0.1889999955892563
superannuation concessional cap 2026,90,7,commercial,86,https://pay-calculator-australia.com/news/super-contribution-caps-2026-27/,0.1889999955892563
take home pay calculator qld,90,7,informational,25,https://pay-calculator-australia.com/,0.1889999955892563
tax 35000,90,15,informational,7,https://pay-calculator-australia.com/tax-on/35000/,2.303999900817871
tax bracket change,90,32,informational,47,https://pay-calculator-australia.com/tax-brackets/,0.1889999955892563
tax bracket changes,90,26,informational,78,https://pay-calculator-australia.com/tax-bracket-history/,0.1889999955892563
tax bracket earnings,90,31,informational,41,https://pay-calculator-australia.com/tax-brackets/,0.1889999955892563
tax bracket on salary,90,26,informational,51,https://pay-calculator-australia.com/tax-brackets/,0.1889999955892563
tax bracket sa,90,29,informational,38,https://pay-calculator-australia.com/tax-brackets/,0.1889999955892563
tax bracket threshold,90,32,informational,52,https://pay-calculator-australia.com/tax-brackets/,0.1889999955892563
tax bracket thresholds,90,27,informational,53,https://pay-calculator-australia.com/tax-brackets/,0.1889999955892563
tax brackets 2025 26 australia,90,32,informational,66,https://pay-calculator-australia.com/tax-brackets/,0.1889999955892563
tax brackets 25 26 australia,90,36,informational,63,https://pay-calculator-australia.com/tax-brackets/,0.1889999955892563
tax brackets australia 25 26,90,32,informational,55,https://pay-calculator-australia.com/tax-bracket-history/,0.1889999955892563
tax brackets australia percentage,90,32,informational,54,https://pay-calculator-australia.com/tax-brackets/,0.1889999955892563
tax brackets changes,90,26,informational,80,https://pay-calculator-australia.com/tax-bracket-history/,0.1889999955892563
tax brackets sa,90,29,informational,41,https://pay-calculator-australia.com/tax-brackets/,0.1889999955892563
tax brackets salary,90,31,informational,57,https://pay-calculator-australia.com/tax-brackets/,0.1889999955892563
tax brackets south australia,90,32,informational,40,https://pay-calculator-australia.com/tax-brackets/,0.1889999955892563
tax breakdown australia,90,34,informational,41,https://pay-calculator-australia.com/tax-brackets/,0.1889999955892563
tax breaks 2025,90,32,informational,63,https://pay-calculator-australia.com/tax-brackets/,0.1889999955892563
tax calculator 2025 fortnightly,90,23,transactional,22,https://pay-calculator-australia.com/,0.1979999989271164
tax dates 2025,90,0,informational,67,https://pay-calculator-australia.com/tax-calendar/,0.1889999955892563
tax deduction at source calculator,90,18,informational,80,https://pay-calculator-australia.com/bonus-tax-calculator/,0.1889999955892563
tax file number dec,90,5,informational,42,https://pay-calculator-australia.com/tax-file-number-declaration/,0.1889999955892563
tax free threshold 2024,90,24,informational,48,https://pay-calculator-australia.com/tax-brackets/,0.1889999955892563
tax gross calculator,90,9,informational,52,https://pay-calculator-australia.com/gross-pay-calculator/,0.1889999955892563
tax income bands,90,32,informational,40,https://pay-calculator-australia.com/tax-brackets/,0.1889999955892563
tax on $125 000 australia,90,22,informational,26,https://pay-calculator-australia.com/tax-on/125000/,0.1889999955892563
tax on 100k salary,90,18,informational,33,https://pay-calculator-australia.com/tax-on/100000/,0.1889999955892563
tax on 105k australia,90,7,informational,16,https://pay-calculator-australia.com/tax-on/105000/,0.3869999945163727
tax on 1200 per week,90,8,transactional,43,https://pay-calculator-australia.com/,0.1889999955892563
tax on 120k,90,8,informational,54,https://pay-calculator-australia.com/salary-to-hourly/120000/,0.1889999955892563
tax on 125000,90,3,informational,9,https://pay-calculator-australia.com/tax-on/125000/,1.350000023841858
tax on 135000,90,19,informational,17,https://pay-calculator-australia.com/tax-on/135000/,0.3869999945163727
tax on 145k australia,90,28,informational,31,https://pay-calculator-australia.com/tax-on/145000/,0.1889999955892563
tax on 220k australia,90,14,informational,56,https://pay-calculator-australia.com/tax-on/200000/,0.1889999955892563
tax on 250000 australia,90,17,informational,74,https://pay-calculator-australia.com/tax-on/200000/,0.1889999955892563
tax on 26000 australia,90,28,informational,70,https://pay-calculator-australia.com/tax-brackets/,0.1889999955892563
tax on 32000 australia,90,28,informational,22,https://pay-calculator-australia.com/tax-on/30000/,0.1979999989271164
tax on 37000 australia,90,28,informational,59,https://pay-calculator-australia.com/tax-on/35000/,0.1889999955892563
tax on 38000 australia,90,13,informational,44,https://pay-calculator-australia.com/tax-on/35000/,0.1889999955892563
tax on 40000 income australia,90,28,informational,50,https://pay-calculator-australia.com/take-home-pay-on/40000/,0.1889999955892563
tax on 44000 australia,90,32,informational,64,https://pay-calculator-australia.com/tax-on/45000/,0.1889999955892563
tax on 47000 australia,90,38,informational,60,https://pay-calculator-australia.com/tax-on/45000/,0.1889999955892563
tax on 53000 australia,90,24,informational,35,https://pay-calculator-australia.com/tax-on/55000/,0.1889999955892563
tax on 54000 australia,90,32,informational,61,https://pay-calculator-australia.com/tax-on/55000/,0.1889999955892563
tax on 55000,90,2,informational,11,https://pay-calculator-australia.com/salary-to-hourly/55000/,0.8190000057220459
tax on 63000 australia,90,12,informational,21,https://pay-calculator-australia.com/tax-on/65000/,0.2070000022649765
tax on 64000 australia,90,13,informational,29,https://pay-calculator-australia.com/tax-on/65000/,0.1889999955892563
tax on 66000 australia,90,20,informational,18,https://pay-calculator-australia.com/tax-on/65000/,0.296999990940094
tax on 70000 in australia,90,17,informational,15,https://pay-calculator-australia.com/tax-on/70000/,0.45899999141693115
tax on 82000 australia,90,11,informational,25,https://pay-calculator-australia.com/tax-on/80000/,0.1889999955892563
tax on 88000 australia,90,15,informational,27,https://pay-calculator-australia.com/tax-on/85000/,0.1889999955892563
tax payable calculator 2025,90,24,informational,54,https://pay-calculator-australia.com/income-tax-calculator/,0.1889999955892563
tax range australia,90,32,informational,34,https://pay-calculator-australia.com/tax-brackets/,0.1889999955892563
tax rate 2023 24,90,26,informational,39,https://pay-calculator-australia.com/tax-brackets/,0.1889999955892563
tax rate thresholds,90,32,informational,42,https://pay-calculator-australia.com/tax-brackets/,0.1889999955892563
tax rates 2023 24,90,32,informational,40,https://pay-calculator-australia.com/tax-brackets/,0.1889999955892563
tax rates 2026 27 australia,90,32,commercial,49,https://pay-calculator-australia.com/tax-brackets/,0.1889999955892563
tax rates 24/25,90,31,informational,31,https://pay-calculator-australia.com/tax-brackets/,0.1889999955892563
tax rates 25 26 australia,90,36,commercial,32,https://pay-calculator-australia.com/tax-bracket-history/,0.1889999955892563
tax table individual,90,32,informational,44,https://pay-calculator-australia.com/tax-brackets/,0.1889999955892563
tax tables australia,90,32,informational,34,https://pay-calculator-australia.com/tax-brackets/,0.1889999955892563
tax thresholds 2025 australia,90,31,informational,42,https://pay-calculator-australia.com/tax-brackets/,0.1889999955892563
tax timetable weekly,90,0,informational,40,https://pay-calculator-australia.com/weekly-tax-table/,0.1889999955892563
tax withheld calculator yearly,90,38,informational,78,https://pay-calculator-australia.com/tax-return-calculator/,0.1889999955892563
tax-free threshold 2024,90,24,informational,33,https://pay-calculator-australia.com/tax-brackets/,0.1889999955892563
taxation table australia,90,32,informational,30,https://pay-calculator-australia.com/tax-brackets/,0.1889999955892563
taxes rates 2023,90,32,informational,41,https://pay-calculator-australia.com/tax-brackets/,0.1889999955892563
tfn declaration form pdf download 2025,90,5,transactional,29,https://pay-calculator-australia.com/tax-file-number-declaration/,0.1889999955892563
total annual salary,90,7,informational,28,https://pay-calculator-australia.com/hourly-to-annual-salary-calculator/,0.1889999955892563
victoria superannuation rate,90,10,informational,55,https://pay-calculator-australia.com/superannuation-guide/,0.1889999955892563
wage after tax,90,13,informational,76,https://pay-calculator-australia.com/fortnightly-pay-calculator/,0.1889999955892563
wages after tax,90,6,informational,72,https://pay-calculator-australia.com/fortnightly-pay-calculator/,0.1889999955892563
weekly net pay calculator,90,6,informational,43,https://pay-calculator-australia.com/weekly-pay-calculator/,0.1889999955892563
weekly pay tax calculator australia,90,11,informational,70,https://pay-calculator-australia.com/weekly-pay-calculator/,0.1889999955892563
weekly tax table 2025 2026 pdf,90,0,transactional,20,https://pay-calculator-australia.com/payg-withholding-tables/,0.2160000056028366
weekly tax table calculator,90,9,informational,68,https://pay-calculator-australia.com/weekly-tax-table/,0.1889999955892563
wfh cents per hour,90,0,informational,62,https://pay-calculator-australia.com/work-from-home-deductions/,0.1889999955892563
wfh rate ato,90,3,informational,65,https://pay-calculator-australia.com/work-from-home-deductions/,0.1889999955892563
what are tax brackets in australia,90,32,informational,52,https://pay-calculator-australia.com/tax-brackets/,0.1889999955892563
what constitutes full time employment,90,0,informational,59,https://pay-calculator-australia.com/full-time-vs-part-time-vs-casual/,0.1889999955892563
what is 70k a year hourly,90,0,informational,13,https://pay-calculator-australia.com/salary-to-hourly/70000/,0.531000018119812
what is an ato notice of assessment,90,0,informational,53,https://pay-calculator-australia.com/notice-of-assessment/,0.1889999955892563
what is highest tax bracket,90,26,informational,58,https://pay-calculator-australia.com/tax-brackets/,0.1889999955892563
what is plp,90,0,informational,12,https://pay-calculator-australia.com/parental-leave-pay/,0.675000011920929
what is the average wage for a teacher,90,5,informational,24,https://pay-calculator-australia.com/teacher-pay-australia/,0.1889999955892563
what is the current superannuation guarantee rate,90,3,informational,46,https://pay-calculator-australia.com/super-guarantee-rate-history/,0.1889999955892563
what is the hecs indexation rate for 2026,90,0,informational,73,https://pay-calculator-australia.com/news/hecs-indexation-2026/,0.1889999955892563
what is the income bracket for taxes,90,26,informational,51,https://pay-calculator-australia.com/tax-brackets/,0.1889999955892563
what is the net amount,90,0,informational,57,https://pay-calculator-australia.com/gross-pay-calculator/,0.1889999955892563
what is time and a half pay,90,11,informational,82,https://pay-calculator-australia.com/overtime-pay-calculator/,0.1889999955892563
when does a new tax year start,90,7,informational,51,https://pay-calculator-australia.com/tax-calendar/,0.1889999955892563
when does the new tax year start,90,13,informational,55,https://pay-calculator-australia.com/tax-calendar/,0.1889999955892563
when is tax payable due,90,0,informational,61,https://pay-calculator-australia.com/tax-calendar/,0.1889999955892563
when is tax season in australia,90,9,informational,65,https://pay-calculator-australia.com/tax-calendar/,0.1889999955892563
who can salary sacrifice,90,36,informational,72,https://pay-calculator-australia.com/salary-sacrifice-guide/,0.1889999955892563
work from home cents per hour 2025,90,0,commercial,44,https://pay-calculator-australia.com/work-from-home-deductions/,0.1889999955892563
work from home deductions 2025,90,0,informational,51,https://pay-calculator-australia.com/work-from-home-deductions/,0.1889999955892563
work pay calculator,90,47,informational,32,https://pay-calculator-australia.com/pay-calculator-wa/,0.1889999955892563
yearly pay calculator,90,24,informational,34,https://pay-calculator-australia.com/hourly-to-annual-salary-calculator/,0.1889999955892563
yearly tax withheld calculator,90,39,navigational,25,https://pay-calculator-australia.com/tax-return-calculator/,0.1889999955892563
yearly tax withholding calculator,90,38,informational,78,https://pay-calculator-australia.com/tax-return-calculator/,0.1889999955892563
ytd pay calculator,90,0,informational,41,https://pay-calculator-australia.com/ytd-income-calculator/,0.1889999955892563
zone offset ato,90,0,informational,20,https://pay-calculator-australia.com/zone-tax-offset/,0.2160000056028366
100 000 a year is how much an hour,70,0,informational,6,https://pay-calculator-australia.com/salary-to-hourly/100000/,2.365999937057495
100000 a year is how much an hour,70,0,informational,6,https://pay-calculator-australia.com/salary-to-hourly/100000/,2.365999937057495
100k salary hourly rate,70,0,informational,6,https://pay-calculator-australia.com/salary-to-hourly/100000/,2.365999937057495
100k tax bracket,70,16,informational,17,https://pay-calculator-australia.com/take-home-pay-on/100000/,0.3009999990463257
12 of 60000,70,0,informational,40,https://pay-calculator-australia.com/tax-on/60000/,0.1469999998807907
12 of 95000,70,0,informational,33,https://pay-calculator-australia.com/take-home-pay-on/95000/,0.1469999998807907
145k after tax australia,70,3,informational,10,https://pay-calculator-australia.com/tax-on/145000/,0.7910000085830688
180k after tax,70,2,informational,53,https://pay-calculator-australia.com/take-home-pay-on/180000/,0.1469999998807907
1st year apprentice boilermaker wages australia,70,0,commercial,40,https://pay-calculator-australia.com/construction-trades-pay/,0.1469999998807907
2 1 roster how many weeks a year,70,0,informational,32,https://pay-calculator-australia.com/mining-fifo-pay-guide/,0.1469999998807907
2 jobs tax calculator,70,5,informational,4,https://pay-calculator-australia.com/second-job-tax-calculator/,4.61299991607666
2023 super rate,70,6,informational,49,https://pay-calculator-australia.com/super-guarantee-rate-history/,0.1469999998807907
2023 tax rates,70,32,informational,47,https://pay-calculator-australia.com/tax-brackets/,0.1469999998807907
2024 2025 financial year dates,70,0,informational,64,https://pay-calculator-australia.com/tax-calendar/,0.1469999998807907
2024 to 2025 financial year dates,70,0,informational,53,https://pay-calculator-australia.com/tax-calendar/,0.1469999998807907
2025 26 tax rates australia,70,34,informational,59,https://pay-calculator-australia.com/tax-brackets/,0.1469999998807907
2025--26 tax rates australia,70,32,commercial,58,https://pay-calculator-australia.com/tax-brackets/,0.1469999998807907
220k after tax australia,70,0,informational,47,https://pay-calculator-australia.com/tax-on/200000/,0.1469999998807907
26 fortnights in a year,70,0,informational,56,https://pay-calculator-australia.com/fortnightly-pay-calculator/,0.1469999998807907
30000/26,70,0,informational,10,https://pay-calculator-australia.com/tax-on/30000/,0.7910000085830688
34 an hour is how much a year,70,0,informational,10,https://pay-calculator-australia.com/hourly-to-salary/34/,0.7910000085830688
3rd year apprentice wage carpenter,70,0,informational,39,https://pay-calculator-australia.com/construction-trades-pay/,0.1469999998807907
42 an hour is how much a year,70,0,informational,33,https://pay-calculator-australia.com/hourly-to-annual-salary-calculator/,0.1469999998807907
45 dollars an hour is how much a year,70,0,informational,14,https://pay-calculator-australia.com/hourly-to-salary/45/,0.3919999897480011
50 000 a year is how much an hour,70,0,informational,8,https://pay-calculator-australia.com/salary-to-hourly/50000/,1.378999948501587
50000 a year is how much an hour,70,0,informational,2,https://pay-calculator-australia.com/salary-to-hourly/50000/,11.34000015258789
50000 after tax australia,70,0,informational,11,https://pay-calculator-australia.com/tax-on/50000/,0.6370000243186951
50k a year is how much an hour,70,0,informational,10,https://pay-calculator-australia.com/salary-to-hourly/50000/,0.7910000085830688
65k after tax,70,0,informational,8,https://pay-calculator-australia.com/take-home-pay-on/65000/,1.378999948501587
67000 after tax australia,70,0,informational,47,https://pay-calculator-australia.com/tax-on/60000/,0.1469999998807907
68000 after tax australia,70,0,informational,51,https://pay-calculator-australia.com/tax-on/60000/,0.1469999998807907
70k per year is how much per hour,70,0,informational,14,https://pay-calculator-australia.com/salary-to-hourly/70000/,0.3919999897480011
77000 after tax australia,70,9,informational,42,https://pay-calculator-australia.com/tax-on/70000/,0.1469999998807907
80000 salary after taxes,70,0,informational,66,https://pay-calculator-australia.com/salary-to-hourly/80000/,0.1469999998807907
80000/26,70,3,informational,6,https://pay-calculator-australia.com/tax-on/80000/,2.365999937057495
80k a year is how much a week,70,0,informational,7,https://pay-calculator-australia.com/salary-to-hourly/80000/,1.7920000553131104
80k per year is how much per hour,70,0,informational,2,https://pay-calculator-australia.com/salary-to-hourly/80000/,11.34000015258789
83000 after tax australia,70,1,informational,48,https://pay-calculator-australia.com/tax-on/85000/,0.1469999998807907
90000 australian dollars after tax,70,1,informational,20,https://pay-calculator-australia.com/tax-on/90000/,0.1679999977350235
90k salary to hourly,70,0,informational,7,https://pay-calculator-australia.com/salary-to-hourly/90000/,1.7920000553131104
92000 after tax australia,70,9,informational,55,https://pay-calculator-australia.com/tax-on/95000/,0.1469999998807907
active night shift pay rate schads,70,0,informational,37,https://pay-calculator-australia.com/schads-award-pay-rates/,0.1469999998807907
annual income calculator australia,70,7,informational,40,https://pay-calculator-australia.com/annual-pay-calculator/,0.1469999998807907
annual leave calculator qld,70,0,informational,46,https://pay-calculator-australia.com/leave-calculator/,0.1469999998807907
annual leave calculator queensland,70,0,informational,45,https://pay-calculator-australia.com/leave-calculator/,0.1469999998807907
annual leave payout tax calculator,70,1,informational,51,https://pay-calculator-australia.com/leave-calculator/,0.1469999998807907
annual leave rate,70,3,informational,73,https://pay-calculator-australia.com/leave-calculator/,0.1469999998807907
annual pay rise,70,22,informational,28,https://pay-calculator-australia.com/pay-rise-calculator/,0.1469999998807907
annual wage,70,22,informational,72,https://pay-calculator-australia.com/hourly-to-annual-salary-calculator/,0.1469999998807907
apprentice pay calculator,70,8,informational,7,https://pay-calculator-australia.com/construction-trades-pay/,1.7920000553131104
apprentice salary calculator,70,11,informational,55,https://pay-calculator-australia.com/construction-trades-pay/,0.1469999998807907
apprentice tiler wage,70,0,informational,44,https://pay-calculator-australia.com/construction-trades-pay/,0.1469999998807907
apprenticeship pay calculator,70,1,informational,6,https://pay-calculator-australia.com/construction-trades-pay/,2.365999937057495
are bonuses taxed in australia,70,0,informational,18,https://pay-calculator-australia.com/bonus-tax-guide/,0.23100000619888306
ato division 293 tax,70,0,informational,44,https://pay-calculator-australia.com/division-293-tax/,0.1469999998807907
ato help debt repayment,70,16,informational,35,https://pay-calculator-australia.com/hecs-help-guide/,0.1469999998807907
ato help debt repayments,70,26,informational,38,https://pay-calculator-australia.com/hecs-help-guide/,0.1469999998807907
ato schedule 5,70,0,informational,10,https://pay-calculator-australia.com/schedule-5-tax-table/,0.7910000085830688
ato seniors and pensioners tax offset,70,9,informational,31,https://pay-calculator-australia.com/sapto-calculator/,0.1469999998807907
ato tax rates 2024,70,43,informational,44,https://pay-calculator-australia.com/tax-brackets/,0.1469999998807907
ato tax tables 2026 pdf download free download,70,10,commercial,32,https://pay-calculator-australia.com/weekly-tax-table/,0.1469999998807907
ato weekly tax table 2025 pdf,70,0,transactional,26,https://pay-calculator-australia.com/weekly-tax-table/,0.1469999998807907
ato wfh fixed rate,70,4,transactional,61,https://pay-calculator-australia.com/work-from-home-deductions/,0.1469999998807907
ato zone allowance,70,0,informational,13,https://pay-calculator-australia.com/zone-tax-offset/,0.4129999876022339
ato zone rebate,70,4,commercial,11,https://pay-calculator-australia.com/zone-tax-offset/,0.6370000243186951
australia net salary,70,6,informational,70,https://pay-calculator-australia.com/annual-pay-calculator/,0.1469999998807907
australia pay rate per hour,70,25,informational,53,https://pay-calculator-australia.com/award-rates/,0.1469999998807907
australia per hour salary,70,25,informational,16,https://pay-calculator-australia.com/hourly-to-annual-salary-calculator/,0.3009999990463257
australia working holiday tax rate,70,9,informational,39,https://pay-calculator-australia.com/working-holiday-tax/,0.1469999998807907
australian tax brackets 2024,70,32,informational,55,https://pay-calculator-australia.com/tax-brackets/,0.1469999998807907
australian wage growth last 10 years,70,7,informational,19,https://pay-calculator-australia.com/minimum-wage-history-australia/,0.1889999955892563
average hourly rate,70,25,informational,11,https://pay-calculator-australia.com/hourly-to-annual-salary-calculator/,0.6370000243186951
average pay for teachers,70,15,informational,23,https://pay-calculator-australia.com/teacher-pay-australia/,0.1469999998807907
award rate meaning,70,8,informational,31,https://pay-calculator-australia.com/award-rates/,0.1469999998807907
award rates hospitality nsw,70,0,informational,15,https://pay-calculator-australia.com/hospitality-award-rates/,0.3569999933242798
award rates meaning,70,11,informational,30,https://pay-calculator-australia.com/award-rates/,0.1469999998807907
award rates nsw hospitality,70,0,informational,17,https://pay-calculator-australia.com/hospitality-award-rates/,0.3009999990463257
award wage hospitality nsw,70,0,informational,20,https://pay-calculator-australia.com/hospitality-award-rates/,0.1679999977350235
award wage nsw hospitality,70,0,commercial,22,https://pay-calculator-australia.com/hospitality-award-rates/,0.15399999916553497
award wages hospitality nsw,70,0,informational,21,https://pay-calculator-australia.com/hospitality-award-rates/,0.16099999845027924
back pay calculator,70,2,informational,26,https://pay-calculator-australia.com/backpay-calculator/,0.1469999998807907
bartender award,70,0,informational,22,https://pay-calculator-australia.com/hospitality-award-rates/,0.15399999916553497
bartending award,70,0,informational,22,https://pay-calculator-australia.com/hospitality-award-rates/,0.15399999916553497
bonus after tax calculator,70,0,informational,1,https://pay-calculator-australia.com/bonus-tax-calculator/,21.280000686645508
bonus calculator after tax,70,0,informational,1,https://pay-calculator-australia.com/bonus-tax-calculator/,21.280000686645508
ca tax brackets,70,48,informational,47,https://pay-calculator-australia.com/tax-brackets/,0.1469999998807907
calculate gross income from net,70,0,informational,33,https://pay-calculator-australia.com/gross-pay-calculator/,0.1469999998807907
calculate medicare tax,70,14,informational,38,https://pay-calculator-australia.com/medicare-levy/,0.1469999998807907
calculate monthly income,70,26,informational,33,https://pay-calculator-australia.com/monthly-pay-calculator/,0.1469999998807907
calculate my pay australia,70,9,informational,34,https://pay-calculator-australia.com/,0.1469999998807907
calculate tax home pay,70,7,informational,32,https://pay-calculator-australia.com/,0.1469999998807907
calculate tax on annual leave payout,70,0,transactional,20,https://pay-calculator-australia.com/leave-calculator/,0.1679999977350235
calculate tax on lump sum payment,70,0,informational,28,https://pay-calculator-australia.com/bonus-tax-calculator/,0.1469999998807907
calculator for monthly income,70,26,informational,42,https://pay-calculator-australia.com/monthly-pay-calculator/,0.1469999998807907
centrelink eligibility calculator,70,16,informational,50,https://pay-calculator-australia.com/centrelink-income-test/,0.1469999998807907
centrelink jobseeker calculator,70,2,navigational,49,https://pay-calculator-australia.com/centrelink-income-test/,0.1469999998807907
centrelink payment calculator when working,70,20,navigational,7,https://pay-calculator-australia.com/centrelink-income-test/,1.7920000553131104
cheapest health insurance australia for tax purposes,70,10,commercial,57,https://pay-calculator-australia.com/private-health-insurance-medicare/,0.1469999998807907
check pay,70,53,informational,44,https://pay-calculator-australia.com/pay-calculator-wa/,0.1469999998807907
childcare pay rise calculator,70,0,informational,56,https://pay-calculator-australia.com/pay-rise-calculator/,0.1469999998807907
commission tax,70,0,informational,13,https://pay-calculator-australia.com/bonus-tax-calculator/,0.4129999876022339
contractor pay calculator australia,70,0,informational,53,https://pay-calculator-australia.com/contractor-pay-calculator/,0.1469999998807907
contractor rate calculator australia,70,0,informational,57,https://pay-calculator-australia.com/contractor-pay-calculator/,0.1469999998807907
contractor rates,70,0,informational,72,https://pay-calculator-australia.com/contractor-pay-calculator/,0.1469999998807907
convert salary to hourly,70,27,informational,67,https://pay-calculator-australia.com/hourly-to-annual-salary-calculator/,0.1469999998807907
cost of employing someone,70,0,informational,84,https://pay-calculator-australia.com/employer-cost-calculator/,0.1469999998807907
current australian income tax rates,70,38,informational,51,https://pay-calculator-australia.com/tax-brackets/,0.1469999998807907
current income tax rates australia,70,32,informational,52,https://pay-calculator-australia.com/tax-brackets/,0.1469999998807907
current income tax rates in australia,70,32,informational,51,https://pay-calculator-australia.com/tax-brackets/,0.1469999998807907
current tax year,70,34,informational,41,https://pay-calculator-australia.com/tax-bracket-history/,0.1469999998807907
date of new financial year,70,12,informational,64,https://pay-calculator-australia.com/tax-calendar/,0.1469999998807907
different tax brackets australia,70,32,informational,58,https://pay-calculator-australia.com/tax-brackets/,0.1469999998807907
div 293 form,70,0,informational,55,https://pay-calculator-australia.com/division-293-tax/,0.1469999998807907
div 296 tax calculator,70,0,informational,73,https://pay-calculator-australia.com/news/division-296-super-tax-starts/,0.1469999998807907
division 293 form,70,0,informational,66,https://pay-calculator-australia.com/division-293-tax/,0.1469999998807907
division 293 super contributions,70,0,informational,83,https://pay-calculator-australia.com/division-293-tax/,0.1469999998807907
do you pay more tax on a second job,70,0,informational,30,https://pay-calculator-australia.com/second-job-tax-calculator/,0.1469999998807907
does novated lease reduce taxable income,70,0,informational,39,https://pay-calculator-australia.com/novated-lease-guide/,0.1469999998807907
easy pay calculator,70,7,informational,42,https://pay-calculator-australia.com/,0.1469999998807907
easy paycheck calculator,70,53,informational,67,https://pay-calculator-australia.com/,0.1469999998807907
estimated monthly income,70,24,informational,34,https://pay-calculator-australia.com/monthly-pay-calculator/,0.1469999998807907
fair work award calculator,70,13,informational,17,https://pay-calculator-australia.com/award-rates/,0.3009999990463257
fair work hospitality award rates,70,6,informational,28,https://pay-calculator-australia.com/retail-hospitality-pay-guide/,0.1469999998807907
fair work overtime rates calculator,70,15,informational,43,https://pay-calculator-australia.com/overtime-pay-calculator/,0.1469999998807907
fbt benchmark interest rate 2025,70,0,informational,34,https://pay-calculator-australia.com/fringe-benefits-tax/,0.1469999998807907
fbt cap,70,0,informational,32,https://pay-calculator-australia.com/fringe-benefits-tax/,0.1469999998807907
fbt gross up,70,3,informational,39,https://pay-calculator-australia.com/fringe-benefits-tax/,0.1469999998807907
fbt gross-up,70,3,informational,40,https://pay-calculator-australia.com/fringe-benefits-tax/,0.1469999998807907
fbt limit,70,0,informational,44,https://pay-calculator-australia.com/fringe-benefits-tax/,0.1469999998807907
fbt limits,70,0,informational,50,https://pay-calculator-australia.com/fringe-benefits-tax/,0.1469999998807907
fbt rate 2025,70,0,informational,50,https://pay-calculator-australia.com/fringe-benefits-tax/,0.1469999998807907
fbt rate 2026,70,0,informational,33,https://pay-calculator-australia.com/fringe-benefits-tax/,0.1469999998807907
fbt statutory interest rate,70,0,informational,19,https://pay-calculator-australia.com/fringe-benefits-tax/,0.1889999955892563
fbt year australia,70,2,informational,54,https://pay-calculator-australia.com/fringe-benefits-tax/,0.1469999998807907
fifo #australia salary,70,0,informational,59,https://pay-calculator-australia.com/mining-fifo-pay-guide/,0.1469999998807907
fifo salary australia,70,0,informational,61,https://pay-calculator-australia.com/mining-fifo-pay-guide/,0.1469999998807907
final pay tax calculator australia,70,6,informational,21,https://pay-calculator-australia.com/final-pay-calculator/,0.16099999845027924
financial year 2024 to 2025,70,7,commercial,50,https://pay-calculator-australia.com/tax-calendar/,0.1469999998807907
financial year australia calendar,70,0,informational,47,https://pay-calculator-australia.com/tax-calendar/,0.1469999998807907
financial year calendar 24/25 australia,70,5,informational,63,https://pay-calculator-australia.com/tax-calendar/,0.1469999998807907
find wages,70,53,informational,74,https://pay-calculator-australia.com/hourly-to-annual-salary-calculator/,0.1469999998807907
fixed rate wfh,70,0,informational,57,https://pay-calculator-australia.com/work-from-home-deductions/,0.1469999998807907
fortnightly tax table 2025 26,70,0,transactional,48,https://pay-calculator-australia.com/payg-withholding-tables/,0.1469999998807907
fortnightly tax table 2025-26,70,0,transactional,29,https://pay-calculator-australia.com/payg-withholding-tables/,0.1469999998807907
fortnightly to monthly calculator,70,0,informational,73,https://pay-calculator-australia.com/fortnightly-pay-calculator/,0.1469999998807907
free payslip generator australia,70,0,informational,53,https://pay-calculator-australia.com/payslip-generator/,0.1469999998807907
fringe benefit amount,70,0,informational,51,https://pay-calculator-australia.com/fringe-benefits-tax/,0.1469999998807907
fringe benefit tax calculation,70,0,informational,49,https://pay-calculator-australia.com/fringe-benefits-tax/,0.1469999998807907
fringe benefit tax calculator,70,0,informational,62,https://pay-calculator-australia.com/fringe-benefits-tax/,0.1469999998807907
fringe benefits amounts,70,0,informational,47,https://pay-calculator-australia.com/fringe-benefits-tax/,0.1469999998807907
full time salary calculator,70,9,informational,62,https://pay-calculator-australia.com/annual-pay-calculator/,0.1469999998807907
full time wage calculator,70,12,informational,71,https://pay-calculator-australia.com/annual-pay-calculator/,0.1469999998807907
full-time salary calculator,70,10,informational,62,https://pay-calculator-australia.com/annual-pay-calculator/,0.1469999998807907
full-time vs casual,70,0,informational,70,https://pay-calculator-australia.com/full-time-vs-part-time-vs-casual/,0.1469999998807907
fy25 dates australia,70,0,informational,47,https://pay-calculator-australia.com/tax-calendar/,0.1469999998807907
general retail award pay rates 2026,70,0,commercial,39,https://pay-calculator-australia.com/retail-award-rates/,0.1469999998807907
government teacher salary,70,4,informational,29,https://pay-calculator-australia.com/teacher-pay-australia/,0.1469999998807907
government teachers salary,70,9,informational,28,https://pay-calculator-australia.com/teacher-pay-australia/,0.1469999998807907
gross and net income,70,9,informational,47,https://pay-calculator-australia.com/gross-pay-calculator/,0.1469999998807907
gross calculator,70,9,informational,45,https://pay-calculator-australia.com/gross-pay-calculator/,0.1469999998807907
gross income calculator from net,70,0,informational,32,https://pay-calculator-australia.com/gross-pay-calculator/,0.1469999998807907
gross income calculator tax,70,11,informational,40,https://pay-calculator-australia.com/gross-pay-calculator/,0.1469999998807907
gross income tax calculator,70,35,informational,66,https://pay-calculator-australia.com/income-tax-calculator/,0.1469999998807907
gross tax,70,6,informational,49,https://pay-calculator-australia.com/gross-pay-calculator/,0.1469999998807907
gross taxable income,70,4,informational,68,https://pay-calculator-australia.com/gross-pay-calculator/,0.1469999998807907
gross wage calculator from net,70,1,informational,42,https://pay-calculator-australia.com/gross-pay-calculator/,0.1469999998807907
hecs and tax,70,13,navigational,49,https://pay-calculator-australia.com/hecs-help-guide/,0.1469999998807907
hecs debt rates,70,4,informational,39,https://pay-calculator-australia.com/hecs-help-guide/,0.1469999998807907
hecs fortnightly tax table,70,0,informational,13,https://pay-calculator-australia.com/hecs-help-guide/,0.4129999876022339
hecs help repayment threshold,70,13,informational,30,https://pay-calculator-australia.com/hecs-help-calculator/,0.1469999998807907
hecs indexation 2026 predictions,70,0,commercial,78,https://pay-calculator-australia.com/news/hecs-indexation-2026/,0.1469999998807907
hecs interest rate 2025,70,15,informational,65,https://pay-calculator-australia.com/news/hecs-20-percent-cut-status/,0.1469999998807907
hecs repayment income,70,8,informational,70,https://pay-calculator-australia.com/hecs-help-calculator/,0.1469999998807907
hecs repayment rates 2025,70,3,informational,78,https://pay-calculator-australia.com/hecs-help-guide/,0.1469999998807907
hecs repayment schedule,70,2,informational,15,https://pay-calculator-australia.com/hecs-help-calculator/,0.3569999933242798
hecs tax,70,16,informational,43,https://pay-calculator-australia.com/hecs-help-guide/,0.1469999998807907
hecs tax table,70,4,informational,13,https://pay-calculator-australia.com/hecs-help-guide/,0.4129999876022339
hecs-help repayment threshold,70,13,informational,30,https://pay-calculator-australia.com/hecs-help-calculator/,0.1469999998807907
help debt repayment ato,70,26,informational,27,https://pay-calculator-australia.com/hecs-help-guide/,0.1469999998807907
help debt repayment rates,70,3,informational,38,https://pay-calculator-australia.com/hecs-help-guide/,0.1469999998807907
help debt repayment threshold 2025,70,8,transactional,78,https://pay-calculator-australia.com/hecs-help-guide/,0.1469999998807907
help debt repayment threshold 2026,70,2,transactional,19,https://pay-calculator-australia.com/hecs-repayment-threshold/,0.1889999955892563
holiday leave calculator qld,70,0,informational,44,https://pay-calculator-australia.com/leave-calculator/,0.1469999998807907
holiday rate,70,4,informational,73,https://pay-calculator-australia.com/overtime-penalty-rates-guide/,0.1469999998807907
home office expense rate,70,0,informational,76,https://pay-calculator-australia.com/work-from-home-deductions/,0.1469999998807907
home office expenses rate,70,0,informational,76,https://pay-calculator-australia.com/work-from-home-deductions/,0.1469999998807907
hospitality award victoria,70,0,navigational,36,https://pay-calculator-australia.com/retail-hospitality-pay-guide/,0.1469999998807907
hospitality industry award pay guide,70,0,informational,19,https://pay-calculator-australia.com/retail-hospitality-pay-guide/,0.1889999955892563
hospitality management pay rate,70,0,informational,49,https://pay-calculator-australia.com/retail-hospitality-pay-guide/,0.1469999998807907
hospitality pay rates qld,70,0,informational,21,https://pay-calculator-australia.com/retail-hospitality-pay-guide/,0.16099999845027924
hospitality sunday rates,70,0,informational,17,https://pay-calculator-australia.com/retail-hospitality-pay-guide/,0.3009999990463257
hospitality wages qld,70,0,informational,24,https://pay-calculator-australia.com/retail-hospitality-pay-guide/,0.1469999998807907
hospitality wages queensland,70,0,informational,31,https://pay-calculator-australia.com/retail-hospitality-pay-guide/,0.1469999998807907
hourly paycheck calculator,70,42,informational,27,https://pay-calculator-australia.com/hourly-to-annual-salary-calculator/,0.1469999998807907
hourly rate to annual salary australia,70,1,informational,12,https://pay-calculator-australia.com/hourly-to-annual-salary-calculator/,0.5249999761581421
hourly wage annual salary,70,27,informational,20,https://pay-calculator-australia.com/hourly-to-annual-salary-calculator/,0.1679999977350235
hourly wage from salary,70,5,informational,65,https://pay-calculator-australia.com/hourly-to-annual-salary-calculator/,0.1469999998807907
hourly wage paycheck calculator,70,10,informational,30,https://pay-calculator-australia.com/hourly-to-annual-salary-calculator/,0.1469999998807907
hourly wage to salary,70,29,informational,15,https://pay-calculator-australia.com/hourly-to-annual-salary-calculator/,0.3569999933242798
hourly wage to salary chart,70,29,informational,28,https://pay-calculator-australia.com/hourly-to-annual-salary-calculator/,0.1469999998807907
how are tax deductions calculated,70,4,informational,46,https://pay-calculator-australia.com/tax-deductions-guide/,0.1469999998807907
how does tax work for 2 jobs,70,0,informational,33,https://pay-calculator-australia.com/second-job-tax-calculator/,0.1469999998807907
how does tax work with 2 jobs,70,0,informational,33,https://pay-calculator-australia.com/second-job-tax-calculator/,0.1469999998807907
how does tax work with two jobs,70,0,informational,34,https://pay-calculator-australia.com/second-job-tax-calculator/,0.1469999998807907
how is annual leave pay calculated,70,0,informational,37,https://pay-calculator-australia.com/leave-calculator/,0.1469999998807907
how is bonus tax calculated,70,0,informational,2,https://pay-calculator-australia.com/bonus-tax-calculator/,11.34000015258789
how is div 293 tax calculated,70,0,informational,85,https://pay-calculator-australia.com/division-293-tax/,0.1469999998807907
how is fringe benefit tax calculated,70,0,informational,48,https://pay-calculator-australia.com/fringe-benefits-tax/,0.1469999998807907
how is fringe benefits tax calculated,70,0,informational,55,https://pay-calculator-australia.com/fringe-benefits-tax/,0.1469999998807907
how is redundancy calculated in australia,70,0,informational,82,https://pay-calculator-australia.com/redundancy-pay-guide/,0.1469999998807907
how many pay fortnights in a year,70,0,informational,10,https://pay-calculator-australia.com/fortnightly-pay-calculator/,0.7910000085830688
how much annual leave,70,0,informational,71,https://pay-calculator-australia.com/leave-calculator/,0.1469999998807907
how much are teachers paid in australia,70,7,informational,31,https://pay-calculator-australia.com/teacher-pay-australia/,0.1469999998807907
how much bonus taxed,70,0,informational,42,https://pay-calculator-australia.com/bonus-tax-calculator/,0.1469999998807907
how much can i earn before centrelink payments are affected,70,15,informational,17,https://pay-calculator-australia.com/centrelink-income-test/,0.3009999990463257
how much do fifo workers get paid,70,0,informational,56,https://pay-calculator-australia.com/mining-fifo-pay-guide/,0.1469999998807907
how much do i make a year,70,24,informational,27,https://pay-calculator-australia.com/hourly-to-annual-salary-calculator/,0.1469999998807907
how much do miners get paid a week,70,0,informational,19,https://pay-calculator-australia.com/mining-fifo-pay-guide/,0.1889999955892563
how much does a fifo worker make,70,0,informational,44,https://pay-calculator-australia.com/mining-fifo-pay-guide/,0.1469999998807907
how much foreign income is tax free in australia calculator,70,0,informational,58,https://pay-calculator-australia.com/non-resident-tax/,0.1469999998807907
how much foreign income is tax-free in australia calculator,70,0,informational,57,https://pay-calculator-australia.com/non-resident-tax/,0.1469999998807907
how much government paid parental leave,70,16,informational,34,https://pay-calculator-australia.com/parental-leave-pay/,0.1469999998807907
how much hecs do i pay calculator,70,3,informational,14,https://pay-calculator-australia.com/hecs-help-calculator/,0.3919999897480011
how much is 60000 a year per hour,70,0,informational,5,https://pay-calculator-australia.com/salary-to-hourly/60000/,3.2829999923706055
how much is 65000 a year per hour,70,0,informational,14,https://pay-calculator-australia.com/salary-to-hourly/65000/,0.3919999897480011
how much is 75000 a year per hour,70,0,informational,6,https://pay-calculator-australia.com/salary-to-hourly/75000/,2.365999937057495
how much is annual leave,70,0,informational,30,https://pay-calculator-australia.com/leave-calculator/,0.1469999998807907
how much is hecs repayment,70,9,informational,61,https://pay-calculator-australia.com/hecs-repayment-threshold/,0.1469999998807907
how much is maternity pay,70,0,informational,54,https://pay-calculator-australia.com/parental-leave-pay/,0.1469999998807907
how much is parental leave pay centrelink,70,2,informational,40,https://pay-calculator-australia.com/parental-leave-pay/,0.1469999998807907
how much is redundancy pay in australia,70,16,informational,64,https://pay-calculator-australia.com/redundancy-pay-guide/,0.1469999998807907
how much is sunday rate,70,0,informational,41,https://pay-calculator-australia.com/overtime-penalty-rates-guide/,0.1469999998807907
how much is sunday rates,70,0,informational,35,https://pay-calculator-australia.com/overtime-penalty-rates-guide/,0.1469999998807907
how much is superannuation contribution in australia,70,5,informational,52,https://pay-calculator-australia.com/superannuation-guide/,0.1469999998807907
how much is time and a half,70,12,informational,69,https://pay-calculator-australia.com/overtime-pay-calculator/,0.1469999998807907
how much leave accrued per month,70,0,informational,56,https://pay-calculator-australia.com/annual-leave-guide/,0.1469999998807907
how much leave accrued per week,70,0,informational,73,https://pay-calculator-australia.com/leave-calculator/,0.1469999998807907
how much leave per year,70,18,informational,80,https://pay-calculator-australia.com/leave-calculator/,0.1469999998807907
how much money do teachers make a year,70,5,informational,27,https://pay-calculator-australia.com/teacher-pay-australia/,0.1469999998807907
how much paid parental leave do you get,70,2,informational,49,https://pay-calculator-australia.com/parental-leave-pay/,0.1469999998807907
how much per hour is 60000 a year,70,0,informational,5,https://pay-calculator-australia.com/salary-to-hourly/60000/,3.2829999923706055
how much redundancy pay in australia,70,16,informational,64,https://pay-calculator-australia.com/redundancy-pay-guide/,0.1469999998807907
how much should i be paid,70,53,informational,48,https://pay-calculator-australia.com/pay-calculator-vic/,0.1469999998807907
how much should i salary sacrifice,70,8,informational,80,https://pay-calculator-australia.com/salary-sacrifice-guide/,0.1469999998807907
how much statutory maternity pay,70,17,informational,59,https://pay-calculator-australia.com/parental-leave-pay/,0.1469999998807907
how much tax do i need to pay,70,32,informational,85,https://pay-calculator-australia.com/income-tax-calculator/,0.1469999998807907
how much tax do i pay on 50000 in australia,70,13,informational,9,https://pay-calculator-australia.com/tax-on/50000/,1.0499999523162842
how much tax do i pay on 70000 in australia,70,28,informational,19,https://pay-calculator-australia.com/take-home-pay-on/70000/,0.1889999955892563
how much tax do i pay percentage,70,36,informational,51,https://pay-calculator-australia.com/income-tax-calculator/,0.1469999998807907
how much tax on bonus,70,0,informational,3,https://pay-calculator-australia.com/bonus-tax-calculator/,6.810999870300293
how much tax percentage do i pay,70,38,informational,53,https://pay-calculator-australia.com/income-tax-calculator/,0.1469999998807907
how much teacher earn in australia,70,3,informational,31,https://pay-calculator-australia.com/teacher-pay-australia/,0.1469999998807907
how much teachers earn in australia,70,4,informational,30,https://pay-calculator-australia.com/teacher-pay-australia/,0.1469999998807907
how much to teachers earn in australia,70,3,informational,32,https://pay-calculator-australia.com/teacher-pay-australia/,0.1469999998807907
how much will i get my tax refund,70,17,informational,83,https://pay-calculator-australia.com/tax-return-calculator/,0.1469999998807907
how to calculate a percentage increase in salary,70,3,informational,84,https://pay-calculator-australia.com/pay-rise-calculator/,0.1469999998807907
how to calculate annual leave pay,70,0,informational,29,https://pay-calculator-australia.com/leave-calculator/,0.1469999998807907
how to calculate annual leave payment,70,0,informational,28,https://pay-calculator-australia.com/leave-calculator/,0.1469999998807907
how to calculate annual leave payout,70,0,informational,8,https://pay-calculator-australia.com/leave-calculator/,1.378999948501587
how to calculate bonus tax,70,0,informational,2,https://pay-calculator-australia.com/bonus-tax-calculator/,11.34000015258789
how to calculate fringe benefit tax,70,0,informational,48,https://pay-calculator-australia.com/fringe-benefits-tax/,0.1469999998807907
how to calculate hecs repayment,70,3,informational,14,https://pay-calculator-australia.com/hecs-help-calculator/,0.3919999897480011
how to calculate hecs repayments,70,1,informational,18,https://pay-calculator-australia.com/hecs-help-calculator/,0.23100000619888306
how to calculate hourly rate from annual salary australia,70,0,informational,48,https://pay-calculator-australia.com/hourly-to-annual-salary-calculator/,0.1469999998807907
how to calculate long service leave victoria,70,0,informational,74,https://pay-calculator-australia.com/long-service-leave-calculator/,0.1469999998807907
how to calculate redundancy pay nsw,70,15,informational,54,https://pay-calculator-australia.com/redundancy-pay-calculator/,0.1469999998807907
how to calculate salary increase percentage,70,3,informational,69,https://pay-calculator-australia.com/pay-rise-calculator/,0.1469999998807907
how to calculate super contribution,70,7,informational,77,https://pay-calculator-australia.com/superannuation-guide/,0.1469999998807907
how to calculate tax on bonus,70,0,informational,43,https://pay-calculator-australia.com/bonus-tax-calculator/,0.1469999998807907
how to calculate tax on lump sum payments,70,2,informational,51,https://pay-calculator-australia.com/bonus-tax-calculator/,0.1469999998807907
how to calculate weekly pay,70,4,informational,33,https://pay-calculator-australia.com/weekly-pay-calculator/,0.1469999998807907
how to calculate weekly wage,70,8,informational,41,https://pay-calculator-australia.com/weekly-pay-calculator/,0.1469999998807907
how to work out hourly rate from annual salary australia,70,0,informational,54,https://pay-calculator-australia.com/hourly-to-annual-salary-calculator/,0.1469999998807907
how to work out payg tax,70,36,informational,36,https://pay-calculator-australia.com/payg-withholding-tables/,0.1469999998807907
how to work out salary,70,13,informational,37,https://pay-calculator-australia.com/gross-pay-calculator/,0.1469999998807907
income before tax calculator,70,5,informational,49,https://pay-calculator-australia.com/gross-pay-calculator/,0.1469999998807907
income before taxes calculator,70,2,informational,49,https://pay-calculator-australia.com/gross-pay-calculator/,0.1469999998807907
income calculator before tax,70,6,informational,48,https://pay-calculator-australia.com/,0.1469999998807907
income calculator monthly,70,26,informational,35,https://pay-calculator-australia.com/monthly-pay-calculator/,0.1469999998807907
income deduction,70,14,informational,78,https://pay-calculator-australia.com/tax-deductions-guide/,0.1469999998807907
income salary calculator,70,4,informational,69,https://pay-calculator-australia.com/,0.1469999998807907
income tax 2025,70,25,informational,81,https://pay-calculator-australia.com/tax-brackets/,0.1469999998807907
income tax and deductions,70,21,informational,82,https://pay-calculator-australia.com/tax-deductions-guide/,0.1469999998807907
income tax bands,70,32,informational,52,https://pay-calculator-australia.com/tax-brackets/,0.1469999998807907
income tax brackets australia 2026,70,18,commercial,78,https://pay-calculator-australia.com/tax-brackets/,0.1469999998807907
income tax calculator 2025 26,70,28,informational,63,https://pay-calculator-australia.com/income-tax-calculator/,0.1469999998807907
income tax calculator australia 2025,70,38,informational,74,https://pay-calculator-australia.com/tax-on/175000/,0.1469999998807907
income tax on 100000,70,4,informational,12,https://pay-calculator-australia.com/tax-on/100000/,0.5249999761581421
income tax on 80000 australia,70,6,informational,15,https://pay-calculator-australia.com/tax-on/80000/,0.3569999933242798
income tax payment due dates,70,0,informational,56,https://pay-calculator-australia.com/tax-calendar/,0.1469999998807907
income tax return rates,70,32,informational,60,https://pay-calculator-australia.com/tax-brackets/,0.1469999998807907
income tax t scale 2 with accum stsl,70,0,commercial,18,https://pay-calculator-australia.com/stsl-on-payslip/,0.23100000619888306
income tax weekly table,70,0,informational,33,https://pay-calculator-australia.com/weekly-tax-table/,0.1469999998807907
increment in salary,70,0,informational,85,https://pay-calculator-australia.com/pay-rise-calculator/,0.1469999998807907
increment salary,70,0,informational,92,https://pay-calculator-australia.com/pay-rise-calculator/,0.1469999998807907
inflation wages calculator,70,24,informational,66,https://pay-calculator-australia.com/pay-rise-calculator/,0.1469999998807907
is bonus taxable,70,0,informational,24,https://pay-calculator-australia.com/bonus-tax-calculator/,0.1469999998807907
is bonuses taxable,70,0,informational,29,https://pay-calculator-australia.com/bonus-tax-calculator/,0.1469999998807907
is net before tax,70,0,informational,43,https://pay-calculator-australia.com/gross-pay-calculator/,0.1469999998807907
is net pay before or after taxes,70,2,informational,56,https://pay-calculator-australia.com/gross-pay-calculator/,0.1469999998807907
is overtime double pay,70,0,informational,42,https://pay-calculator-australia.com/overtime-penalty-rates-guide/,0.1469999998807907
is part time better than casual,70,0,informational,58,https://pay-calculator-australia.com/full-time-vs-part-time-vs-casual/,0.1469999998807907
is part-time better than casual,70,0,informational,58,https://pay-calculator-australia.com/full-time-vs-part-time-vs-casual/,0.1469999998807907
is sunday double time,70,0,informational,29,https://pay-calculator-australia.com/overtime-penalty-rates-guide/,0.1469999998807907
it job salaries,70,0,informational,30,https://pay-calculator-australia.com/tech-salary-guide-australia/,0.1469999998807907
junior pay rates qld,70,25,informational,44,https://pay-calculator-australia.com/award-rates/,0.1469999998807907
leave balance,70,0,informational,94,https://pay-calculator-australia.com/leave-calculator/,0.1469999998807907
leave balance calculation,70,0,informational,63,https://pay-calculator-australia.com/leave-calculator/,0.1469999998807907
leave calculator qld,70,0,informational,42,https://pay-calculator-australia.com/leave-calculator/,0.1469999998807907
leave pay calculation,70,0,informational,20,https://pay-calculator-australia.com/leave-calculator/,0.1679999977350235
level 5 hospitality award rate casual,70,0,informational,32,https://pay-calculator-australia.com/retail-hospitality-pay-guide/,0.1469999998807907
level 5 hospitality pay rate casual,70,0,commercial,22,https://pay-calculator-australia.com/retail-hospitality-pay-guide/,0.15399999916553497
lito calculator,70,0,informational,6,https://pay-calculator-australia.com/low-income-tax-offset/,2.365999937057495
medicare levy low-income threshold 2026,70,0,informational,39,https://pay-calculator-australia.com/news/medicare-levy-thresholds-2026/,0.1469999998807907
medicare levy surcharge calculator 2025,70,8,informational,64,https://pay-calculator-australia.com/medicare-levy/,0.1469999998807907
medicare tax calculator,70,6,informational,31,https://pay-calculator-australia.com/medicare-levy/,0.1469999998807907
melbourne tax rate,70,32,informational,53,https://pay-calculator-australia.com/tax-brackets/,0.1469999998807907
minimum tax bracket,70,23,informational,42,https://pay-calculator-australia.com/tax-brackets/,0.1469999998807907
minimum wage australia 2023,70,25,informational,78,https://pay-calculator-australia.com/minimum-wage-history-australia/,0.1469999998807907
modern award pay rates,70,13,informational,26,https://pay-calculator-australia.com/award-rates/,0.1469999998807907
modern award rates of pay,70,15,informational,23,https://pay-calculator-australia.com/award-rates/,0.1469999998807907
monthly calculator income,70,14,informational,42,https://pay-calculator-australia.com/monthly-pay-calculator/,0.1469999998807907
monthly earning calculator,70,26,informational,39,https://pay-calculator-australia.com/monthly-pay-calculator/,0.1469999998807907
monthly income estimator,70,24,informational,44,https://pay-calculator-australia.com/monthly-pay-calculator/,0.1469999998807907
monthly pays,70,15,informational,39,https://pay-calculator-australia.com/monthly-pay-calculator/,0.1469999998807907
monthly wage calculator,70,4,informational,41,https://pay-calculator-australia.com/monthly-pay-calculator/,0.1469999998807907
my salary calculator australia,70,10,informational,33,https://pay-calculator-australia.com/,0.1469999998807907
nat 1005 tax table 2025,70,0,informational,19,https://pay-calculator-australia.com/weekly-tax-table/,0.1889999955892563
national employment standards redundancy calculator,70,0,informational,52,https://pay-calculator-australia.com/redundancy-pay-calculator/,0.1469999998807907
nes redundancy calculator,70,0,informational,52,https://pay-calculator-australia.com/redundancy-pay-calculator/,0.1469999998807907
net and gross pay calculator,70,0,informational,40,https://pay-calculator-australia.com/gross-pay-calculator/,0.1469999998807907
net or gross salary,70,6,informational,41,https://pay-calculator-australia.com/gross-pay-calculator/,0.1469999998807907
net pay australia,70,7,informational,48,https://pay-calculator-australia.com/gross-pay-calculator/,0.1469999998807907
net to gross payroll calculator,70,0,informational,36,https://pay-calculator-australia.com/gross-pay-calculator/,0.1469999998807907
net wages,70,2,informational,39,https://pay-calculator-australia.com/gross-pay-calculator/,0.1469999998807907
net wages to gross calculator,70,0,informational,40,https://pay-calculator-australia.com/gross-pay-calculator/,0.1469999998807907
net weekly income,70,4,informational,40,https://pay-calculator-australia.com/weekly-pay-calculator/,0.1469999998807907
net yearly income,70,24,informational,56,https://pay-calculator-australia.com/gross-pay-calculator/,0.1469999998807907
nett payment,70,4,informational,48,https://pay-calculator-australia.com/gross-pay-calculator/,0.1469999998807907
noa meaning tax,70,3,informational,42,https://pay-calculator-australia.com/notice-of-assessment/,0.1469999998807907
noa tax,70,2,informational,41,https://pay-calculator-australia.com/notice-of-assessment/,0.1469999998807907
non concessional contribution cap 2026,70,1,commercial,63,https://pay-calculator-australia.com/news/super-contribution-caps-2026-27/,0.1469999998807907
notice of assessment australia,70,0,informational,41,https://pay-calculator-australia.com/notice-of-assessment/,0.1469999998807907
nsw government redundancy calculator,70,0,informational,35,https://pay-calculator-australia.com/redundancy-pay-calculator/,0.1469999998807907
nsw salary,70,8,informational,12,https://pay-calculator-australia.com/pay-calculator-nsw/,0.5249999761581421
nurse pay calculator,70,0,informational,47,https://pay-calculator-australia.com/healthcare-worker-pay/,0.1469999998807907
nurse paycheck calculator,70,0,informational,22,https://pay-calculator-australia.com/healthcare-worker-pay/,0.15399999916553497
nurse salary calculator,70,0,informational,62,https://pay-calculator-australia.com/healthcare-worker-pay/,0.1469999998807907
nurses pay calculator,70,0,informational,53,https://pay-calculator-australia.com/healthcare-worker-pay/,0.1469999998807907
nursing pay calculator,70,0,informational,50,https://pay-calculator-australia.com/healthcare-worker-pay/,0.1469999998807907
overtime and salary,70,12,informational,55,https://pay-calculator-australia.com/overtime-penalty-rates-guide/,0.1469999998807907
overtime on salary,70,3,informational,50,https://pay-calculator-australia.com/overtime-penalty-rates-guide/,0.1469999998807907
overtime on sunday rate,70,0,informational,40,https://pay-calculator-australia.com/overtime-penalty-rates-guide/,0.1469999998807907
overtime payment calculator,70,0,informational,5,https://pay-calculator-australia.com/overtime-pay-calculator/,3.2829999923706055
overtime rate for sunday,70,0,informational,41,https://pay-calculator-australia.com/overtime-penalty-rates-guide/,0.1469999998807907
overtime sunday rate,70,0,informational,61,https://pay-calculator-australia.com/overtime-pay-calculator/,0.1469999998807907
overtime with salary,70,9,informational,49,https://pay-calculator-australia.com/overtime-penalty-rates-guide/,0.1469999998807907
part time overtime pay,70,0,informational,57,https://pay-calculator-australia.com/overtime-penalty-rates-guide/,0.1469999998807907
part time pay calculator,70,36,informational,12,https://pay-calculator-australia.com/employment-type-calculator/,0.5249999761581421
part time vs casual australia,70,0,informational,56,https://pay-calculator-australia.com/full-time-vs-part-time-vs-casual/,0.1469999998807907
part-time pay calculator,70,36,informational,12,https://pay-calculator-australia.com/employment-type-calculator/,0.5249999761581421
part-time vs casual australia,70,0,informational,53,https://pay-calculator-australia.com/full-time-vs-part-time-vs-casual/,0.1469999998807907
pay brackets,70,32,informational,41,https://pay-calculator-australia.com/tax-brackets/,0.1469999998807907
pay calculator 2024,70,38,informational,65,https://pay-calculator-australia.com/,0.1469999998807907
pay calculator brisbane,70,14,informational,44,https://pay-calculator-australia.com/monthly-pay-calculator/,0.1469999998807907
pay calculator com,70,12,navigational,30,https://pay-calculator-australia.com/,0.1469999998807907
pay calculator with salary sacrifice,70,14,informational,35,https://pay-calculator-australia.com/salary-sacrifice-calculator/,0.1469999998807907
pay rate hospitality qld,70,0,informational,30,https://pay-calculator-australia.com/retail-hospitality-pay-guide/,0.1469999998807907
pay rates sa,70,13,informational,16,https://pay-calculator-australia.com/pay-calculator-sa/,0.3009999990463257
paycheck tax calculator,70,38,informational,73,https://pay-calculator-australia.com/,0.1469999998807907
paye calculator au,70,3,transactional,32,https://pay-calculator-australia.com/,0.1469999998807907
payg fortnightly,70,0,informational,52,https://pay-calculator-australia.com/weekly-tax-table/,0.1469999998807907
payg tax rates 2026,70,32,commercial,24,https://pay-calculator-australia.com/payg-withholding-tables/,0.1469999998807907
payroll calculator hourly,70,38,informational,61,https://pay-calculator-australia.com/hourly-to-annual-salary-calculator/,0.1469999998807907
payroll tax calculator sa,70,6,informational,29,https://pay-calculator-australia.com/pay-calculator-sa/,0.1469999998807907
payroll tax rate tas,70,2,informational,29,https://pay-calculator-australia.com/pay-calculator-tas/,0.1469999998807907
payroll tax rate tasmania,70,0,informational,30,https://pay-calculator-australia.com/pay-calculator-tas/,0.1469999998807907
payroll tax rates nt,70,0,informational,17,https://pay-calculator-australia.com/pay-calculator-nt/,0.3009999990463257
payroll tax rates tasmania,70,2,informational,32,https://pay-calculator-australia.com/pay-calculator-tas/,0.1469999998807907
payroll tax sa calculator,70,4,informational,28,https://pay-calculator-australia.com/pay-calculator-sa/,0.1469999998807907
payroll tax tasmania rate,70,1,informational,39,https://pay-calculator-australia.com/pay-calculator-tas/,0.1469999998807907
payscale salary calculator,70,30,informational,65,https://pay-calculator-australia.com/annual-pay-calculator/,0.1469999998807907
pension increase 2026 australia calculator,70,4,commercial,26,https://pay-calculator-australia.com/news/age-pension-increase-march-2026/,0.1469999998807907
per fortnight,70,0,informational,25,https://pay-calculator-australia.com/fortnightly-pay-calculator/,0.1469999998807907
per hour salary in australia,70,25,informational,23,https://pay-calculator-australia.com/hourly-to-annual-salary-calculator/,0.1469999998807907
permanent part time vs full time,70,0,commercial,62,https://pay-calculator-australia.com/full-time-vs-part-time-vs-casual/,0.1469999998807907
permanent part-time vs full time,70,0,informational,55,https://pay-calculator-australia.com/full-time-vs-part-time-vs-casual/,0.1469999998807907
permanent part-time vs full-time,70,0,informational,59,https://pay-calculator-australia.com/full-time-vs-part-time-vs-casual/,0.1469999998807907
permanent part-time vs part-time,70,0,informational,62,https://pay-calculator-australia.com/full-time-vs-part-time-vs-casual/,0.1469999998807907
ppl rate,70,17,informational,68,https://pay-calculator-australia.com/parental-leave-pay/,0.1469999998807907
ppl rates,70,17,informational,68,https://pay-calculator-australia.com/parental-leave-pay/,0.1469999998807907
private health insurance to avoid medicare levy,70,10,commercial,61,https://pay-calculator-australia.com/private-health-insurance-medicare/,0.1469999998807907
pro rata part time,70,0,informational,69,https://pay-calculator-australia.com/employment-type-calculator/,0.1469999998807907
public holiday pay calculator,70,0,informational,65,https://pay-calculator-australia.com/leave-calculator/,0.1469999998807907
rate of pay australia,70,21,informational,47,https://pay-calculator-australia.com/award-rates/,0.1469999998807907
rate of tax on salary,70,32,informational,74,https://pay-calculator-australia.com/tax-brackets/,0.1469999998807907
redundancy payment 5 years service,70,1,informational,42,https://pay-calculator-australia.com/redundancy-pay-guide/,0.1469999998807907
redundancy payment for 5 years service,70,16,commercial,41,https://pay-calculator-australia.com/redundancy-pay-guide/,0.1469999998807907
redundancy weeks pay,70,16,informational,83,https://pay-calculator-australia.com/redundancy-pay-guide/,0.1469999998807907
repayment income hecs,70,8,informational,70,https://pay-calculator-australia.com/hecs-help-calculator/,0.1469999998807907
retail award wage qld,70,4,informational,26,https://pay-calculator-australia.com/retail-award-rates/,0.1469999998807907
retail wages nsw,70,0,informational,25,https://pay-calculator-australia.com/retail-award-rates/,0.1469999998807907
sa payroll tax calculator,70,6,informational,14,https://pay-calculator-australia.com/pay-calculator-sa/,0.3919999897480011
salaries tax rate,70,27,informational,62,https://pay-calculator-australia.com/tax-brackets/,0.1469999998807907
salary 80000 after taxes,70,5,informational,56,https://pay-calculator-australia.com/tax-on/80000/,0.1469999998807907
salary back pay calculator,70,1,informational,64,https://pay-calculator-australia.com/backpay-calculator/,0.1469999998807907
salary bracket,70,9,informational,46,https://pay-calculator-australia.com/tax-brackets/,0.1469999998807907
salary brackets,70,9,informational,38,https://pay-calculator-australia.com/tax-brackets/,0.1469999998807907
salary calculator indeed,70,33,informational,39,https://pay-calculator-australia.com/hourly-to-annual-salary-calculator/,0.1469999998807907
salary in nsw,70,29,informational,32,https://pay-calculator-australia.com/pay-calculator-nsw/,0.1469999998807907
salary increment,70,3,informational,47,https://pay-calculator-australia.com/pay-rise-calculator/,0.1469999998807907
salary nsw,70,17,informational,25,https://pay-calculator-australia.com/pay-calculator-nsw/,0.1469999998807907
salary of 80000 after taxes,70,4,informational,53,https://pay-calculator-australia.com/tax-on/80000/,0.1469999998807907
salary overtime,70,3,informational,81,https://pay-calculator-australia.com/overtime-penalty-rates-guide/,0.1469999998807907
salary packaging amounts,70,21,commercial,59,https://pay-calculator-australia.com/salary-packaging-guide/,0.1469999998807907
salary pay scale calculator,70,47,informational,51,https://pay-calculator-australia.com/monthly-pay-calculator/,0.1469999998807907
salary per hour australia,70,11,informational,24,https://pay-calculator-australia.com/hourly-to-annual-salary-calculator/,0.1469999998807907
salary sacrifice examples,70,1,informational,91,https://pay-calculator-australia.com/salary-sacrifice-guide/,0.1469999998807907
salary sacrifice for employers,70,4,informational,69,https://pay-calculator-australia.com/salary-sacrifice-guide/,0.1469999998807907
salary tax rate,70,32,informational,58,https://pay-calculator-australia.com/tax-brackets/,0.1469999998807907
salary to hourly wage,70,26,informational,67,https://pay-calculator-australia.com/hourly-to-annual-salary-calculator/,0.1469999998807907
salary versus wages australia,70,10,informational,28,https://pay-calculator-australia.com/salary-vs-hourly/,0.1469999998807907
salary vs hourly,70,0,informational,12,https://pay-calculator-australia.com/salary-vs-hourly/,0.5249999761581421
salary vs wage australia,70,0,informational,21,https://pay-calculator-australia.com/salary-vs-hourly/,0.16099999845027924
salary vs wages australia,70,0,informational,22,https://pay-calculator-australia.com/salary-vs-hourly/,0.15399999916553497
schads award level 2 pay rate casual,70,0,commercial,26,https://pay-calculator-australia.com/schads-award-pay-rates/,0.1469999998807907
self employed tax bracket,70,17,informational,69,https://pay-calculator-australia.com/tax-brackets/,0.1469999998807907
self-employed tax bracket,70,17,commercial,69,https://pay-calculator-australia.com/tax-brackets/,0.1469999998807907
severance pay how much,70,6,informational,57,https://pay-calculator-australia.com/redundancy-pay-guide/,0.1469999998807907
simple tax withholding calculator,70,38,informational,68,https://pay-calculator-australia.com/bonus-tax-calculator/,0.1469999998807907
stage 3 tax cuts australia,70,11,informational,28,https://pay-calculator-australia.com/stage-3-tax-cuts/,0.1469999998807907
standard tax rate australia,70,32,informational,58,https://pay-calculator-australia.com/tax-brackets/,0.1469999998807907
stsl calculator,70,2,informational,15,https://pay-calculator-australia.com/hecs-help-calculator/,0.3569999933242798
subby calculator,70,0,informational,76,https://pay-calculator-australia.com/contractor-pay-calculator/,0.1469999998807907
sunday overtime rate,70,0,informational,41,https://pay-calculator-australia.com/overtime-penalty-rates-guide/,0.1469999998807907
sunday rates hospitality,70,0,commercial,19,https://pay-calculator-australia.com/retail-hospitality-pay-guide/,0.1889999955892563
super entitlement,70,45,informational,54,https://pay-calculator-australia.com/superannuation-guide/,0.1469999998807907
super salary sacrifice limit 2026,70,10,commercial,86,https://pay-calculator-australia.com/news/super-contribution-caps-2026-27/,0.1469999998807907
superannuation entitlement,70,23,informational,58,https://pay-calculator-australia.com/superannuation-guide/,0.1469999998807907
sydney tax rate,70,32,informational,51,https://pay-calculator-australia.com/tax-brackets/,0.1469999998807907
talent pay calculator,70,8,informational,31,https://pay-calculator-australia.com/,0.1469999998807907
tax 2024 25,70,24,informational,48,https://pay-calculator-australia.com/tax-brackets/,0.1469999998807907
tax 293,70,0,informational,71,https://pay-calculator-australia.com/division-293-tax/,0.1469999998807907
tax bonus payment,70,0,informational,21,https://pay-calculator-australia.com/bonus-tax-guide/,0.16099999845027924
tax bracket 100k,70,32,informational,16,https://pay-calculator-australia.com/tax-on/100000/,0.3009999990463257
tax bracket for 100k,70,32,informational,17,https://pay-calculator-australia.com/tax-on/100000/,0.3009999990463257
tax brackets 2025 to 2026,70,32,informational,59,https://pay-calculator-australia.com/tax-brackets/,0.1469999998807907
tax brackets in australia 2025,70,32,informational,78,https://pay-calculator-australia.com/tax-brackets/,0.1469999998807907
tax calculator 2025 weekly,70,23,informational,69,https://pay-calculator-australia.com/,0.1469999998807907
tax calculator 25 26 australia,70,38,informational,74,https://pay-calculator-australia.com/,0.1469999998807907
tax calculator for annual leave payout,70,1,informational,13,https://pay-calculator-australia.com/leave-calculator/,0.4129999876022339
tax calculator for two jobs,70,9,informational,5,https://pay-calculator-australia.com/second-job-tax-calculator/,3.2829999923706055
tax calculator hourly,70,20,informational,61,https://pay-calculator-australia.com/hourly-to-annual-salary-calculator/,0.1469999998807907
tax calculator medicare levy,70,22,informational,34,https://pay-calculator-australia.com/medicare-levy/,0.1469999998807907
tax calculator net,70,38,informational,53,https://pay-calculator-australia.com/gross-pay-calculator/,0.1469999998807907
tax calculator two jobs,70,8,informational,4,https://pay-calculator-australia.com/second-job-tax-calculator/,4.61299991607666
tax calculator with 2 jobs,70,10,informational,5,https://pay-calculator-australia.com/second-job-tax-calculator/,3.2829999923706055
tax cuts by income,70,30,informational,43,https://pay-calculator-australia.com/tax-bracket-history/,0.1469999998807907
tax file declaration form 2025,70,9,transactional,34,https://pay-calculator-australia.com/tax-file-number-declaration/,0.1469999998807907
tax for bonus payments,70,0,informational,9,https://pay-calculator-australia.com/bonus-tax-calculator/,1.0499999523162842
tax free threshold 2026 australia,70,19,informational,39,https://pay-calculator-australia.com/tax-brackets/,0.1469999998807907
tax free threshold stsl,70,0,informational,18,https://pay-calculator-australia.com/stsl-on-payslip/,0.23100000619888306
tax home pay calculator,70,11,informational,42,https://pay-calculator-australia.com/,0.1469999998807907
tax income deductions,70,30,informational,85,https://pay-calculator-australia.com/tax-deductions-guide/,0.1469999998807907
tax noa,70,2,informational,43,https://pay-calculator-australia.com/notice-of-assessment/,0.1469999998807907
tax notice,70,0,informational,37,https://pay-calculator-australia.com/notice-of-assessment/,0.1469999998807907
tax on $30000 australia,70,28,informational,11,https://pay-calculator-australia.com/tax-on/30000/,0.6370000243186951
tax on $80000,70,10,informational,15,https://pay-calculator-australia.com/tax-on/80000/,0.3569999933242798
tax on 100k salary australia,70,12,informational,49,https://pay-calculator-australia.com/tax-on/100000/,0.1469999998807907
tax on 110 000 australia,70,11,informational,59,https://pay-calculator-australia.com/salary-to-hourly/110000/,0.1469999998807907
tax on 110000 australia,70,11,informational,13,https://pay-calculator-australia.com/tax-on/110000/,0.4129999876022339
tax on 130 000 australia,70,22,informational,18,https://pay-calculator-australia.com/tax-on/130000/,0.23100000619888306
tax on 130000 australia,70,32,informational,12,https://pay-calculator-australia.com/tax-on/130000/,0.5249999761581421
tax on 160 000 australia,70,20,informational,57,https://pay-calculator-australia.com/tax-on/160000/,0.1469999998807907
tax on 160000 australia,70,20,informational,60,https://pay-calculator-australia.com/tax-on/160000/,0.1469999998807907
tax on 165k australia,70,16,informational,13,https://pay-calculator-australia.com/take-home-pay-on/165000/,0.4129999876022339
tax on 170000,70,17,informational,8,https://pay-calculator-australia.com/tax-on/170000/,1.378999948501587
tax on 175k australia,70,17,informational,18,https://pay-calculator-australia.com/tax-on/175000/,0.23100000619888306
tax on 2000 a week,70,7,informational,42,https://pay-calculator-australia.com/,0.1469999998807907
tax on 23000 australia,70,7,informational,62,https://pay-calculator-australia.com/tax-on/200000/,0.1469999998807907
tax on 31000 australia,70,16,informational,24,https://pay-calculator-australia.com/tax-on/30000/,0.1469999998807907
tax on 33000 australia,70,18,informational,64,https://pay-calculator-australia.com/tax-on/35000/,0.1469999998807907
tax on 34000 australia,70,15,informational,34,https://pay-calculator-australia.com/tax-on/35000/,0.1469999998807907
tax on 35000,70,11,informational,5,https://pay-calculator-australia.com/tax-on/35000/,3.2829999923706055
tax on 350k australia,70,14,informational,65,https://pay-calculator-australia.com/income-tax-calculator/,0.1469999998807907
tax on 39000 australia,70,12,informational,41,https://pay-calculator-australia.com/tax-on/35000/,0.1469999998807907
tax on 40k australia,70,36,informational,17,https://pay-calculator-australia.com/tax-on/40000/,0.3009999990463257
tax on 41000 australia,70,28,informational,64,https://pay-calculator-australia.com/income-tax-calculator/,0.1469999998807907
tax on 43000 australia,70,14,informational,62,https://pay-calculator-australia.com/income-tax-calculator/,0.1469999998807907
tax on 500000,70,28,informational,77,https://pay-calculator-australia.com/income-tax-calculator/,0.1469999998807907
tax on 500k australia,70,40,informational,86,https://pay-calculator-australia.com/tax-brackets/,0.1469999998807907
tax on 57000 australia,70,21,informational,31,https://pay-calculator-australia.com/tax-on/55000/,0.1469999998807907
tax on 61000 australia,70,10,informational,24,https://pay-calculator-australia.com/tax-on/60000/,0.1469999998807907
tax on 73000 australia,70,19,informational,57,https://pay-calculator-australia.com/tax-on/75000/,0.1469999998807907
tax on 74000 australia,70,0,informational,21,https://pay-calculator-australia.com/tax-on/70000/,0.16099999845027924
tax on 77000 australia,70,38,informational,21,https://pay-calculator-australia.com/tax-on/70000/,0.16099999845027924
tax on 83000 australia,70,13,informational,29,https://pay-calculator-australia.com/tax-on/85000/,0.1469999998807907
tax on 86000 australia,70,11,informational,21,https://pay-calculator-australia.com/tax-on/80000/,0.16099999845027924
tax on 92000 australia,70,17,informational,59,https://pay-calculator-australia.com/tax-on/90000/,0.1469999998807907
tax on 93000 australia,70,14,informational,35,https://pay-calculator-australia.com/tax-on/95000/,0.1469999998807907
tax on 95000,70,38,informational,16,https://pay-calculator-australia.com/tax-on/95000/,0.3009999990463257
tax on 96000 australia,70,1,informational,27,https://pay-calculator-australia.com/tax-on/95000/,0.1469999998807907
tax on 98000 australia,70,20,informational,30,https://pay-calculator-australia.com/tax-on/95000/,0.1469999998807907
tax on annual leave payout calculator,70,5,informational,49,https://pay-calculator-australia.com/leave-calculator/,0.1469999998807907
tax on bonuses,70,0,informational,43,https://pay-calculator-australia.com/bonus-tax-guide/,0.1469999998807907
tax on gross income,70,11,informational,58,https://pay-calculator-australia.com/income-tax-calculator/,0.1469999998807907
tax on long service leave when resigning,70,0,informational,36,https://pay-calculator-australia.com/long-service-leave-calculator/vic/,0.1469999998807907
tax percentage wa,70,32,informational,40,https://pay-calculator-australia.com/tax-brackets/,0.1469999998807907
tax rate 100k,70,18,informational,19,https://pay-calculator-australia.com/take-home-pay-on/100000/,0.1889999955892563
tax rate australia working holiday visa,70,13,informational,64,https://pay-calculator-australia.com/working-holiday-tax/,0.1469999998807907
tax rate brackets australia,70,32,informational,48,https://pay-calculator-australia.com/tax-brackets/,0.1469999998807907
tax rate melbourne,70,32,informational,44,https://pay-calculator-australia.com/tax-brackets/,0.1469999998807907
tax rate on 100k,70,18,informational,56,https://pay-calculator-australia.com/tax-on/100000/,0.1469999998807907
tax rate percentage,70,32,informational,47,https://pay-calculator-australia.com/tax-brackets/,0.1469999998807907
tax rate wages,70,32,informational,81,https://pay-calculator-australia.com/tax-brackets/,0.1469999998807907
tax rate working holiday visa australia,70,0,informational,56,https://pay-calculator-australia.com/working-holiday-tax/,0.1469999998807907
tax rates 2023 2024,70,32,informational,47,https://pay-calculator-australia.com/tax-brackets/,0.1469999998807907
tax rates australia 2027,70,32,commercial,71,https://pay-calculator-australia.com/tax-changes-2026-27/,0.1469999998807907
tax rates australia working holiday visa,70,13,informational,64,https://pay-calculator-australia.com/working-holiday-tax/,0.1469999998807907
tax rates sydney,70,27,informational,47,https://pay-calculator-australia.com/tax-brackets/,0.1469999998807907
tax return 2025 dates,70,0,informational,41,https://pay-calculator-australia.com/tax-calendar/,0.1469999998807907
tax return notice of assessment,70,0,informational,55,https://pay-calculator-australia.com/notice-of-assessment/,0.1469999998807907
tax schedule refund,70,9,informational,17,https://pay-calculator-australia.com/tax-refund-guide/,0.3009999990463257
tax structure australia,70,32,informational,49,https://pay-calculator-australia.com/tax-brackets/,0.1469999998807907
tax structure in australia,70,32,informational,48,https://pay-calculator-australia.com/tax-brackets/,0.1469999998807907
tax table fortnightly 2026 pdf,70,0,transactional,19,https://pay-calculator-australia.com/payg-withholding-tables/,0.1889999955892563
tax table queensland,70,23,informational,28,https://pay-calculator-australia.com/payg-withholding-tables/,0.1469999998807907
tax tables 2025 to 2026,70,12,commercial,62,https://pay-calculator-australia.com/payg-withholding-tables/,0.1469999998807907
tax time australia 2026,70,0,informational,67,https://pay-calculator-australia.com/news/tax-time-2026-whats-new/,0.1469999998807907
tax withheld table fortnightly,70,0,informational,16,https://pay-calculator-australia.com/payg-withholding-tables/,0.3009999990463257
tax zone,70,0,informational,28,https://pay-calculator-australia.com/zone-tax-offset/,0.1469999998807907
tax zones,70,0,informational,14,https://pay-calculator-australia.com/zone-tax-offset/,0.3919999897480011
tax-free threshold second job,70,0,informational,40,https://pay-calculator-australia.com/second-job-tax-calculator/,0.1469999998807907
taxation notice,70,0,informational,35,https://pay-calculator-australia.com/notice-of-assessment/,0.1469999998807907
taxation of bonus payments,70,0,informational,8,https://pay-calculator-australia.com/bonus-tax-calculator/,1.378999948501587
taxes on 100 000 income,70,5,informational,12,https://pay-calculator-australia.com/tax-on/100000/,0.5249999761581421
taxes on bonuses,70,3,informational,47,https://pay-calculator-australia.com/bonus-tax-guide/,0.1469999998807907
taxes on commission income,70,0,informational,30,https://pay-calculator-australia.com/bonus-tax-calculator/,0.1469999998807907
teacher salary victoria 2026,70,0,commercial,39,https://pay-calculator-australia.com/teacher-pay-australia/vic/,0.1469999998807907
tfn pay calculator,70,38,informational,39,https://pay-calculator-australia.com/,0.1469999998807907
tradies salary australia,70,0,informational,17,https://pay-calculator-australia.com/construction-trades-pay/,0.3009999990463257
true cost of employee calculator australia,70,0,informational,25,https://pay-calculator-australia.com/employer-cost-calculator/,0.1469999998807907
two job tax calculator,70,10,informational,5,https://pay-calculator-australia.com/second-job-tax-calculator/,3.2829999923706055
two jobs tax calculator,70,7,informational,3,https://pay-calculator-australia.com/second-job-tax-calculator/,6.810999870300293
uber eats tax calculator australia,70,0,informational,31,https://pay-calculator-australia.com/gig-economy-pay-guide/,0.1469999998807907
wage finder,70,10,commercial,72,https://pay-calculator-australia.com/pay-calculator-wa/,0.1469999998807907
wage tax rates,70,33,informational,52,https://pay-calculator-australia.com/tax-brackets/,0.1469999998807907
wageline pay rates,70,21,informational,22,https://pay-calculator-australia.com/award-rates/,0.15399999916553497
wages and tax rates,70,36,informational,65,https://pay-calculator-australia.com/tax-brackets/,0.1469999998807907
weekend rates australia,70,0,commercial,52,https://pay-calculator-australia.com/overtime-penalty-rates-guide/,0.1469999998807907
weekly net income,70,4,informational,42,https://pay-calculator-australia.com/weekly-pay-calculator/,0.1469999998807907
weekly tax table 2024-25,70,0,informational,42,https://pay-calculator-australia.com/payg-withholding-tables/,0.1469999998807907
wfh 2025,70,0,informational,53,https://pay-calculator-australia.com/work-from-home-deductions/,0.1469999998807907
wfh 2025 rate,70,0,informational,65,https://pay-calculator-australia.com/work-from-home-deductions/,0.1469999998807907
wfh fixed rate 2025,70,0,informational,52,https://pay-calculator-australia.com/work-from-home-deductions/,0.1469999998807907
what are australian tax brackets,70,32,informational,41,https://pay-calculator-australia.com/tax-brackets/,0.1469999998807907
what is $50 an hour annually,70,0,informational,44,https://pay-calculator-australia.com/hourly-to-annual-salary-calculator/,0.1469999998807907
what is 80k a year hourly,70,0,informational,10,https://pay-calculator-australia.com/salary-to-hourly/80000/,0.7910000085830688
what is a tax refund,70,22,informational,47,https://pay-calculator-australia.com/tax-refund-guide/,0.1469999998807907
what is fortnightly pay,70,0,informational,9,https://pay-calculator-australia.com/fortnightly-pay-calculator/,1.0499999523162842
what is fortnightly payment,70,9,informational,19,https://pay-calculator-australia.com/fortnightly-pay-calculator/,0.1889999955892563
what is minimum wage in australia for 16 year olds,70,19,informational,17,https://pay-calculator-australia.com/junior-pay-rates/,0.3009999990463257
what is tax notice of assessment,70,0,informational,57,https://pay-calculator-australia.com/notice-of-assessment/,0.1469999998807907
what is the low income threshold for centrelink,70,22,informational,17,https://pay-calculator-australia.com/centrelink-income-test/,0.3009999990463257
what is the lowest tax bracket,70,32,informational,32,https://pay-calculator-australia.com/tax-brackets/,0.1469999998807907
what is the pay rate,70,26,informational,37,https://pay-calculator-australia.com/award-rates/,0.1469999998807907
what tax bracket am i in australia,70,32,informational,55,https://pay-calculator-australia.com/tax-brackets/,0.1469999998807907
when do you have to start paying hecs,70,7,informational,67,https://pay-calculator-australia.com/hecs-help-guide/,0.1469999998807907
whv tax brackets,70,13,informational,33,https://pay-calculator-australia.com/working-holiday-tax/,0.1469999998807907
work from home 2025 rate,70,0,informational,54,https://pay-calculator-australia.com/work-from-home-deductions/,0.1469999998807907
work from home ato calculator,70,3,informational,70,https://pay-calculator-australia.com/work-from-home-deductions/,0.1469999998807907
work from home ato rate 2025,70,3,commercial,93,https://pay-calculator-australia.com/work-from-home-deductions/,0.1469999998807907
work from home expenses calculator,70,4,informational,51,https://pay-calculator-australia.com/work-from-home-deductions/,0.1469999998807907
work from home hourly rate,70,0,commercial,59,https://pay-calculator-australia.com/work-from-home-deductions/,0.1469999998807907
work from home tax deduction calculator,70,0,informational,72,https://pay-calculator-australia.com/work-from-home-deductions/,0.1469999998807907
work from home tax rate,70,0,informational,57,https://pay-calculator-australia.com/work-from-home-deductions/,0.1469999998807907
working from home expenses calculator,70,0,informational,45,https://pay-calculator-australia.com/work-from-home-deductions/,0.1469999998807907
working from home hourly rate,70,0,informational,59,https://pay-calculator-australia.com/work-from-home-deductions/,0.1469999998807907
working from home tax deduction calculator,70,0,informational,75,https://pay-calculator-australia.com/work-from-home-deductions/,0.1469999998807907
working from home tax rate,70,0,informational,60,https://pay-calculator-australia.com/work-from-home-deductions/,0.1469999998807907
working holiday tax rate australia,70,13,informational,63,https://pay-calculator-australia.com/working-holiday-tax/,0.1469999998807907
ytd annualised income calculator,70,0,informational,51,https://pay-calculator-australia.com/ytd-income-calculator/,0.1469999998807907
zone a rebate,70,0,commercial,11,https://pay-calculator-australia.com/zone-tax-offset/,0.6370000243186951
zone allowance ato,70,0,informational,21,https://pay-calculator-australia.com/zone-tax-offset/,0.16099999845027924
zone rebate,70,0,commercial,16,https://pay-calculator-australia.com/zone-tax-offset/,0.3009999990463257
zone rebate ato,70,0,commercial,14,https://pay-calculator-australia.com/zone-tax-offset/,0.3919999897480011
zone rebates,70,0,commercial,15,https://pay-calculator-australia.com/zone-tax-offset/,0.3569999933242798
zone tax offset list,70,0,informational,17,https://pay-calculator-australia.com/zone-tax-offset/,0.3009999990463257
100000 salary to hourly,50,0,informational,6,https://pay-calculator-australia.com/salary-to-hourly/100000/,1.690000057220459
100k take home pay,50,0,informational,21,https://pay-calculator-australia.com/take-home-pay-on/100000/,0.11500000208616257
100k year after taxes,50,1,informational,24,https://pay-calculator-australia.com/take-home-pay-on/100000/,0.10499999672174454
105000/52,50,0,informational,15,https://pay-calculator-australia.com/tax-on/105000/,0.2549999952316284
110000 after tax australia,50,0,informational,8,https://pay-calculator-australia.com/salary-to-hourly/110000/,0.9850000143051147
110000 aud after tax,50,2,informational,13,https://pay-calculator-australia.com/salary-to-hourly/110000/,0.29499998688697815
110k a year is how much an hour,50,0,informational,3,https://pay-calculator-australia.com/salary-to-hourly/110000/,4.864999771118164
110k salary after tax australia,50,2,commercial,25,https://pay-calculator-australia.com/take-home-pay-on/110000/,0.10499999672174454
120k salary after tax,50,7,informational,24,https://pay-calculator-australia.com/take-home-pay-on/120000/,0.10499999672174454
120k salary after taxes,50,7,informational,24,https://pay-calculator-australia.com/take-home-pay-on/120000/,0.10499999672174454
125000/52,50,0,informational,10,https://pay-calculator-australia.com/take-home-pay-on/125000/,0.5649999976158142
130000 aud after tax,50,18,informational,16,https://pay-calculator-australia.com/tax-on/130000/,0.2150000035762787
135000 after tax,50,0,informational,10,https://pay-calculator-australia.com/tax-on/135000/,0.5649999976158142
140000 aud after tax,50,10,informational,18,https://pay-calculator-australia.com/salary-to-hourly/140000/,0.16500000655651093
140k salary after tax australia,50,16,informational,15,https://pay-calculator-australia.com/salary-to-hourly/140000/,0.2549999952316284
145000/12,50,0,informational,7,https://pay-calculator-australia.com/tax-on/145000/,1.2799999713897705
150000 aud after tax,50,2,commercial,25,https://pay-calculator-australia.com/tax-on/150000/,0.10499999672174454
165k after tax australia,50,0,informational,6,https://pay-calculator-australia.com/take-home-pay-on/165000/,1.690000057220459
170 000 after tax,50,0,informational,3,https://pay-calculator-australia.com/take-home-pay-on/170000/,4.864999771118164
170000 after tax,50,0,informational,5,https://pay-calculator-australia.com/take-home-pay-on/170000/,2.3450000286102295
175000/12,50,0,informational,22,https://pay-calculator-australia.com/take-home-pay-on/175000/,0.10999999940395355
175k after tax australia,50,3,informational,4,https://pay-calculator-australia.com/take-home-pay-on/175000/,3.2950000762939453
1st year apprentice bricklayer wages,50,0,informational,39,https://pay-calculator-australia.com/construction-trades-pay/,0.10499999672174454
1st year apprentice painter salary australia,50,0,informational,40,https://pay-calculator-australia.com/construction-trades-pay/,0.10499999672174454
2/1 roster how many weeks a year,50,0,informational,65,https://pay-calculator-australia.com/mining-fifo-pay-guide/,0.10499999672174454
20 minimum wage,50,28,informational,40,https://pay-calculator-australia.com/junior-pay-rates/,0.10499999672174454
200000 after tax australia,50,0,informational,14,https://pay-calculator-australia.com/take-home-pay-on/200000/,0.2800000011920929
2024 25 financial year dates,50,0,informational,50,https://pay-calculator-australia.com/tax-calendar/,0.10499999672174454
2024 home office rate,50,0,informational,82,https://pay-calculator-australia.com/work-from-home-deductions/,0.10499999672174454
2025 tax calculator australia,50,38,informational,78,https://pay-calculator-australia.com/tax-on/125000/,0.10499999672174454
25 an hour is how much a year,50,0,informational,10,https://pay-calculator-australia.com/hourly-to-salary/25/,0.5649999976158142
25 per hour annual salary,50,0,informational,15,https://pay-calculator-australia.com/hourly-to-salary/25/,0.2549999952316284
250000 after taxes,50,2,informational,61,https://pay-calculator-australia.com/,0.10499999672174454
28 an hour is how much a year,50,0,informational,8,https://pay-calculator-australia.com/hourly-to-annual-salary-calculator/,0.9850000143051147
31 an hour is how much a year,50,0,informational,11,https://pay-calculator-australia.com/hourly-to-annual-salary-calculator/,0.45500001311302185
32 dollars an hour is how much a year,50,0,informational,9,https://pay-calculator-australia.com/hourly-to-salary/32/,0.75
38 dollars an hour is how much a year,50,0,informational,25,https://pay-calculator-australia.com/hourly-to-salary/38/,0.10499999672174454
417 visa tax rate,50,1,informational,35,https://pay-calculator-australia.com/working-holiday-tax/,0.10499999672174454
417 visa tax rates,50,4,informational,68,https://pay-calculator-australia.com/working-holiday-tax/,0.10499999672174454
43 an hour is how much a year,50,0,informational,11,https://pay-calculator-australia.com/hourly-to-annual-salary-calculator/,0.45500001311302185
45000 to aud,50,1,informational,22,https://pay-calculator-australia.com/salary-to-hourly/45000/,0.10999999940395355
47 per hour annual salary,50,0,informational,18,https://pay-calculator-australia.com/hourly-to-salary/47/,0.16500000655651093
50000 after tax,50,0,informational,12,https://pay-calculator-australia.com/tax-on/50000/,0.375
60000 aud,50,0,informational,22,https://pay-calculator-australia.com/tax-on/60000/,0.10999999940395355
60000/26,50,0,informational,69,https://pay-calculator-australia.com/tax-on/60000/,0.10499999672174454
60000/60,50,0,informational,32,https://pay-calculator-australia.com/tax-on/60000/,0.10499999672174454
60k a year is how much a week after tax,50,0,informational,15,https://pay-calculator-australia.com/tax-on/60000/,0.2549999952316284
60k salary hourly,50,0,informational,7,https://pay-calculator-australia.com/salary-to-hourly/60000/,1.2799999713897705
62000 a year is how much an hour,50,0,informational,9,https://pay-calculator-australia.com/hourly-to-salary/62/,0.75
7 years pro rata long service leave,50,9,informational,88,https://pay-calculator-australia.com/long-service-leave-calculator/act/,0.10499999672174454
70 000 a year is how much a week,50,0,informational,12,https://pay-calculator-australia.com/take-home-pay-on/70000/,0.375
70 an hour is how much a year,50,0,informational,6,https://pay-calculator-australia.com/hourly-to-annual-salary-calculator/,1.690000057220459
70000 a year is how much a week,50,0,informational,11,https://pay-calculator-australia.com/take-home-pay-on/70000/,0.45500001311302185
70000/26,50,1,informational,58,https://pay-calculator-australia.com/tax-on/70000/,0.10499999672174454
70k salary hourly,50,0,commercial,12,https://pay-calculator-australia.com/salary-to-hourly/70000/,0.375
70k salary to hourly,50,0,informational,12,https://pay-calculator-australia.com/salary-to-hourly/70000/,0.375
72k after tax australia,50,1,informational,51,https://pay-calculator-australia.com/tax-on/70000/,0.10499999672174454
74000 after tax australia,50,0,informational,25,https://pay-calculator-australia.com/tax-on/70000/,0.10499999672174454
75 per hour annual salary,50,0,informational,11,https://pay-calculator-australia.com/salary-to-hourly/75000/,0.45500001311302185
78k after tax australia,50,4,informational,42,https://pay-calculator-australia.com/tax-on/70000/,0.10499999672174454
79000 after tax australia,50,0,informational,48,https://pay-calculator-australia.com/tax-on/70000/,0.10499999672174454
80 000 a year is how much a week,50,0,informational,10,https://pay-calculator-australia.com/salary-to-hourly/80000/,0.5649999976158142
80 per hour annual salary,50,0,informational,9,https://pay-calculator-australia.com/salary-to-hourly/80000/,0.75
8:6 roster meaning,50,0,informational,86,https://pay-calculator-australia.com/mining-fifo-pay-guide/,0.10499999672174454
90000 salary after taxes,50,6,informational,15,https://pay-calculator-australia.com/tax-on/90000/,0.2549999952316284
90k per year is how much per hour,50,0,commercial,7,https://pay-calculator-australia.com/salary-to-hourly/90000/,1.2799999713897705
94000 after tax australia,50,0,informational,49,https://pay-calculator-australia.com/take-home-pay-on/95000/,0.10499999672174454
a fortnight,50,15,informational,32,https://pay-calculator-australia.com/fortnightly-pay-calculator/,0.10499999672174454
a04 salary qld government,50,0,informational,29,https://pay-calculator-australia.com/public-service-pay-scales/qld/,0.10499999672174454
a05 pay rate,50,0,informational,39,https://pay-calculator-australia.com/public-service-pay-scales/qld/,0.10499999672174454
a06 salary,50,0,informational,41,https://pay-calculator-australia.com/public-service-pay-scales/qld/,0.10499999672174454
act teacher pay scale,50,0,informational,18,https://pay-calculator-australia.com/teacher-pay-australia/act/,0.16500000655651093
act teachers pay scale,50,0,informational,16,https://pay-calculator-australia.com/teacher-pay-australia/act/,0.2150000035762787
age pension entitlement calculator,50,24,informational,76,https://pay-calculator-australia.com/age-pension-income-test-calculator/,0.10499999672174454
age pension tax free threshold calculator,50,13,informational,23,https://pay-calculator-australia.com/sapto-calculator/,0.10499999672174454
age pension tax-free threshold calculator,50,13,informational,23,https://pay-calculator-australia.com/sapto-calculator/,0.10499999672174454
aged care pension calculator,50,15,informational,69,https://pay-calculator-australia.com/age-pension-income-test-calculator/,0.10499999672174454
agency pay rates for nurses,50,0,informational,77,https://pay-calculator-australia.com/healthcare-worker-pay/nsw/,0.10499999672174454
annual leave accrual calculation,50,0,informational,75,https://pay-calculator-australia.com/leave-calculator/,0.10499999672174454
annual leave calculator pro rata,50,0,informational,31,https://pay-calculator-australia.com/leave-calculator/,0.10499999672174454
annual leave payout calculator ato,50,3,informational,21,https://pay-calculator-australia.com/leave-calculator/,0.11500000208616257
annual leave pro rata calculator,50,0,informational,58,https://pay-calculator-australia.com/leave-calculator/,0.10499999672174454
annual leave tax calculator,50,2,informational,20,https://pay-calculator-australia.com/leave-calculator/,0.11999999731779099
annual salary to hourly rate australia,50,2,informational,17,https://pay-calculator-australia.com/hourly-to-annual-salary-calculator/,0.2150000035762787
annual salary to hourly rate calculator,50,4,informational,15,https://pay-calculator-australia.com/hourly-to-annual-salary-calculator/,0.2549999952316284
annual salary to weekly,50,9,informational,27,https://pay-calculator-australia.com/weekly-pay-calculator/,0.10499999672174454
annualised ytd,50,0,informational,38,https://pay-calculator-australia.com/ytd-income-calculator/,0.10499999672174454
ao5 salary queensland government pdf,50,0,informational,30,https://pay-calculator-australia.com/public-service-pay-scales/qld/,0.10499999672174454
ao6 salary queensland government 2025,50,0,commercial,29,https://pay-calculator-australia.com/public-service-pay-scales/qld/,0.10499999672174454
apprentice fitter and turner wage,50,0,informational,40,https://pay-calculator-australia.com/construction-trades-pay/,0.10499999672174454
apprentice plasterer wage,50,0,informational,42,https://pay-calculator-australia.com/construction-trades-pay/,0.10499999672174454
apprentice tiler wages,50,0,informational,43,https://pay-calculator-australia.com/construction-trades-pay/,0.10499999672174454
apprentice welder wages,50,0,informational,27,https://pay-calculator-australia.com/construction-trades-pay/,0.10499999672174454
appropriate level of private patient hospital cover,50,2,informational,76,https://pay-calculator-australia.com/private-health-insurance-medicare/,0.10499999672174454
aps 4 salary services australia,50,0,commercial,28,https://pay-calculator-australia.com/public-service-pay-scales/aps/,0.10499999672174454
aps pay scales by department pdf,50,0,navigational,27,https://pay-calculator-australia.com/public-service-pay-scales/aps/,0.10499999672174454
aps rates,50,0,informational,36,https://pay-calculator-australia.com/public-service-pay-scales/aps/,0.10499999672174454
aps wages,50,0,informational,26,https://pay-calculator-australia.com/public-service-pay-scales/,0.10499999672174454
as 03 salary,50,0,informational,16,https://pay-calculator-australia.com/public-service-pay-scales/,0.2150000035762787
as03 salary,50,0,informational,20,https://pay-calculator-australia.com/public-service-pay-scales/,0.11999999731779099
ato aps 6 salary,50,0,informational,16,https://pay-calculator-australia.com/public-service-pay-scales/aps/,0.2150000035762787
ato employee/contractor decision tool,50,0,informational,36,https://pay-calculator-australia.com/contractor-vs-employee/,0.10499999672174454
ato fbt rate,50,12,informational,13,https://pay-calculator-australia.com/fringe-benefits-tax/,0.29499998688697815
ato fbt rates,50,10,informational,11,https://pay-calculator-australia.com/fringe-benefits-tax/,0.45500001311302185
ato hecs repayment threshold,50,17,informational,17,https://pay-calculator-australia.com/hecs-repayment-threshold/,0.2150000035762787
ato help repayment,50,26,informational,37,https://pay-calculator-australia.com/hecs-help-guide/,0.10499999672174454
ato help repayments,50,26,informational,40,https://pay-calculator-australia.com/hecs-help-guide/,0.10499999672174454
ato income tax table,50,37,informational,42,https://pay-calculator-australia.com/tax-brackets/,0.10499999672174454
ato sapto calculator,50,0,informational,29,https://pay-calculator-australia.com/sapto-calculator/,0.10499999672174454
ato sgc rate,50,35,informational,33,https://pay-calculator-australia.com/super-guarantee-rate-history/,0.10499999672174454
ato sgc rates,50,33,informational,33,https://pay-calculator-australia.com/super-guarantee-rate-history/,0.10499999672174454
ato tax calculator 2024--25,50,39,informational,49,https://pay-calculator-australia.com/income-tax-calculator/,0.10499999672174454
ato weekly tax table pdf,50,1,informational,24,https://pay-calculator-australia.com/weekly-tax-table/,0.10499999672174454
ato zone tax offset,50,0,informational,12,https://pay-calculator-australia.com/zone-tax-offset/,0.375
australia 2025 tax brackets,50,42,informational,74,https://pay-calculator-australia.com/tax-brackets/,0.10499999672174454
australia mine jobs salary,50,0,informational,34,https://pay-calculator-australia.com/mining-fifo-pay-guide/,0.10499999672174454
australia minimum wage history,50,7,informational,6,https://pay-calculator-australia.com/minimum-wage-history-australia/,1.690000057220459
australia mining jobs pay,50,0,informational,34,https://pay-calculator-australia.com/mining-fifo-pay-guide/,0.10499999672174454
australia mining jobs salary,50,0,informational,33,https://pay-calculator-australia.com/mining-fifo-pay-guide/,0.10499999672174454
australia tax brackets 2024,50,32,informational,62,https://pay-calculator-australia.com/tax-brackets/,0.10499999672174454
australia tax brackets percentage,50,37,commercial,57,https://pay-calculator-australia.com/tax-brackets/,0.10499999672174454
australia tax rate table,50,32,informational,51,https://pay-calculator-australia.com/tax-brackets/,0.10499999672174454
australia zone list,50,0,informational,5,https://pay-calculator-australia.com/zone-tax-offset/,2.3450000286102295
australian mine jobs salary,50,0,informational,80,https://pay-calculator-australia.com/mining-fifo-pay-guide/,0.10499999672174454
australian minimum wage calculator,50,53,informational,59,https://pay-calculator-australia.com/award-rates/,0.10499999672174454
australian minimum wage history,50,7,informational,7,https://pay-calculator-australia.com/minimum-wage-history-australia/,1.2799999713897705
australian mining jobs salary,50,0,informational,32,https://pay-calculator-australia.com/mining-fifo-pay-guide/,0.10499999672174454
australian pension eligibility calculator,50,12,informational,78,https://pay-calculator-australia.com/age-pension-income-test-calculator/,0.10499999672174454
australian retail award rate,50,0,informational,23,https://pay-calculator-australia.com/retail-award-rates/,0.10499999672174454
australian retail award rates,50,0,informational,25,https://pay-calculator-australia.com/retail-award-rates/,0.10499999672174454
australian retail award wage,50,0,informational,28,https://pay-calculator-australia.com/retail-award-rates/,0.10499999672174454
australian tax brackets 2025 2026,50,37,commercial,34,https://pay-calculator-australia.com/tax-brackets/,0.10499999672174454
australian tax brackets 2025 to 2026,50,37,commercial,35,https://pay-calculator-australia.com/tax-brackets/,0.10499999672174454
australian tax brackets 2026--27,50,32,commercial,63,https://pay-calculator-australia.com/tax-brackets/,0.10499999672174454
australian tax brackets percentages,50,32,informational,43,https://pay-calculator-australia.com/tax-brackets/,0.10499999672174454
australian tax rate table,50,32,informational,49,https://pay-calculator-australia.com/tax-brackets/,0.10499999672174454
australian tax rates table,50,32,informational,44,https://pay-calculator-australia.com/tax-brackets/,0.10499999672174454
australian taxation office notice of assessment,50,0,informational,28,https://pay-calculator-australia.com/notice-of-assessment/,0.10499999672174454
australian zone list,50,0,informational,7,https://pay-calculator-australia.com/zone-tax-offset/,1.2799999713897705
average income per hour,50,7,informational,19,https://pay-calculator-australia.com/hourly-to-annual-salary-calculator/,0.13500000536441803
average tax return for 100k salary in australia,50,9,informational,20,https://pay-calculator-australia.com/tax-on/100000/,0.11999999731779099
average teacher pay,50,9,informational,21,https://pay-calculator-australia.com/teacher-pay-australia/,0.11500000208616257
average teacher salary melbourne,50,3,informational,22,https://pay-calculator-australia.com/teacher-pay-australia/,0.10999999940395355
average teacher wage australia,50,4,informational,26,https://pay-calculator-australia.com/teacher-pay-australia/,0.10499999672174454
average teaching wage australia,50,8,informational,25,https://pay-calculator-australia.com/teacher-pay-australia/,0.10499999672174454
award rates fair work,50,56,informational,26,https://pay-calculator-australia.com/award-rates/,0.10499999672174454
award rates kitchen hand,50,0,informational,19,https://pay-calculator-australia.com/hospitality-award-rates/,0.13500000536441803
award wage increase 2025,50,8,informational,35,https://pay-calculator-australia.com/award-rates/,0.10499999672174454
award wages wa,50,11,informational,24,https://pay-calculator-australia.com/award-rates/,0.10499999672174454
backpays,50,0,informational,15,https://pay-calculator-australia.com/backpay-calculator/,0.2549999952316284
bartender minimum wage,50,19,informational,28,https://pay-calculator-australia.com/hospitality-award-rates/,0.10499999672174454
base hourly rate australia,50,26,informational,49,https://pay-calculator-australia.com/award-rates/,0.10499999672174454
base rate of pay australia,50,8,informational,33,https://pay-calculator-australia.com/award-rates/,0.10499999672174454
base rate pay,50,19,informational,42,https://pay-calculator-australia.com/award-rates/,0.10499999672174454
basic wage australia history,50,9,informational,11,https://pay-calculator-australia.com/minimum-wage-history-australia/,0.45500001311302185
benefit tax calculator,50,9,informational,71,https://pay-calculator-australia.com/,0.10499999672174454
benefits tax calculator,50,28,informational,69,https://pay-calculator-australia.com/,0.10499999672174454
bonus paycheck calculator,50,0,informational,2,https://pay-calculator-australia.com/bonus-tax-calculator/,8.100000381469727
brisbane salary calculator,50,10,informational,35,https://pay-calculator-australia.com/pay-calculator-qld/,0.10499999672174454
calculate accrued annual leave,50,0,informational,69,https://pay-calculator-australia.com/leave-calculator/,0.10499999672174454
calculate double time,50,7,informational,69,https://pay-calculator-australia.com/overtime-pay-calculator/,0.10499999672174454
calculate double time and a half,50,12,informational,65,https://pay-calculator-australia.com/overtime-pay-calculator/,0.10499999672174454
calculate maternity leave pay,50,0,informational,51,https://pay-calculator-australia.com/parental-leave-pay/,0.10499999672174454
calculate pre tax income,50,5,informational,33,https://pay-calculator-australia.com/gross-pay-calculator/,0.10499999672174454
calculate redundancy pay australia,50,15,informational,63,https://pay-calculator-australia.com/redundancy-pay-guide/,0.10499999672174454
calculate tax from net pay,50,12,informational,51,https://pay-calculator-australia.com/gross-pay-calculator/,0.10499999672174454
calculating accrued annual leave,50,0,informational,74,https://pay-calculator-australia.com/leave-calculator/,0.10499999672174454
calculating gross pay from net,50,5,informational,33,https://pay-calculator-australia.com/gross-pay-calculator/,0.10499999672174454
calculating redundancy pay australia,50,15,commercial,72,https://pay-calculator-australia.com/redundancy-pay-guide/,0.10499999672174454
calculating redundancy payment australia,50,15,informational,68,https://pay-calculator-australia.com/redundancy-pay-guide/,0.10499999672174454
calculating reportable fringe benefits,50,0,informational,39,https://pay-calculator-australia.com/fringe-benefits-tax/,0.10499999672174454
calculator for gross income,50,12,informational,42,https://pay-calculator-australia.com/gross-pay-calculator/,0.10499999672174454
calculator gross income,50,4,informational,46,https://pay-calculator-australia.com/gross-pay-calculator/,0.10499999672174454
calculator years of service,50,0,informational,80,https://pay-calculator-australia.com/long-service-leave-calculator/,0.10499999672174454
canberra payroll tax,50,0,informational,10,https://pay-calculator-australia.com/pay-calculator-act/,0.5649999976158142
canstar tax calculator,50,1,informational,16,https://pay-calculator-australia.com/,0.2150000035762787
capital gains and tax brackets,50,35,informational,70,https://pay-calculator-australia.com/capital-gains-tax-calculator/,0.10499999672174454
casual ain pay rate nsw,50,0,informational,31,https://pay-calculator-australia.com/healthcare-worker-pay/nsw/,0.10499999672174454
casual jobs pay rate,50,16,informational,38,https://pay-calculator-australia.com/employment-type-calculator/,0.10499999672174454
casual staff pay rates,50,16,informational,69,https://pay-calculator-australia.com/employment-type-calculator/,0.10499999672174454
casual work pay rate,50,19,informational,44,https://pay-calculator-australia.com/award-rates/,0.10499999672174454
centrelink austudy calculator,50,6,navigational,19,https://pay-calculator-australia.com/austudy-youth-allowance-calculator/,0.13500000536441803
centrelink how much can i get,50,22,informational,10,https://pay-calculator-australia.com/centrelink-income-test/,0.5649999976158142
centrelink jobseeker payment calculator,50,2,navigational,48,https://pay-calculator-australia.com/centrelink-income-test/,0.10499999672174454
centrelink payments pension calculator,50,24,navigational,63,https://pay-calculator-australia.com/age-pension-income-test-calculator/,0.10499999672174454
centrelink youth allowance threshold,50,2,informational,38,https://pay-calculator-australia.com/austudy-youth-allowance-calculator/,0.10499999672174454
cewa salary,50,0,informational,67,https://pay-calculator-australia.com/teacher-pay-australia/wa/,0.10499999672174454
charge nurse pay,50,0,informational,31,https://pay-calculator-australia.com/healthcare-worker-pay/nsw/,0.10499999672174454
chef pay rate australia,50,0,informational,27,https://pay-calculator-australia.com/hospitality-award-rates/,0.10499999672174454
clinic nurse pay,50,0,informational,65,https://pay-calculator-australia.com/healthcare-worker-pay/nsw/,0.10499999672174454
clinic nurses salary,50,0,informational,27,https://pay-calculator-australia.com/healthcare-worker-pay/vic/,0.10499999672174454
clinical nurse pay,50,0,informational,66,https://pay-calculator-australia.com/healthcare-worker-pay/nsw/,0.10499999672174454
cnc/nurse salary,50,0,informational,58,https://pay-calculator-australia.com/healthcare-worker-pay/nsw/,0.10499999672174454
combined income tax brackets,50,32,informational,52,https://pay-calculator-australia.com/tax-brackets/,0.10499999672174454
contract hourly rate calculator,50,0,informational,73,https://pay-calculator-australia.com/contractor-pay-calculator/,0.10499999672174454
contracting hourly rate calculator,50,0,informational,75,https://pay-calculator-australia.com/contractor-pay-calculator/,0.10499999672174454
contracting salary,50,0,informational,45,https://pay-calculator-australia.com/contractor-pay-calculator/,0.10499999672174454
contractor hourly rate calculator,50,0,informational,65,https://pay-calculator-australia.com/contractor-pay-calculator/,0.10499999672174454
contractor pay,50,0,informational,89,https://pay-calculator-australia.com/contractor-vs-employee/,0.10499999672174454
contractor rate,50,0,informational,63,https://pay-calculator-australia.com/contractor-pay-calculator/,0.10499999672174454
contractor salary,50,0,informational,68,https://pay-calculator-australia.com/contractor-pay-calculator/,0.10499999672174454
contractor tax rate,50,0,informational,40,https://pay-calculator-australia.com/contractor-pay-calculator/,0.10499999672174454
contractor tax rates,50,2,informational,68,https://pay-calculator-australia.com/contractor-pay-calculator/,0.10499999672174454
contractors tax rate,50,0,informational,45,https://pay-calculator-australia.com/contractor-pay-calculator/,0.10499999672174454
convert annual salary to hourly rate australia,50,3,informational,45,https://pay-calculator-australia.com/hourly-to-annual-salary-calculator/,0.10499999672174454
css pension increase july 2026,50,0,commercial,52,https://pay-calculator-australia.com/news/july-1-2026-money-changes/,0.10499999672174454
daily rate to annual salary,50,5,informational,58,https://pay-calculator-australia.com/hourly-to-annual-salary-calculator/,0.10499999672174454
dan murphy's pay rate,50,0,informational,28,https://pay-calculator-australia.com/award-rates/,0.10499999672174454
deemed interest rate fbt 2026,50,0,informational,30,https://pay-calculator-australia.com/fringe-benefits-tax/,0.10499999672174454
div 293 income calculation,50,0,informational,95,https://pay-calculator-australia.com/division-293-tax/,0.10499999672174454
division 293 income calculation,50,0,informational,94,https://pay-calculator-australia.com/division-293-tax/,0.10499999672174454
do you get taxed more if you have two jobs,50,0,informational,46,https://pay-calculator-australia.com/second-job-tax-calculator/,0.10499999672174454
do you get taxed on bonuses,50,0,informational,24,https://pay-calculator-australia.com/bonus-tax-calculator/,0.10499999672174454
do you pay tax on bonuses,50,0,informational,17,https://pay-calculator-australia.com/bonus-tax-calculator/,0.2150000035762787
does gross annual salary include super,50,0,informational,35,https://pay-calculator-australia.com/gross-pay-calculator/,0.10499999672174454
does salary sacrifice affect tax return,50,4,informational,71,https://pay-calculator-australia.com/salary-sacrifice-guide/,0.10499999672174454
double time and a half calculator,50,11,informational,61,https://pay-calculator-australia.com/overtime-pay-calculator/,0.10499999672174454
double-time and a half calculator,50,11,informational,60,https://pay-calculator-australia.com/overtime-pay-calculator/,0.10499999672174454
earnings calculator,50,19,informational,46,https://pay-calculator-australia.com/pay-calculator-wa/,0.10499999672174454
el1 ato salary,50,0,informational,19,https://pay-calculator-australia.com/public-service-pay-scales/aps/,0.13500000536441803
employee contractor decision tool ato,50,0,navigational,12,https://pay-calculator-australia.com/contractor-vs-employee/,0.375
employee/contractor decision tool ato,50,0,navigational,12,https://pay-calculator-australia.com/contractor-vs-employee/,0.375
en pay rate qld,50,0,informational,32,https://pay-calculator-australia.com/healthcare-worker-pay/qld/,0.10499999672174454
enrolled nurse pay rate victoria,50,0,informational,33,https://pay-calculator-australia.com/healthcare-worker-pay/vic/,0.10499999672174454
eq teacher pay scale,50,0,informational,12,https://pay-calculator-australia.com/teacher-pay-australia/qld/,0.375
factory pay rates,50,1,informational,49,https://pay-calculator-australia.com/mining-fifo-pay-guide/,0.10499999672174454
fair trade pay calculator,50,20,informational,16,https://pay-calculator-australia.com/award-rates/,0.2150000035762787
fair trading pay calculator,50,20,informational,48,https://pay-calculator-australia.com/award-rates/,0.10499999672174454
fair work long service leave calculator,50,11,informational,64,https://pay-calculator-australia.com/long-service-leave-calculator/,0.10499999672174454
fair work pay calculator qld,50,17,informational,55,https://pay-calculator-australia.com/pay-calculator-qld/,0.10499999672174454
fbt calculator australia,50,0,informational,54,https://pay-calculator-australia.com/fringe-benefits-tax/,0.10499999672174454
fbt deemed interest,50,0,informational,39,https://pay-calculator-australia.com/fringe-benefits-tax/,0.10499999672174454
fifo average salary,50,0,informational,26,https://pay-calculator-australia.com/mining-fifo-pay-guide/,0.10499999672174454
fifo jobs salary,50,0,informational,38,https://pay-calculator-australia.com/mining-fifo-pay-guide/,0.10499999672174454
fifo tax calculator,50,0,informational,72,https://pay-calculator-australia.com/,0.10499999672174454
fifo wage calculator,50,0,informational,8,https://pay-calculator-australia.com/mining-fifo-pay-guide/,0.9850000143051147
financial year 25 26,50,13,informational,53,https://pay-calculator-australia.com/tax-calendar/,0.10499999672174454
financial year dates 2025,50,0,informational,59,https://pay-calculator-australia.com/tax-calendar/,0.10499999672174454
financial year dates 23 24,50,0,informational,63,https://pay-calculator-australia.com/tax-calendar/,0.10499999672174454
find my award pay rate qld,50,23,informational,10,https://pay-calculator-australia.com/award-rates/,0.5649999976158142
fitter and turner apprentice wage,50,0,informational,50,https://pay-calculator-australia.com/construction-trades-pay/,0.10499999672174454
fitter and turner apprenticeship wage,50,0,informational,42,https://pay-calculator-australia.com/construction-trades-pay/,0.10499999672174454
fitter and turner apprenticeship wages,50,0,informational,47,https://pay-calculator-australia.com/construction-trades-pay/,0.10499999672174454
fly in fly-out jobs salary,50,0,informational,43,https://pay-calculator-australia.com/mining-fifo-pay-guide/,0.10499999672174454
fly-in fly-out jobs salary,50,0,informational,44,https://pay-calculator-australia.com/mining-fifo-pay-guide/,0.10499999672174454
fortnightly calculator,50,9,informational,32,https://pay-calculator-australia.com/,0.10499999672174454
fortnightly income calculator,50,6,informational,29,https://pay-calculator-australia.com/,0.10499999672174454
fortnightly pay calculator australia,50,7,informational,29,https://pay-calculator-australia.com/,0.10499999672174454
fortnightly tax pdf,50,0,informational,23,https://pay-calculator-australia.com/fortnightly-tax-table/,0.10499999672174454
fortnightly tax table 2024 25,50,0,informational,43,https://pay-calculator-australia.com/fortnightly-tax-table/,0.10499999672174454
fortnightly tax table 2024 pdf,50,0,informational,27,https://pay-calculator-australia.com/fortnightly-tax-table/,0.10499999672174454
fortnightly tax table 2024-25,50,0,informational,22,https://pay-calculator-australia.com/payg-withholding-tables/,0.10999999940395355
fortnightly tax table 2025 2026,50,0,transactional,51,https://pay-calculator-australia.com/payg-withholding-tables/,0.10499999672174454
fortnightly tax table 2025 pdf free download,50,0,transactional,22,https://pay-calculator-australia.com/payg-withholding-tables/,0.10999999940395355
fortnightly tax table 2025 to 2026,50,0,transactional,24,https://pay-calculator-australia.com/payg-withholding-tables/,0.10499999672174454
fortnightly tax table 2025-2026,50,0,transactional,26,https://pay-calculator-australia.com/payg-withholding-tables/,0.10499999672174454
fortnightly tax table 2026 pdf free download nsw,50,0,transactional,22,https://pay-calculator-australia.com/fortnightly-tax-table/,0.10999999940395355
fortnightly tax table 25 26,50,0,informational,22,https://pay-calculator-australia.com/payg-withholding-tables/,0.10999999940395355
fortnightly tax table calculator,50,23,transactional,55,https://pay-calculator-australia.com/fortnightly-pay-calculator/,0.10499999672174454
fortnightly taxation table,50,0,informational,14,https://pay-calculator-australia.com/fortnightly-tax-table/,0.2800000011920929
fortnightly to monthly,50,0,informational,39,https://pay-calculator-australia.com/fortnightly-pay-calculator/,0.10499999672174454
fringe benefit salary sacrifice,50,17,informational,57,https://pay-calculator-australia.com/salary-packaging-guide/,0.10499999672174454
fringe benefits tax calculator australia,50,9,informational,37,https://pay-calculator-australia.com/fringe-benefits-tax/,0.10499999672174454
full time pay rate,50,30,informational,42,https://pay-calculator-australia.com/award-rates/,0.10499999672174454
full time vs casual calculator,50,0,informational,29,https://pay-calculator-australia.com/employment-type-calculator/,0.10499999672174454
full-time vs casual calculator,50,0,informational,27,https://pay-calculator-australia.com/employment-type-calculator/,0.10499999672174454
government co contribution income threshold,50,0,informational,57,https://pay-calculator-australia.com/super-co-contribution/,0.10499999672174454
government co-contribution income threshold,50,0,informational,57,https://pay-calculator-australia.com/super-co-contribution/,0.10499999672174454
government pay levels,50,0,informational,36,https://pay-calculator-australia.com/public-service-pay-scales/,0.10499999672174454
government pay scales,50,0,informational,31,https://pay-calculator-australia.com/public-service-pay-scales/,0.10499999672174454
government salary levels,50,0,informational,28,https://pay-calculator-australia.com/public-service-pay-scales/,0.10499999672174454
graduate teacher salary wa,50,0,informational,48,https://pay-calculator-australia.com/teacher-pay-australia/wa/,0.10499999672174454
gross income before or after taxes,50,0,informational,78,https://pay-calculator-australia.com/gross-pay-calculator/,0.10499999672174454
gross income estimator,50,2,informational,34,https://pay-calculator-australia.com/gross-pay-calculator/,0.10499999672174454
gross to net australia,50,11,informational,26,https://pay-calculator-australia.com/gross-pay-calculator/,0.10499999672174454
hecs debt repayment rate,50,6,informational,34,https://pay-calculator-australia.com/hecs-help-calculator/,0.10499999672174454
hecs debt repayment rates,50,3,informational,38,https://pay-calculator-australia.com/hecs-help-guide/,0.10499999672174454
hecs percentage,50,4,informational,80,https://pay-calculator-australia.com/hecs-help-guide/,0.10499999672174454
hecs repayment percentage,50,13,informational,25,https://pay-calculator-australia.com/hecs-help-calculator/,0.10499999672174454
hecs repayments 2026,50,3,informational,65,https://pay-calculator-australia.com/hecs-repayment-threshold/,0.10499999672174454
help debt threshold 2025,50,8,informational,78,https://pay-calculator-australia.com/hecs-help-guide/,0.10499999672174454
help debt threshold 2026,50,3,transactional,20,https://pay-calculator-australia.com/hecs-repayment-threshold/,0.11999999731779099
help loan calculator,50,12,informational,58,https://pay-calculator-australia.com/hecs-help-calculator/,0.10499999672174454
highest minimum wage,50,21,informational,57,https://pay-calculator-australia.com/minimum-wage-history-australia/,0.10499999672174454
history of minimum wage australia,50,16,informational,9,https://pay-calculator-australia.com/minimum-wage-history-australia/,0.75
holiday pay rates,50,5,informational,75,https://pay-calculator-australia.com/overtime-penalty-rates-guide/,0.10499999672174454
home office 2025 rate,50,0,commercial,70,https://pay-calculator-australia.com/work-from-home-deductions/,0.10499999672174454
hospitality award queensland,50,0,informational,23,https://pay-calculator-australia.com/hospitality-award-rates/,0.10499999672174454
hospitality award rates victoria pdf,50,0,informational,23,https://pay-calculator-australia.com/hospitality-award-rates/,0.10499999672174454
hospitality industry general award 2020 pay guide,50,0,informational,18,https://pay-calculator-australia.com/hospitality-award-rates/,0.16500000655651093
hospitality level 2,50,0,informational,26,https://pay-calculator-australia.com/hospitality-award-rates/,0.10499999672174454
hospitality pay rate qld,50,0,informational,23,https://pay-calculator-australia.com/retail-hospitality-pay-guide/,0.10499999672174454
hospitality pay rates nsw,50,0,informational,16,https://pay-calculator-australia.com/hospitality-award-rates/,0.2150000035762787
hospitality penalty rates,50,0,informational,49,https://pay-calculator-australia.com/hospitality-award-rates/,0.10499999672174454
hospitality rates of pay nsw,50,0,informational,23,https://pay-calculator-australia.com/hospitality-award-rates/,0.10499999672174454
hospitality wages nsw,50,0,informational,20,https://pay-calculator-australia.com/hospitality-award-rates/,0.11999999731779099
hospo award,50,0,informational,30,https://pay-calculator-australia.com/hospitality-award-rates/,0.10499999672174454
hourly or salary,50,0,informational,46,https://pay-calculator-australia.com/salary-vs-hourly/,0.10499999672174454
hourly rate calculator contractor,50,0,informational,68,https://pay-calculator-australia.com/contractor-pay-calculator/,0.10499999672174454
hourly rate to annual salary calculator,50,26,informational,8,https://pay-calculator-australia.com/hourly-to-annual-salary-calculator/,0.9850000143051147
hourly vs salary,50,0,informational,44,https://pay-calculator-australia.com/salary-vs-hourly/,0.10499999672174454
hourly wage calculator australia,50,2,informational,25,https://pay-calculator-australia.com/hourly-to-annual-salary-calculator/,0.10499999672174454
hours calculator australia,50,28,informational,47,https://pay-calculator-australia.com/work-hours-calculator/,0.10499999672174454
hours per year full time,50,4,informational,54,https://pay-calculator-australia.com/hourly-to-annual-salary-calculator/,0.10499999672174454
how are hecs repayments calculated,50,13,informational,77,https://pay-calculator-australia.com/hecs-help-guide/,0.10499999672174454
how do the tax brackets work,50,17,informational,50,https://pay-calculator-australia.com/tax-brackets/,0.10499999672174454
how do you calculate double time,50,7,informational,73,https://pay-calculator-australia.com/overtime-pay-calculator/,0.10499999672174454
how do you calculate pay,50,14,informational,37,https://pay-calculator-australia.com/monthly-pay-calculator/,0.10499999672174454
how does tax bracket work,50,16,informational,48,https://pay-calculator-australia.com/tax-brackets/,0.10499999672174454
how is leave calculated,50,0,informational,84,https://pay-calculator-australia.com/leave-calculator/,0.10499999672174454
how is redundancy calculated in nsw,50,0,informational,38,https://pay-calculator-australia.com/redundancy-pay-guide/,0.10499999672174454
how is super calculated in australia,50,15,informational,71,https://pay-calculator-australia.com/superannuation-guide/,0.10499999672174454
how many fortnight in year,50,0,informational,65,https://pay-calculator-australia.com/fortnightly-pay-calculator/,0.10499999672174454
how many tax in australia,50,32,informational,66,https://pay-calculator-australia.com/tax-brackets/,0.10499999672174454
how many weeks until end of financial year 2026 australia,50,3,informational,76,https://pay-calculator-australia.com/tax-calendar/,0.10499999672174454
how much do earn,50,9,informational,28,https://pay-calculator-australia.com/hourly-to-annual-salary-calculator/,0.10499999672174454
how much do i earn a year,50,10,informational,32,https://pay-calculator-australia.com/hourly-to-annual-salary-calculator/,0.10499999672174454
how much do nurses earn per hour,50,0,informational,49,https://pay-calculator-australia.com/healthcare-worker-pay/vic/,0.10499999672174454
how much do nurses get paid an hour,50,0,informational,51,https://pay-calculator-australia.com/healthcare-worker-pay/vic/,0.10499999672174454
how much do nurses get paid in victoria,50,0,informational,31,https://pay-calculator-australia.com/healthcare-worker-pay/vic/,0.10499999672174454
how much do nurses get paid per hour,50,0,informational,46,https://pay-calculator-australia.com/healthcare-worker-pay/qld/,0.10499999672174454
how much do teachers earn a year,50,7,informational,49,https://pay-calculator-australia.com/teacher-pay-australia/,0.10499999672174454
how much do teachers earn in victoria,50,1,informational,39,https://pay-calculator-australia.com/teacher-pay-australia/vic/,0.10499999672174454
how much do teachers get paid a week,50,3,informational,22,https://pay-calculator-australia.com/teacher-pay-australia/,0.10999999940395355
how much do teachers get paid weekly,50,7,informational,17,https://pay-calculator-australia.com/teacher-pay-australia/,0.2150000035762787
how much does a nurse earn per hour,50,0,informational,72,https://pay-calculator-australia.com/healthcare-worker-pay/qld/,0.10499999672174454
how much does a nurse get paid an hour,50,0,informational,49,https://pay-calculator-australia.com/healthcare-worker-pay/vic/,0.10499999672174454
how much does a nurse get paid per hour,50,0,informational,47,https://pay-calculator-australia.com/healthcare-worker-pay/qld/,0.10499999672174454
how much does a teacher earn a year,50,7,informational,21,https://pay-calculator-australia.com/teacher-pay-australia/,0.11500000208616257
how much does a teacher earn in australia per hour,50,4,informational,24,https://pay-calculator-australia.com/teacher-pay-australia/,0.10499999672174454
how much does an,50,0,informational,38,https://pay-calculator-australia.com/hourly-to-annual-salary-calculator/,0.10499999672174454
how much does iga pay 15 year olds,50,0,informational,23,https://pay-calculator-australia.com/junior-pay-rates/,0.10499999672174454
how much does it cost to hire employees,50,8,informational,71,https://pay-calculator-australia.com/employer-cost-calculator/,0.10499999672174454
how much does it cost to hire staff,50,15,informational,78,https://pay-calculator-australia.com/employer-cost-calculator/,0.10499999672174454
how much does jobseeker pay per fortnight,50,0,informational,64,https://pay-calculator-australia.com/jobseeker-payment-calculator/,0.10499999672174454
how much employer super contribution,50,12,informational,66,https://pay-calculator-australia.com/superannuation-calculator/,0.10499999672174454
how much hecs,50,13,informational,41,https://pay-calculator-australia.com/hecs-help-guide/,0.10499999672174454
how much hecs do i have,50,7,informational,42,https://pay-calculator-australia.com/hecs-help-guide/,0.10499999672174454
how much increase in salary per year,50,9,informational,13,https://pay-calculator-australia.com/pay-rise-calculator/,0.29499998688697815
how much is $35 an hour annually,50,0,informational,37,https://pay-calculator-australia.com/hourly-to-salary/35/,0.10499999672174454
how much is $40 an hour annually,50,0,informational,33,https://pay-calculator-australia.com/hourly-to-annual-salary-calculator/,0.10499999672174454
how much is 100k,50,0,informational,33,https://pay-calculator-australia.com/salary-to-hourly/100000/,0.10499999672174454
how much is 60k a year hourly,50,0,informational,9,https://pay-calculator-australia.com/salary-to-hourly/60000/,0.75
how much is 90k a year hourly,50,0,informational,6,https://pay-calculator-australia.com/salary-to-hourly/90000/,1.690000057220459
how much is compulsory super,50,16,informational,62,https://pay-calculator-australia.com/superannuation-guide/,0.10499999672174454
how much is compulsory super in australia,50,13,informational,59,https://pay-calculator-australia.com/superannuation-guide/,0.10499999672174454
how much is fringe benefits tax on a car,50,0,informational,60,https://pay-calculator-australia.com/fringe-benefits-tax/,0.10499999672174454
how much is hecs,50,14,informational,44,https://pay-calculator-australia.com/hecs-help-guide/,0.10499999672174454
how much is long service leave after 10 years,50,18,informational,88,https://pay-calculator-australia.com/long-service-leave-calculator/sa/,0.10499999672174454
how much is my hecs debt,50,5,informational,42,https://pay-calculator-australia.com/hecs-help-guide/,0.10499999672174454
how much is overtime pay in australia,50,0,informational,18,https://pay-calculator-australia.com/overtime-pay-calculator/,0.16500000655651093
how much is paid parental leave after tax 2025,50,4,informational,23,https://pay-calculator-australia.com/parental-leave-pay/,0.10499999672174454
how much is redundancy pay nsw,50,16,informational,32,https://pay-calculator-australia.com/redundancy-pay-guide/,0.10499999672174454
how much is superannuation in nsw,50,18,informational,50,https://pay-calculator-australia.com/superannuation-guide/,0.10499999672174454
how much is superannuation percentage,50,9,informational,85,https://pay-calculator-australia.com/superannuation-guide/,0.10499999672174454
how much is the age pension in australia calculator,50,17,informational,59,https://pay-calculator-australia.com/age-pension-income-test-calculator/,0.10499999672174454
how much long service leave after 15 years,50,18,informational,80,https://pay-calculator-australia.com/long-service-leave-calculator/,0.10499999672174454
how much long service leave after 20 years,50,22,informational,83,https://pay-calculator-australia.com/long-service-leave-calculator/act/,0.10499999672174454
how much long service leave victoria,50,5,informational,73,https://pay-calculator-australia.com/long-service-leave-calculator/vic/,0.10499999672174454
how much money does a teacher make in australia,50,7,informational,26,https://pay-calculator-australia.com/teacher-pay-australia/,0.10499999672174454
how much pay after tax,50,6,informational,67,https://pay-calculator-australia.com/,0.10499999672174454
how much pension will i get calculator,50,15,informational,79,https://pay-calculator-australia.com/age-pension-income-test-calculator/,0.10499999672174454
how much per hour do nurses get paid,50,0,informational,51,https://pay-calculator-australia.com/healthcare-worker-pay/qld/,0.10499999672174454
how much redundancy for 2 years,50,16,informational,42,https://pay-calculator-australia.com/redundancy-pay-guide/,0.10499999672174454
how much redundancy pay australia,50,16,informational,36,https://pay-calculator-australia.com/redundancy-pay-guide/,0.10499999672174454
how much salary,50,13,informational,28,https://pay-calculator-australia.com/pay-calculator-wa/,0.10499999672174454
how much salary increase per year,50,10,informational,20,https://pay-calculator-australia.com/pay-rise-calculator/,0.11999999731779099
how much severance pay,50,2,informational,35,https://pay-calculator-australia.com/redundancy-pay-guide/,0.10499999672174454
how much super does my employer pay,50,13,informational,70,https://pay-calculator-australia.com/superannuation-guide/,0.10499999672174454
how much super is paid in australia,50,42,informational,44,https://pay-calculator-australia.com/superannuation-guide/,0.10499999672174454
how much tax 100k,50,6,informational,56,https://pay-calculator-australia.com/take-home-pay-on/100000/,0.10499999672174454
how much tax back australia,50,17,informational,36,https://pay-calculator-australia.com/tax-return-calculator/,0.10499999672174454
how much tax deduct on salary,50,32,informational,52,https://pay-calculator-australia.com/tax-deductions-guide/,0.10499999672174454
how much tax deduction from salary,50,12,informational,54,https://pay-calculator-australia.com/tax-deductions-guide/,0.10499999672174454
how much tax deduction in australia,50,39,informational,85,https://pay-calculator-australia.com/tax-deductions-guide/,0.10499999672174454
how much tax do i pay on 100 000,50,5,informational,58,https://pay-calculator-australia.com/tax-on/100000/,0.10499999672174454
how much tax do i pay on 100000,50,2,informational,14,https://pay-calculator-australia.com/tax-on/100000/,0.2800000011920929
how much tax do i pay on 100000 in australia,50,4,informational,55,https://pay-calculator-australia.com/tax-on/100000/,0.10499999672174454
how much tax do i pay on 120k in australia,50,8,informational,23,https://pay-calculator-australia.com/take-home-pay-on/120000/,0.10499999672174454
how much tax do i pay on 40000 in australia,50,9,informational,8,https://pay-calculator-australia.com/tax-on/40000/,0.9850000143051147
how much tax do i pay on 75000 in australia,50,15,informational,10,https://pay-calculator-australia.com/tax-on/75000/,0.5649999976158142
how much tax do you pay on 120k in australia,50,16,informational,23,https://pay-calculator-australia.com/take-home-pay-on/120000/,0.10499999672174454
how much tax do you pay on 250k in australia,50,17,informational,74,https://pay-calculator-australia.com/tax-on/200000/,0.10499999672174454
how much tax do you pay on redundancy,50,0,informational,82,https://pay-calculator-australia.com/redundancy-pay-guide/,0.10499999672174454
how much tax for 100k,50,3,informational,15,https://pay-calculator-australia.com/take-home-pay-on/100000/,0.2549999952316284
how much tax is taken out of pay,50,10,informational,77,https://pay-calculator-australia.com/,0.10499999672174454
how much tax on 90000 australia,50,18,informational,11,https://pay-calculator-australia.com/tax-on/90000/,0.45500001311302185
how much tax on a bonus,50,0,informational,35,https://pay-calculator-australia.com/bonus-tax-calculator/,0.10499999672174454
how much tax refund in australia,50,17,informational,34,https://pay-calculator-australia.com/tax-return-calculator/,0.10499999672174454
how much tax return do you get back,50,9,informational,37,https://pay-calculator-australia.com/tax-return-calculator/,0.10499999672174454
how much tax return in australia,50,28,informational,39,https://pay-calculator-australia.com/tax-return-calculator/,0.10499999672174454
how much tax taken out of pay,50,10,informational,79,https://pay-calculator-australia.com/,0.10499999672174454
how much teachers get paid,50,10,informational,56,https://pay-calculator-australia.com/teacher-pay-australia/,0.10499999672174454
how much to teachers get paid,50,10,informational,29,https://pay-calculator-australia.com/teacher-pay-australia/,0.10499999672174454
how much will i make after taxes,50,5,informational,90,https://pay-calculator-australia.com/pay-calculator-vic/,0.10499999672174454
how much will make after taxes,50,0,informational,46,https://pay-calculator-australia.com/pay-calculator-vic/,0.10499999672174454
how to calculate after tax income,50,10,informational,51,https://pay-calculator-australia.com/,0.10499999672174454
how to calculate annual salary from weekly pay,50,6,informational,52,https://pay-calculator-australia.com/weekly-pay-calculator/,0.10499999672174454
how to calculate div 293 tax,50,0,informational,82,https://pay-calculator-australia.com/division-293-tax/,0.10499999672174454
how to calculate double time,50,7,informational,74,https://pay-calculator-australia.com/overtime-pay-calculator/,0.10499999672174454
how to calculate fortnightly pay,50,0,informational,16,https://pay-calculator-australia.com/fortnightly-pay-calculator/,0.2150000035762787
how to calculate gross pay,50,4,informational,25,https://pay-calculator-australia.com/gross-pay-calculator/,0.10499999672174454
how to calculate gross pay from net pay,50,1,informational,28,https://pay-calculator-australia.com/gross-pay-calculator/,0.10499999672174454
how to calculate gross payment,50,5,informational,32,https://pay-calculator-australia.com/gross-pay-calculator/,0.10499999672174454
how to calculate gross salary,50,3,informational,29,https://pay-calculator-australia.com/gross-pay-calculator/,0.10499999672174454
how to calculate gross wages,50,10,informational,33,https://pay-calculator-australia.com/gross-pay-calculator/,0.10499999672174454
how to calculate leave,50,0,informational,71,https://pay-calculator-australia.com/leave-calculator/,0.10499999672174454
how to calculate monthly salary,50,7,informational,28,https://pay-calculator-australia.com/monthly-pay-calculator/,0.10499999672174454
how to calculate paycheck,50,40,informational,65,https://pay-calculator-australia.com/,0.10499999672174454
how to calculate weekly pay from annual salary,50,3,informational,31,https://pay-calculator-australia.com/weekly-pay-calculator/,0.10499999672174454
how to calculate weekly salary from annual,50,1,informational,32,https://pay-calculator-australia.com/hourly-to-annual-salary-calculator/,0.10499999672174454
how to find gross wages,50,0,informational,46,https://pay-calculator-australia.com/gross-pay-calculator/,0.10499999672174454
how to pay div 293 from super,50,0,informational,43,https://pay-calculator-australia.com/division-293-tax/,0.10499999672174454
how to salary sacrifice mortgage,50,3,informational,86,https://pay-calculator-australia.com/salary-sacrifice-vs-mortgage/,0.10499999672174454
how to work out hourly rate from salary,50,4,informational,31,https://pay-calculator-australia.com/hourly-to-annual-salary-calculator/,0.10499999672174454
how to work out your hourly rate,50,4,informational,42,https://pay-calculator-australia.com/hourly-to-annual-salary-calculator/,0.10499999672174454
hyperchicken pay calculator,50,0,informational,16,https://pay-calculator-australia.com/,0.2150000035762787
if i earn 110 000 how much tax,50,17,informational,38,https://pay-calculator-australia.com/take-home-pay-on/110000/,0.10499999672174454
if you are made redundant what are you entitled to,50,2,informational,74,https://pay-calculator-australia.com/redundancy-pay-guide/,0.10499999672174454
income calculator nsw,50,11,informational,37,https://pay-calculator-australia.com/pay-calculator-nsw/,0.10499999672174454
income tax 50000,50,14,informational,6,https://pay-calculator-australia.com/tax-on/50000/,1.690000057220459
income tax brackets aus,50,37,informational,53,https://pay-calculator-australia.com/tax-brackets/,0.10499999672174454
income tax brackets australia 2025,50,25,informational,76,https://pay-calculator-australia.com/tax-brackets/,0.10499999672174454
income tax calculator 2024-25,50,28,informational,70,https://pay-calculator-australia.com/income-tax-calculator/,0.10499999672174454
income tax due date 2025,50,0,informational,67,https://pay-calculator-australia.com/tax-calendar/,0.10499999672174454
income tax for 50000,50,28,informational,15,https://pay-calculator-australia.com/tax-on/50000/,0.2549999952316284
income tax on 100 000 australia,50,17,informational,16,https://pay-calculator-australia.com/take-home-pay-on/100000/,0.2150000035762787
income tax on 50000,50,28,informational,10,https://pay-calculator-australia.com/tax-on/50000/,0.5649999976158142
income tax on 90000 australia,50,19,informational,19,https://pay-calculator-australia.com/tax-on/90000/,0.13500000536441803
income tax rates 2025 2026,50,37,informational,61,https://pay-calculator-australia.com/tax-brackets/,0.10499999672174454
income tax return table,50,23,informational,39,https://pay-calculator-australia.com/tax-brackets/,0.10499999672174454
income tax tables 2026,50,23,informational,68,https://pay-calculator-australia.com/tax-brackets/,0.10499999672174454
income weekly calculator,50,4,informational,38,https://pay-calculator-australia.com/weekly-pay-calculator/,0.10499999672174454
individual tax thresholds,50,32,informational,55,https://pay-calculator-australia.com/tax-brackets/,0.10499999672174454
irs tax chart,50,49,informational,56,https://pay-calculator-australia.com/tax-brackets/,0.10499999672174454
is 65000 a good salary in australia,50,0,informational,29,https://pay-calculator-australia.com/take-home-pay-on/65000/,0.10499999672174454
is super calculated before or after tax,50,31,informational,53,https://pay-calculator-australia.com/superannuation-guide/,0.10499999672174454
it average salary australia,50,3,informational,34,https://pay-calculator-australia.com/tech-salary-guide-australia/,0.10499999672174454
junior minimum wage,50,19,informational,22,https://pay-calculator-australia.com/junior-pay-rates/,0.10999999940395355
labourer pay rates,50,27,informational,37,https://pay-calculator-australia.com/award-rates/,0.10499999672174454
leave balance calculator,50,0,informational,42,https://pay-calculator-australia.com/leave-calculator/,0.10499999672174454
level 2 hospitality pay rate,50,0,informational,22,https://pay-calculator-australia.com/hospitality-award-rates/,0.10999999940395355
level 4 hospitality award rate,50,0,informational,34,https://pay-calculator-australia.com/retail-hospitality-pay-guide/,0.10499999672174454
level 4 pay,50,0,informational,12,https://pay-calculator-australia.com/award-rates/,0.375
lito tax,50,5,informational,23,https://pay-calculator-australia.com/low-income-tax-offset/,0.10499999672174454
long service leave payout victoria,50,0,informational,54,https://pay-calculator-australia.com/long-service-leave-calculator/vic/,0.10499999672174454
long service leave tas,50,0,informational,33,https://pay-calculator-australia.com/long-service-leave-calculator/tas/,0.10499999672174454
long service leave victoria 7 years,50,0,informational,64,https://pay-calculator-australia.com/long-service-leave-calculator/vic/,0.10499999672174454
low income tax offset australia,50,9,informational,43,https://pay-calculator-australia.com/low-income-tax-offset/,0.10499999672174454
low income threshold australia,50,14,informational,46,https://pay-calculator-australia.com/low-income-tax-offset/,0.10499999672174454
low-income tax bracket,50,28,informational,43,https://pay-calculator-australia.com/tax-brackets/,0.10499999672174454
low-income tax offset australia,50,5,commercial,43,https://pay-calculator-australia.com/low-income-tax-offset/,0.10499999672174454
lower income tax bracket,50,34,informational,54,https://pay-calculator-australia.com/tax-brackets/,0.10499999672174454
lower tax rate,50,36,informational,46,https://pay-calculator-australia.com/tax-brackets/,0.10499999672174454
lowest tax rate australia,50,34,informational,49,https://pay-calculator-australia.com/tax-brackets/,0.10499999672174454
lump sum payment tax calculator,50,11,informational,14,https://pay-calculator-australia.com/bonus-tax-calculator/,0.2800000011920929
marginal tax rates 2024,50,32,informational,45,https://pay-calculator-australia.com/tax-brackets/,0.10499999672174454
mat leave pay calculator,50,0,informational,60,https://pay-calculator-australia.com/parental-leave-pay/,0.10499999672174454
maternity leave and pay calculator,50,0,informational,71,https://pay-calculator-australia.com/parental-leave-pay/,0.10499999672174454
maternity leave pay calculation,50,0,informational,47,https://pay-calculator-australia.com/parental-leave-pay/,0.10499999672174454
maternity leave pay calculator,50,1,informational,58,https://pay-calculator-australia.com/parental-leave-pay/,0.10499999672174454
maternity leave payment calculator,50,0,informational,53,https://pay-calculator-australia.com/parental-leave-pay/,0.10499999672174454
medicare levy 2025--26,50,16,informational,60,https://pay-calculator-australia.com/news/medicare-levy-thresholds-2026/,0.10499999672174454
medicare levy table,50,16,informational,36,https://pay-calculator-australia.com/medicare-levy/,0.10499999672174454
medicare levy with private health,50,10,informational,60,https://pay-calculator-australia.com/private-health-insurance-medicare/,0.10499999672174454
minimum tax bracket australia,50,32,informational,47,https://pay-calculator-australia.com/tax-brackets/,0.10499999672174454
minimum wage australia history,50,6,informational,8,https://pay-calculator-australia.com/minimum-wage-history-australia/,0.9850000143051147
minimum wage calculator australia,50,53,informational,57,https://pay-calculator-australia.com/award-rates/,0.10499999672174454
minimum wage for nurses,50,0,informational,29,https://pay-calculator-australia.com/healthcare-worker-pay/qld/,0.10499999672174454
minimum wage history australia,50,7,informational,7,https://pay-calculator-australia.com/minimum-wage-history-australia/,1.2799999713897705
minimum wage july 2026,50,8,informational,62,https://pay-calculator-australia.com/news/minimum-wage-increase-july-2026/,0.10499999672174454
minimum wage yearly salary australia,50,27,informational,65,https://pay-calculator-australia.com/minimum-wage-history-australia/,0.10499999672174454
mining job salary australia,50,0,informational,33,https://pay-calculator-australia.com/mining-fifo-pay-guide/,0.10499999672174454
mining jobs australia pay,50,0,informational,38,https://pay-calculator-australia.com/mining-fifo-pay-guide/,0.10499999672174454
mining jobs australia pay rates,50,0,informational,31,https://pay-calculator-australia.com/mining-fifo-pay-guide/,0.10499999672174454
mining jobs australia salary,50,0,informational,38,https://pay-calculator-australia.com/mining-fifo-pay-guide/,0.10499999672174454
mining jobs in australia salary,50,0,informational,79,https://pay-calculator-australia.com/mining-fifo-pay-guide/,0.10499999672174454
mining jobs salary australia,50,0,informational,85,https://pay-calculator-australia.com/mining-fifo-pay-guide/,0.10499999672174454
mining jobs wages in australia,50,0,informational,87,https://pay-calculator-australia.com/mining-fifo-pay-guide/,0.10499999672174454
modern award rates,50,34,informational,36,https://pay-calculator-australia.com/award-rates/,0.10499999672174454
money after tax calculator,50,10,informational,74,https://pay-calculator-australia.com/,0.10499999672174454
monthly salary,50,13,informational,28,https://pay-calculator-australia.com/monthly-pay-calculator/,0.10499999672174454
monthly tax,50,16,informational,32,https://pay-calculator-australia.com/monthly-tax-table/,0.10499999672174454
monthly tax tables 2026 pdf,50,0,informational,14,https://pay-calculator-australia.com/payg-withholding-tables/,0.2800000011920929
nat 1005 tax table,50,0,informational,14,https://pay-calculator-australia.com/weekly-tax-table/,0.2800000011920929
ncc cap 2026,50,9,informational,57,https://pay-calculator-australia.com/news/super-contribution-caps-2026-27/,0.10499999672174454
net calculator australia,50,5,informational,58,https://pay-calculator-australia.com/gross-pay-calculator/,0.10499999672174454
net income gross income calculator,50,4,informational,41,https://pay-calculator-australia.com/gross-pay-calculator/,0.10499999672174454
net monthly income calculator,50,7,informational,37,https://pay-calculator-australia.com/monthly-pay-calculator/,0.10499999672174454
net salary after tax calculator,50,11,informational,67,https://pay-calculator-australia.com/,0.10499999672174454
net to gross income,50,5,informational,39,https://pay-calculator-australia.com/gross-pay-calculator/,0.10499999672174454
net to gross pay calculator,50,1,informational,37,https://pay-calculator-australia.com/gross-pay-calculator/,0.10499999672174454
net to gross salary,50,1,informational,33,https://pay-calculator-australia.com/gross-pay-calculator/,0.10499999672174454
new tax bracket australia,50,37,informational,41,https://pay-calculator-australia.com/tax-brackets/,0.10499999672174454
new tax brackets australia,50,37,informational,45,https://pay-calculator-australia.com/tax-brackets/,0.10499999672174454
night pay rate,50,0,informational,47,https://pay-calculator-australia.com/overtime-penalty-rates-guide/,0.10499999672174454
no tax free threshold rate,50,12,informational,39,https://pay-calculator-australia.com/tax-brackets/,0.10499999672174454
no tax free threshold rates,50,18,informational,39,https://pay-calculator-australia.com/tax-brackets/,0.10499999672174454
no tax-free threshold rate,50,12,informational,35,https://pay-calculator-australia.com/tax-brackets/,0.10499999672174454
non concessional contributions cap 2026 27,50,4,commercial,93,https://pay-calculator-australia.com/news/super-contribution-caps-2026-27/,0.10499999672174454
non concessional contributions cap 2026--27,50,8,commercial,65,https://pay-calculator-australia.com/news/super-contribution-caps-2026-27/,0.10499999672174454
notice of termination and redundancy pay,50,0,informational,45,https://pay-calculator-australia.com/redundancy-pay-guide/,0.10499999672174454
nsw nurses pay calculator,50,0,informational,31,https://pay-calculator-australia.com/pay-calculator-nsw/,0.10499999672174454
nurses wage nsw,50,1,informational,73,https://pay-calculator-australia.com/healthcare-worker-pay/nsw/,0.10499999672174454
nursing minimum wage,50,0,informational,67,https://pay-calculator-australia.com/healthcare-worker-pay/nsw/,0.10499999672174454
nursing wage nsw,50,0,informational,69,https://pay-calculator-australia.com/healthcare-worker-pay/nsw/,0.10499999672174454
on costs salary,50,0,informational,31,https://pay-calculator-australia.com/employer-cost-calculator/,0.10499999672174454
on-costs salary,50,0,informational,27,https://pay-calculator-australia.com/employer-cost-calculator/,0.10499999672174454
online tax return calculator,50,28,informational,86,https://pay-calculator-australia.com/tax-return-calculator/,0.10499999672174454
ot pay rate,50,0,informational,64,https://pay-calculator-australia.com/overtime-pay-calculator/,0.10499999672174454
overtime pay rate australia,50,0,informational,62,https://pay-calculator-australia.com/overtime-pay-calculator/,0.10499999672174454
overtime pay rates victoria,50,0,commercial,50,https://pay-calculator-australia.com/overtime-penalty-rates-guide/,0.10499999672174454
overtime penalty rates,50,1,informational,75,https://pay-calculator-australia.com/overtime-penalty-rates-guide/,0.10499999672174454
overtime rates victoria,50,0,informational,51,https://pay-calculator-australia.com/overtime-penalty-rates-guide/,0.10499999672174454
overtime rates wa,50,1,informational,43,https://pay-calculator-australia.com/overtime-penalty-rates-guide/,0.10499999672174454
overtime tax,50,0,informational,16,https://pay-calculator-australia.com/overtime-pay-calculator/,0.2150000035762787
overtime taxes,50,10,informational,60,https://pay-calculator-australia.com/overtime-penalty-rates-guide/,0.10499999672174454
pact award calculator,50,13,informational,56,https://pay-calculator-australia.com/award-rates/,0.10499999672174454
paid maternity leave calculator,50,2,informational,56,https://pay-calculator-australia.com/parental-leave-pay/,0.10499999672174454
paid parental leave tax,50,0,informational,30,https://pay-calculator-australia.com/parental-leave-pay/,0.10499999672174454
part time and full time difference,50,0,informational,50,https://pay-calculator-australia.com/full-time-vs-part-time-vs-casual/,0.10499999672174454
part time annual salary,50,27,informational,15,https://pay-calculator-australia.com/employment-type-calculator/,0.2549999952316284
part time hourly rate,50,19,informational,43,https://pay-calculator-australia.com/junior-pay-rates/,0.10499999672174454
part time job yearly salary,50,5,informational,23,https://pay-calculator-australia.com/employment-type-calculator/,0.10499999672174454
part time to full time,50,0,informational,57,https://pay-calculator-australia.com/full-time-vs-part-time-vs-casual/,0.10499999672174454
part time yearly salary,50,14,informational,55,https://pay-calculator-australia.com/employment-type-calculator/,0.10499999672174454
part-time and full-time difference,50,0,informational,51,https://pay-calculator-australia.com/full-time-vs-part-time-vs-casual/,0.10499999672174454
part-time to full-time,50,0,informational,58,https://pay-calculator-australia.com/full-time-vs-part-time-vs-casual/,0.10499999672174454
pay as you go tax table,50,1,informational,24,https://pay-calculator-australia.com/payg-withholding-tables/,0.10499999672174454
pay australia calculator,50,10,informational,29,https://pay-calculator-australia.com/,0.10499999672174454
pay calculator fortnightly,50,6,informational,29,https://pay-calculator-australia.com/,0.10499999672174454
pay calculator with bonus,50,11,informational,3,https://pay-calculator-australia.com/bonus-tax-calculator/,4.864999771118164
pay per week calculator,50,8,informational,33,https://pay-calculator-australia.com/,0.10499999672174454
pay rate calculator nsw,50,19,informational,21,https://pay-calculator-australia.com/pay-calculator-nsw/,0.11500000208616257
pay rate calculator qld,50,16,informational,35,https://pay-calculator-australia.com/pay-calculator-qld/,0.10499999672174454
pay rates calculator nsw,50,19,informational,21,https://pay-calculator-australia.com/pay-calculator-nsw/,0.11500000208616257
pay scale calculator australia,50,15,informational,32,https://pay-calculator-australia.com/,0.10499999672174454
pay taxes quarterly dates,50,0,informational,52,https://pay-calculator-australia.com/tax-calendar/,0.10499999672174454
paycheckcity bonus calculator,50,0,informational,17,https://pay-calculator-australia.com/bonus-tax-calculator/,0.2150000035762787
paye tax rate,50,38,informational,55,https://pay-calculator-australia.com/tax-brackets/,0.10499999672174454
paye tax rates,50,32,informational,41,https://pay-calculator-australia.com/tax-brackets/,0.10499999672174454
payg tax table 2025,50,18,informational,35,https://pay-calculator-australia.com/payg-withholding-tables/,0.10499999672174454
payroll calculator net to gross,50,0,informational,35,https://pay-calculator-australia.com/gross-pay-calculator/,0.10499999672174454
payroll calculator with bonus,50,2,informational,14,https://pay-calculator-australia.com/bonus-tax-calculator/,0.2800000011920929
payroll tax canberra,50,3,informational,16,https://pay-calculator-australia.com/pay-calculator-act/,0.2150000035762787
payscale calculator australia,50,12,informational,57,https://pay-calculator-australia.com/,0.10499999672174454
payscale nsw,50,9,informational,33,https://pay-calculator-australia.com/pay-calculator-nsw/,0.10499999672174454
penalty rate calculator,50,0,informational,56,https://pay-calculator-australia.com/overtime-pay-calculator/,0.10499999672174454
penalty rate sunday,50,0,commercial,79,https://pay-calculator-australia.com/overtime-penalty-rates-guide/,0.10499999672174454
penalty rates wa,50,0,informational,38,https://pay-calculator-australia.com/overtime-penalty-rates-guide/,0.10499999672174454
pension deeming rates 2026,50,3,commercial,52,https://pay-calculator-australia.com/news/deeming-rates-change-2026/,0.10499999672174454
per month,50,2,informational,31,https://pay-calculator-australia.com/monthly-pay-calculator/,0.10499999672174454
per year,50,20,informational,26,https://pay-calculator-australia.com/hourly-to-annual-salary-calculator/,0.10499999672174454
personal income tax threshold,50,34,informational,54,https://pay-calculator-australia.com/tax-brackets/,0.10499999672174454
personal income tax thresholds,50,37,informational,57,https://pay-calculator-australia.com/tax-brackets/,0.10499999672174454
personal tax limits,50,38,informational,52,https://pay-calculator-australia.com/tax-brackets/,0.10499999672174454
personal tax threshold,50,37,informational,54,https://pay-calculator-australia.com/tax-brackets/,0.10499999672174454
plasterer apprentice wage,50,0,informational,26,https://pay-calculator-australia.com/construction-trades-pay/,0.10499999672174454
plasterer apprentice wages,50,0,informational,33,https://pay-calculator-australia.com/construction-trades-pay/,0.10499999672174454
plasterer apprenticeship wages,50,0,informational,38,https://pay-calculator-australia.com/construction-trades-pay/,0.10499999672174454
plastering apprentice wage,50,0,informational,43,https://pay-calculator-australia.com/construction-trades-pay/,0.10499999672174454
plastering apprenticeship wage,50,0,informational,39,https://pay-calculator-australia.com/construction-trades-pay/,0.10499999672174454
plastering apprenticeship wages,50,0,informational,24,https://pay-calculator-australia.com/construction-trades-pay/,0.10499999672174454
pre tax calculator,50,5,informational,69,https://pay-calculator-australia.com/,0.10499999672174454
pre tax income,50,9,informational,53,https://pay-calculator-australia.com/gross-pay-calculator/,0.10499999672174454
pre tax income calculator,50,6,informational,44,https://pay-calculator-australia.com/gross-pay-calculator/,0.10499999672174454
pre tax salary sacrifice,50,28,informational,48,https://pay-calculator-australia.com/salary-sacrifice-guide/,0.10499999672174454
pre-tax income,50,9,informational,52,https://pay-calculator-australia.com/gross-pay-calculator/,0.10499999672174454
pre-tax income calculator,50,7,informational,44,https://pay-calculator-australia.com/gross-pay-calculator/,0.10499999672174454
private health insurance rebate tiers ato calculator,50,3,commercial,55,https://pay-calculator-australia.com/private-health-insurance-medicare/,0.10499999672174454
private health surcharge,50,13,informational,75,https://pay-calculator-australia.com/private-health-insurance-medicare/,0.10499999672174454
pro rata annual leave calculation,50,0,informational,81,https://pay-calculator-australia.com/leave-calculator/,0.10499999672174454
pro rata annual leave calculator,50,0,informational,56,https://pay-calculator-australia.com/leave-calculator/,0.10499999672174454
pro rata calculator annual leave,50,0,informational,73,https://pay-calculator-australia.com/leave-calculator/,0.10499999672174454
pro rata part-time,50,0,informational,70,https://pay-calculator-australia.com/employment-type-calculator/,0.10499999672174454
pss cpi increase july 2026 latest news,50,0,commercial,61,https://pay-calculator-australia.com/news/july-1-2026-money-changes/,0.10499999672174454
quarterly tax dates,50,1,informational,51,https://pay-calculator-australia.com/tax-calendar/,0.10499999672174454
quarterly tax payments dates,50,0,informational,62,https://pay-calculator-australia.com/tax-calendar/,0.10499999672174454
quarterly taxes dates,50,9,informational,45,https://pay-calculator-australia.com/tax-calendar/,0.10499999672174454
redundancy entitlements qld,50,0,informational,34,https://pay-calculator-australia.com/redundancy-pay-guide/,0.10499999672174454
redundancy government pay,50,7,informational,62,https://pay-calculator-australia.com/redundancy-pay-guide/,0.10499999672174454
redundancy pay 5 years service,50,1,informational,37,https://pay-calculator-australia.com/redundancy-pay-guide/,0.10499999672174454
redundancy payment calculator qld,50,15,informational,57,https://pay-calculator-australia.com/redundancy-pay-guide/,0.10499999672174454
redundancy payment for 3 years service,50,2,transactional,47,https://pay-calculator-australia.com/redundancy-pay-guide/,0.10499999672174454
redundancy payment government,50,22,informational,59,https://pay-calculator-australia.com/redundancy-pay-guide/,0.10499999672174454
redundancy tax free amount,50,0,informational,83,https://pay-calculator-australia.com/redundancy-pay-guide/,0.10499999672174454
redundancy tax free limit,50,0,informational,62,https://pay-calculator-australia.com/redundancy-pay-guide/,0.10499999672174454
redundancy tax-free limit,50,0,informational,86,https://pay-calculator-australia.com/redundancy-pay-guide/,0.10499999672174454
redundancy tax-free threshold 2025,50,0,informational,56,https://pay-calculator-australia.com/redundancy-pay-guide/,0.10499999672174454
redundancy weeks table,50,4,informational,28,https://pay-calculator-australia.com/redundancy-pay-guide/,0.10499999672174454
refund calculator,50,9,informational,79,https://pay-calculator-australia.com/tax-return-calculator/,0.10499999672174454
refund estimator,50,17,informational,82,https://pay-calculator-australia.com/tax-return-calculator/,0.10499999672174454
refund of withholding tax,50,0,informational,22,https://pay-calculator-australia.com/tax-refund-guide/,0.10999999940395355
refund withholding tax,50,0,informational,24,https://pay-calculator-australia.com/tax-refund-guide/,0.10499999672174454
remote area tax offset,50,0,informational,12,https://pay-calculator-australia.com/zone-tax-offset/,0.375
reportable fringe benefits calculator,50,0,informational,38,https://pay-calculator-australia.com/fringe-benefits-tax/,0.10499999672174454
resident tax rates 2026--27,50,37,informational,59,https://pay-calculator-australia.com/tax-brackets/,0.10499999672174454
restaurant award rates 2025,50,0,commercial,18,https://pay-calculator-australia.com/award-rates/,0.16500000655651093
retail assistant award rates,50,0,informational,39,https://pay-calculator-australia.com/retail-award-rates/,0.10499999672174454
retail award rates australia,50,0,informational,37,https://pay-calculator-australia.com/retail-award-rates/,0.10499999672174454
retail award wage australia,50,0,informational,41,https://pay-calculator-australia.com/retail-award-rates/,0.10499999672174454
retail award wages australia,50,0,informational,43,https://pay-calculator-australia.com/retail-award-rates/,0.10499999672174454
retail rates casual,50,0,informational,28,https://pay-calculator-australia.com/retail-award-rates/,0.10499999672174454
retail salary australia per hour,50,0,informational,29,https://pay-calculator-australia.com/retail-award-rates/,0.10499999672174454
retail sunday rates,50,0,informational,33,https://pay-calculator-australia.com/retail-award-rates/,0.10499999672174454
salary calculator annual hourly,50,29,informational,20,https://pay-calculator-australia.com/hourly-to-annual-salary-calculator/,0.11999999731779099
salary calculator ato,50,38,informational,72,https://pay-calculator-australia.com/annual-pay-calculator/,0.10499999672174454
salary calculator brisbane,50,13,informational,30,https://pay-calculator-australia.com/pay-calculator-qld/,0.10499999672174454
salary calculator from net to gross,50,0,informational,35,https://pay-calculator-australia.com/gross-pay-calculator/,0.10499999672174454
salary calculator net to gross,50,0,informational,39,https://pay-calculator-australia.com/gross-pay-calculator/,0.10499999672174454
salary converter to hourly,50,33,informational,63,https://pay-calculator-australia.com/hourly-to-annual-salary-calculator/,0.10499999672174454
salary cost,50,12,informational,47,https://pay-calculator-australia.com/employer-cost-calculator/,0.10499999672174454
salary on costs,50,0,informational,24,https://pay-calculator-australia.com/employer-cost-calculator/,0.10499999672174454
salary on costs calculator australia,50,0,informational,68,https://pay-calculator-australia.com/employer-cost-calculator/,0.10499999672174454
salary on-costs,50,0,informational,22,https://pay-calculator-australia.com/employer-cost-calculator/,0.10999999940395355
salary on-costs calculator australia,50,0,informational,68,https://pay-calculator-australia.com/employer-cost-calculator/,0.10499999672174454
salary oncosts,50,0,informational,17,https://pay-calculator-australia.com/employer-cost-calculator/,0.2150000035762787
salary or hourly,50,0,informational,71,https://pay-calculator-australia.com/salary-vs-hourly/,0.10499999672174454
salary packaging limit,50,21,informational,70,https://pay-calculator-australia.com/salary-packaging-guide/,0.10499999672174454
salary packaging limits,50,21,informational,69,https://pay-calculator-australia.com/salary-packaging-guide/,0.10499999672174454
salary sacrifice agreement,50,6,informational,85,https://pay-calculator-australia.com/salary-sacrifice-guide/,0.10499999672174454
salary sacrifice maximum amount,50,28,informational,95,https://pay-calculator-australia.com/salary-sacrifice-guide/,0.10499999672174454
salary sacrifice tax return,50,13,informational,54,https://pay-calculator-australia.com/salary-sacrifice-guide/,0.10499999672174454
salary to hourly conversion calculator,50,33,informational,59,https://pay-calculator-australia.com/hourly-to-annual-salary-calculator/,0.10499999672174454
salary to weekly calculator,50,7,informational,45,https://pay-calculator-australia.com/weekly-pay-calculator/,0.10499999672174454
salary to weekly wage calculator,50,3,informational,30,https://pay-calculator-australia.com/weekly-pay-calculator/,0.10499999672174454
saturday penalty rates qld,50,0,informational,28,https://pay-calculator-australia.com/overtime-penalty-rates-guide/,0.10499999672174454
schads award 2025 qld,50,0,informational,38,https://pay-calculator-australia.com/schads-award-pay-rates/,0.10499999672174454
schads award 2026 pay rates pdf,50,0,commercial,19,https://pay-calculator-australia.com/schads-award-pay-rates/,0.13500000536441803
schads award 3.1,50,7,informational,25,https://pay-calculator-australia.com/schads-award-pay-rates/,0.10499999672174454
schads award 4.1,50,0,informational,26,https://pay-calculator-australia.com/schads-award-pay-rates/,0.10499999672174454
schads award calculator,50,7,informational,22,https://pay-calculator-australia.com/schads-award-pay-rates/,0.10999999940395355
schads award july 2026,50,0,informational,34,https://pay-calculator-australia.com/schads-award-pay-rates/,0.10499999672174454
schads award level 3.1,50,0,transactional,27,https://pay-calculator-australia.com/schads-award-pay-rates/,0.10499999672174454
schads award pay increase 2026,50,1,commercial,37,https://pay-calculator-australia.com/schads-award-pay-rates/,0.10499999672174454
schads award pay rates table,50,0,commercial,18,https://pay-calculator-australia.com/schads-award-pay-rates/,0.16500000655651093
schads level 5 annual salary,50,0,commercial,19,https://pay-calculator-australia.com/schads-award-pay-rates/,0.13500000536441803
schads level 5 hourly rate,50,0,informational,17,https://pay-calculator-australia.com/schads-award-pay-rates/,0.2150000035762787
schads level 5 pay rate,50,0,commercial,17,https://pay-calculator-australia.com/schads-award-pay-rates/,0.2150000035762787
schads level 5 pay rates,50,0,commercial,14,https://pay-calculator-australia.com/schads-award-pay-rates/,0.2800000011920929
schads level 5.1 pay rate,50,0,commercial,20,https://pay-calculator-australia.com/schads-award-pay-rates/,0.11999999731779099
schads level 7 annual salary,50,0,informational,16,https://pay-calculator-australia.com/schads-award-pay-rates/,0.2150000035762787
schads public holiday rates,50,0,commercial,24,https://pay-calculator-australia.com/schads-award-pay-rates/,0.10499999672174454
second job tax rate qld,50,0,informational,31,https://pay-calculator-australia.com/second-job-tax-calculator/,0.10499999672174454
second year carpenter apprentice wage,50,0,informational,41,https://pay-calculator-australia.com/construction-trades-pay/,0.10499999672174454
second year carpentry apprentice wage,50,0,informational,40,https://pay-calculator-australia.com/construction-trades-pay/,0.10499999672174454
seniors tax free threshold,50,0,informational,45,https://pay-calculator-australia.com/sapto-calculator/,0.10499999672174454
seniors tax-free threshold,50,0,informational,45,https://pay-calculator-australia.com/sapto-calculator/,0.10499999672174454
shift penalty,50,0,informational,44,https://pay-calculator-australia.com/overtime-penalty-rates-guide/,0.10499999672174454
shift work calculator,50,0,informational,64,https://pay-calculator-australia.com/work-hours-calculator/,0.10499999672174454
sick leave calculator part time,50,0,informational,62,https://pay-calculator-australia.com/leave-calculator/,0.10499999672174454
south australia award rates,50,11,informational,22,https://pay-calculator-australia.com/award-rates/,0.10999999940395355
ssl debt,50,0,informational,49,https://pay-calculator-australia.com/hecs-help-guide/,0.10499999672174454
statutory redundancy payments australia,50,2,commercial,53,https://pay-calculator-australia.com/redundancy-pay-guide/,0.10499999672174454
sunday rates retail,50,0,informational,26,https://pay-calculator-australia.com/retail-award-rates/,0.10499999672174454
super guarantee rate 2023,50,6,informational,78,https://pay-calculator-australia.com/super-guarantee-rate-history/,0.10499999672174454
super rate 2021,50,0,informational,25,https://pay-calculator-australia.com/super-guarantee-rate-history/,0.10499999672174454
super rate 2026 27,50,3,informational,61,https://pay-calculator-australia.com/tax-changes-2026-27/,0.10499999672174454
superannuation salary,50,0,informational,60,https://pay-calculator-australia.com/superannuation-guide/,0.10499999672174454
tafe teacher salary victoria,50,0,informational,44,https://pay-calculator-australia.com/teacher-pay-australia/vic/,0.10499999672174454
take home pay calculator victoria,50,7,transactional,30,https://pay-calculator-australia.com/pay-calculator-vic/,0.10499999672174454
tas payroll tax rate,50,0,informational,20,https://pay-calculator-australia.com/pay-calculator-tas/,0.11999999731779099
tasmania long service leave calculator,50,0,informational,46,https://pay-calculator-australia.com/long-service-leave-calculator/tas/,0.10499999672174454
tax bracket 2022,50,6,informational,52,https://pay-calculator-australia.com/tax-brackets/,0.10499999672174454
tax bracket melbourne,50,32,informational,41,https://pay-calculator-australia.com/tax-brackets/,0.10499999672174454
tax bracket percentages australia,50,32,commercial,59,https://pay-calculator-australia.com/tax-brackets/,0.10499999672174454
tax brackets 2022,50,6,informational,56,https://pay-calculator-australia.com/tax-brackets/,0.10499999672174454
tax brackets australia 2026--27,50,35,commercial,66,https://pay-calculator-australia.com/tax-brackets/,0.10499999672174454
tax brackets australia 26 27,50,35,informational,34,https://pay-calculator-australia.com/tax-brackets/,0.10499999672174454
tax brackets for 2025,50,11,informational,77,https://pay-calculator-australia.com/tax-brackets/,0.10499999672174454
tax brackets melbourne,50,32,informational,46,https://pay-calculator-australia.com/tax-brackets/,0.10499999672174454
tax brackets percentage australia,50,37,informational,57,https://pay-calculator-australia.com/tax-brackets/,0.10499999672174454
tax calculator 2024 25 australia,50,27,informational,74,https://pay-calculator-australia.com/income-tax-calculator/,0.10499999672174454
tax calculator 2024-25 australia,50,30,informational,67,https://pay-calculator-australia.com/,0.10499999672174454
tax calculator 2026 weekly,50,38,transactional,67,https://pay-calculator-australia.com/,0.10499999672174454
tax calculator on lump sum payment,50,6,informational,35,https://pay-calculator-australia.com/bonus-tax-calculator/,0.10499999672174454
tax claim calculator,50,17,informational,77,https://pay-calculator-australia.com/tax-return-calculator/,0.10499999672174454
tax dates 2024 to 2025,50,0,informational,20,https://pay-calculator-australia.com/tax-calendar/,0.11999999731779099
tax deadlines,50,3,informational,90,https://pay-calculator-australia.com/tax-calendar/,0.10499999672174454
tax dec,50,5,informational,42,https://pay-calculator-australia.com/tax-file-number-declaration/,0.10499999672174454
tax file number dec form,50,7,informational,40,https://pay-calculator-australia.com/tax-file-number-declaration/,0.10499999672174454
tax for 80000 salary,50,18,informational,19,https://pay-calculator-australia.com/tax-on/80000/,0.13500000536441803
tax free bracket,50,27,informational,44,https://pay-calculator-australia.com/tax-brackets/,0.10499999672174454
tax free redundancy limit,50,0,informational,70,https://pay-calculator-australia.com/redundancy-pay-guide/,0.10499999672174454
tax free threshold 2025--26,50,11,informational,33,https://pay-calculator-australia.com/tax-brackets/,0.10499999672174454
tax free threshold table,50,7,informational,44,https://pay-calculator-australia.com/tax-brackets/,0.10499999672174454
tax month,50,16,informational,41,https://pay-calculator-australia.com/tax-calendar/,0.10499999672174454
tax months,50,1,informational,55,https://pay-calculator-australia.com/tax-calendar/,0.10499999672174454
tax on $2500 per week australia,50,12,commercial,37,https://pay-calculator-australia.com/,0.10499999672174454
tax on $55000 australia,50,14,informational,7,https://pay-calculator-australia.com/tax-on/55000/,1.2799999713897705
tax on 115000,50,7,informational,52,https://pay-calculator-australia.com/tax-on/115000/,0.10499999672174454
tax on 130k,50,20,informational,13,https://pay-calculator-australia.com/tax-on/130000/,0.29499998688697815
tax on 155k australia,50,18,informational,17,https://pay-calculator-australia.com/tax-on/155000/,0.2150000035762787
tax on 200 000 income,50,0,informational,66,https://pay-calculator-australia.com/tax-on/200000/,0.10499999672174454
tax on 240k australia,50,28,informational,64,https://pay-calculator-australia.com/tax-on/200000/,0.10499999672174454
tax on 25000,50,19,informational,75,https://pay-calculator-australia.com/tax-on/55000/,0.10499999672174454
tax on 30000 income australia,50,28,informational,16,https://pay-calculator-australia.com/tax-on/30000/,0.2150000035762787
tax on 49000 australia,50,32,informational,66,https://pay-calculator-australia.com/tax-on/45000/,0.10499999672174454
tax on 71000 australia,50,24,informational,16,https://pay-calculator-australia.com/tax-on/70000/,0.2150000035762787
tax on 72000,50,3,informational,63,https://pay-calculator-australia.com/tax-on/70000/,0.10499999672174454
tax on 78000,50,1,informational,50,https://pay-calculator-australia.com/tax-on/75000/,0.10499999672174454
tax on 80000 australia 2025,50,32,informational,43,https://pay-calculator-australia.com/take-home-pay-on/80000/,0.10499999672174454
tax on 80000 income,50,11,informational,14,https://pay-calculator-australia.com/tax-on/80000/,0.2800000011920929
tax on 81000 australia,50,17,informational,53,https://pay-calculator-australia.com/tax-on/85000/,0.10499999672174454
tax on 89000 australia,50,32,informational,56,https://pay-calculator-australia.com/tax-on/85000/,0.10499999672174454
tax on 90000 income australia,50,19,informational,16,https://pay-calculator-australia.com/tax-on/90000/,0.2150000035762787
tax on 91000 australia,50,12,informational,58,https://pay-calculator-australia.com/tax-on/90000/,0.10499999672174454
tax on 94000 australia,50,32,informational,61,https://pay-calculator-australia.com/tax-on/95000/,0.10499999672174454
tax on 97000 australia,50,32,informational,54,https://pay-calculator-australia.com/tax-on/95000/,0.10499999672174454
tax on lump sum payment calculator,50,7,informational,31,https://pay-calculator-australia.com/bonus-tax-calculator/,0.10499999672174454
tax on lump sum payments calculator,50,12,informational,25,https://pay-calculator-australia.com/bonus-tax-calculator/,0.10499999672174454
tax on overtime,50,0,informational,36,https://pay-calculator-australia.com/overtime-pay-calculator/,0.10499999672174454
tax on redundancy calculator,50,0,informational,66,https://pay-calculator-australia.com/redundancy-pay-calculator/,0.10499999672174454
tax on redundancy payment nsw,50,0,informational,39,https://pay-calculator-australia.com/redundancy-pay-guide/,0.10499999672174454
tax on redundancy payments calculator australia,50,0,informational,32,https://pay-calculator-australia.com/redundancy-pay-calculator/,0.10499999672174454
tax on redundancy payments nsw,50,0,informational,46,https://pay-calculator-australia.com/redundancy-pay-guide/,0.10499999672174454
tax pay brackets,50,37,informational,53,https://pay-calculator-australia.com/tax-brackets/,0.10499999672174454
tax pay rates,50,32,informational,50,https://pay-calculator-australia.com/tax-brackets/,0.10499999672174454
tax payment quarterly dates,50,5,informational,55,https://pay-calculator-australia.com/tax-calendar/,0.10499999672174454
tax payments quarterly dates,50,0,transactional,57,https://pay-calculator-australia.com/tax-calendar/,0.10499999672174454
tax pdf weekly,50,0,transactional,25,https://pay-calculator-australia.com/weekly-tax-table/,0.10499999672174454
tax quarterly payment dates,50,1,informational,66,https://pay-calculator-australia.com/tax-calendar/,0.10499999672174454
tax quarterly payments dates,50,0,informational,69,https://pay-calculator-australia.com/tax-calendar/,0.10499999672174454
tax rate for contractors,50,0,informational,77,https://pay-calculator-australia.com/contractor-pay-calculator/,0.10499999672174454
tax rate on second job australia,50,0,informational,27,https://pay-calculator-australia.com/second-job-tax-calculator/,0.10499999672174454
tax rate percentages,50,32,informational,47,https://pay-calculator-australia.com/tax-brackets/,0.10499999672174454
tax rate table australia,50,32,informational,52,https://pay-calculator-australia.com/tax-brackets/,0.10499999672174454
tax rate wa,50,37,informational,48,https://pay-calculator-australia.com/tax-brackets/,0.10499999672174454
tax rates 2024 25 australia,50,32,informational,49,https://pay-calculator-australia.com/tax-brackets/,0.10499999672174454
tax rates 2024--25 australia,50,32,commercial,53,https://pay-calculator-australia.com/tax-brackets/,0.10499999672174454
tax rates 2026 financial year,50,42,commercial,47,https://pay-calculator-australia.com/tax-brackets/,0.10499999672174454
tax rates for contractors,50,0,informational,41,https://pay-calculator-australia.com/contractor-pay-calculator/,0.10499999672174454
tax rates table australia,50,37,informational,46,https://pay-calculator-australia.com/tax-brackets/,0.10499999672174454
tax refund calculator nsw,50,17,informational,70,https://pay-calculator-australia.com/tax-return-calculator/,0.10499999672174454
tax refund withheld,50,0,informational,28,https://pay-calculator-australia.com/tax-refund-guide/,0.10499999672174454
tax return calculator nsw,50,28,informational,50,https://pay-calculator-australia.com/tax-return-calculator/,0.10499999672174454
tax return refund,50,24,informational,31,https://pay-calculator-australia.com/tax-refund-guide/,0.10499999672174454
tax return salary sacrifice,50,13,informational,69,https://pay-calculator-australia.com/salary-sacrifice-guide/,0.10499999672174454
tax slab 2026,50,35,informational,46,https://pay-calculator-australia.com/tax-brackets/,0.10499999672174454
tax table for seniors and pensioners in australia,50,13,commercial,40,https://pay-calculator-australia.com/tax-brackets/,0.10499999672174454
tax to pay calculator,50,28,informational,50,https://pay-calculator-australia.com/,0.10499999672174454
tax when working two jobs,50,0,informational,38,https://pay-calculator-australia.com/second-job-tax-calculator/,0.10499999672174454
tax withdrawal calculator,50,10,informational,75,https://pay-calculator-australia.com/tax-return-calculator/,0.10499999672174454
tax withheld refund,50,0,informational,26,https://pay-calculator-australia.com/tax-refund-guide/,0.10499999672174454
tax withholding calculator 2025,50,13,informational,63,https://pay-calculator-australia.com/income-tax-calculator/,0.10499999672174454
tax withholding paycheck calculator,50,39,informational,70,https://pay-calculator-australia.com/,0.10499999672174454
tax withholding refund,50,0,informational,29,https://pay-calculator-australia.com/tax-refund-guide/,0.10499999672174454
tax withholding table weekly,50,2,informational,27,https://pay-calculator-australia.com/payg-withholding-tables/,0.10499999672174454
tax work from home calculator,50,6,informational,72,https://pay-calculator-australia.com/work-from-home-deductions/,0.10499999672174454
tax working from home calculator,50,0,informational,69,https://pay-calculator-australia.com/work-from-home-deductions/,0.10499999672174454
tax-free redundancy limit,50,0,informational,87,https://pay-calculator-australia.com/redundancy-pay-guide/,0.10499999672174454
tax-free threshold 2025--26,50,12,commercial,63,https://pay-calculator-australia.com/tax-brackets/,0.10499999672174454
tax-free threshold table,50,7,informational,42,https://pay-calculator-australia.com/tax-brackets/,0.10499999672174454
taxation bracket,50,27,informational,44,https://pay-calculator-australia.com/tax-brackets/,0.10499999672174454
taxation brackets,50,27,informational,50,https://pay-calculator-australia.com/tax-brackets/,0.10499999672174454
taxes on 150 000 income,50,32,commercial,24,https://pay-calculator-australia.com/tax-on/150000/,0.10499999672174454
taxes on 200 000 income,50,5,informational,88,https://pay-calculator-australia.com/tax-on/200000/,0.10499999672174454
taxes on overtime,50,0,informational,17,https://pay-calculator-australia.com/overtime-penalty-rates-guide/,0.2150000035762787
teacher pay by state,50,1,informational,22,https://pay-calculator-australia.com/teacher-pay-australia/,0.10999999940395355
teacher salary scale,50,10,informational,53,https://pay-calculator-australia.com/teacher-pay-australia/qld/,0.10499999672174454
teachers pay vic,50,0,informational,31,https://pay-calculator-australia.com/teacher-pay-australia/vic/,0.10499999672174454
teachers salary scale,50,15,informational,65,https://pay-calculator-australia.com/teacher-pay-australia/wa/,0.10499999672174454
this financial year dates,50,0,informational,63,https://pay-calculator-australia.com/tax-calendar/,0.10499999672174454
tiling apprentice wages,50,0,informational,34,https://pay-calculator-australia.com/construction-trades-pay/,0.10499999672174454
tiling apprenticeship wages,50,0,informational,33,https://pay-calculator-australia.com/construction-trades-pay/,0.10499999672174454
timesheet calculator with lunch break,50,33,informational,62,https://pay-calculator-australia.com/work-hours-calculator/,0.10499999672174454
uber gst calculator,50,0,informational,67,https://pay-calculator-australia.com/gig-economy-pay-guide/,0.10499999672174454
uber tax calculator australia,50,0,informational,65,https://pay-calculator-australia.com/gig-economy-pay-guide/,0.10499999672174454
vps 3 salary 2026,50,0,commercial,9,https://pay-calculator-australia.com/public-service-pay-scales/vic/,0.75
wa tax brackets 2026,50,37,informational,60,https://pay-calculator-australia.com/tax-brackets/,0.10499999672174454
wages in western australia,50,6,informational,23,https://pay-calculator-australia.com/pay-calculator-wa/,0.10499999672174454
wages wa,50,20,informational,29,https://pay-calculator-australia.com/pay-calculator-wa/,0.10499999672174454
wages western australia,50,9,informational,19,https://pay-calculator-australia.com/pay-calculator-wa/,0.13500000536441803
weekend pay rates victoria,50,3,informational,32,https://pay-calculator-australia.com/overtime-penalty-rates-guide/,0.10499999672174454
weekend penalty rates australia,50,0,informational,62,https://pay-calculator-australia.com/overtime-penalty-rates-guide/,0.10499999672174454
weekend penalty rates victoria,50,0,informational,36,https://pay-calculator-australia.com/overtime-penalty-rates-guide/,0.10499999672174454
weekly take home pay calculator australia,50,4,informational,33,https://pay-calculator-australia.com/weekly-pay-calculator/,0.10499999672174454
weekly tax rates 2026,50,10,commercial,17,https://pay-calculator-australia.com/payg-withholding-tables/,0.2150000035762787
weekly tax table nsw,50,0,informational,37,https://pay-calculator-australia.com/weekly-tax-table/,0.10499999672174454
weekly tax tables nsw,50,0,informational,34,https://pay-calculator-australia.com/weekly-tax-table/,0.10499999672174454
weekly tax withholding table,50,0,informational,23,https://pay-calculator-australia.com/payg-withholding-tables/,0.10499999672174454
weekly tax withholding tables,50,0,informational,24,https://pay-calculator-australia.com/payg-withholding-tables/,0.10499999672174454
weekly to yearly salary,50,24,informational,36,https://pay-calculator-australia.com/annual-pay-calculator/,0.10499999672174454
weekly wage,50,19,informational,39,https://pay-calculator-australia.com/weekly-pay-calculator/,0.10499999672174454
welder apprenticeship wages,50,0,informational,38,https://pay-calculator-australia.com/construction-trades-pay/,0.10499999672174454
welding apprenticeship wages,50,0,informational,46,https://pay-calculator-australia.com/construction-trades-pay/,0.10499999672174454
wfh tax rate,50,2,informational,47,https://pay-calculator-australia.com/work-from-home-deductions/,0.10499999672174454
what are the ato tax brackets,50,37,informational,50,https://pay-calculator-australia.com/tax-brackets/,0.10499999672174454
what are the tax brackets australia,50,37,informational,51,https://pay-calculator-australia.com/tax-brackets/,0.10499999672174454
what does ytd stand for on a payslip,50,0,informational,26,https://pay-calculator-australia.com/ytd-income-calculator/,0.10499999672174454
what is $45 an hour annually,50,0,informational,31,https://pay-calculator-australia.com/hourly-to-salary/45/,0.10499999672174454
what is 100k a year hourly,50,0,informational,6,https://pay-calculator-australia.com/salary-to-hourly/100000/,1.690000057220459
what is 60k a year hourly,50,0,informational,13,https://pay-calculator-australia.com/salary-to-hourly/60000/,0.29499998688697815
what is australia superannuation rate,50,7,informational,33,https://pay-calculator-australia.com/super-guarantee-rate-history/,0.10499999672174454
what is classified as full-time hours,50,9,informational,56,https://pay-calculator-australia.com/full-time-vs-part-time-vs-casual/,0.10499999672174454
what is considered full time job,50,12,informational,61,https://pay-calculator-australia.com/full-time-vs-part-time-vs-casual/,0.10499999672174454
what is current tax year,50,30,informational,72,https://pay-calculator-australia.com/tax-calendar/,0.10499999672174454
what is double time and a half,50,0,informational,53,https://pay-calculator-australia.com/overtime-pay-calculator/,0.10499999672174454
what is double time and a half pay,50,3,informational,82,https://pay-calculator-australia.com/overtime-penalty-rates-guide/,0.10499999672174454
what is fbt rate,50,0,informational,28,https://pay-calculator-australia.com/fringe-benefits-tax/,0.10499999672174454
what is full time hours per fortnight,50,2,informational,44,https://pay-calculator-australia.com/full-time-vs-part-time-vs-casual/,0.10499999672174454
what is full-time hours per fortnight,50,2,informational,43,https://pay-calculator-australia.com/full-time-vs-part-time-vs-casual/,0.10499999672174454
what is lito,50,0,informational,19,https://pay-calculator-australia.com/low-income-tax-offset/,0.13500000536441803
what is my annual salary,50,12,informational,28,https://pay-calculator-australia.com/hourly-to-annual-salary-calculator/,0.10499999672174454
what is my marginal tax rate australia,50,32,informational,45,https://pay-calculator-australia.com/tax-brackets/,0.10499999672174454
what is my tax rate australia,50,42,informational,51,https://pay-calculator-australia.com/tax-brackets/,0.10499999672174454
what is other previous earnings on payslip,50,0,informational,44,https://pay-calculator-australia.com/understanding-your-payslip/,0.10499999672174454
what is payg schedule 5,50,0,informational,10,https://pay-calculator-australia.com/schedule-5-tax-table/,0.5649999976158142
what is rebate income for sapto,50,0,informational,48,https://pay-calculator-australia.com/sapto-calculator/,0.10499999672174454
what is super guarantee rate,50,5,informational,44,https://pay-calculator-australia.com/super-guarantee-rate-history/,0.10499999672174454
what is superannuation percentage in australia,50,10,informational,51,https://pay-calculator-australia.com/superannuation-guide/,0.10499999672174454
what is the current tax rate,50,32,informational,59,https://pay-calculator-australia.com/tax-brackets/,0.10499999672174454
what is the current tax year,50,32,informational,54,https://pay-calculator-australia.com/tax-calendar/,0.10499999672174454
what is the difference between part-time and full-time,50,0,informational,51,https://pay-calculator-australia.com/full-time-vs-part-time-vs-casual/,0.10499999672174454
what is the fbt rate,50,0,informational,42,https://pay-calculator-australia.com/fringe-benefits-tax/,0.10499999672174454
what is the hecs debt threshold,50,8,informational,48,https://pay-calculator-australia.com/hecs-help-guide/,0.10499999672174454
what is the hourly rate,50,19,informational,34,https://pay-calculator-australia.com/award-rates/,0.10499999672174454
what is the standard superannuation rate in australia,50,9,informational,28,https://pay-calculator-australia.com/super-guarantee-rate-history/,0.10499999672174454
what is the threshold for hecs,50,9,informational,41,https://pay-calculator-australia.com/hecs-help-guide/,0.10499999672174454
what is total reportable fringe benefits amounts,50,0,informational,53,https://pay-calculator-australia.com/fringe-benefits-tax/,0.10499999672174454
what is your gross income,50,0,informational,49,https://pay-calculator-australia.com/gross-pay-calculator/,0.10499999672174454
what my tax bracket,50,32,informational,54,https://pay-calculator-australia.com/tax-brackets/,0.10499999672174454
what my wage should be,50,28,informational,89,https://pay-calculator-australia.com/pay-calculator-wa/,0.10499999672174454
what pay should i be getting,50,53,informational,51,https://pay-calculator-australia.com/award-rates/,0.10499999672174454
what should my pay be,50,53,informational,73,https://pay-calculator-australia.com/pay-calculator-vic/,0.10499999672174454
what should my pay rate be,50,56,informational,18,https://pay-calculator-australia.com/award-rates/,0.16500000655651093
what should my wage be,50,25,informational,35,https://pay-calculator-australia.com/hourly-to-annual-salary-calculator/,0.10499999672174454
what will my take home pay be,50,1,informational,27,https://pay-calculator-australia.com/,0.10499999672174454
when did minimum wage increase,50,12,informational,38,https://pay-calculator-australia.com/minimum-wage-history-australia/,0.10499999672174454
when does minimum wage increase,50,6,informational,59,https://pay-calculator-australia.com/minimum-wage-history-australia/,0.10499999672174454
when does tax season end,50,5,informational,64,https://pay-calculator-australia.com/tax-calendar/,0.10499999672174454
withheld tax refund,50,0,informational,26,https://pay-calculator-australia.com/tax-refund-guide/,0.10499999672174454
withholding refund,50,0,informational,17,https://pay-calculator-australia.com/tax-refund-guide/,0.2150000035762787
withholding tax table weekly,50,2,informational,22,https://pay-calculator-australia.com/payg-withholding-tables/,0.10999999940395355
work 2 jobs tax,50,0,informational,36,https://pay-calculator-australia.com/second-job-tax-calculator/,0.10499999672174454
work from home deduction calculator,50,0,informational,78,https://pay-calculator-australia.com/work-from-home-deductions/,0.10499999672174454
work from home rate 2023,50,0,commercial,82,https://pay-calculator-australia.com/work-from-home-deductions/,0.10499999672174454
work out tax on pay,50,38,informational,45,https://pay-calculator-australia.com/,0.10499999672174454
work shift calculator,50,18,informational,49,https://pay-calculator-australia.com/work-hours-calculator/,0.10499999672174454
working 2 jobs tax,50,0,informational,28,https://pay-calculator-australia.com/second-job-tax-calculator/,0.10499999672174454
working from home deduction calculator,50,0,informational,51,https://pay-calculator-australia.com/work-from-home-deductions/,0.10499999672174454
working from home set rate,50,0,informational,64,https://pay-calculator-australia.com/work-from-home-deductions/,0.10499999672174454
working holiday visa australia tax rate,50,13,informational,72,https://pay-calculator-australia.com/working-holiday-tax/,0.10499999672174454
working holiday visa tax brackets,50,2,informational,65,https://pay-calculator-australia.com/working-holiday-tax/,0.10499999672174454
working two jobs tax,50,0,informational,29,https://pay-calculator-australia.com/second-job-tax-calculator/,0.10499999672174454
working two jobs taxes,50,0,informational,37,https://pay-calculator-australia.com/second-job-tax-calculator/,0.10499999672174454
yearly salary to weekly,50,0,informational,26,https://pay-calculator-australia.com/weekly-pay-calculator/,0.10499999672174454
ytd annual income calculator,50,0,informational,58,https://pay-calculator-australia.com/ytd-income-calculator/,0.10499999672174454
ytd calculator australia,50,0,informational,34,https://pay-calculator-australia.com/ytd-income-calculator/,0.10499999672174454
ytd calculator income,50,0,informational,48,https://pay-calculator-australia.com/ytd-income-calculator/,0.10499999672174454
ytd on payslip meaning,50,0,informational,48,https://pay-calculator-australia.com/understanding-your-payslip/,0.10499999672174454
zone or overseas forces tax offset,50,0,informational,18,https://pay-calculator-australia.com/zone-tax-offset/,0.16500000655651093
2024 income tax rates,40,36,informational,49,https://pay-calculator-australia.com/tax-brackets/,0.08399999886751175
2024 individual tax rates,40,36,informational,54,https://pay-calculator-australia.com/tax-brackets/,0.08399999886751175
aged pension calculator nsw,40,19,informational,61,https://pay-calculator-australia.com/age-pension-income-test-calculator/,0.08399999886751175
ain wage,40,0,informational,29,https://pay-calculator-australia.com/healthcare-worker-pay/qld/,0.08399999886751175
ain wages,40,0,informational,31,https://pay-calculator-australia.com/healthcare-worker-pay/vic/,0.08399999886751175
australia tax rate 2024,40,31,informational,59,https://pay-calculator-australia.com/tax-brackets/,0.08399999886751175
australian tax brackets percentage,40,32,informational,34,https://pay-calculator-australia.com/tax-bracket-history/,0.08399999886751175
awards salary,40,16,informational,25,https://pay-calculator-australia.com/award-rates/,0.08399999886751175
daily pay rate calculator,40,10,informational,80,https://pay-calculator-australia.com/pay-calculator-nsw/,0.08399999886751175
daily salary calculator,40,16,informational,77,https://pay-calculator-australia.com/pay-calculator-wa/,0.08399999886751175
dan murphy's pay rate casual,40,0,informational,41,https://pay-calculator-australia.com/retail-hospitality-pay-guide/,0.08399999886751175
difference between casual and full time,40,0,informational,53,https://pay-calculator-australia.com/full-time-vs-part-time-vs-casual/,0.08399999886751175
difference between casual and full-time,40,0,informational,54,https://pay-calculator-australia.com/full-time-vs-part-time-vs-casual/,0.08399999886751175
employee tax rates,40,31,informational,45,https://pay-calculator-australia.com/payg-withholding-tables/,0.08399999886751175
employee vs contractor ato,40,0,informational,12,https://pay-calculator-australia.com/contractor-vs-employee/,0.30000001192092896
employers tax calculator,40,12,informational,77,https://pay-calculator-australia.com/pay-calculator-wa/,0.08399999886751175
fbt payable,40,18,transactional,38,https://pay-calculator-australia.com/fringe-benefits-tax/,0.08399999886751175
final pay after resignation calculator,40,0,informational,30,https://pay-calculator-australia.com/final-pay-calculator/,0.08399999886751175
financial year 24 25 dates,40,0,transactional,51,https://pay-calculator-australia.com/tax-calendar/,0.08399999886751175
fortnightly hecs table,40,0,informational,10,https://pay-calculator-australia.com/fortnightly-tax-table/,0.4519999921321869
fortnightly salary sacrifice calculator,40,28,informational,61,https://pay-calculator-australia.com/salary-sacrifice-calculator/,0.08399999886751175
fy24 super rate,40,3,commercial,35,https://pay-calculator-australia.com/super-guarantee-rate-history/,0.08399999886751175
graph of minimum wage,40,16,informational,37,https://pay-calculator-australia.com/minimum-wage-history-australia/,0.08399999886751175
gross to net income calculator australia,40,7,informational,34,https://pay-calculator-australia.com/gross-pay-calculator/,0.08399999886751175
hecs tax rates,40,6,informational,27,https://pay-calculator-australia.com/hecs-help-guide/,0.08399999886751175
help debt payments,40,11,informational,40,https://pay-calculator-australia.com/hecs-help-guide/,0.08399999886751175
help loan repayment rate,40,9,informational,34,https://pay-calculator-australia.com/hecs-help-guide/,0.08399999886751175
higa award 2025,40,0,informational,30,https://pay-calculator-australia.com/hospitality-award-rates/,0.08399999886751175
holiday maker tax rate,40,0,informational,42,https://pay-calculator-australia.com/working-holiday-tax/,0.08399999886751175
hospitality industry pay,40,0,informational,28,https://pay-calculator-australia.com/hospitality-award-rates/,0.08399999886751175
hospitality industry salary,40,0,informational,39,https://pay-calculator-australia.com/retail-hospitality-pay-guide/,0.08399999886751175
hospitality pay,40,0,informational,15,https://pay-calculator-australia.com/retail-hospitality-pay-guide/,0.20399999618530273
hospitality salary,40,0,informational,19,https://pay-calculator-australia.com/hospitality-award-rates/,0.1080000028014183
hourly to wage,40,3,informational,61,https://pay-calculator-australia.com/hourly-to-annual-salary-calculator/,0.08399999886751175
how does fortnightly pay work,40,0,informational,38,https://pay-calculator-australia.com/fortnightly-pay-calculator/,0.08399999886751175
how much do it workers get paid,40,2,informational,23,https://pay-calculator-australia.com/tech-salary-guide-australia/,0.08399999886751175
how much of my bonus will be taxed,40,0,informational,27,https://pay-calculator-australia.com/bonus-tax-calculator/,0.08399999886751175
how much paid parental leave 2025,40,17,commercial,27,https://pay-calculator-australia.com/parental-leave-pay/,0.08399999886751175
how much pay will i take home,40,9,informational,69,https://pay-calculator-australia.com/take-home-pay-calculator/,0.08399999886751175
how much per hour is 80000 a year,40,0,informational,15,https://pay-calculator-australia.com/salary-to-hourly/80000/,0.20399999618530273
how much redundancy pay am i entitled to,40,14,informational,64,https://pay-calculator-australia.com/redundancy-pay-calculator/,0.08399999886751175
how much redundancy will i get,40,16,informational,66,https://pay-calculator-australia.com/redundancy-pay-calculator/,0.08399999886751175
how much redundancy would i get,40,17,informational,73,https://pay-calculator-australia.com/redundancy-pay-calculator/,0.08399999886751175
how much tax should i pay weekly,40,14,informational,83,https://pay-calculator-australia.com/,0.08399999886751175
how much tax will i get back australia,40,13,informational,57,https://pay-calculator-australia.com/tax-return-calculator/,0.08399999886751175
how much will i earn,40,24,informational,40,https://pay-calculator-australia.com/hourly-to-annual-salary-calculator/,0.08399999886751175
how much will my bonus be taxed,40,0,informational,17,https://pay-calculator-australia.com/bonus-tax-calculator/,0.1720000058412552
how to calculate annual leave for part-time,40,3,informational,48,https://pay-calculator-australia.com/leave-calculator/,0.08399999886751175
how to calculate hourly wage,40,29,informational,24,https://pay-calculator-australia.com/hourly-to-annual-salary-calculator/,0.08399999886751175
how to calculate part time salary,40,6,informational,25,https://pay-calculator-australia.com/employment-type-calculator/,0.08399999886751175
how to calculate part-time salary,40,6,informational,25,https://pay-calculator-australia.com/employment-type-calculator/,0.08399999886751175
how to calculate penalty rates,40,6,informational,23,https://pay-calculator-australia.com/overtime-penalty-rates-guide/,0.08399999886751175
how to calculate salary sacrifice,40,21,informational,81,https://pay-calculator-australia.com/salary-sacrifice-calculator/,0.08399999886751175
how to calculate super from total package,40,10,informational,23,https://pay-calculator-australia.com/salary-package-calculator/,0.08399999886751175
how to calculate superannuation from total package,40,0,informational,18,https://pay-calculator-australia.com/salary-package-calculator/,0.13199999928474426
how to work out your hourly rate from salary,40,0,informational,15,https://pay-calculator-australia.com/hourly-to-annual-salary-calculator/,0.20399999618530273
income tax calculator 2024 25,40,28,informational,69,https://pay-calculator-australia.com/income-tax-calculator/,0.08399999886751175
income tax in sydney australia,40,36,informational,58,https://pay-calculator-australia.com/tax-brackets/,0.08399999886751175
income tax refund,40,30,informational,47,https://pay-calculator-australia.com/tax-refund-guide/,0.08399999886751175
income test calculator,40,10,informational,43,https://pay-calculator-australia.com/age-pension-income-test-calculator/,0.08399999886751175
is 190k a good salary in australia,40,0,informational,50,https://pay-calculator-australia.com/tax-on/190000/,0.08399999886751175
is paid parental leave taxable income,40,0,informational,23,https://pay-calculator-australia.com/parental-leave-pay/,0.08399999886751175
jobseeker income calculator,40,0,informational,20,https://pay-calculator-australia.com/centrelink-income-test/,0.09600000083446503
labour award rate,40,20,informational,15,https://pay-calculator-australia.com/award-rates/,0.20399999618530273
long service leave accrual calculator,40,7,informational,51,https://pay-calculator-australia.com/leave-calculator/,0.08399999886751175
low income tax offsets,40,4,informational,54,https://pay-calculator-australia.com/low-income-tax-offset/,0.08399999886751175
lower income tax offset,40,4,informational,49,https://pay-calculator-australia.com/low-income-tax-offset/,0.08399999886751175
lump sum super contributions over 60 calculator,40,10,informational,73,https://pay-calculator-australia.com/superannuation-guide/,0.08399999886751175
marginal tax rate 2024,40,26,informational,40,https://pay-calculator-australia.com/tax-brackets/,0.08399999886751175
median australian salary 2025,40,9,commercial,46,https://pay-calculator-australia.com/average-salary-australia/,0.08399999886751175
medicare levy exemption calculator,40,2,informational,22,https://pay-calculator-australia.com/medicare-levy/,0.08799999952316284
medicare levy formula,40,16,informational,47,https://pay-calculator-australia.com/medicare-levy/,0.08399999886751175
medicare levy surcharge calculation,40,10,informational,72,https://pay-calculator-australia.com/medicare-levy/,0.08399999886751175
medicare limit 2025,40,29,informational,39,https://pay-calculator-australia.com/news/medicare-levy-thresholds-2026/,0.08399999886751175
minimum wage australia calculator,40,18,informational,58,https://pay-calculator-australia.com/award-rates/,0.08399999886751175
minimum wage by age,40,30,informational,37,https://pay-calculator-australia.com/junior-pay-rates/,0.08399999886751175
minimum wage graph,40,26,informational,18,https://pay-calculator-australia.com/minimum-wage-history-australia/,0.13199999928474426
minimum wages graph,40,26,informational,23,https://pay-calculator-australia.com/minimum-wage-history-australia/,0.08399999886751175
monthly salary to yearly,40,13,informational,23,https://pay-calculator-australia.com/hourly-to-annual-salary-calculator/,0.08399999886751175
monthly to yearly salary,40,16,informational,31,https://pay-calculator-australia.com/monthly-pay-calculator/,0.08399999886751175
my income tax calculator,40,14,informational,56,https://pay-calculator-australia.com/income-tax-calculator/,0.08399999886751175
nfp salary sacrifice,40,0,informational,64,https://pay-calculator-australia.com/salary-packaging-guide/,0.08399999886751175
non refundable tax offsets low income earner,40,0,informational,58,https://pay-calculator-australia.com/low-income-tax-offset/,0.08399999886751175
overtime tax calculator,40,23,informational,56,https://pay-calculator-australia.com/overtime-penalty-rates-guide/,0.08399999886751175
pact fair work calculator,40,20,informational,18,https://pay-calculator-australia.com/award-rates/,0.13199999928474426
paid parental leave work test calculator,40,0,informational,53,https://pay-calculator-australia.com/parental-leave-pay/,0.08399999886751175
part time retail wage,40,0,informational,23,https://pay-calculator-australia.com/retail-award-rates/,0.08399999886751175
pay calculator adelaide,40,5,informational,17,https://pay-calculator-australia.com/pay-calculator-sa/,0.1720000058412552
pay rates hospitality nsw,40,0,informational,24,https://pay-calculator-australia.com/hospitality-award-rates/,0.08399999886751175
paycalculator com au classic,40,6,transactional,20,https://pay-calculator-australia.com/,0.09600000083446503
registered nurse wages nsw,40,6,informational,31,https://pay-calculator-australia.com/healthcare-worker-pay/nsw/,0.08399999886751175
retail assistant award rate,40,0,informational,39,https://pay-calculator-australia.com/retail-award-rates/,0.08399999886751175
retail assistant award wage,40,3,informational,37,https://pay-calculator-australia.com/retail-award-rates/,0.08399999886751175
retail wage calculator,40,3,informational,12,https://pay-calculator-australia.com/retail-award-rates/,0.30000001192092896
retail workers pay rates,40,0,informational,42,https://pay-calculator-australia.com/retail-award-rates/,0.08399999886751175
salaries per hour,40,35,informational,54,https://pay-calculator-australia.com/hourly-to-annual-salary-calculator/,0.08399999886751175
salary 70000 after taxes,40,9,informational,19,https://pay-calculator-australia.com/tax-on/70000/,0.1080000028014183
salary hospitality,40,0,informational,23,https://pay-calculator-australia.com/hospitality-award-rates/,0.08399999886751175
salary hospitality industry,40,0,informational,48,https://pay-calculator-australia.com/retail-hospitality-pay-guide/,0.08399999886751175
salary increase average,40,21,informational,25,https://pay-calculator-australia.com/pay-rise-calculator/,0.08399999886751175
salary to hourly rate calculator australia weekly,40,0,informational,23,https://pay-calculator-australia.com/hourly-to-annual-salary-calculator/,0.08399999886751175
salary to subby calculator,40,0,transactional,70,https://pay-calculator-australia.com/contractor-pay-calculator/,0.08399999886751175
sapto eligibility age,40,0,informational,37,https://pay-calculator-australia.com/sapto-calculator/,0.08399999886751175
schads award 2026 increase,40,0,commercial,39,https://pay-calculator-australia.com/schads-award-pay-rates/,0.08399999886751175
schads award 2026 pay rates qld,40,0,commercial,18,https://pay-calculator-australia.com/schads-award-pay-rates/,0.13199999928474426
schads award level 1,40,0,informational,26,https://pay-calculator-australia.com/schads-award-pay-rates/,0.08399999886751175
schads award level 5 salary,40,0,informational,19,https://pay-calculator-australia.com/schads-award-pay-rates/,0.1080000028014183
schads award pay guide 2026,40,0,commercial,18,https://pay-calculator-australia.com/schads-award-pay-rates/,0.13199999928474426
schads award pay rates 2025 pdf australia,40,0,commercial,25,https://pay-calculator-australia.com/schads-award-pay-rates/,0.08399999886751175
schads award public holiday rate,40,0,informational,23,https://pay-calculator-australia.com/schads-award-pay-rates/,0.08399999886751175
schads level 5 annual salary 2025,40,0,commercial,22,https://pay-calculator-australia.com/schads-award-pay-rates/,0.08799999952316284
schads level 5 salary 2025,40,0,informational,20,https://pay-calculator-australia.com/schads-award-pay-rates/,0.09600000083446503
schads level 6 annual salary,40,0,informational,18,https://pay-calculator-australia.com/schads-award-pay-rates/,0.13199999928474426
schads level 6 salary 2025,40,0,commercial,22,https://pay-calculator-australia.com/schads-award-pay-rates/,0.08799999952316284
schads pay rates 2025,40,0,commercial,31,https://pay-calculator-australia.com/schads-award-pay-rates/,0.08399999886751175
schedule 5 payg,40,0,informational,8,https://pay-calculator-australia.com/schedule-5-tax-table/,0.7879999876022339
schedule 5 tax calculator,40,17,informational,6,https://pay-calculator-australia.com/bonus-tax-calculator/,1.3519999980926514
second job tax rate nsw,40,0,informational,22,https://pay-calculator-australia.com/second-job-tax-calculator/,0.08799999952316284
secondary teacher salary qld,40,0,informational,16,https://pay-calculator-australia.com/teacher-pay-australia/qld/,0.1720000058412552
seek payment calculator,40,8,informational,67,https://pay-calculator-australia.com/jobseeker-payment-calculator/,0.08399999886751175
senior and pensioner offset,40,0,informational,34,https://pay-calculator-australia.com/sapto-calculator/,0.08399999886751175
senior australian tax offset 2025,40,0,informational,31,https://pay-calculator-australia.com/sapto-calculator/,0.08399999886751175
senior tax offset income threshold 2025,40,0,transactional,23,https://pay-calculator-australia.com/sapto-calculator/,0.08399999886751175
senior teacher 2 salary wa,40,0,commercial,44,https://pay-calculator-australia.com/teacher-pay-australia/wa/,0.08399999886751175
sick leave calculator 40 hour week,40,0,informational,56,https://pay-calculator-australia.com/leave-calculator/,0.08399999886751175
sole trader with employees,40,0,navigational,44,https://pay-calculator-australia.com/employee-vs-sole-trader-vs-company/,0.08399999886751175
south australia tax brackets,40,37,informational,43,https://pay-calculator-australia.com/tax-brackets/,0.08399999886751175
spouse super contribution calculator,40,0,informational,45,https://pay-calculator-australia.com/super-co-contribution/,0.08399999886751175
spouse super tax offset,40,0,informational,69,https://pay-calculator-australia.com/super-co-contribution/,0.08399999886751175
stsl meaning tax,40,0,informational,19,https://pay-calculator-australia.com/stsl-on-payslip/,0.1080000028014183
stsl tax on payslip,40,0,informational,23,https://pay-calculator-australia.com/stsl-on-payslip/,0.08399999886751175
subby to wages calculator,40,0,informational,74,https://pay-calculator-australia.com/contractor-pay-calculator/,0.08399999886751175
subcontractor tax calculator australia,40,19,informational,65,https://pay-calculator-australia.com/contractor-pay-calculator/,0.08399999886751175
super co contribution income threshold,40,0,informational,48,https://pay-calculator-australia.com/super-co-contribution/,0.08399999886751175
super contribution matching,40,8,informational,44,https://pay-calculator-australia.com/super-co-contribution/,0.08399999886751175
super guarantee contributions calculator,40,6,informational,55,https://pay-calculator-australia.com/superannuation-calculator/,0.08399999886751175
super payment percentage,40,5,informational,77,https://pay-calculator-australia.com/superannuation-guide/,0.08399999886751175
super payments percentage,40,13,informational,52,https://pay-calculator-australia.com/superannuation-guide/,0.08399999886751175
superannuation july 2026,40,6,commercial,75,https://pay-calculator-australia.com/news/payday-super-starts-july-2026/,0.08399999886751175
superannuation rate 2023 24,40,5,informational,42,https://pay-calculator-australia.com/super-guarantee-rate-history/,0.08399999886751175
superannuation rate now,40,9,informational,40,https://pay-calculator-australia.com/super-guarantee-rate-history/,0.08399999886751175
superannuation table,40,17,informational,17,https://pay-calculator-australia.com/super-guarantee-rate-history/,0.1720000058412552
tac payment dates,40,0,informational,25,https://pay-calculator-australia.com/tax-calendar/,0.08399999886751175
take home pay 100k australia,40,0,informational,17,https://pay-calculator-australia.com/take-home-pay-on/100000/,0.1720000058412552
tas build long service,40,0,informational,51,https://pay-calculator-australia.com/long-service-leave-calculator/tas/,0.08399999886751175
tax 2 jobs australia,40,0,informational,26,https://pay-calculator-australia.com/second-job-tax-calculator/,0.08399999886751175
tax 60000 income,40,10,informational,5,https://pay-calculator-australia.com/tax-on/60000/,1.875999927520752
tax assessment notice australia,40,11,informational,43,https://pay-calculator-australia.com/notice-of-assessment/,0.08399999886751175
tax benefits of private health insurance,40,0,informational,77,https://pay-calculator-australia.com/private-health-insurance-medicare/,0.08399999886751175
tax bracket 2024 25 australia,40,32,commercial,44,https://pay-calculator-australia.com/tax-brackets/,0.08399999886751175
tax brackets 2024 25 australia,40,32,informational,48,https://pay-calculator-australia.com/tax-brackets/,0.08399999886751175
tax brackets 2024--25 australia,40,32,commercial,43,https://pay-calculator-australia.com/tax-brackets/,0.08399999886751175
tax brackets 2025 percentage,40,37,informational,72,https://pay-calculator-australia.com/tax-brackets/,0.08399999886751175
tax brackets australia 2024,40,32,informational,48,https://pay-calculator-australia.com/tax-brackets/,0.08399999886751175
tax brackets low income,40,32,informational,41,https://pay-calculator-australia.com/tax-brackets/,0.08399999886751175
tax brackets perth,40,37,informational,52,https://pay-calculator-australia.com/tax-brackets/,0.08399999886751175
tax brackets western australia,40,32,informational,36,https://pay-calculator-australia.com/tax-brackets/,0.08399999886751175
tax breakdown,40,37,informational,46,https://pay-calculator-australia.com/tax-brackets/,0.08399999886751175
tax calculator 2024-2025,40,28,informational,70,https://pay-calculator-australia.com/income-tax-calculator/,0.08399999886751175
tax calculator 2026 fortnightly,40,38,transactional,58,https://pay-calculator-australia.com/,0.08399999886751175
tax calculator bracket,40,38,informational,64,https://pay-calculator-australia.com/tax-brackets/,0.08399999886751175
tax calculator brackets,40,37,informational,58,https://pay-calculator-australia.com/tax-brackets/,0.08399999886751175
tax calculator for hourly wage,40,7,informational,34,https://pay-calculator-australia.com/,0.08399999886751175
tax calculator for pensioners,40,24,informational,31,https://pay-calculator-australia.com/sapto-calculator/,0.08399999886751175
tax calculator hourly pay,40,14,informational,36,https://pay-calculator-australia.com/,0.08399999886751175
tax calculator hourly rate,40,5,informational,35,https://pay-calculator-australia.com/,0.08399999886751175
tax calculator hourly wage,40,12,informational,31,https://pay-calculator-australia.com/,0.08399999886751175
tax calculator including hecs,40,25,informational,64,https://pay-calculator-australia.com/hecs-help-calculator/,0.08399999886751175
tax calculator salary packaging,40,27,informational,47,https://pay-calculator-australia.com/salary-packaging-guide/,0.08399999886751175
tax calculator take home pay,40,11,informational,33,https://pay-calculator-australia.com/,0.08399999886751175
tax calculator with overtime,40,27,informational,43,https://pay-calculator-australia.com/,0.08399999886751175
tax calculator with salary packaging,40,34,informational,93,https://pay-calculator-australia.com/income-tax-calculator/,0.08399999886751175
tax file declaration form australia,40,0,informational,40,https://pay-calculator-australia.com/tax-file-number-declaration/,0.08399999886751175
tax file employment form,40,14,informational,49,https://pay-calculator-australia.com/tax-file-number-declaration/,0.08399999886751175
tax file number codes,40,3,informational,38,https://pay-calculator-australia.com/tax-file-number-declaration/,0.08399999886751175
tax for 30000 income,40,25,informational,8,https://pay-calculator-australia.com/tax-on/30000/,0.7879999876022339
tax free threshold for second job,40,0,informational,39,https://pay-calculator-australia.com/second-job-tax-calculator/,0.08399999886751175
tax free threshold for seniors,40,0,informational,57,https://pay-calculator-australia.com/sapto-calculator/,0.08399999886751175
tax notice of assessment letter,40,0,informational,49,https://pay-calculator-australia.com/notice-of-assessment/,0.08399999886751175
tax on $1100 per week australia,40,5,commercial,27,https://pay-calculator-australia.com/take-home-pay-on/110000/,0.08399999886751175
tax on $140000,40,21,informational,6,https://pay-calculator-australia.com/tax-on/140000/,1.3519999980926514
tax on $180 000 australia,40,13,informational,15,https://pay-calculator-australia.com/take-home-pay-on/180000/,0.20399999618530273
tax on $180000,40,15,informational,8,https://pay-calculator-australia.com/take-home-pay-on/180000/,0.7879999876022339
tax on $700 per week australia,40,11,informational,21,https://pay-calculator-australia.com/tax-on/70000/,0.09200000017881393
tax on 117k australia,40,32,informational,50,https://pay-calculator-australia.com/tax-on/115000/,0.08399999886751175
tax on 135 000 income,40,0,informational,9,https://pay-calculator-australia.com/tax-on/135000/,0.6000000238418579
tax on 140000 australia,40,16,informational,7,https://pay-calculator-australia.com/tax-on/140000/,1.0240000486373901
tax on 145000,40,0,informational,7,https://pay-calculator-australia.com/tax-on/145000/,1.0240000486373901
tax on 160k,40,18,informational,10,https://pay-calculator-australia.com/take-home-pay-on/160000/,0.4519999921321869
tax on 17000 australia,40,25,informational,18,https://pay-calculator-australia.com/tax-on/170000/,0.13199999928474426
tax on 180 000 income,40,9,informational,17,https://pay-calculator-australia.com/take-home-pay-on/180000/,0.1720000058412552
tax on 185k australia,40,11,informational,5,https://pay-calculator-australia.com/tax-on/185000/,1.875999927520752
tax on 19000 australia,40,25,informational,65,https://pay-calculator-australia.com/tax-on/190000/,0.08399999886751175
tax on 250k salary australia,40,11,informational,74,https://pay-calculator-australia.com/tax-on/200000/,0.08399999886751175
tax on 54000,40,3,informational,65,https://pay-calculator-australia.com/tax-on/55000/,0.08399999886751175
tax on 57000,40,25,informational,65,https://pay-calculator-australia.com/tax-on/55000/,0.08399999886751175
tax on 60000 australia 2025,40,32,informational,9,https://pay-calculator-australia.com/tax-on/60000/,0.6000000238418579
tax on 62000,40,2,informational,59,https://pay-calculator-australia.com/tax-on/60000/,0.08399999886751175
tax on 66000,40,11,informational,20,https://pay-calculator-australia.com/tax-on/65000/,0.09600000083446503
tax on 82000,40,0,informational,50,https://pay-calculator-australia.com/tax-on/80000/,0.08399999886751175
tax on 88000,40,20,informational,20,https://pay-calculator-australia.com/tax-on/80000/,0.09600000083446503
tax on backpay,40,0,informational,17,https://pay-calculator-australia.com/schedule-5-tax-table/,0.1720000058412552
tax on bonus payments calculator australia 2025,40,8,commercial,4,https://pay-calculator-australia.com/bonus-tax-calculator/,2.635999917984009
tax on income tax refund,40,24,informational,45,https://pay-calculator-australia.com/tax-refund-guide/,0.08399999886751175
tax on overtime calculator,40,7,informational,3,https://pay-calculator-australia.com/overtime-pay-calculator/,3.8919999599456787
tax on paid parental leave,40,0,informational,32,https://pay-calculator-australia.com/parental-leave-pay/,0.08399999886751175
tax rate 2022,40,27,informational,52,https://pay-calculator-australia.com/tax-brackets/,0.08399999886751175
tax rate for second job nsw,40,0,informational,25,https://pay-calculator-australia.com/second-job-tax-calculator/,0.08399999886751175
tax rate on second job calculator,40,10,commercial,6,https://pay-calculator-australia.com/second-job-tax-calculator/,1.3519999980926514
tax rate percentage australia,40,37,informational,60,https://pay-calculator-australia.com/tax-brackets/,0.08399999886751175
tax rates 2022,40,8,informational,50,https://pay-calculator-australia.com/tax-brackets/,0.08399999886751175
tax rates 2023 24 australia,40,26,informational,39,https://pay-calculator-australia.com/tax-brackets/,0.08399999886751175
tax rates 26 27 australia,40,32,commercial,65,https://pay-calculator-australia.com/tax-changes-2026-27/,0.08399999886751175
tax refunds income,40,5,informational,52,https://pay-calculator-australia.com/tax-refund-guide/,0.08399999886751175
tax return vs notice of assessment,40,0,informational,42,https://pay-calculator-australia.com/notice-of-assessment/,0.08399999886751175
tax slab 2025,40,36,informational,53,https://pay-calculator-australia.com/tax-brackets/,0.08399999886751175
tax table 2023,40,15,informational,48,https://pay-calculator-australia.com/tax-brackets/,0.08399999886751175
tax table deductions,40,23,informational,31,https://pay-calculator-australia.com/tax-deductions-guide/,0.08399999886751175
tax table for weekly wages,40,0,informational,38,https://pay-calculator-australia.com/weekly-tax-table/,0.08399999886751175
tax tables 2023,40,16,informational,38,https://pay-calculator-australia.com/tax-brackets/,0.08399999886751175
tax tables 2025 fortnightly pdf,40,0,transactional,28,https://pay-calculator-australia.com/fortnightly-tax-table/,0.08399999886751175
tax time dates,40,8,informational,72,https://pay-calculator-australia.com/tax-calendar/,0.08399999886751175
tax time table 2025,40,2,informational,32,https://pay-calculator-australia.com/tax-calendar/,0.08399999886751175
tax withheld on bonus payments,40,0,informational,12,https://pay-calculator-australia.com/bonus-tax-calculator/,0.30000001192092896
tax withholding bonus,40,0,informational,26,https://pay-calculator-australia.com/bonus-tax-calculator/,0.08399999886751175
tax withholding calculator australia,40,38,informational,73,https://pay-calculator-australia.com/,0.08399999886751175
tax withholding on bonus,40,0,informational,18,https://pay-calculator-australia.com/bonus-tax-calculator/,0.13199999928474426
tax year 2024,40,5,informational,70,https://pay-calculator-australia.com/tax-calendar/,0.08399999886751175
tax year to date calculator,40,25,informational,47,https://pay-calculator-australia.com/ytd-income-calculator/,0.08399999886751175
tax-free threshold for second job,40,0,commercial,37,https://pay-calculator-australia.com/second-job-tax-calculator/,0.08399999886751175
taxable income threshold australia,40,27,informational,46,https://pay-calculator-australia.com/tax-brackets/,0.08399999886751175
taxable pension calculator,40,24,informational,61,https://pay-calculator-australia.com/age-pension-income-test-calculator/,0.08399999886751175
taxable ytd,40,0,informational,20,https://pay-calculator-australia.com/understanding-your-payslip/,0.09600000083446503
taxation assessment notice australia,40,0,informational,38,https://pay-calculator-australia.com/notice-of-assessment/,0.08399999886751175
taxation rates 2022,40,11,informational,51,https://pay-calculator-australia.com/tax-brackets/,0.08399999886751175
taxes for overtime calculator,40,10,informational,9,https://pay-calculator-australia.com/overtime-pay-calculator/,0.6000000238418579
taxes on 30 000 income,40,5,informational,12,https://pay-calculator-australia.com/tax-on/30000/,0.30000001192092896
taxes on 60 000 income,40,10,informational,7,https://pay-calculator-australia.com/tax-on/60000/,1.0240000486373901
taxes rates 2022,40,16,informational,47,https://pay-calculator-australia.com/tax-brackets/,0.08399999886751175
teacher aide pay scale qld,40,0,informational,23,https://pay-calculator-australia.com/teacher-pay-australia/qld/,0.08399999886751175
teacher pay in australia,40,4,informational,25,https://pay-calculator-australia.com/teacher-pay-australia/,0.08399999886751175
teacher pay scale tasmania,40,0,informational,14,https://pay-calculator-australia.com/teacher-pay-australia/tas/,0.2240000069141388
teacher salary by state australia,40,0,informational,21,https://pay-calculator-australia.com/teacher-pay-australia/,0.09200000017881393
teacher salary canberra,40,0,informational,29,https://pay-calculator-australia.com/teacher-pay-australia/act/,0.08399999886751175
teacher salary pay scale,40,10,informational,56,https://pay-calculator-australia.com/teacher-pay-australia/,0.08399999886751175
teacher wa salary,40,0,informational,45,https://pay-calculator-australia.com/teacher-pay-australia/,0.08399999886751175
teaching wa salary,40,0,informational,46,https://pay-calculator-australia.com/teacher-pay-australia/wa/,0.08399999886751175
tfn codes,40,0,informational,35,https://pay-calculator-australia.com/tax-file-number-declaration/,0.08399999886751175
time and a half formula,40,2,informational,79,https://pay-calculator-australia.com/overtime-pay-calculator/,0.08399999886751175
time pay calculator,40,35,informational,30,https://pay-calculator-australia.com/overtime-pay-calculator/,0.08399999886751175
total package salary,40,5,informational,65,https://pay-calculator-australia.com/salary-package-calculator/,0.08399999886751175
total remuneration package calculator,40,2,informational,26,https://pay-calculator-australia.com/salary-package-calculator/,0.08399999886751175
trade assistant pay rate,40,31,informational,30,https://pay-calculator-australia.com/award-rates/,0.08399999886751175
two jobs tax australia,40,0,informational,34,https://pay-calculator-australia.com/second-job-tax-calculator/,0.08399999886751175
type 1 gross up rate,40,0,informational,30,https://pay-calculator-australia.com/fringe-benefits-tax/,0.08399999886751175
type 1 gross-up rate,40,0,informational,29,https://pay-calculator-australia.com/fringe-benefits-tax/,0.08399999886751175
type 2 gross up rate,40,4,informational,33,https://pay-calculator-australia.com/fringe-benefits-tax/,0.08399999886751175
type 2 gross-up rate,40,4,informational,34,https://pay-calculator-australia.com/fringe-benefits-tax/,0.08399999886751175
vgsa 2022 pay scale,40,0,informational,16,https://pay-calculator-australia.com/teacher-pay-australia/vic/,0.1720000058412552
vic nurses pay rates,40,0,commercial,23,https://pay-calculator-australia.com/healthcare-worker-pay/vic/,0.08399999886751175
vic nurses salary,40,0,informational,63,https://pay-calculator-australia.com/healthcare-worker-pay/vic/,0.08399999886751175
victorian teachers award wages,40,1,informational,65,https://pay-calculator-australia.com/teacher-pay-australia/vic/,0.08399999886751175
vps 3.2 salary,40,0,informational,9,https://pay-calculator-australia.com/public-service-pay-scales/vic/,0.6000000238418579
vps 6.1 salary,40,0,informational,10,https://pay-calculator-australia.com/public-service-pay-scales/vic/,0.4519999921321869
vps eba salary,40,0,commercial,14,https://pay-calculator-australia.com/public-service-pay-scales/vic/,0.2240000069141388
vps salary 2026 pdf,40,0,commercial,8,https://pay-calculator-australia.com/public-service-pay-scales/vic/,0.7879999876022339
vps salary grades,40,0,informational,11,https://pay-calculator-australia.com/public-service-pay-scales/vic/,0.36399999260902405
vpsg4,40,0,informational,15,https://pay-calculator-australia.com/public-service-pay-scales/vic/,0.20399999618530273
vpsg5,40,0,informational,18,https://pay-calculator-australia.com/public-service-pay-scales/vic/,0.13199999928474426
wa tax brackets 2025,40,32,informational,75,https://pay-calculator-australia.com/tax-brackets/,0.08399999886751175
wage calculator daily rate,40,9,informational,67,https://pay-calculator-australia.com/hourly-to-annual-salary-calculator/,0.08399999886751175
wage calculator with deductions,40,9,informational,36,https://pay-calculator-australia.com/,0.08399999886751175
wage comparison calculator,40,19,informational,78,https://pay-calculator-australia.com/employment-type-calculator/,0.08399999886751175
wage level a,40,14,informational,16,https://pay-calculator-australia.com/junior-pay-rates/,0.1720000058412552
wage time calculator,40,18,informational,62,https://pay-calculator-australia.com/work-hours-calculator/,0.08399999886751175
wageline victoria pay rates,40,20,informational,16,https://pay-calculator-australia.com/award-rates/,0.1720000058412552
wages restaurant,40,0,informational,43,https://pay-calculator-australia.com/hospitality-award-rates/,0.08399999886751175
weekly payg withholding,40,0,transactional,23,https://pay-calculator-australia.com/weekly-tax-table/,0.08399999886751175
weekly salary,40,0,informational,31,https://pay-calculator-australia.com/weekly-pay-calculator/,0.08399999886751175
weekly tax table 2024 pdf,40,0,informational,25,https://pay-calculator-australia.com/weekly-tax-table/,0.08399999886751175
weekly tax table 2025 2026,40,0,transactional,17,https://pay-calculator-australia.com/payg-withholding-tables/,0.1720000058412552
weekly tax table 2026 calculator,40,23,transactional,35,https://pay-calculator-australia.com/weekly-tax-table/,0.08399999886751175
weekly tax table nat 1005,40,0,informational,17,https://pay-calculator-australia.com/weekly-tax-table/,0.1720000058412552
weekly tax table qld,40,0,informational,27,https://pay-calculator-australia.com/weekly-tax-table/,0.08399999886751175
weekly tax withheld table,40,1,informational,31,https://pay-calculator-australia.com/weekly-tax-table/,0.08399999886751175
weekly to annual salary calculator,40,9,informational,29,https://pay-calculator-australia.com/hourly-to-annual-salary-calculator/,0.08399999886751175
weekly to yearly salary calculator,40,15,informational,28,https://pay-calculator-australia.com/hourly-to-annual-salary-calculator/,0.08399999886751175
welding apprenticeship pay,40,0,informational,47,https://pay-calculator-australia.com/construction-trades-pay/,0.08399999886751175
wfh calculation ato,40,6,informational,54,https://pay-calculator-australia.com/work-from-home-deductions/,0.08399999886751175
what are oncosts,40,0,informational,34,https://pay-calculator-australia.com/employer-cost-calculator/,0.08399999886751175
what can you salary sacrifice qld,40,37,informational,78,https://pay-calculator-australia.com/salary-sacrifice-guide/,0.08399999886751175
what do teachers earn in australia,40,4,informational,27,https://pay-calculator-australia.com/teacher-pay-australia/,0.08399999886751175
what does year to date mean on a payslip,40,0,informational,30,https://pay-calculator-australia.com/ytd-income-calculator/,0.08399999886751175
what does year-to date mean on a payslip,40,0,informational,31,https://pay-calculator-australia.com/ytd-income-calculator/,0.08399999886751175
what does year-to-date mean on a payslip,40,0,informational,33,https://pay-calculator-australia.com/ytd-income-calculator/,0.08399999886751175
what health insurance do i need to avoid medicare levy,40,5,informational,87,https://pay-calculator-australia.com/private-health-insurance-medicare/,0.08399999886751175
what is a notice of assessment from the ato,40,0,informational,45,https://pay-calculator-australia.com/notice-of-assessment/,0.08399999886751175
what is a tax file declaration form,40,11,informational,53,https://pay-calculator-australia.com/tax-file-number-declaration/,0.08399999886751175
what is a tax file number declaration form,40,8,informational,42,https://pay-calculator-australia.com/tax-file-number-declaration/,0.08399999886751175
what is after-tax income,40,11,informational,54,https://pay-calculator-australia.com/tax-on/55000/,0.08399999886751175
what is my annual income,40,24,informational,41,https://pay-calculator-australia.com/annual-pay-calculator/,0.08399999886751175
what is my award rate,40,46,informational,14,https://pay-calculator-australia.com/award-rates/,0.2240000069141388
what is my fortnightly pay after tax,40,7,informational,34,https://pay-calculator-australia.com/,0.08399999886751175
what is my gross income,40,2,informational,32,https://pay-calculator-australia.com/gross-pay-calculator/,0.08399999886751175
what is severance pay in australia,40,16,informational,55,https://pay-calculator-australia.com/redundancy-pay-guide/,0.08399999886751175
what is super rate now,40,2,informational,39,https://pay-calculator-australia.com/super-guarantee-rate-history/,0.08399999886751175
what is teachers pay,40,10,informational,24,https://pay-calculator-australia.com/teacher-pay-australia/,0.08399999886751175
what is the minimum taxable income in australia,40,32,informational,53,https://pay-calculator-australia.com/tax-brackets/,0.08399999886751175
what is the salary of minimum wage,40,23,informational,40,https://pay-calculator-australia.com/junior-pay-rates/,0.08399999886751175
what is the tax rate on redundancy payments in australia,40,0,informational,80,https://pay-calculator-australia.com/redundancy-pay-guide/,0.08399999886751175
what is the threshold for hecs repayment,40,5,informational,17,https://pay-calculator-australia.com/hecs-repayment-threshold/,0.1720000058412552
what's my marginal tax rate,40,20,informational,24,https://pay-calculator-australia.com/tax-on/100000/,0.08399999886751175
what's my pay,40,15,informational,31,https://pay-calculator-australia.com/,0.08399999886751175
whats my wage,40,7,informational,28,https://pay-calculator-australia.com/,0.08399999886751175
when is end of financial year 2025,40,2,informational,61,https://pay-calculator-australia.com/tax-calendar/,0.08399999886751175
when is the next tax return 2026,40,0,informational,86,https://pay-calculator-australia.com/news/tax-time-2026-whats-new/,0.08399999886751175
whv tax calculator,40,36,informational,73,https://pay-calculator-australia.com/working-holiday-tax/,0.08399999886751175
withholding on bonus,40,0,informational,23,https://pay-calculator-australia.com/schedule-5-tax-table/,0.08399999886751175
withholding tax on bonus,40,0,informational,20,https://pay-calculator-australia.com/bonus-tax-calculator/,0.09600000083446503
withholding tax on bonus payments,40,0,informational,25,https://pay-calculator-australia.com/bonus-tax-calculator/,0.08399999886751175
work credit calculator,40,3,informational,5,https://pay-calculator-australia.com/centrelink-income-test/,1.875999927520752
work from home calculator for tax,40,24,informational,69,https://pay-calculator-australia.com/work-from-home-deductions/,0.08399999886751175
work from home expense calculator,40,0,informational,70,https://pay-calculator-australia.com/work-from-home-deductions/,0.08399999886751175
work from home hours calculator,40,1,informational,73,https://pay-calculator-australia.com/work-hours-calculator/,0.08399999886751175
work from home payment,40,0,informational,15,https://pay-calculator-australia.com/work-from-home-deductions/,0.20399999618530273
working credit calculator,40,2,informational,4,https://pay-calculator-australia.com/centrelink-income-test/,2.635999917984009
working credits calculator,40,0,informational,4,https://pay-calculator-australia.com/centrelink-income-test/,2.635999917984009
working from home expense calculator,40,0,informational,68,https://pay-calculator-australia.com/work-from-home-deductions/,0.08399999886751175
working from home hours calculator,40,0,informational,79,https://pay-calculator-australia.com/work-hours-calculator/,0.08399999886751175
working two jobs tax australia,40,0,informational,29,https://pay-calculator-australia.com/second-job-tax-calculator/,0.08399999886751175
year to date tax,40,24,informational,29,https://pay-calculator-australia.com/ytd-income-calculator/,0.08399999886751175
year-to-date tax,40,23,informational,24,https://pay-calculator-australia.com/ytd-income-calculator/,0.08399999886751175
yearly salary to monthly,40,9,informational,18,https://pay-calculator-australia.com/,0.13199999928474426
yearly salary to weekly calculator,40,10,informational,23,https://pay-calculator-australia.com/,0.08399999886751175
yearly to monthly salary,40,15,informational,17,https://pay-calculator-australia.com/,0.1720000058412552
youth allowance how much can i get,40,9,commercial,62,https://pay-calculator-australia.com/austudy-youth-allowance-calculator/,0.08399999886751175
youth wage,40,25,informational,27,https://pay-calculator-australia.com/junior-pay-rates/,0.08399999886751175
ytd payslip calculator,40,0,informational,33,https://pay-calculator-australia.com/ytd-income-calculator/,0.08399999886751175
ytd tax,40,24,informational,13,https://pay-calculator-australia.com/ytd-income-calculator/,0.23600000143051147
ytd tax calculator,40,25,informational,51,https://pay-calculator-australia.com/ytd-income-calculator/,0.08399999886751175
z recruitment pay rates,40,0,informational,47,https://pay-calculator-australia.com/junior-pay-rates/,0.08399999886751175
zone list,40,0,informational,5,https://pay-calculator-australia.com/zone-tax-offset/,1.875999927520752
zone rebate list,40,0,informational,8,https://pay-calculator-australia.com/zone-tax-offset/,0.7879999876022339
2nd income tax,30,0,informational,25,https://pay-calculator-australia.com/second-job-tax-calculator/,0.06300000101327896
80000 a year is how much a week,30,0,informational,9,https://pay-calculator-australia.com/salary-to-hourly/80000/,0.44999998807907104
ato tax rates 2025 calculator,30,54,informational,55,https://pay-calculator-australia.com/income-tax-calculator/,0.06300000101327896
ato work from home rate 2024,30,4,informational,73,https://pay-calculator-australia.com/work-from-home-deductions/,0.06300000101327896
clinic nursing salary,30,0,informational,26,https://pay-calculator-australia.com/healthcare-worker-pay/vic/,0.06300000101327896
estimate pay,30,33,informational,77,https://pay-calculator-australia.com/fortnightly-pay-calculator/,0.06300000101327896
fbt contribution,30,0,informational,26,https://pay-calculator-australia.com/fringe-benefits-tax/,0.06300000101327896
fbt type 1 gross-up rate,30,0,informational,44,https://pay-calculator-australia.com/fringe-benefits-tax/,0.06300000101327896
final pay calculator ato,30,1,informational,11,https://pay-calculator-australia.com/final-pay-calculator/,0.27300000190734863
fixed rate working from home 2025,30,0,transactional,45,https://pay-calculator-australia.com/work-from-home-deductions/,0.06300000101327896
gross pay includes,30,0,informational,47,https://pay-calculator-australia.com/gross-pay-calculator/,0.06300000101327896
hecs fees 2025,30,34,commercial,18,https://pay-calculator-australia.com/hecs-help-guide/,0.0989999994635582
hecs indexation rate 2025,30,5,informational,69,https://pay-calculator-australia.com/news/hecs-20-percent-cut-status/,0.06300000101327896
hecs repayment threshold 2024,30,5,informational,70,https://pay-calculator-australia.com/hecs-help-guide/,0.06300000101327896
hecs thresholds 2025,30,1,informational,60,https://pay-calculator-australia.com/hecs-help-guide/,0.06300000101327896
home office fixed rate 2024,30,0,informational,75,https://pay-calculator-australia.com/work-from-home-deductions/,0.06300000101327896
how much do you get back from tax write-offs,30,8,informational,65,https://pay-calculator-australia.com/tax-refund-guide/,0.06300000101327896
how to calculate division 293 tax,30,0,informational,87,https://pay-calculator-australia.com/division-293-tax/,0.06300000101327896
how to calculate tax return in australia,30,19,informational,59,https://pay-calculator-australia.com/tax-return-calculator/,0.06300000101327896
how to compute tax return in australia,30,16,informational,42,https://pay-calculator-australia.com/tax-return-calculator/,0.06300000101327896
how to know how much tax return i will get,30,24,informational,60,https://pay-calculator-australia.com/tax-return-calculator/,0.06300000101327896
low and middle income tax offset 2025,30,24,commercial,37,https://pay-calculator-australia.com/low-income-tax-offset/,0.06300000101327896
low income rebate 2025,30,12,commercial,24,https://pay-calculator-australia.com/low-income-tax-offset/,0.06300000101327896
low income tax offset 2024,30,12,informational,36,https://pay-calculator-australia.com/low-income-tax-offset/,0.06300000101327896
medicare tax rate 2025,30,31,informational,33,https://pay-calculator-australia.com/medicare-levy/,0.06300000101327896
medicare tax rates 2025,30,18,informational,34,https://pay-calculator-australia.com/medicare-levy/,0.06300000101327896
mining wage,30,0,informational,18,https://pay-calculator-australia.com/mining-fifo-pay-guide/,0.0989999994635582
net gross income,30,5,informational,50,https://pay-calculator-australia.com/gross-pay-calculator/,0.06300000101327896
notice of assessment ato example,30,0,informational,43,https://pay-calculator-australia.com/notice-of-assessment/,0.06300000101327896
ot pay per hour,30,0,informational,17,https://pay-calculator-australia.com/overtime-penalty-rates-guide/,0.1289999932050705
queensland nurse pay,30,0,informational,23,https://pay-calculator-australia.com/healthcare-worker-pay/qld/,0.06300000101327896
retail worker pay rates,30,0,informational,53,https://pay-calculator-australia.com/retail-award-rates/,0.06300000101327896
schads award nsw pay rates,30,0,informational,23,https://pay-calculator-australia.com/schads-award-pay-rates/,0.06300000101327896
schads award pay rates nsw,30,0,informational,20,https://pay-calculator-australia.com/schads-award-pay-rates/,0.07199999690055847
seek wages calculator,30,9,informational,40,https://pay-calculator-australia.com/,0.06300000101327896
sgc superannuation rates,30,0,informational,28,https://pay-calculator-australia.com/super-guarantee-rate-history/,0.06300000101327896
spouse super contribution tax offset 2025,30,0,transactional,68,https://pay-calculator-australia.com/super-co-contribution/,0.06300000101327896
stsl meaning on payslip,30,0,informational,10,https://pay-calculator-australia.com/stsl-on-payslip/,0.33899998664855957
subcontractor hourly rate australia,30,0,informational,33,https://pay-calculator-australia.com/contractor-pay-calculator/,0.06300000101327896
super co contribution income thresholds,30,0,informational,51,https://pay-calculator-australia.com/super-co-contribution/,0.06300000101327896
super co-contribution income thresholds,30,0,informational,52,https://pay-calculator-australia.com/super-co-contribution/,0.06300000101327896
super guarantee rates 2022,30,0,informational,35,https://pay-calculator-australia.com/super-guarantee-rate-history/,0.06300000101327896
super vs mortgage calculator,30,0,informational,26,https://pay-calculator-australia.com/salary-sacrifice-vs-mortgage/,0.06300000101327896
superannuation guarantee rate 2022,30,3,informational,36,https://pay-calculator-australia.com/super-guarantee-rate-history/,0.06300000101327896
superannuation guarantee rates 2022,30,1,informational,42,https://pay-calculator-australia.com/super-guarantee-rate-history/,0.06300000101327896
superannuation rate fy25,30,9,informational,42,https://pay-calculator-australia.com/super-guarantee-rate-history/,0.06300000101327896
tax calculator on fortnightly pay,30,10,informational,37,https://pay-calculator-australia.com/fortnightly-pay-calculator/,0.06300000101327896
tax calculator sa,30,38,informational,66,https://pay-calculator-australia.com/pay-calculator-sa/,0.06300000101327896
tax free threshold australia calculator,30,24,informational,70,https://pay-calculator-australia.com/income-tax-calculator/,0.06300000101327896
tax number declaration form,30,0,informational,47,https://pay-calculator-australia.com/tax-file-number-declaration/,0.06300000101327896
tax on 107k australia,30,32,informational,59,https://pay-calculator-australia.com/tax-on/70000/,0.06300000101327896
tax on 18000 australia,30,32,informational,64,https://pay-calculator-australia.com/tax-on/185000/,0.06300000101327896
tax payable on 40000 australia,30,12,informational,5,https://pay-calculator-australia.com/tax-on/40000/,1.4070000648498535
tax rates australia 2024--25,30,13,informational,56,https://pay-calculator-australia.com/tax-brackets/,0.06300000101327896
tax rates for seniors australia calculator,30,31,informational,37,https://pay-calculator-australia.com/income-tax-calculator/,0.06300000101327896
tax slab australia 2025,30,38,informational,38,https://pay-calculator-australia.com/tax-brackets/,0.06300000101327896
tax table weekly 2025 pdf,30,0,transactional,34,https://pay-calculator-australia.com/weekly-tax-table/,0.06300000101327896
tax thresholds 24 25,30,32,commercial,40,https://pay-calculator-australia.com/tax-brackets/,0.06300000101327896
taxation calculator 2025,30,24,informational,63,https://pay-calculator-australia.com/,0.06300000101327896
teacher assistant pay rate tasmania,30,0,informational,16,https://pay-calculator-australia.com/teacher-pay-australia/tas/,0.1289999932050705
teacher starting salary nsw,30,0,informational,28,https://pay-calculator-australia.com/teacher-pay-australia/nsw/,0.06300000101327896
total gross income,30,14,informational,45,https://pay-calculator-australia.com/gross-pay-calculator/,0.06300000101327896
uber eats income calculator,30,0,informational,52,https://pay-calculator-australia.com/gig-economy-pay-guide/,0.06300000101327896
vps 5.2 salary 2025,30,0,commercial,10,https://pay-calculator-australia.com/public-service-pay-scales/vic/,0.33899998664855957
vps progression payments,30,0,informational,14,https://pay-calculator-australia.com/public-service-pay-scales/vic/,0.1679999977350235
vps wage rates 2025,30,0,commercial,10,https://pay-calculator-australia.com/public-service-pay-scales/vic/,0.33899998664855957
weekly basis,30,0,informational,48,https://pay-calculator-australia.com/weekly-pay-calculator/,0.06300000101327896
western australia tax calculator,30,14,informational,42,https://pay-calculator-australia.com/pay-calculator-wa/,0.06300000101327896
wfh tax deduction calculator,30,6,informational,64,https://pay-calculator-australia.com/work-from-home-deductions/,0.06300000101327896
what is my minimum wage,30,33,informational,35,https://pay-calculator-australia.com/award-rates/,0.06300000101327896
what is noa in australia,30,0,informational,27,https://pay-calculator-australia.com/notice-of-assessment/,0.06300000101327896
what percentage of tax do i pay australia,30,38,informational,67,https://pay-calculator-australia.com/tax-brackets/,0.06300000101327896
when tax returns 2025,30,0,informational,77,https://pay-calculator-australia.com/tax-calendar/,0.06300000101327896
working visa tax rate,30,9,informational,70,https://pay-calculator-australia.com/working-holiday-tax/,0.06300000101327896
yearly tax tables 2025,30,23,informational,41,https://pay-calculator-australia.com/tax-brackets/,0.06300000101327896
ytd amount meaning,30,0,informational,37,https://pay-calculator-australia.com/ytd-income-calculator/,0.06300000101327896
