kw,vol,kd,pos,url
"calculate wage",301000,15,40,"/pay-calculator-vic/"
"au tax brackets",60500,42,52,"/tax-brackets/"
"aus tax brackets",60500,32,51,"/tax-brackets/"
"australia tax brackets",60500,32,49,"/tax-brackets/"
"australian tax brackets",60500,32,56,"/tax-brackets/"
"tax bracket australia",60500,26,48,"/tax-brackets/"
"tax brackets australia",60500,32,50,"/tax-brackets/"
"minimum wage rate australia",49500,25,96,"/minimum-wage-history-australia/"
"au pay calculator",40500,33,38,"/monthly-pay-calculator/"
"aus pay calculator",40500,11,67,"/pay-calculator-wa/"
"aus salary calculator",40500,33,42,"/monthly-pay-calculator/"
"australia salary calculator",40500,13,55,"/"
"tax bracket",40500,32,53,"/tax-brackets/"
"tax brackets",40500,32,47,"/tax-brackets/"
"fortnightly tax table",27100,,21,"/fortnightly-tax-table/"
"payg fortnightly tax tables",27100,2,18,"/fortnightly-tax-table/"
"tax fortnightly table",27100,,16,"/payg-withholding-tables/"
"tax table fortnightly",27100,,28,"/fortnightly-tax-table/"
"tax table weekly",27100,,34,"/weekly-tax-table/"
"tax tables fortnightly",27100,,15,"/fortnightly-tax-table/"
"tax tables weekly",27100,,34,"/weekly-tax-table/"
"tax timetable fortnightly",27100,,32,"/fortnightly-tax-table/"
"tax weekly table",27100,,34,"/weekly-tax-table/"
"tax withheld calculator",27100,38,79,"/"
"taxation table weekly",27100,,28,"/weekly-tax-table/"
"taxation tables weekly",27100,,33,"/weekly-tax-table/"
"weekly tax table",27100,,33,"/weekly-tax-table/"
"withholdings tax calculator",27100,12,80,"/"
"australia tax percentage",22200,32,51,"/tax-brackets/"
"australian tax rate",22200,32,50,"/tax-brackets/"
"australian tax rates",22200,37,42,"/tax-brackets/"
"marginal tax rates australia",22200,32,56,"/tax-brackets/"
"tax levels australia",22200,32,50,"/tax-brackets/"
"tax percentage australia",22200,38,56,"/tax-brackets/"
"tax rate australia",22200,32,59,"/tax-brackets/"
"tax rates australia",22200,37,51,"/tax-brackets/"
"tax scale australia",22200,32,49,"/tax-brackets/"
"taxation rates australia",22200,33,46,"/tax-brackets/"
"taxation scale australia",22200,37,38,"/tax-brackets/"
"ato tax brackets",18100,37,68,"/tax-brackets/"
"adp calculator paycheck",14800,23,50,"/"
"adp paycheck calculator",14800,27,44,"/"
"salary calculator adp",14800,36,53,"/annual-pay-calculator/"
"salary sacrifice",14800,17,52,"/salary-sacrifice-guide/"
"salary take home calculator",14800,1,30,"/"
"tax brackets 2025",14800,37,42,"/tax-brackets/"
"tax brackets 2026",14800,32,63,"/tax-brackets/"
"tax rate",14800,32,52,"/tax-brackets/"
"tax rates",14800,32,53,"/tax-brackets/"
"taxation rates",14800,37,52,"/tax-brackets/"
"australian super rate",12100,15,45,"/super-guarantee-rate-history/"
"australian superannuation rate",12100,2,34,"/super-guarantee-rate-history/"
"fortnightly",12100,1,6,"/fortnightly-pay-calculator/"
"how many hour in a year",12100,4,62,"/hourly-to-annual-salary-calculator/"
"how many hr in a year",12100,4,48,"/hourly-to-annual-salary-calculator/"
"smart assets paycheck calculator",12100,41,36,"/"
"superannuation rate",12100,7,81,"/superannuation-guide/"
"salary rate calculator",9900,13,29,"/hourly-to-annual-salary-calculator/"
"tax file declaration form",9900,5,45,"/tax-file-number-declaration/"
"tax file number declaration form",9900,,48,"/tax-file-number-declaration/"
"tax rates 2026",9900,36,68,"/tax-brackets/"
"teacher salaries vic",9900,,38,"/teacher-pay-australia/"
"teacher salary in victoria",9900,,42,"/teacher-pay-australia/"
"teacher salary in victoria australia",9900,1,32,"/teacher-pay-australia/"
"teacher salary vic",9900,,36,"/teacher-pay-australia/"
"teacher victoria salary",9900,2,42,"/teacher-pay-australia/vic/"
"teacher wage victoria",9900,1,42,"/teacher-pay-australia/vic/"
"teachers pay victoria",9900,2,35,"/teacher-pay-australia/vic/"
"teaching in victoria salary",9900,,38,"/teacher-pay-australia/"
"fortnightly tax table 2026",8100,,12,"/payg-withholding-tables/"
"how much tax do i pay",8100,38,77,"/"
"how much tax should i pay",8100,11,50,"/"
"redundancy payment",8100,1,88,"/redundancy-pay-guide/"
"tfn declaration form",8100,,42,"/tax-file-number-declaration/"
"after tax income calculator",6600,7,44,"/"
"calculate hecs repayment",6600,,29,"/hecs-help-calculator/"
"calculate hecs repayments",6600,2,47,"/hecs-help-calculator/"
"current super rate",6600,,83,"/super-guarantee-rate-history/"
"div 293 tax",6600,,67,"/division-293-tax/"
"division 293 tax",6600,,93,"/division-293-tax/"
"fortnightly tax table 2025",6600,,27,"/fortnightly-tax-table/"
"hecs pay calculator",6600,,15,"/hecs-help-calculator/"
"long service leave calculator",6600,2,61,"/long-service-leave-calculator/"
"margin tax rates",6600,17,47,"/tax-brackets/"
"marginal tax rate",6600,12,54,"/tax-brackets/"
"marginal tax rates",6600,32,53,"/tax-brackets/"
"pay after tax calculator",6600,7,44,"/monthly-pay-calculator/"
"post tax income calculator",6600,7,70,"/"
"salary after tax calculator",6600,8,71,"/monthly-pay-calculator/"
"tax marginal rates",6600,26,47,"/tax-brackets/"
"tax rate 2025",6600,32,75,"/tax-brackets/"
"tax rate marginal",6600,13,40,"/tax-brackets/"
"tax table 2026",6600,10,20,"/monthly-tax-table/"
"tax threshold",6600,32,49,"/tax-brackets/"
"tax thresholds",6600,26,50,"/tax-brackets/"
"taxation thresholds",6600,32,45,"/tax-brackets/"
"taxes withheld",6600,11,44,"/tax-return-calculator/"
"age pension calculator",5400,15,80,"/age-pension-income-test-calculator/"
"annual leave calculation",5400,,71,"/leave-calculator/"
"annual leave calculator",5400,,49,"/leave-calculator/"
"annual.leave calculation",5400,,70,"/leave-calculator/"
"calculate net salary",5400,1,46,"/monthly-pay-calculator/"
"estimating net pay",5400,14,49,"/gross-pay-calculator/"
"fortnightly tax calculator",5400,23,34,"/fortnightly-pay-calculator/"
"hospitality award",5400,,56,"/hospitality-award-rates/"
"income and tax rates",5400,32,61,"/tax-brackets/"
"income tax rates",5400,32,59,"/tax-brackets/"
"lito",5400,,40,"/low-income-tax-offset/"
"net income calculator",5400,1,54,"/gross-pay-calculator/"
"net pay calculator",5400,3,40,"/gross-pay-calculator/"
"net wage calculator",5400,,45,"/monthly-pay-calculator/"
"notice of assessment",5400,,46,"/notice-of-assessment/"
"pay calculator nsw",5400,15,24,"/pay-calculator-nsw/"
"paycheck net calculator",5400,53,57,"/"
"redundancy calculator",5400,2,57,"/redundancy-pay-calculator/"
"redundancy pay calculator",5400,,56,"/redundancy-pay-calculator/"
"redundancy payment calculation table",5400,3,25,"/redundancy-pay-calculator/"
"redundancy payment calculator",5400,15,28,"/redundancy-pay-calculator/"
"tax calculator fortnightly",5400,23,36,"/fortnightly-pay-calculator/"
"vps",5400,35,94,"/public-service-pay-scales/vic/"
"wage calculator nsw",5400,39,21,"/pay-calculator-nsw/"
"weekly tax table 2025",5400,,34,"/weekly-tax-table/"
"weekly tax table 2026",5400,,16,"/payg-withholding-tables/"
"australian tax brackets 2026",4400,32,65,"/tax-brackets/"
"fee help repayment",4400,21,38,"/hecs-help-guide/"
"fee-help repayment",4400,21,32,"/hecs-help-guide/"
"hecs help loan repayments",4400,17,44,"/hecs-help-guide/"
"hecs repayment",4400,12,58,"/hecs-help-guide/"
"hecs repayments",4400,8,39,"/hecs-help-guide/"
"income tax brackets",4400,37,57,"/tax-brackets/"
"individual tax rate",4400,32,63,"/tax-brackets/"
"individual tax rates",4400,32,61,"/tax-brackets/"
"medicare levy calculator",4400,,26,"/medicare-levy/"
"payroll calculator",4400,11,41,"/monthly-pay-calculator/"
"repayment of hecs",4400,14,48,"/hecs-help-guide/"
"salary of a teacher",4400,5,26,"/teacher-pay-australia/"
"salary tax bracket",4400,37,41,"/tax-brackets/"
"salary tax brackets",4400,37,52,"/tax-brackets/"
"tax brackets and income",4400,32,56,"/tax-brackets/"
"tax individual rate",4400,38,62,"/tax-brackets/"
"tax individual rates",4400,38,58,"/tax-brackets/"
"tax rate for individuals",4400,37,66,"/tax-brackets/"
"tax rate individual",4400,32,61,"/tax-brackets/"
"tax rates for individuals",4400,37,68,"/tax-brackets/"
"tax thresholds 2026",4400,37,64,"/tax-brackets/"
"taxes and income brackets",4400,32,54,"/tax-brackets/"
"teacher earnings",4400,15,22,"/teacher-pay-australia/"
"teacher salary",4400,7,24,"/teacher-pay-australia/"
"teacher salary in nsw",4400,,34,"/teacher-pay-australia/nsw/"
"teacher wage",4400,11,25,"/teacher-pay-australia/"
"ato tax schedule",3600,28,39,"/weekly-tax-table/"
"australian tax tables",3600,32,35,"/tax-brackets/"
"award wage for hospitality",3600,,24,"/hospitality-award-rates/"
"hecs repayment threshold",3600,5,16,"/hecs-repayment-threshold/"
"hecs repayment thresholds",3600,5,15,"/hecs-repayment-threshold/"
"hospitality award rates",3600,,14,"/hospitality-award-rates/"
"nurse income",3600,,29,"/healthcare-worker-pay/qld/"
"nurse salaries",3600,1,77,"/healthcare-worker-pay/nsw/"
"nurse salary",3600,,77,"/healthcare-worker-pay/vic/"
"nurses salaries",3600,1,76,"/healthcare-worker-pay/nsw/"
"nurses salary",3600,,77,"/healthcare-worker-pay/nsw/"
"nursing salaries",3600,1,75,"/healthcare-worker-pay/nsw/"
"nursing salary",3600,1,76,"/healthcare-worker-pay/vic/"
"pact calculator",3600,12,64,"/salary-package-calculator/"
"retail award rate",3600,,50,"/retail-award-rates/"
"retail industry award rates",3600,,50,"/retail-award-rates/"
"salary nurse",3600,,78,"/healthcare-worker-pay/vic/"
"schads",3600,,82,"/schads-award-pay-rates/"
"schads award 2025",3600,,36,"/schads-award-pay-rates/"
"schads award pay rates",3600,,22,"/schads-award-pay-rates/"
"tax brackets australia 2026",3600,37,68,"/tax-brackets/"
"vps pay grades",3600,,10,"/public-service-pay-scales/vic/"
"vps pay rates",3600,,12,"/public-service-pay-scales/vic/"
"vps salaries",3600,,14,"/public-service-pay-scales/vic/"
"vps salary",3600,,14,"/public-service-pay-scales/vic/"
"vps salary rates",3600,,11,"/public-service-pay-scales/vic/"
"wage and tax calculator",3600,9,75,"/monthly-pay-calculator/"
"wages and tax calculator",3600,8,75,"/monthly-pay-calculator/"
"2026 tax brackets",2900,32,64,"/tax-brackets/"
"2026 tax rates",2900,43,51,"/tax-brackets/"
"australia tax rates",2900,37,55,"/tax-brackets/"
"gross income",2900,,53,"/gross-pay-calculator/"
"income tax brackets australia",2900,43,52,"/tax-brackets/"
"long service leave calculator nsw",2900,,55,"/long-service-leave-calculator/"
"long service leave nsw calculator",2900,,57,"/long-service-leave-calculator/"
"low income tax offset",2900,5,46,"/low-income-tax-offset/"
"lsl calculator nsw",2900,,51,"/long-service-leave-calculator/"
"medicare levy surcharge calculator",2900,10,29,"/medicare-levy/"
"nurse wage qld",2900,,26,"/healthcare-worker-pay/qld/"
"nurse wages qld",2900,,27,"/healthcare-worker-pay/qld/"
"nurses salary qld",2900,,39,"/healthcare-worker-pay/qld/"
"nurses wage qld",2900,,28,"/healthcare-worker-pay/qld/"
"nursing pay rates qld",2900,,24,"/healthcare-worker-pay/qld/"
"nursing penalty rates qld",2900,,21,"/healthcare-worker-pay/qld/"
"nursing salary qld",2900,,41,"/healthcare-worker-pay/qld/"
"nursing wage rates qld",2900,,17,"/healthcare-worker-pay/qld/"
"nursing wages qld",2900,,26,"/healthcare-worker-pay/qld/"
"pay after tax",2900,6,49,"/annual-pay-calculator/"
"pay finder",2900,34,70,"/pay-calculator-wa/"
"pay rates",2900,21,33,"/award-rates/"
"pay rates nurses qld",2900,,22,"/healthcare-worker-pay/qld/"
"paye calculator",2900,34,37,"/"
"qld nurse pay rates",2900,,23,"/healthcare-worker-pay/qld/"
"qld nurses pay rates",2900,,21,"/healthcare-worker-pay/qld/"
"qld nursing pay rates",2900,,19,"/healthcare-worker-pay/qld/"
"qld nursing wages",2900,,22,"/healthcare-worker-pay/qld/"
"qld teacher pay",2900,,21,"/teacher-pay-australia/qld/"
"qld teacher salary",2900,,23,"/teacher-pay-australia/qld/"
"qld teachers pay",2900,,26,"/teacher-pay-australia/qld/"
"queensland nurse pay rates",2900,,19,"/healthcare-worker-pay/qld/"
"queensland nurses pay",2900,,24,"/healthcare-worker-pay/qld/"
"queensland nurses pay rates",2900,,17,"/healthcare-worker-pay/qld/"
"queensland nursing salary",2900,,40,"/healthcare-worker-pay/qld/"
"queensland teacher pay",2900,,21,"/teacher-pay-australia/qld/"
"queensland teachers pay rate",2900,,20,"/teacher-pay-australia/qld/"
"rates of pay",2900,23,37,"/award-rates/"
"redundancy payment nsw",2900,1,44,"/redundancy-pay-guide/"
"registered nurse wages qld",2900,,26,"/healthcare-worker-pay/qld/"
"salary after tax",2900,5,44,"/annual-pay-calculator/"
"tax bracket australia 2025",2900,32,75,"/tax-brackets/"
"tax brackets australia 2025",2900,32,84,"/tax-brackets/"
"tax file number declaration",2900,4,46,"/tax-file-number-declaration/"
"tax low income offset",2900,5,44,"/low-income-tax-offset/"
"tax offset low income",2900,13,42,"/low-income-tax-offset/"
"tax offsets low income",2900,12,93,"/low-income-tax-offset/"
"teacher pay queensland",2900,,31,"/teacher-pay-australia/qld/"
"teacher pay rates qld",2900,,24,"/teacher-pay-australia/qld/"
"teacher salaries qld",2900,,20,"/teacher-pay-australia/qld/"
"teachers salaries queensland",2900,,19,"/teacher-pay-australia/qld/"
"teachers salary qld",2900,,20,"/teacher-pay-australia/qld/"
"teaching salary qld",2900,,17,"/teacher-pay-australia/qld/"
"teaching salary queensland",2900,,16,"/teacher-pay-australia/qld/"
"teaching wages qld",2900,,19,"/teacher-pay-australia/qld/"
"tfn declaration",2900,3,24,"/tax-file-number-declaration/"
"year to date calculator",2900,7,45,"/ytd-income-calculator/"
"year-to date calculator",2900,,38,"/ytd-income-calculator/"
"ytd calculator",2900,,51,"/ytd-income-calculator/"
"adp hourly paycheck calculator",2400,21,44,"/"
"adp payroll hourly calculator",2400,16,47,"/"
"australia nurses pay rates",2400,1,87,"/healthcare-worker-pay/nsw/"
"australia tax slabs",2400,32,54,"/tax-brackets/"
"australian nurses pay rates",2400,1,83,"/healthcare-worker-pay/nsw/"
"australian nursing pay rates",2400,1,86,"/healthcare-worker-pay/nsw/"
"australian tax slab",2400,37,51,"/tax-brackets/"
"australian tax slabs",2400,31,47,"/tax-brackets/"
"calculating pay rate",2400,8,32,"/hourly-to-annual-salary-calculator/"
"concessional contributions cap 2026",2400,5,94,"/news/super-contribution-caps-2026-27/"
"fair work pay rates",2400,56,27,"/award-rates/"
"fortnights in a year",2400,,69,"/fortnightly-pay-calculator/"
"individual tax rate 2025",2400,37,53,"/tax-brackets/"
"individual tax rates 2025",2400,37,85,"/tax-brackets/"
"midwife pay rate",2400,,65,"/healthcare-worker-pay/qld/"
"minimum wage increase 2026",2400,14,59,"/news/minimum-wage-increase-july-2026/"
"monthly tax table",2400,,21,"/monthly-tax-table/"
"notice of assessment ato",2400,4,40,"/notice-of-assessment/"
"nurse pay rate in australia",2400,1,80,"/healthcare-worker-pay/nsw/"
"nurse wage australia",2400,,89,"/healthcare-worker-pay/vic/"
"nurse wages australia",2400,1,91,"/healthcare-worker-pay/vic/"
"nursing australia pay rates",2400,1,74,"/healthcare-worker-pay/nsw/"
"nursing pay rate in australia",2400,1,83,"/healthcare-worker-pay/nsw/"
"nursing pay rates in australia",2400,2,78,"/healthcare-worker-pay/nsw/"
"nursing wages australia",2400,1,44,"/healthcare-worker-pay/vic/"
"pay rate for nurses in australia",2400,2,85,"/healthcare-worker-pay/nsw/"
"pay rates fair work",2400,61,28,"/award-rates/"
"paycheck calculator adp hourly",2400,49,47,"/"
"paycheck calculator hourly adp",2400,18,45,"/"
"sapto",2400,,20,"/sapto-calculator/"
"super co contribution",2400,,78,"/super-co-contribution/"
"super contribution cap 2026",2400,5,97,"/news/super-contribution-caps-2026-27/"
"super rate australia",2400,8,75,"/superannuation-guide/"
"superannuation percentage in australia",2400,2,46,"/superannuation-guide/"
"superannuation rate australia",2400,1,53,"/superannuation-guide/"
"tax file number form",2400,39,38,"/tax-file-number-declaration/"
"tax free threshold 2025",2400,17,44,"/tax-brackets/"
"tax free threshold 2026",2400,17,38,"/tax-brackets/"
"tax monthly table",2400,1,21,"/monthly-tax-table/"
"tax table monthly",2400,,20,"/monthly-tax-table/"
"tax tables monthly",2400,,19,"/monthly-tax-table/"
"tax threshold 2025",2400,25,42,"/tax-brackets/"
"tax thresholds 2025",2400,25,74,"/tax-brackets/"
"tax-free threshold 2025",2400,25,37,"/tax-brackets/"
"teacher salaries wa",2400,,49,"/teacher-pay-australia/wa/"
"teacher salary wa",2400,,48,"/teacher-pay-australia/wa/"
"teacher salary western australia",2400,,51,"/teacher-pay-australia/wa/"
"teacher wages wa",2400,,49,"/teacher-pay-australia/wa/"
"teachers salary wa",2400,,48,"/teacher-pay-australia/wa/"
"teachers wage wa",2400,,50,"/teacher-pay-australia/wa/"
"wa teacher pay",2400,,52,"/teacher-pay-australia/wa/"
"wa teacher pay rates",2400,,44,"/teacher-pay-australia/wa/"
"wa teacher salaries",2400,,50,"/teacher-pay-australia/wa/"
"wa teacher salary",2400,,49,"/teacher-pay-australia/wa/"
"wa teachers salary",2400,,51,"/teacher-pay-australia/wa/"
"wa teaching salary",2400,,49,"/teacher-pay-australia/wa/"
"western australia teacher salary",2400,,35,"/teacher-pay-australia/"
"what are the tax brackets in australia",2400,42,66,"/tax-brackets/"
"youth allowance calculator",2400,4,20,"/austudy-youth-allowance-calculator/"
"youth allowance estimator",2400,3,18,"/austudy-youth-allowance-calculator/"
"2025 tax rates",1900,37,52,"/tax-brackets/"
"annual earning calculator",1900,4,33,"/annual-pay-calculator/"
"annual income calculator",1900,24,41,"/hourly-to-annual-salary-calculator/"
"annual wage calculator",1900,13,26,"/hourly-to-annual-salary-calculator/"
"aps 6 pay rate",1900,,25,"/public-service-pay-scales/aps/"
"aps 6 salary",1900,,34,"/public-service-pay-scales/aps/"
"aps6 salary",1900,,36,"/public-service-pay-scales/aps/"
"ato fortnightly tax table",1900,2,19,"/fortnightly-tax-table/"
"ato notice of assessment",1900,5,37,"/notice-of-assessment/"
"ato tax rates fortnightly",1900,,26,"/fortnightly-tax-table/"
"ato tax schedule fortnightly",1900,2,20,"/fortnightly-tax-table/"
"australia highest tax bracket",1900,26,82,"/tax-brackets/"
"australia income tax brackets",1900,37,58,"/tax-brackets/"
"australia salary tax rates",1900,43,53,"/tax-brackets/"
"australian minimum wage annual",1900,27,28,"/minimum-wage-history-australia/"
"australian tax office notice of assessment",1900,6,36,"/notice-of-assessment/"
"award pay rates",1900,16,24,"/award-rates/"
"award rates",1900,19,22,"/award-rates/"
"award wage rates",1900,16,28,"/award-rates/"
"award wages",1900,19,25,"/award-rates/"
"award wages rates",1900,26,8,"/award-rates/"
"calculate annual salary",1900,9,19,"/hourly-to-annual-salary-calculator/"
"hecs repayment rates",1900,5,51,"/hecs-repayment-threshold/"
"high tax bracket australia",1900,26,58,"/tax-brackets/"
"higher tax bracket australia",1900,26,48,"/tax-brackets/"
"highest australian tax bracket",1900,32,50,"/tax-brackets/"
"highest tax bracket australia",1900,27,54,"/tax-brackets/"
"hour calculator pay",1900,33,75,"/hourly-to-annual-salary-calculator/"
"hour to year",1900,6,15,"/hourly-to-annual-salary-calculator/"
"hour wage calculator",1900,43,24,"/hourly-to-annual-salary-calculator/"
"hourly wages calculator",1900,46,26,"/hourly-to-annual-salary-calculator/"
"how much is super",1900,13,46,"/superannuation-guide/"
"how much is super in australia",1900,10,42,"/superannuation-guide/"
"income tax rate au",1900,43,55,"/tax-brackets/"
"income tax rates australia",1900,32,55,"/tax-brackets/"
"income tax scale australia",1900,43,49,"/tax-brackets/"
"income yearly calculator",1900,24,45,"/hourly-to-annual-salary-calculator/"
"individual tax rates 2026",1900,32,40,"/tax-brackets/"
"long service leave calculator vic",1900,1,65,"/long-service-leave-calculator/"
"lsl calculator vic",1900,1,64,"/long-service-leave-calculator/"
"minimum wage australia annual",1900,26,57,"/minimum-wage-history-australia/"
"minimum wage australia yearly",1900,30,49,"/minimum-wage-history-australia/"
"net income calculator australia",1900,3,46,"/gross-pay-calculator/"
"net pay calculator australia",1900,4,42,"/monthly-pay-calculator/"
"net wages calculator australia",1900,4,41,"/gross-pay-calculator/"
"nsw nurse salary",1900,,65,"/healthcare-worker-pay/nsw/"
"nsw nurses salary",1900,6,69,"/healthcare-worker-pay/nsw/"
"nsw nursing salary",1900,,68,"/healthcare-worker-pay/nsw/"
"nsw registered nurse pay rates",1900,,26,"/healthcare-worker-pay/nsw/"
"nsw registered nurse salary",1900,,65,"/healthcare-worker-pay/nsw/"
"nsw tax brackets",1900,37,39,"/tax-brackets/"
"nurse pay nsw",1900,,67,"/healthcare-worker-pay/nsw/"
"nurse pay rate nsw",1900,,42,"/healthcare-worker-pay/nsw/"
"nurse practitioner pay rate",1900,,34,"/healthcare-worker-pay/qld/"
"nurse salary nsw",1900,,69,"/healthcare-worker-pay/nsw/"
"nurse wage nsw",1900,,72,"/healthcare-worker-pay/nsw/"
"nurse wages nsw",1900,1,66,"/healthcare-worker-pay/nsw/"
"nurses pay nsw",1900,,33,"/healthcare-worker-pay/nsw/"
"nurses salary in nsw",1900,,34,"/healthcare-worker-pay/nsw/"
"nurses salary nsw",1900,,68,"/healthcare-worker-pay/nsw/"
"nursing nsw salary",1900,,68,"/healthcare-worker-pay/nsw/"
"nursing pay nsw",1900,,70,"/healthcare-worker-pay/nsw/"
"nursing salaries nsw",1900,1,71,"/healthcare-worker-pay/nsw/"
"nursing salary nsw",1900,,66,"/healthcare-worker-pay/nsw/"
"pay calculator qld",1900,38,20,"/pay-calculator-qld/"
"pay calculator queensland",1900,15,34,"/pay-calculator-qld/"
"pay rate qld health",1900,,19,"/healthcare-worker-pay/qld/"
"pay scale victorian teachers",1900,,44,"/teacher-pay-australia/vic/"
"pension increase march 2026",1900,,39,"/news/age-pension-increase-march-2026/"
"qld health pay rates",1900,,18,"/healthcare-worker-pay/qld/"
"registered nurse nsw salary",1900,,65,"/healthcare-worker-pay/nsw/"
"registered nurse pay rate nsw",1900,1,34,"/healthcare-worker-pay/nsw/"
"registered nurse pay rates nsw",1900,1,27,"/healthcare-worker-pay/nsw/"
"registered nurse salary nsw",1900,,64,"/healthcare-worker-pay/nsw/"
"registered nurses salary nsw",1900,,61,"/healthcare-worker-pay/nsw/"
"rn salary nsw",1900,,65,"/healthcare-worker-pay/nsw/"
"rn wages nsw",1900,,31,"/healthcare-worker-pay/nsw/"
"salary calculator qld",1900,10,33,"/pay-calculator-qld/"
"salary packaging calculator",1900,7,77,"/salary-packaging-guide/"
"salary tax brackets australia",1900,37,52,"/tax-brackets/"
"sapto eligibility",1900,,26,"/sapto-calculator/"
"super guarantee amount",1900,8,53,"/super-guarantee-rate-history/"
"super guarantee rate",1900,6,90,"/super-guarantee-rate-history/"
"super percentage",1900,8,49,"/superannuation-guide/"
"superannuation base",1900,11,48,"/superannuation-guide/"
"superannuation guarantee amount",1900,8,58,"/super-guarantee-rate-history/"
"superannuation percentage",1900,1,82,"/superannuation-guide/"
"tax brackets nsw",1900,32,53,"/tax-brackets/"
"tax thresholds australia",1900,32,51,"/tax-brackets/"
"teacher pay scale victoria",1900,,35,"/teacher-pay-australia/vic/"
"teachers pay scale victoria",1900,,42,"/teacher-pay-australia/vic/"
"top tax bracket in australia",1900,26,56,"/tax-brackets/"
"vic teacher pay scale",1900,,32,"/teacher-pay-australia/vic/"
"vic teachers pay scale",1900,,41,"/teacher-pay-australia/vic/"
"victorian teachers pay scale",1900,,34,"/teacher-pay-australia/vic/"
"wages and awards",1900,21,43,"/award-rates/"
"wages calculator per hour",1900,9,24,"/hourly-to-annual-salary-calculator/"
"weekly pay calculator",1900,11,26,"/weekly-pay-calculator/"
"weekly paycheck calculator",1900,15,29,"/"
"weekly tax table 2026 pdf",1900,,21,"/payg-withholding-tables/"
"what is the tax percentage in australia",1900,42,60,"/tax-brackets/"
"what is the tax rate in australia",1900,37,63,"/tax-brackets/"
"yearly salary calculator",1900,24,20,"/hourly-to-annual-salary-calculator/"
"annual salary calculator",1600,11,24,"/hourly-to-annual-salary-calculator/"
"ato tax brackets 2026",1600,42,64,"/tax-brackets/"
"australia income tax rates",1600,43,53,"/tax-brackets/"
"australian income tax rates",1600,43,52,"/tax-brackets/"
"australian tax brackets 2025",1600,37,40,"/tax-brackets/"
"calculate gross pay",1600,,29,"/gross-pay-calculator/"
"calculate hecs",1600,,51,"/hecs-repayment-threshold/"
"calculate leave",1600,,54,"/leave-calculator/"
"calculator for gross pay",1600,,31,"/gross-pay-calculator/"
"fbt year",1600,1,47,"/fringe-benefits-tax/"
"fringe benefit tax year",1600,8,59,"/fringe-benefits-tax/"
"gross income calculator",1600,11,36,"/gross-pay-calculator/"
"gross pay estimator",1600,1,28,"/gross-pay-calculator/"
"hecs calculator",1600,,47,"/hecs-repayment-threshold/"
"hecs help threshold",1600,15,53,"/hecs-repayment-threshold/"
"hecs threshold",1600,8,56,"/hecs-repayment-threshold/"
"hecs thresholds",1600,2,58,"/hecs-repayment-threshold/"
"how much do teachers get paid",1600,10,27,"/teacher-pay-australia/"
"how much does a teacher get paid",1600,7,25,"/teacher-pay-australia/"
"how much is paid parental leave",1600,5,46,"/parental-leave-pay/"
"leave calculation",1600,,25,"/leave-calculator/"
"leave calculator",1600,,45,"/leave-calculator/"
"minimum wages for 18 year olds in australia",1600,19,31,"/junior-pay-rates/"
"moneysmart tax calculator",1600,37,51,"/"
"notice of assessment tax",1600,,46,"/notice-of-assessment/"
"notice of tax assessment",1600,,43,"/notice-of-assessment/"
"nursing wages",1600,2,34,"/healthcare-worker-pay/nsw/"
"paycheck gross calculator",1600,35,39,"/gross-pay-calculator/"
"personal income tax rates",1600,32,52,"/tax-brackets/"
"personal tax rates",1600,37,56,"/tax-brackets/"
"qld minimum wage",1600,30,28,"/minimum-wage-history-australia/"
"repaying hecs debt",1600,12,62,"/hecs-help-guide/"
"salary sacrifice super calculator",1600,7,80,"/salary-package-calculator/"
"salary sacrifice superannuation calculator",1600,,79,"/salary-package-calculator/"
"tax assessment notice",1600,,45,"/notice-of-assessment/"
"tax assessment notices",1600,,44,"/notice-of-assessment/"
"tax notice of assessment",1600,,69,"/notice-of-assessment/"
"taxation assessment notice",1600,,38,"/notice-of-assessment/"
"taxation notice of assessment",1600,,57,"/notice-of-assessment/"
"what is a gross pay",1600,,36,"/gross-pay-calculator/"
"what is a gross payment",1600,,32,"/gross-pay-calculator/"
"what is the superannuation rate",1600,4,79,"/super-guarantee-rate-history/"
"ytd",1600,11,29,"/ytd-income-calculator/"
"2025 tax brackets",1300,12,77,"/tax-brackets/"
"accrued annual leave calculator",1300,,57,"/leave-calculator/"
"age pension increase march 2026",1300,,35,"/news/age-pension-increase-march-2026/"
"annual leave accrual calculator",1300,,60,"/leave-calculator/"
"aps 5 salary",1300,,25,"/public-service-pay-scales/aps/"
"ato tax chart weekly",1300,6,42,"/weekly-tax-table/"
"ato tax schedule weekly",1300,5,30,"/weekly-tax-table/"
"ato tax table weekly",1300,,30,"/weekly-tax-table/"
"ato tax tables weekly",1300,7,43,"/weekly-tax-table/"
"ato weekly tax table",1300,,33,"/weekly-tax-table/"
"australia tax threshold",1300,26,45,"/tax-brackets/"
"australia tax thresholds",1300,37,47,"/tax-brackets/"
"australia teacher salaries",1300,4,28,"/teacher-pay-australia/"
"australia teacher salary",1300,7,28,"/teacher-pay-australia/"
"australia teachers salary",1300,9,27,"/teacher-pay-australia/"
"australia teaching salary",1300,7,29,"/teacher-pay-australia/"
"australian tax scales weekly",1300,15,38,"/weekly-tax-table/"
"australian tax tables weekly",1300,,30,"/weekly-tax-table/"
"australian tax thresholds",1300,37,41,"/tax-brackets/"
"australian teacher pay",1300,7,52,"/teacher-pay-australia/"
"australian teacher salary",1300,5,28,"/teacher-pay-australia/"
"australian teacher wage",1300,6,52,"/teacher-pay-australia/"
"australian teachers salary",1300,3,51,"/teacher-pay-australia/"
"bonus pay",1300,,57,"/bonus-tax-calculator/"
"bonus payable",1300,,65,"/bonus-tax-calculator/"
"bonus payments",1300,1,57,"/bonus-tax-calculator/"
"calculate annual leave accrual",1300,,62,"/leave-calculator/"
"calculate gross salary",1300,,26,"/gross-pay-calculator/"
"calculating accrued annual leave",1300,,74,"/leave-calculator/"
"fortnightly tax",1300,3,32,"/fortnightly-tax-table/"
"fringe benefits tax calculator",1300,,41,"/fringe-benefits-tax/"
"gross pay",1300,,34,"/gross-pay-calculator/"
"gross pay calculator",1300,,35,"/gross-pay-calculator/"
"gross payment",1300,,38,"/gross-pay-calculator/"
"gross payment calculator",1300,2,38,"/gross-pay-calculator/"
"gross payments",1300,,31,"/gross-pay-calculator/"
"gross salary calculator",1300,5,35,"/gross-pay-calculator/"
"gross wages calculator",1300,2,31,"/gross-pay-calculator/"
"holiday leave accrual calculator",1300,,58,"/leave-calculator/"
"how much income tax in australia",1300,40,58,"/tax-brackets/"
"how much is tax in australia",1300,41,48,"/tax-brackets/"
"how much tax do you pay in australia",1300,38,68,"/tax-brackets/"
"how much tax should i get back",1300,25,51,"/tax-return-calculator/"
"income calculator gross",1300,12,40,"/gross-pay-calculator/"
"income gross calculator",1300,12,41,"/gross-pay-calculator/"
"income tax threshold",1300,26,58,"/tax-brackets/"
"income tax threshold australia",1300,31,53,"/tax-brackets/"
"income tax thresholds",1300,32,54,"/tax-brackets/"
"income tax thresholds australia",1300,37,53,"/tax-brackets/"
"jobseeker payment calculator",1300,,11,"/centrelink-income-test/"
"long service leave calculation qld",1300,,69,"/long-service-leave-calculator/"
"long service leave calculator qld",1300,2,59,"/long-service-leave-calculator/"
"marginal tax rates 2026",1300,37,49,"/tax-brackets/"
"pay calculator vic",1300,17,30,"/pay-calculator-vic/"
"pay calculator wa",1300,38,27,"/pay-calculator-wa/"
"payg table",1300,,13,"/payg-withholding-tables/"
"payg tables",1300,,12,"/payg-withholding-tables/"
"payg tax chart",1300,14,53,"/weekly-tax-table/"
"payg tax rates",1300,32,27,"/payg-withholding-tables/"
"payg tax table",1300,3,26,"/payg-withholding-tables/"
"payroll bonus",1300,,56,"/bonus-tax-calculator/"
"pdf weekly tax table",1300,,35,"/weekly-tax-table/"
"qld health nurse wage",1300,,15,"/healthcare-worker-pay/qld/"
"qld health nurse wages",1300,,17,"/healthcare-worker-pay/qld/"
"qld health nursing pay rates",1300,,14,"/healthcare-worker-pay/qld/"
"qld health nursing wages",1300,,14,"/healthcare-worker-pay/qld/"
"qld long service leave calculator",1300,,61,"/long-service-leave-calculator/"
"qld lsl calculator",1300,,58,"/long-service-leave-calculator/"
"qld teacher pay scale",1300,,13,"/teacher-pay-australia/qld/"
"qld teachers pay scale",1300,,16,"/teacher-pay-australia/qld/"
"queensland long service leave calculator",1300,,57,"/long-service-leave-calculator/"
"queensland teacher pay scale",1300,,15,"/teacher-pay-australia/qld/"
"queensland teachers pay scale",1300,,16,"/teacher-pay-australia/qld/"
"redundancy calculator nsw",1300,15,18,"/redundancy-pay-calculator/"
"salary calculator gross",1300,7,36,"/gross-pay-calculator/"
"salary for teachers in australia",1300,6,26,"/teacher-pay-australia/"
"salary gross calculator",1300,5,37,"/gross-pay-calculator/"
"salary of a teacher in australia",1300,7,28,"/teacher-pay-australia/"
"salary of teacher in australia",1300,6,27,"/teacher-pay-australia/"
"salary of teachers in australia",1300,8,25,"/teacher-pay-australia/"
"schads level 4",1300,,27,"/schads-award-pay-rates/"
"schads level 5",1300,,25,"/schads-award-pay-rates/"
"tax brackets 2025--26",1300,25,53,"/tax-brackets/"
"tax file number withholding tax",1300,1,34,"/tax-file-number-declaration/"
"tax fortnightly",1300,3,31,"/fortnightly-pay-calculator/"
"tax in australia how much",1300,43,73,"/tax-brackets/"
"tax rates australia 2026",1300,36,69,"/tax-brackets/"
"tax table weekly ato",1300,,33,"/weekly-tax-table/"
"tax table weekly pdf",1300,,33,"/weekly-tax-table/"
"taxable threshold",1300,26,76,"/tax-brackets/"
"teach australia salary",1300,6,24,"/teacher-pay-australia/"
"teacher australia salary",1300,6,23,"/teacher-pay-australia/"
"teacher pay scale qld",1300,,13,"/teacher-pay-australia/qld/"
"teacher salaries australia",1300,9,27,"/teacher-pay-australia/"
"teacher salaries in australia",1300,8,28,"/teacher-pay-australia/"
"teacher salary aus",1300,4,32,"/teacher-pay-australia/"
"teacher salary australia",1300,6,24,"/teacher-pay-australia/"
"teacher salary in australia",1300,5,31,"/teacher-pay-australia/"
"teachers australia salary",1300,5,29,"/teacher-pay-australia/"
"teachers in australia salary",1300,4,26,"/teacher-pay-australia/"
"teachers salaries in australia",1300,4,18,"/teacher-pay-australia/"
"teachers salary australia",1300,4,26,"/teacher-pay-australia/"
"teachers salary in australia",1300,4,24,"/teacher-pay-australia/"
"teaching australia salary",1300,7,25,"/teacher-pay-australia/"
"teaching pay in australia",1300,4,22,"/teacher-pay-australia/"
"teaching salaries in australia",1300,6,30,"/teacher-pay-australia/"
"teaching salary australia",1300,7,28,"/teacher-pay-australia/"
"teaching salary in australia",1300,4,26,"/teacher-pay-australia/"
"vic salary calculator",1300,17,20,"/pay-calculator-vic/"
"wage calculator vic",1300,15,32,"/"
"wage increase 2026",1300,6,60,"/news/minimum-wage-increase-july-2026/"
"weekly tax table ato",1300,,30,"/weekly-tax-table/"
"weekly tax table australian taxation office",1300,1,31,"/weekly-tax-table/"
"weekly tax table pdf",1300,,32,"/weekly-tax-table/"
"wfh rate 2025",1300,,68,"/work-from-home-deductions/"
"what is the super rate in australia",1300,8,47,"/superannuation-guide/"
"aps 4 salary",1000,,34,"/public-service-pay-scales/"
"ato tax rates 2025-26",1000,32,87,"/income-tax-calculator/"
"australia pay rate",1000,39,39,"/award-rates/"
"australia pay rates",1000,30,19,"/award-rates/"
"bonus and tax calculator",1000,6,1,"/bonus-tax-calculator/"
"bonus pay tax calculator",1000,,5,"/bonus-tax-calculator/"
"bonus payment tax calculator",1000,,3,"/bonus-tax-calculator/"
"bonus tax calculator",1000,,3,"/bonus-tax-calculator/"
"bonuses tax calculator",1000,,4,"/bonus-tax-calculator/"
"calculate bonus after tax",1000,,1,"/bonus-tax-calculator/"
"calculate tax on bonus",1000,,5,"/bonus-tax-calculator/"
"fortnightly pay calculator",1000,8,26,"/fortnightly-pay-calculator/"
"fortnightly payment calculator",1000,10,32,"/fortnightly-pay-calculator/"
"gross salary vs net salary",1000,7,40,"/gross-pay-calculator/"
"gross vs net income",1000,,82,"/gross-pay-calculator/"
"gross vs net salary",1000,6,48,"/gross-pay-calculator/"
"how many fortnight in a year",1000,,61,"/fortnightly-pay-calculator/"
"how much tax do i pay australia",1000,41,74,"/"
"how much tax will i pay australia",1000,38,73,"/"
"income tax chart",1000,32,45,"/tax-brackets/"
"income tax table",1000,32,48,"/tax-brackets/"
"long service leave calculator w a",1000,2,61,"/long-service-leave-calculator/"
"long service leave calculator wa",1000,2,58,"/long-service-leave-calculator/"
"long service leave wa calculator",1000,2,60,"/long-service-leave-calculator/"
"long service leave western australia calculator",1000,,58,"/long-service-leave-calculator/"
"lsl calculator wa",1000,4,57,"/long-service-leave-calculator/"
"minimum pay rate in australia",1000,25,93,"/minimum-wage-history-australia/"
"net salary vs gross salary",1000,7,44,"/gross-pay-calculator/"
"net versus gross pay",1000,,57,"/gross-pay-calculator/"
"net vs gross pay",1000,,50,"/gross-pay-calculator/"
"net vs gross salary",1000,3,45,"/gross-pay-calculator/"
"non resident tax rate",1000,27,37,"/non-resident-tax/"
"non resident tax rates",1000,14,36,"/non-resident-tax/"
"non-resident tax rates",1000,14,36,"/non-resident-tax/"
"nsw nurse pay",1000,,29,"/healthcare-worker-pay/nsw/"
"nsw nurse pay rates",1000,,23,"/healthcare-worker-pay/nsw/"
"nsw nurses pay",1000,2,35,"/healthcare-worker-pay/nsw/"
"nsw nursing pay rates",1000,,28,"/healthcare-worker-pay/nsw/"
"nsw teacher pay scale",1000,,28,"/teacher-pay-australia/nsw/"
"nsw teachers pay scale",1000,,30,"/teacher-pay-australia/nsw/"
"nsw teaching pay scale",1000,,26,"/teacher-pay-australia/nsw/"
"part time versus casual",1000,1,62,"/full-time-vs-part-time-vs-casual/"
"pay calculator 2025",1000,14,50,"/"
"pay calculator hourly rate",1000,8,27,"/hourly-to-annual-salary-calculator/"
"pay rates australia",1000,25,23,"/award-rates/"
"personal tax table",1000,38,42,"/tax-brackets/"
"redundancy entitlements victoria",1000,22,39,"/redundancy-pay-guide/"
"salary gross vs net",1000,5,46,"/gross-pay-calculator/"
"salary v wage",1000,,49,"/salary-vs-hourly/"
"salary vs wage",1000,,39,"/salary-vs-hourly/"
"sgc rates",1000,13,63,"/superannuation-guide/"
"super guarantee charge rate",1000,,49,"/super-guarantee-charge/"
"super guarantee charge rates",1000,1,83,"/super-guarantee-rate-history/"
"take home pay calculator australia gov",1000,38,26,"/"
"tax bonus calculator",1000,,5,"/bonus-tax-calculator/"
"tax bonus payment calculator",1000,,4,"/bonus-tax-calculator/"
"tax breaks australia",1000,32,33,"/tax-brackets/"
"tax calculation on bonus",1000,2,12,"/bonus-tax-calculator/"
"tax calculator bonus",1000,,5,"/bonus-tax-calculator/"
"tax calculator bonus payment",1000,,7,"/bonus-tax-calculator/"
"tax calculator for bonus",1000,,6,"/bonus-tax-calculator/"
"tax calculator for bonuses",1000,,4,"/bonus-tax-calculator/"
"tax calculator on bonus",1000,,6,"/bonus-tax-calculator/"
"tax calculator on bonuses",1000,,4,"/bonus-tax-calculator/"
"tax calculator with bonus",1000,8,4,"/bonus-tax-calculator/"
"tax income table",1000,32,46,"/tax-brackets/"
"tax income tables",1000,23,49,"/tax-brackets/"
"tax on bonus calculator",1000,,3,"/bonus-tax-calculator/"
"tax rate australia 2025",1000,32,74,"/tax-brackets/"
"tax rate for non resident",1000,27,35,"/non-resident-tax/"
"tax rate non resident",1000,27,35,"/non-resident-tax/"
"tax rates au 2025",1000,42,76,"/tax-brackets/"
"tax rates australia 2025",1000,37,73,"/tax-brackets/"
"tax rates for non residents",1000,27,36,"/non-resident-tax/"
"tax table income",1000,32,47,"/tax-brackets/"
"tax table on income",1000,32,46,"/tax-brackets/"
"tax threshold australia",1000,32,48,"/tax-brackets/"
"tax week",1000,5,51,"/tax-calendar/"
"tax weekend",1000,14,25,"/tax-calendar/"
"taxable income chart",1000,32,46,"/tax-brackets/"
"taxable income table",1000,32,45,"/tax-brackets/"
"taxes year",1000,25,55,"/tax-calendar/"
"teacher pay scale nsw",1000,,27,"/teacher-pay-australia/nsw/"
"teachers pay scale nsw",1000,,27,"/teacher-pay-australia/nsw/"
"teaching pay scale nsw",1000,,27,"/teacher-pay-australia/nsw/"
"vps pay scale",1000,,11,"/public-service-pay-scales/vic/"
"wa long service leave calculator",1000,2,61,"/long-service-leave-calculator/"
"wa lsl calculator",1000,,57,"/long-service-leave-calculator/"
"weekly tax",1000,2,42,"/weekly-tax-table/"
"what is a notice of assessment",1000,3,49,"/notice-of-assessment/"
"working from home rates",1000,,98,"/work-from-home-deductions/"
"80000 after tax australia",880,,13,"/tax-on/80000/"
"90000 after tax australia",880,6,17,"/tax-on/90000/"
"annual leave accrued",880,,82,"/leave-calculator/"
"annual salary",880,15,27,"/hourly-to-annual-salary-calculator/"
"apprentice carpenter wages",880,,46,"/construction-trades-pay/"
"apprentice wages",880,,35,"/construction-trades-pay/"
"apprenticeship rates of pay",880,,33,"/construction-trades-pay/"
"aps level",880,6,34,"/public-service-pay-scales/aps/"
"aps levels",880,,38,"/public-service-pay-scales/aps/"
"ato tax brackets 2025",880,37,76,"/tax-brackets/"
"ato tax tables 2026",880,17,20,"/payg-withholding-tables/"
"australia tax brackets 2026",880,32,67,"/tax-brackets/"
"australian public service levels",880,,29,"/public-service-pay-scales/"
"australian tax rates 2026",880,43,52,"/tax-brackets/"
"average australian teacher salary",880,8,19,"/teacher-pay-australia/"
"average pay for teachers in australia",880,4,25,"/teacher-pay-australia/"
"average salary for a teacher in australia",880,15,24,"/teacher-pay-australia/"
"average salary for teachers in australia",880,8,25,"/teacher-pay-australia/"
"average salary of teachers in australia",880,4,27,"/teacher-pay-australia/"
"average salary teacher australia",880,8,28,"/teacher-pay-australia/"
"average teacher salary australia",880,8,23,"/teacher-pay-australia/"
"average teacher salary in australia",880,7,28,"/teacher-pay-australia/"
"average teaching salary australia",880,4,26,"/teacher-pay-australia/"
"average wage of a teacher in australia",880,4,25,"/teacher-pay-australia/"
"award pay rate nsw",880,42,22,"/award-rates/"
"award pay rates qld",880,19,20,"/award-rates/"
"award rates in nsw",880,15,19,"/award-rates/"
"award wage rates nsw",880,15,19,"/award-rates/"
"award wages nsw",880,17,15,"/award-rates/"
"award wages qld",880,15,21,"/award-rates/"
"award wages rates nsw",880,16,17,"/award-rates/"
"calculate my wage",880,15,78,"/pay-calculator-wa/"
"carpentry apprentice wage",880,,39,"/construction-trades-pay/"
"carpentry apprenticeship wages",880,,29,"/construction-trades-pay/"
"div 293 tax assessment",880,,65,"/division-293-tax/"
"el 1 salary",880,,20,"/public-service-pay-scales/aps/"
"el1 salary",880,,28,"/public-service-pay-scales/aps/"
"fortnightly tax table 2026 pdf",880,,17,"/payg-withholding-tables/"
"fringe benefit tax australia",880,22,62,"/fringe-benefits-tax/"
"gross and net",880,,47,"/gross-pay-calculator/"
"gross income net income",880,1,56,"/gross-pay-calculator/"
"gross net",880,,44,"/gross-pay-calculator/"
"gross net calculator",880,5,41,"/gross-pay-calculator/"
"gross to net calculator",880,5,34,"/gross-pay-calculator/"
"hecs indexation 2026",880,2,76,"/news/hecs-indexation-2026/"
"help loan repayment threshold",880,7,66,"/hecs-repayment-threshold/"
"help repayment threshold",880,4,65,"/hecs-repayment-threshold/"
"hourly pay calculator australia",880,3,29,"/hourly-to-annual-salary-calculator/"
"hourly rate calculator australia",880,3,26,"/hourly-to-annual-salary-calculator/"
"how is annual leave calculated",880,,33,"/leave-calculator/"
"how is long service leave calculated",880,,87,"/long-service-leave-calculator/"
"how is superannuation calculated",880,16,53,"/superannuation-guide/"
"how much does a nurse earn",880,,40,"/healthcare-worker-pay/vic/"
"how much tax",880,38,72,"/"
"how to calculate annual leave",880,,39,"/leave-calculator/"
"income calculator ytd",880,,51,"/ytd-income-calculator/"
"income tax rate 2026",880,37,77,"/tax-brackets/"
"income tax rates 2026",880,32,56,"/tax-brackets/"
"income year to date calculator",880,,52,"/ytd-income-calculator/"
"long service leave victoria calculator",880,,65,"/long-service-leave-calculator/"
"lsl victoria calculator",880,,62,"/long-service-leave-calculator/"
"max super contribution 2026",880,10,89,"/news/super-contribution-caps-2026-27/"
"maximum super contribution 2026",880,1,91,"/news/super-contribution-caps-2026-27/"
"monthly pay calculator",880,12,35,"/"
"monthly salary calculator",880,12,35,"/"
"monthly tax tables 2026",880,,13,"/payg-withholding-tables/"
"mypay calculator",880,34,57,"/"
"net and gross",880,,39,"/gross-pay-calculator/"
"net calculation",880,18,36,"/gross-pay-calculator/"
"net gross",880,,45,"/gross-pay-calculator/"
"net pay",880,4,37,"/gross-pay-calculator/"
"net pay to salary calculator",880,1,66,"/"
"net salary calculator",880,4,47,"/monthly-pay-calculator/"
"nsw award rates",880,19,18,"/award-rates/"
"nurse salary victoria",880,,63,"/healthcare-worker-pay/vic/"
"nurses pay rates victoria",880,,57,"/healthcare-worker-pay/vic/"
"nurses pay victoria",880,,75,"/healthcare-worker-pay/vic/"
"nurses salary in victoria",880,,66,"/healthcare-worker-pay/vic/"
"nurses salary victoria",880,,66,"/healthcare-worker-pay/vic/"
"nursing penalty rates victoria",880,,23,"/healthcare-worker-pay/vic/"
"over time rate",880,,38,"/overtime-pay-calculator/"
"overtime pay rates",880,,64,"/overtime-penalty-rates-guide/"
"overtime rates",880,,72,"/overtime-pay-calculator/"
"parental pay calculator",880,,55,"/parental-leave-pay/"
"pay calculator australia hourly rate",880,3,56,"/hourly-to-annual-salary-calculator/"
"pay calculator hourly rate australia",880,3,29,"/hourly-to-annual-salary-calculator/"
"pay calculator pro rata",880,5,64,"/"
"pay rates in australia",880,21,37,"/award-rates/"
"pay scale for teachers",880,15,61,"/teacher-pay-australia/"
"pay scale of teachers",880,15,57,"/teacher-pay-australia/"
"pay scale teacher",880,15,63,"/teacher-pay-australia/"
"pay scale teachers",880,4,68,"/teacher-pay-australia/"
"paycheckcity calculator salary",880,10,38,"/"
"payscale calculator",880,15,34,"/"
"payslip generator",880,,30,"/payslip-generator/"
"pro rata pay calculator",880,10,65,"/"
"pro rata salary calculator",880,5,66,"/"
"queensland health pay rates",880,,19,"/healthcare-worker-pay/qld/"
"queensland tax rate",880,32,47,"/tax-brackets/"
"queensland tax rates",880,37,49,"/tax-brackets/"
"redundancy payment australia",880,9,72,"/redundancy-pay-guide/"
"sa teacher salary",880,,25,"/teacher-pay-australia/sa/"
"sa teachers salary",880,,44,"/teacher-pay-australia/sa/"
"salary and super calculator",880,9,57,"/"
"salary calculator australia hourly",880,1,25,"/hourly-to-annual-salary-calculator/"
"salary pro rata calculator",880,3,64,"/"
"salary to hourly rate calculator australia",880,,18,"/hourly-to-annual-salary-calculator/"
"salary yearly",880,16,24,"/hourly-to-annual-salary-calculator/"
"schads award pay rates 2025",880,,34,"/schads-award-pay-rates/"
"schads award rate",880,,27,"/schads-award-pay-rates/"
"schads level 3",880,,30,"/schads-award-pay-rates/"
"schads pay guide",880,,23,"/schads-award-pay-rates/"
"seniors and pensioners tax offset",880,,35,"/sapto-calculator/"
"seniors pensioners tax offset",880,,30,"/sapto-calculator/"
"south australia teacher salary",880,,31,"/teacher-pay-australia/"
"south australian teachers salary",880,,24,"/teacher-pay-australia/sa/"
"superannuation rate 2027",880,3,59,"/superannuation-guide/"
"tax brackets qld",880,32,52,"/tax-brackets/"
"tax cuts 2026",880,23,75,"/tax-changes-2026-27/"
"tax on 100k australia",880,18,24,"/tax-on/100000/"
"tax rates 2024 25",880,32,45,"/tax-brackets/"
"tax rates 2024--25",880,32,48,"/tax-brackets/"
"tax rates 2027",880,24,64,"/tax-brackets/"
"tax rates australia 2026 27",880,37,56,"/tax-changes-2026-27/"
"tax rates australia 2026--27",880,24,69,"/tax-changes-2026-27/"
"tax rates australia 2026-27",880,32,90,"/income-tax-calculator/"
"teacher pay rates south australia",880,,19,"/teacher-pay-australia/sa/"
"teacher pay scale",880,10,49,"/teacher-pay-australia/qld/"
"teacher pay scales",880,7,66,"/teacher-pay-australia/"
"teacher payment scale",880,10,63,"/teacher-pay-australia/wa/"
"teacher salary south australia",880,,24,"/teacher-pay-australia/sa/"
"teachers pay scale",880,5,67,"/teacher-pay-australia/vic/"
"teachers pay scales",880,10,51,"/teacher-pay-australia/qld/"
"teachers salary sa",880,,20,"/teacher-pay-australia/sa/"
"teachers salary south australia",880,,21,"/teacher-pay-australia/sa/"
"teaching pay scale",880,16,66,"/teacher-pay-australia/"
"teaching salary sa",880,,28,"/teacher-pay-australia/sa/"
"victoria nurse pay rates",880,,29,"/healthcare-worker-pay/vic/"
"victoria nurse salary",880,,64,"/healthcare-worker-pay/vic/"
"victoria nurses pay rates",880,,31,"/healthcare-worker-pay/vic/"
"victoria nursing pay rates",880,,25,"/healthcare-worker-pay/vic/"
"victorian nurses pay rates",880,,26,"/healthcare-worker-pay/vic/"
"victorian nurses salary",880,,67,"/healthcare-worker-pay/vic/"
"wage yearly",880,23,23,"/hourly-to-annual-salary-calculator/"
"wages for apprentice",880,,38,"/construction-trades-pay/"
"weekly tax sheet",880,,33,"/weekly-tax-table/"
"weekly tax tables",880,1,37,"/weekly-tax-table/"
"what are the tax brackets",880,8,57,"/tax-brackets/"
"what does ytd mean on a payslip",880,,32,"/ytd-income-calculator/"
"what does ytd mean on payslip",880,,33,"/ytd-income-calculator/"
"what is marginal tax bracket",880,18,47,"/tax-brackets/"
"what is minimum wage in australia for 15 year olds",880,25,13,"/junior-pay-rates/"
"what is net pay",880,8,55,"/gross-pay-calculator/"
"what is tax bracket",880,11,65,"/tax-brackets/"
"ytd income calculator",880,,56,"/ytd-income-calculator/"
"ytd salary calculator",880,6,41,"/ytd-income-calculator/"
"100k after tax australia",720,7,20,"/take-home-pay-on/100000/"
"120k after tax australia",720,,21,"/take-home-pay-on/120000/"
"2025--26 tax rates",720,32,66,"/tax-brackets/"
"75000 after tax australia",720,2,10,"/tax-on/75000/"
"annual leave calculator 38 hour week",720,,63,"/leave-calculator/"
"annual leave calculator 38-hour week",720,,62,"/leave-calculator/"
"annual leave pay calculator",720,,23,"/leave-calculator/"
"annual leave payment calculator",720,,20,"/leave-calculator/"
"annual leave payout calculator",720,,8,"/leave-calculator/"
"ato income tax brackets",720,38,46,"/tax-brackets/"
"ato tax income brackets",720,38,47,"/tax-brackets/"
"australian tax chart",720,32,36,"/tax-brackets/"
"average salary teachers",720,15,23,"/teacher-pay-australia/"
"average wage of a teacher",720,15,21,"/teacher-pay-australia/"
"calculate annual leave payout",720,,4,"/leave-calculator/"
"calculating annual leave payout",720,,7,"/leave-calculator/"
"calculator for salary increase",720,,22,"/pay-rise-calculator/"
"find my award pay rate",720,42,8,"/award-rates/"
"fortnightly tax table 2025 pdf",720,,27,"/fortnightly-tax-table/"
"help debt repayment threshold",720,10,68,"/hecs-repayment-threshold/"
"hourly salary calculator",720,43,35,"/hourly-to-annual-salary-calculator/"
"hourly to salary calculator",720,33,23,"/hourly-to-annual-salary-calculator/"
"hours calculator salary",720,33,28,"/hourly-to-annual-salary-calculator/"
"how much annual leave per year",720,9,82,"/annual-leave-guide/"
"how much do nurses get paid",720,,80,"/healthcare-worker-pay/vic/"
"how much do teacher earn in australia",720,4,74,"/teacher-pay-australia/"
"how much do teachers earn in australia",720,4,29,"/teacher-pay-australia/"
"how much does a teacher earn in australia",720,6,22,"/teacher-pay-australia/"
"how much does an australian teacher earn",720,,26,"/teacher-pay-australia/"
"how much does teacher earn in australia",720,5,74,"/teacher-pay-australia/"
"how much is austudy",720,6,20,"/austudy-youth-allowance-calculator/"
"how much is austudy payment",720,6,19,"/austudy-youth-allowance-calculator/"
"hr salary calculator",720,6,25,"/hourly-to-annual-salary-calculator/"
"hr to salary calculator",720,29,30,"/hourly-to-annual-salary-calculator/"
"income increase calculator",720,5,27,"/pay-rise-calculator/"
"income tax rate 2025",720,32,52,"/tax-brackets/"
"income tax rates 2025",720,37,83,"/tax-brackets/"
"income ytd calculator",720,,51,"/ytd-income-calculator/"
"increase in pay calculator",720,2,28,"/pay-rise-calculator/"
"increase in salary calculator",720,2,27,"/pay-rise-calculator/"
"increase salary calculator",720,5,16,"/pay-rise-calculator/"
"individual tax rate in australia",720,37,62,"/tax-brackets/"
"low income tax offset 2026",720,11,82,"/low-income-tax-offset/"
"marginal tax rate 2025",720,32,72,"/tax-brackets/"
"marginal tax rates 2025",720,32,74,"/tax-brackets/"
"medicare threshold 2026",720,24,67,"/news/medicare-levy-thresholds-2026/"
"nsw health pay rates",720,,19,"/healthcare-worker-pay/nsw/"
"nsw health rates of pay",720,,17,"/healthcare-worker-pay/nsw/"
"nsw primary teacher salary",720,,23,"/teacher-pay-australia/nsw/"
"pay calculator victoria",720,19,27,"/pay-calculator-vic/"
"pay increase calculator",720,9,55,"/pay-rise-calculator/"
"pay raise calculator",720,16,82,"/backpay-calculator/"
"paye australia",720,19,59,"/"
"payg on schedule 5",720,,9,"/schedule-5-tax-table/"
"personal tax rates australia",720,32,52,"/tax-brackets/"
"primary teacher salary nsw",720,,22,"/teacher-pay-australia/nsw/"
"qld redundancy calculator",720,,49,"/redundancy-pay-calculator/"
"raise salary calculator",720,1,17,"/pay-rise-calculator/"
"redundancy calculator qld",720,16,42,"/redundancy-pay-calculator/"
"redundancy calculator queensland",720,,44,"/redundancy-pay-calculator/"
"salary calculator increase",720,3,23,"/pay-rise-calculator/"
"salary calculator nsw",720,7,23,"/pay-calculator-nsw/"
"salary calculator raise",720,4,20,"/pay-rise-calculator/"
"salary calculator victoria",720,12,27,"/pay-calculator-vic/"
"salary increase calculator",720,,58,"/pay-rise-calculator/"
"salary raise calculator",720,9,59,"/pay-rise-calculator/"
"schads award 2026 pay rates",720,,19,"/schads-award-pay-rates/"
"schads level 6",720,,27,"/schads-award-pay-rates/"
"sick day calculator",720,,58,"/leave-calculator/"
"sick leave calculator",720,,56,"/leave-calculator/"
"stsl on payslip",720,,21,"/stsl-on-payslip/"
"super cap 2026",720,8,99,"/news/super-contribution-caps-2026-27/"
"talent tax calculator",720,20,39,"/"
"tax brackets 2025 2026",720,37,66,"/tax-brackets/"
"tax calculator weekly pay",720,11,75,"/pay-calculator-wa/"
"tax file declaration",720,3,38,"/tax-file-number-declaration/"
"tax on 80000 australia",720,11,13,"/tax-on/80000/"
"tax on 80000 in australia",720,13,17,"/salary-to-hourly/80000/"
"tax rates australia 2025 26",720,32,55,"/tax-brackets/"
"tax rates australia 2025-26",720,36,68,"/tax-brackets/"
"tax time 2026",720,2,63,"/news/tax-time-2026-whats-new/"
"victoria tax brackets",720,37,40,"/tax-brackets/"
"wage calculator victoria",720,39,31,"/"
"wage increase calculator",720,13,22,"/pay-rise-calculator/"
"wage to salary calculator",720,10,72,"/hourly-to-annual-salary-calculator/"
"wages calculator victoria",720,15,35,"/pay-calculator-vic/"
"what is division 293 tax",720,,70,"/division-293-tax/"
"what is salary sacrificing in australia",720,8,66,"/salary-sacrifice-guide/"
"what is the current superannuation rate in australia",720,6,50,"/superannuation-guide/"
"what percentage is superannuation",720,14,58,"/superannuation-guide/"
"what percentage of tax do i pay",720,32,81,"/"
"work from home calculator",720,3,73,"/work-from-home-deductions/"
"working holiday maker tax rate",720,,43,"/working-holiday-tax/"
"working holiday maker tax rates",720,,42,"/working-holiday-tax/"
"year to date calculator income",720,,52,"/ytd-income-calculator/"
"year to date income calculator",720,,48,"/ytd-income-calculator/"
"year to date pay calculator",720,3,48,"/ytd-income-calculator/"
"year to date salary calculator",720,1,46,"/ytd-income-calculator/"
"youth worker pay",720,,27,"/junior-pay-rates/"
"youth worker pay rate",720,,22,"/junior-pay-rates/"
"youth worker wages",720,,23,"/junior-pay-rates/"
"youth workers pay",720,,25,"/junior-pay-rates/"
"150k after tax australia",590,,13,"/take-home-pay-on/150000/"
"2nd job tax rate",590,,8,"/second-job-tax-calculator/"
"85 000 after tax australia",590,,40,"/take-home-pay-on/85000/"
"85000 after tax australia",590,,12,"/take-home-pay-on/85000/"
"ato salary sacrifice calculator",590,38,67,"/salary-packaging-guide/"
"ato tax calculator weekly",590,23,76,"/"
"ato tax rates 2026 27",590,34,43,"/tax-changes-2026-27/"
"ato tax thresholds",590,38,43,"/tax-brackets/"
"ato tax weekly calculator",590,38,71,"/"
"ato weekly tax calculator",590,38,25,"/weekly-tax-table/"
"australian redundancy calculator",590,,56,"/redundancy-pay-calculator/"
"australian tax brackets 2027",590,32,64,"/tax-changes-2026-27/"
"australian taxation chart",590,32,32,"/tax-brackets/"
"australian taxation table",590,32,30,"/tax-brackets/"
"calculate contractor pay",590,,62,"/contractor-pay-calculator/"
"calculate contractor salary",590,,69,"/contractor-pay-calculator/"
"calculate net salary from gross",590,,33,"/gross-pay-calculator/"
"calculate redundancy australia",590,,56,"/redundancy-pay-calculator/"
"calculator for wages per hour",590,42,30,"/hourly-to-annual-salary-calculator/"
"calculator pay per hour",590,42,24,"/hourly-to-annual-salary-calculator/"
"can a sole trader have employees",590,,58,"/employee-vs-sole-trader-vs-company/"
"casual pay rates",590,29,63,"/award-rates/"
"centrelink pension calculator",590,24,72,"/age-pension-income-test-calculator/"
"contract pay calculator",590,,69,"/contractor-pay-calculator/"
"contract salary calculator",590,,69,"/contractor-pay-calculator/"
"contract to salary calculator",590,,80,"/employment-type-calculator/"
"contractor pay calculator",590,,61,"/contractor-pay-calculator/"
"contractor payment calculator",590,,64,"/contractor-pay-calculator/"
"contractor salary calculator",590,,65,"/contractor-pay-calculator/"
"contractor to salary calculator",590,,67,"/contractor-pay-calculator/"
"contractor wage calculator",590,,63,"/contractor-pay-calculator/"
"contractor wages calculator",590,,65,"/contractor-pay-calculator/"
"contractor-to-salary-calculator",590,,65,"/contractor-vs-employee-calculator/"
"contractors pay calculator",590,,59,"/contractor-pay-calculator/"
"div 293 calculator",590,,66,"/division-293-tax/"
"div 293 tax calculator",590,,66,"/division-293-tax/"
"division 293 calculation",590,,96,"/division-293-tax/"
"division 293 tax calculator",590,,66,"/division-293-tax/"
"el 2 salary",590,,26,"/public-service-pay-scales/aps/"
"el2 salary",590,,31,"/public-service-pay-scales/aps/"
"fbt gross up rate",590,,40,"/fringe-benefits-tax/"
"fbt gross up rates",590,1,39,"/fringe-benefits-tax/"
"fbt gross-up rate",590,,40,"/fringe-benefits-tax/"
"fbt gross-up rates",590,2,39,"/fringe-benefits-tax/"
"fbt rate",590,,38,"/fringe-benefits-tax/"
"fbt rates",590,2,38,"/fringe-benefits-tax/"
"fortnight in a year",590,,6,"/fortnightly-pay-calculator/"
"fortnightly tax table pdf",590,,17,"/fortnightly-tax-table/"
"gross income and net income calculator",590,2,39,"/gross-pay-calculator/"
"gross income net income calculator",590,1,37,"/gross-pay-calculator/"
"gross pay and net pay calculator",590,,31,"/gross-pay-calculator/"
"gross salary",590,6,36,"/gross-pay-calculator/"
"gross salary to net salary calculator",590,1,38,"/gross-pay-calculator/"
"gross-up rate fbt",590,,46,"/fringe-benefits-tax/"
"hecs debt repayment calculator",590,1,44,"/hecs-help-calculator/"
"hecs threshold 2026",590,3,51,"/hecs-help-calculator/"
"help debt repayments",590,15,59,"/hecs-help-guide/"
"higa award rates",590,1,23,"/hospitality-award-rates/"
"hourly rate to annual salary",590,3,11,"/hourly-to-annual-salary-calculator/"
"hourly to wage",590,3,61,"/hourly-to-annual-salary-calculator/"
"how many fortnights per year",590,,55,"/fortnightly-pay-calculator/"
"how much do teachers make",590,2,60,"/teacher-pay-australia/"
"how much long service leave after 7 years",590,18,85,"/long-service-leave-calculator/"
"income calculator net to gross",590,1,36,"/gross-pay-calculator/"
"income tax bracket",590,32,58,"/tax-brackets/"
"income tax individual rates",590,42,63,"/tax-brackets/"
"income tax individual tax rates",590,37,64,"/tax-brackets/"
"income tax rate for individuals",590,43,66,"/tax-brackets/"
"income tax rate individual",590,37,79,"/tax-brackets/"
"income tax rate of individual",590,37,63,"/tax-brackets/"
"income tax rates for individuals",590,37,83,"/tax-brackets/"
"income tax rates individuals",590,37,81,"/tax-brackets/"
"individual income tax bracket",590,38,63,"/tax-brackets/"
"individual income tax brackets",590,38,56,"/tax-brackets/"
"individual income tax rates",590,32,80,"/tax-brackets/"
"individual income tax threshold",590,32,61,"/tax-brackets/"
"individuals income tax rates",590,43,70,"/tax-brackets/"
"long service leave tasmania",590,,38,"/long-service-leave-calculator/tas/"
"medicare levy threshold 2025",590,16,65,"/news/medicare-levy-thresholds-2026/"
"medicare levy threshold 2026",590,9,62,"/news/medicare-levy-thresholds-2026/"
"minimum wage australia adult",590,30,32,"/junior-pay-rates/"
"minimum wage calculator",590,56,64,"/pay-calculator-wa/"
"minimum wages calculator",590,53,56,"/pay-calculator-wa/"
"net and gross calculator",590,6,36,"/gross-pay-calculator/"
"net gross calculator",590,,34,"/gross-pay-calculator/"
"net income to gross calculator",590,2,37,"/gross-pay-calculator/"
"net income to gross income calculator",590,,35,"/gross-pay-calculator/"
"net to gross calculation",590,1,35,"/gross-pay-calculator/"
"net to gross calculator",590,9,39,"/gross-pay-calculator/"
"net to gross income calculator",590,1,35,"/gross-pay-calculator/"
"net to gross salary calculator",590,1,35,"/gross-pay-calculator/"
"nurses salary in melbourne",590,,38,"/healthcare-worker-pay/vic/"
"nurses salary melbourne",590,,36,"/healthcare-worker-pay/vic/"
"nursing salary melbourne",590,,39,"/healthcare-worker-pay/vic/"
"paid per hour calculator",590,43,24,"/hourly-to-annual-salary-calculator/"
"pay calculator for contractors",590,,59,"/contractor-pay-calculator/"
"pay guide",590,46,24,"/award-rates/"
"pay increase 2026",590,13,86,"/news/minimum-wage-increase-july-2026/"
"pay per hour calculator",590,39,26,"/hourly-to-annual-salary-calculator/"
"pay rate for retail",590,,54,"/retail-award-rates/"
"pay rate per hour calculator",590,43,26,"/hourly-to-annual-salary-calculator/"
"pay rate retail",590,6,54,"/retail-award-rates/"
"pay rates for retail",590,,57,"/retail-award-rates/"
"paycheck calculator gross to net",590,15,36,"/gross-pay-calculator/"
"payg tax rates weekly",590,5,25,"/payg-withholding-tables/"
"payg tax table weekly",590,,20,"/payg-withholding-tables/"
"payg tax tables weekly",590,,23,"/payg-withholding-tables/"
"payg weekly tax table",590,,24,"/payg-withholding-tables/"
"payroll calculation table",590,26,19,"/"
"payroll tax tasmania",590,1,31,"/pay-calculator-tas/"
"per hour calculator salary",590,8,26,"/hourly-to-annual-salary-calculator/"
"per hour salary calculator",590,29,27,"/hourly-to-annual-salary-calculator/"
"redundancy australia calculator",590,,52,"/redundancy-pay-calculator/"
"redundancy calculator australia",590,,53,"/redundancy-pay-calculator/"
"repayment of help debt",590,16,57,"/hecs-help-guide/"
"retail industry pay rates",590,5,52,"/retail-award-rates/"
"retail pay rates",590,6,58,"/retail-award-rates/"
"salary calculator contractor",590,,67,"/contractor-pay-calculator/"
"salary calculator for contractors",590,,64,"/contractor-pay-calculator/"
"salary calculator gross to net",590,,39,"/gross-pay-calculator/"
"salary calculator hourly rate",590,25,31,"/hourly-to-annual-salary-calculator/"
"salary gross",590,4,35,"/gross-pay-calculator/"
"salary hourly rate calculator",590,25,29,"/hourly-to-annual-salary-calculator/"
"salary packaging calculator ato",590,37,69,"/salary-packaging-guide/"
"salary pay per hour calculator",590,27,28,"/hourly-to-annual-salary-calculator/"
"salary to hourly rate calculator",590,,63,"/hourly-to-annual-salary-calculator/"
"sapto calculator",590,,12,"/sapto-calculator/"
"second job tax rate",590,,14,"/second-job-tax-calculator/"
"second job tax rates",590,,8,"/second-job-tax-calculator/"
"sg rate",590,,78,"/super-guarantee-rate-history/"
"sick leave calculator 38 hour week",590,,58,"/leave-calculator/"
"sick leave calculator 38-hour week",590,,59,"/leave-calculator/"
"spouse contribution tax offset",590,,61,"/super-co-contribution/"
"sunday pay rate",590,,43,"/overtime-penalty-rates-guide/"
"superannuation rates",590,10,80,"/superannuation-guide/"
"tas payroll tax",590,19,29,"/pay-calculator-tas/"
"tasmania payroll tax",590,12,33,"/pay-calculator-tas/"
"tax bracket 2024",590,27,46,"/tax-brackets/"
"tax changes 2026",590,19,56,"/tax-changes-2026-27/"
"tax earning brackets",590,32,58,"/tax-brackets/"
"tax on 60000 australia",590,16,3,"/tax-on/60000/"
"tax rate for second job",590,,13,"/second-job-tax-calculator/"
"tax rate on second job",590,,19,"/second-job-tax-calculator/"
"tax rate second job",590,,14,"/second-job-tax-calculator/"
"tax rates on second job",590,,11,"/second-job-tax-calculator/"
"tax slab",590,32,68,"/tax-brackets/"
"tax slabs",590,37,55,"/tax-brackets/"
"tax table for australia",590,32,51,"/tax-brackets/"
"tax table in australia",590,32,39,"/tax-brackets/"
"tax withheld calculator australia",590,38,75,"/"
"tax zone offset",590,,18,"/zone-tax-offset/"
"vps 6 pay",590,,11,"/public-service-pay-scales/"
"vps 6 salary",590,,11,"/public-service-pay-scales/"
"vps value",590,,12,"/public-service-pay-scales/vic/"
"wage per hour calculator",590,42,27,"/hourly-to-annual-salary-calculator/"
"weekly tax table payg",590,,21,"/payg-withholding-tables/"
"wfh rate",590,,66,"/work-from-home-deductions/"
"wfh rates",590,,58,"/work-from-home-deductions/"
"what is notice of assessment",590,3,69,"/notice-of-assessment/"
"what is stsl on payslip",590,,22,"/stsl-on-payslip/"
"what is the tax threshold in australia",590,27,53,"/tax-brackets/"
"when does the tax year end",590,2,58,"/tax-calendar/"
"working holiday visa tax percentage",590,,71,"/working-holiday-tax/"
"working holiday visa tax rate",590,2,37,"/working-holiday-tax/"
"zone tax offset",590,,26,"/zone-tax-offset/"
"2025 vs 2026 tax brackets",480,37,34,"/tax-brackets/"
"2026 income tax rates",480,43,55,"/tax-brackets/"
"2027 tax rates",480,43,50,"/tax-brackets/"
"2nd job tax",480,,24,"/second-job-tax-calculator/"
"70000 after tax australia",480,,11,"/tax-on/70000/"
"80000 12",480,,7,"/tax-on/80000/"
"80000/12",480,,24,"/tax-on/80000/"
"80k after tax australia",480,,12,"/tax-on/80000/"
"90k after tax australia",480,,20,"/take-home-pay-on/90000/"
"annual income",480,20,47,"/annual-pay-calculator/"
"annual wage",480,22,72,"/hourly-to-annual-salary-calculator/"
"aps pay scale",480,,8,"/public-service-pay-scales/"
"aps pay scales",480,,14,"/public-service-pay-scales/"
"aps salaries",480,,12,"/public-service-pay-scales/"
"aps salary",480,,10,"/public-service-pay-scales/"
"aps3 salary",480,,18,"/public-service-pay-scales/"
"ato weekly tax table 2026",480,,22,"/payg-withholding-tables/"
"ato work from home calculator",480,6,54,"/work-from-home-deductions/"
"australia award rates",480,12,22,"/award-rates/"
"australian tax rates 2025",480,32,74,"/tax-brackets/"
"austudy calculator",480,20,13,"/austudy-youth-allowance-calculator/"
"award rates in australia",480,42,20,"/award-rates/"
"award retail wage",480,4,55,"/retail-award-rates/"
"award wage calculator",480,13,14,"/award-rates/"
"award wages australia",480,33,22,"/award-rates/"
"calculate leave loading",480,,82,"/leave-calculator/"
"calculate salary to hourly",480,33,75,"/hourly-to-annual-salary-calculator/"
"calculating leave loading",480,,89,"/leave-calculator/"
"calculator for weekly pay",480,1,45,"/monthly-pay-calculator/"
"cns salary",480,,28,"/healthcare-worker-pay/nsw/"
"current superannuation",480,12,40,"/superannuation-guide/"
"current tax brackets australia",480,37,53,"/tax-brackets/"
"expenses for working from home",480,,81,"/work-from-home-deductions/"
"fair work award rates",480,55,27,"/award-rates/"
"fifo jobs pay",480,,25,"/mining-fifo-pay-guide/"
"fifo salary",480,,23,"/mining-fifo-pay-guide/"
"fly in fly out salary",480,,24,"/mining-fifo-pay-guide/"
"fortnightly tax table 2026 pdf free download",480,,13,"/fortnightly-tax-table/"
"full time vs part time",480,,63,"/full-time-vs-part-time-vs-casual/"
"full-time vs part-time",480,,61,"/full-time-vs-part-time-vs-casual/"
"gross to net",480,7,34,"/gross-pay-calculator/"
"hecs help repayment",480,29,33,"/hecs-help-guide/"
"hecs help repayments",480,16,48,"/hecs-help-guide/"
"hecs-help repayment",480,18,35,"/hecs-help-calculator/"
"hourly to annual salary",480,33,10,"/hourly-to-annual-salary-calculator/"
"hourly to salary",480,11,28,"/hourly-to-annual-salary-calculator/"
"hourly to yearly salary",480,33,17,"/hourly-to-annual-salary-calculator/"
"how calculate tax return",480,18,47,"/tax-return-calculator/"
"how do you calculate leave loading",480,,85,"/leave-calculator/"
"how is redundancy calculated",480,15,34,"/redundancy-pay-calculator/"
"how is tax return calculated",480,18,46,"/tax-return-calculator/"
"how much are redundancy payments",480,16,33,"/redundancy-pay-calculator/"
"how much do teachers get paid in victoria",480,3,29,"/teacher-pay-australia/"
"how much for redundancy payment",480,16,34,"/redundancy-pay-calculator/"
"how much is redundancy pay",480,3,37,"/redundancy-pay-calculator/"
"how much is redundancy payment",480,16,33,"/redundancy-pay-calculator/"
"how much pay for redundancy",480,15,32,"/redundancy-pay-calculator/"
"how much redundancy pay",480,16,33,"/redundancy-pay-calculator/"
"how much redundancy payment",480,16,33,"/redundancy-pay-calculator/"
"how much super can you salary sacrifice",480,2,83,"/salary-sacrifice-guide/"
"how novated lease work",480,,95,"/novated-lease-guide/"
"how tax refund is calculated",480,6,41,"/tax-refund-guide/"
"how to calculate annual salary from hourly rate",480,3,9,"/hourly-to-annual-salary-calculator/"
"how to calculate hourly rate from annual salary",480,,15,"/hourly-to-annual-salary-calculator/"
"how to calculate hourly rate from salary",480,5,36,"/hourly-to-annual-salary-calculator/"
"how to calculate your tax return",480,19,45,"/tax-return-calculator/"
"how to find hourly rate from yearly salary",480,9,33,"/hourly-to-annual-salary-calculator/"
"how to get notice of assessment",480,,31,"/notice-of-assessment/"
"how to obtain notice of assessment",480,,38,"/notice-of-assessment/"
"how to work out hourly rate from annual salary",480,,24,"/hourly-to-annual-salary-calculator/"
"hr to salary",480,14,22,"/hourly-to-annual-salary-calculator/"
"income tax calculator 2026",480,28,64,"/income-tax-calculator/"
"income tax rates 2025 26",480,32,72,"/tax-brackets/"
"individual tax withheld calculator",480,38,64,"/"
"individual tax withholding calculator",480,38,62,"/"
"job seeker calculator",480,8,37,"/centrelink-income-test/"
"jobseeker calculator",480,,15,"/centrelink-income-test/"
"leave loading calculator",480,,23,"/leave-calculator/"
"level 2 hospitality pay rate casual",480,,16,"/hospitality-award-rates/"
"mechanical apprentice wages",480,,43,"/construction-trades-pay/"
"mechanical apprenticeship wages",480,,45,"/construction-trades-pay/"
"medicare threshold 2025",480,29,33,"/news/medicare-levy-thresholds-2026/"
"minimum wage for part time",480,20,38,"/junior-pay-rates/"
"minimum wage for part-time",480,22,39,"/junior-pay-rates/"
"minimum wage part time",480,21,41,"/junior-pay-rates/"
"monthly calculator",480,26,53,"/monthly-pay-calculator/"
"monthly tax tables 2025",480,,21,"/monthly-tax-table/"
"new superannuation tax july 2026",480,14,99,"/news/super-tax-changes-explained/"
"nsw health award nurses",480,,23,"/healthcare-worker-pay/nsw/"
"nsw teacher pay",480,,24,"/teacher-pay-australia/nsw/"
"nsw teachers pay",480,,17,"/teacher-pay-australia/nsw/"
"nsw teachers pay rates",480,,18,"/teacher-pay-australia/nsw/"
"nurse award pay guide",480,,42,"/healthcare-worker-pay/nsw/"
"nurse salary south australia",480,,47,"/healthcare-worker-pay/sa/"
"nurses award pay guide",480,,45,"/healthcare-worker-pay/nsw/"
"nurses pay rates sa",480,1,33,"/healthcare-worker-pay/sa/"
"nursing pay rates sa",480,,30,"/healthcare-worker-pay/sa/"
"nursing salary south australia",480,,37,"/healthcare-worker-pay/sa/"
"part time job minimum wage",480,21,43,"/junior-pay-rates/"
"part time vs full time",480,1,52,"/full-time-vs-part-time-vs-casual/"
"pay calculator hourly to salary",480,33,19,"/hourly-to-annual-salary-calculator/"
"pay calculator salary to hourly",480,33,60,"/hourly-to-annual-salary-calculator/"
"pay check",480,14,47,"/pay-calculator-wa/"
"pay rates general retail award",480,6,58,"/retail-award-rates/"
"payg fortnightly tax table",480,,19,"/payg-withholding-tables/"
"payg tax table fortnightly",480,,13,"/payg-withholding-tables/"
"payg tax tables fortnightly",480,,16,"/payg-withholding-tables/"
"payg tax withheld table",480,4,19,"/payg-withholding-tables/"
"payg withholding rate",480,,15,"/payg-withholding-tables/"
"payg withholding rates",480,9,24,"/payg-withholding-tables/"
"payg withholding schedule",480,,15,"/payg-withholding-tables/"
"payg withholding tables",480,3,20,"/payg-withholding-tables/"
"payg withholding tax table",480,3,22,"/payg-withholding-tables/"
"payg withholding tax tables",480,,15,"/payg-withholding-tables/"
"queensland teacher salary",480,,13,"/teacher-pay-australia/qld/"
"queensland teaching salary",480,,10,"/teacher-pay-australia/qld/"
"reception pay rate",480,28,28,"/award-rates/"
"redundancy calculator tax",480,,62,"/redundancy-pay-calculator/"
"redundancy calculator victoria",480,15,44,"/redundancy-pay-calculator/"
"redundancy calculator wa",480,15,46,"/redundancy-pay-calculator/"
"redundancy payment how much",480,16,71,"/redundancy-pay-guide/"
"redundancy tax calculator",480,,31,"/redundancy-pay-calculator/"
"retail award pay guide",480,,34,"/retail-award-rates/"
"retail industry award wages",480,3,37,"/retail-award-rates/"
"retail pay award",480,,23,"/retail-award-rates/"
"retail wage award",480,,37,"/retail-award-rates/"
"retail wages award",480,,57,"/retail-award-rates/"
"sa nurse pay rates",480,,34,"/healthcare-worker-pay/sa/"
"sa nurses pay rates",480,,28,"/healthcare-worker-pay/sa/"
"sa nursing pay rates",480,,29,"/healthcare-worker-pay/sa/"
"salary calculator from hourly rate",480,29,13,"/hourly-to-annual-salary-calculator/"
"salary calculator salary to hourly",480,26,60,"/hourly-to-annual-salary-calculator/"
"salary calculator to hourly",480,33,61,"/hourly-to-annual-salary-calculator/"
"salary calculator to hourly rate",480,26,63,"/hourly-to-annual-salary-calculator/"
"salary package calculator",480,5,52,"/salary-package-calculator/"
"salary sacrifice australia",480,17,78,"/salary-sacrifice-guide/"
"salary to hourly calculator",480,25,40,"/hourly-to-annual-salary-calculator/"
"schads award level 5",480,,28,"/schads-award-pay-rates/"
"second job and tax",480,,22,"/second-job-tax-calculator/"
"second job tax",480,,15,"/second-job-tax-calculator/"
"smart salary calculator",480,14,74,"/annual-pay-calculator/"
"south australia nurse pay rates",480,,34,"/healthcare-worker-pay/sa/"
"south australia nursing pay rates",480,,34,"/healthcare-worker-pay/sa/"
"stage 3 tax cuts",480,19,37,"/stage-3-tax-cuts/"
"super rate 2027",480,3,59,"/superannuation-guide/"
"tax 2nd job",480,,25,"/second-job-tax-calculator/"
"tax bands australia",480,37,42,"/tax-brackets/"
"tax bracket 2023",480,27,49,"/tax-bracket-history/"
"tax brackets 2023",480,27,47,"/tax-brackets/"
"tax brackets 2024 25",480,27,40,"/tax-brackets/"
"tax brackets 2024--25",480,32,43,"/tax-brackets/"
"tax calculator for redundancy",480,,66,"/redundancy-pay-calculator/"
"tax calculator redundancy",480,,66,"/redundancy-pay-calculator/"
"tax for second job",480,,12,"/second-job-tax-calculator/"
"tax for working holiday visa",480,,44,"/working-holiday-tax/"
"tax on 150k australia",480,20,19,"/tax-on/150000/"
"tax on 50000 australia",480,13,9,"/tax-on/50000/"
"tax on 90000 australia",480,18,15,"/tax-on/90000/"
"tax on redundancy calculator",480,,66,"/redundancy-pay-calculator/"
"tax on second job",480,,13,"/second-job-tax-calculator/"
"tax table withholding",480,1,33,"/payg-withholding-tables/"
"tax withheld for individuals calculator",480,38,82,"/"
"tax withheld table",480,2,21,"/payg-withholding-tables/"
"tax withhold table",480,7,28,"/payg-withholding-tables/"
"tax withholding chart",480,6,23,"/payg-withholding-tables/"
"tax withholding table",480,,20,"/payg-withholding-tables/"
"tax withholding tables",480,,22,"/payg-withholding-tables/"
"tax working from home",480,,72,"/work-from-home-deductions/"
"tax working holiday",480,13,45,"/working-holiday-tax/"
"tax working holiday visa",480,,46,"/working-holiday-tax/"
"taxable year dates",480,,66,"/tax-calendar/"
"teacher pay scale victoria 2026",480,,35,"/teacher-pay-australia/vic/"
"teachers pay qld",480,,18,"/teacher-pay-australia/qld/"
"teachers salaries qld",480,,20,"/teacher-pay-australia/qld/"
"vps salary 2025",480,,13,"/public-service-pay-scales/vic/"
"vps wage rates",480,,10,"/public-service-pay-scales/vic/"
"wage calculator qld",480,7,15,"/pay-calculator-qld/"
"wage calculator queensland",480,10,24,"/pay-calculator-qld/"
"wages calculator qld",480,12,22,"/pay-calculator-qld/"
"wages qld calculator",480,15,18,"/award-rates/"
"weekly income calculator",480,7,23,"/"
"weekly tax table 2026 pdf free download",480,,21,"/payg-withholding-tables/"
"weekly wage calculator",480,7,37,"/weekly-pay-calculator/"
"what is a gross salary",480,,42,"/gross-pay-calculator/"
"what is a notice of assessment ato",480,,44,"/notice-of-assessment/"
"what is stsl",480,,25,"/stsl-on-payslip/"
"what is ytd on payslip",480,,42,"/ytd-income-calculator/"
"withheld tax table",480,5,30,"/payg-withholding-tables/"
"withholding tax table",480,7,24,"/payg-withholding-tables/"
"withholding tax tables",480,16,26,"/payg-withholding-tables/"
"working holiday tax",480,13,43,"/working-holiday-tax/"
"working holiday taxes",480,,78,"/working-holiday-tax/"
"working holiday visa tax",480,9,73,"/working-holiday-tax/"
"working holiday visa taxes",480,,74,"/working-holiday-tax/"
"yearly salary",480,12,13,"/hourly-to-annual-salary-calculator/"
"ytd in payslip",480,,47,"/understanding-your-payslip/"
"ytd on payslip",480,,36,"/ytd-income-calculator/"
"ytd payslip",480,,46,"/understanding-your-payslip/"
"100000/52",390,,26,"/salary-to-hourly/100000/"
"120 000 after tax australia",390,,24,"/take-home-pay-on/120000/"
"120000 after tax australia",390,,13,"/take-home-pay-on/120000/"
"130k after tax australia",390,8,11,"/take-home-pay-on/130000/"
"2025 individual tax rates",390,37,79,"/tax-brackets/"
"2025--26 tax brackets",390,20,36,"/tax-brackets/"
"2026 tax rates australia",390,37,52,"/tax-brackets/"
"60 000",390,,9,"/salary-to-hourly/60000/"
"70 000 a year is how much an hour",390,,13,"/salary-to-hourly/70000/"
"70000 a year is how much an hour",390,,17,"/salary-to-hourly/70000/"
"70000/52",390,,20,"/salary-to-hourly/70000/"
"70k a year is how much an hour",390,,17,"/salary-to-hourly/70000/"
"80000/52",390,,6,"/salary-to-hourly/80000/"
"95 000 after tax australia",390,,6,"/take-home-pay-on/95000/"
"95000 after tax australia",390,,6,"/take-home-pay-on/95000/"
"accrual rate for annual leave",390,,47,"/annual-leave-guide/"
"accrued leave calculator",390,,27,"/leave-calculator/"
"admin wage rates qld health",390,,29,"/public-service-pay-scales/qld/"
"afg ytd calculator",390,,52,"/ytd-income-calculator/"
"annual salary to hourly rate",390,5,16,"/hourly-to-annual-salary-calculator/"
"aps 3 salary",390,,10,"/public-service-pay-scales/"
"aps6 salary 2025",390,,11,"/public-service-pay-scales/"
"ato fbt calculator",390,9,36,"/fringe-benefits-tax/"
"ato tax table 2025",390,24,44,"/weekly-tax-table/"
"ato tax tables 2025",390,18,41,"/weekly-tax-table/"
"ato weekly tax table 2025",390,,39,"/weekly-tax-table/"
"australia tax brackets 2025",390,42,71,"/tax-brackets/"
"australia tax calculator fortnightly",390,21,43,"/fortnightly-pay-calculator/"
"australia top tax rate",390,32,44,"/tax-brackets/"
"award pay",390,19,43,"/award-rates/"
"awards pay",390,29,20,"/award-rates/"
"back pay",390,,34,"/backpay-calculator/"
"back payment",390,,47,"/backpay-calculator/"
"back payments",390,,52,"/backpay-calculator/"
"bonus and tax",390,,23,"/bonus-tax-calculator/"
"bonus is taxable",390,,27,"/bonus-tax-calculator/"
"bonus pay tax",390,,17,"/bonus-tax-calculator/"
"bonus payment tax",390,,17,"/bonus-tax-calculator/"
"bonus tax",390,,11,"/bonus-tax-calculator/"
"bonuses and tax",390,,34,"/bonus-tax-calculator/"
"bonuses tax",390,,30,"/bonus-tax-calculator/"
"bonuses taxable",390,,32,"/bonus-tax-calculator/"
"calculate hecs debt",390,3,45,"/hecs-help-calculator/"
"calculate leave accrual",390,,39,"/leave-calculator/"
"calculate long service leave sa",390,,46,"/long-service-leave-calculator/sa/"
"calculate overtime",390,3,23,"/overtime-pay-calculator/"
"calculate tax on fortnightly pay",390,8,23,"/fortnightly-pay-calculator/"
"calculator for overtime pay",390,19,20,"/overtime-pay-calculator/"
"calculator hourly",390,29,27,"/hourly-to-annual-salary-calculator/"
"can you salary sacrifice your mortgage",390,,69,"/salary-sacrifice-vs-mortgage/"
"centrelink calculator youth allowance",390,4,15,"/austudy-youth-allowance-calculator/"
"centrelink earnings calculator",390,16,9,"/centrelink-income-test/"
"centrelink online estimator",390,6,9,"/centrelink-income-test/"
"centrelink youth allowance calculator",390,4,14,"/austudy-youth-allowance-calculator/"
"centrelink youth allowance estimator",390,3,12,"/austudy-youth-allowance-calculator/"
"current tax brackets",390,32,54,"/tax-brackets/"
"current tax rate",390,31,50,"/tax-brackets/"
"current tax rates",390,37,51,"/tax-brackets/"
"current tax rates australia",390,43,46,"/tax-brackets/"
"do you pay medicare levy if you have private health",390,12,68,"/private-health-insurance-medicare/"
"estimate salary",390,33,53,"/pay-calculator-nsw/"
"fair work redundancy calculator",390,15,20,"/redundancy-pay-calculator/"
"fortnight payment",390,,8,"/fortnightly-pay-calculator/"
"fortnightly pay",390,1,4,"/fortnightly-pay-calculator/"
"fortnightly pay tax calculator",390,11,33,"/fortnightly-pay-calculator/"
"fortnightly payment",390,8,7,"/fortnightly-pay-calculator/"
"fortnightly tax calculator australia",390,24,32,"/fortnightly-pay-calculator/"
"gross and net income calculator",390,9,43,"/gross-pay-calculator/"
"gross pay to net pay calculator",390,,33,"/gross-pay-calculator/"
"gross salary and net salary calculator",390,1,37,"/gross-pay-calculator/"
"gross to net calculator australia",390,3,39,"/gross-pay-calculator/"
"gross to net income calculator",390,6,36,"/gross-pay-calculator/"
"gross to net salary calculator",390,,39,"/gross-pay-calculator/"
"hecs debt calculator",390,,21,"/hecs-help-calculator/"
"hecs repayment threshold 2026",390,4,12,"/hecs-repayment-threshold/"
"hecs tax calculator",390,13,20,"/hecs-help-calculator/"
"hecs threshold 2025",390,2,15,"/hecs-repayment-threshold/"
"help repayment calculator",390,1,19,"/hecs-help-calculator/"
"high tax bracket",390,9,34,"/tax-brackets/"
"highest tax bracket",390,13,50,"/tax-brackets/"
"hourly pay calculator",390,43,29,"/hourly-to-annual-salary-calculator/"
"how do you calculate redundancy pay",390,,69,"/redundancy-pay-calculator/"
"how does novated lease work australia",390,,65,"/novated-lease-guide/"
"how much can i get from tax return",390,17,41,"/tax-return-calculator/"
"how much do australian teachers get paid",390,7,29,"/teacher-pay-australia/"
"how much do registered nurses earn",390,,46,"/healthcare-worker-pay/vic/"
"how much do registered nurses get paid",390,,46,"/healthcare-worker-pay/vic/"
"how much do teacher get paid in australia",390,3,29,"/teacher-pay-australia/"
"how much do teachers get paid in australia",390,7,30,"/teacher-pay-australia/"
"how much do teachers in australia get paid",390,3,33,"/teacher-pay-australia/"
"how much does a teacher get paid in australia",390,7,30,"/teacher-pay-australia/"
"how much does teachers get paid in australia",390,4,28,"/teacher-pay-australia/"
"how much is leave loading",390,,57,"/leave-calculator/"
"how redundancy pay is calculated",390,,74,"/redundancy-pay-calculator/"
"how redundancy payment is calculated",390,1,74,"/redundancy-pay-calculator/"
"how to calculate annual income",390,24,24,"/hourly-to-annual-salary-calculator/"
"how to calculate annual salary",390,30,20,"/hourly-to-annual-salary-calculator/"
"how to calculate redundancy pay",390,15,27,"/redundancy-pay-calculator/"
"how to calculate redundancy payment",390,,64,"/redundancy-pay-calculator/"
"how to calculate taxes for payroll",390,17,86,"/site-directory/"
"how to calculate yearly income",390,24,47,"/gross-pay-calculator/"
"how to calculate yearly salary",390,29,25,"/hourly-to-annual-salary-calculator/"
"how to compute annual salary",390,24,36,"/hourly-to-annual-salary-calculator/"
"how to compute redundancy pay",390,,57,"/redundancy-pay-calculator/"
"how to salary sacrifice",390,17,78,"/salary-sacrifice-guide/"
"how to work out redundancy payout",390,,65,"/redundancy-pay-calculator/"
"hr pay calculator",390,42,27,"/hourly-to-annual-salary-calculator/"
"hr rates",390,,29,"/award-rates/"
"hr wage calculator",390,46,25,"/hourly-to-annual-salary-calculator/"
"income calculator centrelink",390,17,14,"/centrelink-income-test/"
"indeed hourly to salary calculator",390,3,28,"/hourly-to-annual-salary-calculator/"
"jobseeker payment calculator australia",390,,11,"/centrelink-income-test/"
"junior pay rates",390,4,10,"/junior-pay-rates/"
"leave accrual calculator",390,,29,"/leave-calculator/"
"level 1 hospitality pay rate casual",390,,15,"/hospitality-award-rates/"
"long service leave calculator sa",390,,38,"/long-service-leave-calculator/"
"long service leave calculator south australia",390,,41,"/long-service-leave-calculator/"
"long service leave sa calculator",390,,39,"/long-service-leave-calculator/"
"long service leave south australia calculator",390,,43,"/long-service-leave-calculator/"
"lsl calculator sa",390,,39,"/long-service-leave-calculator/sa/"
"net and gross income calculator",390,,34,"/gross-pay-calculator/"
"net to gross",390,,34,"/gross-pay-calculator/"
"nsw pay rate",390,25,12,"/pay-calculator-nsw/"
"nsw rates of pay",390,5,15,"/pay-calculator-nsw/"
"nsw super rate",390,10,32,"/super-guarantee-rate-history/"
"nsw superannuation rate",390,16,29,"/super-guarantee-rate-history/"
"nurse pay rate",390,2,84,"/healthcare-worker-pay/nsw/"
"nurse pay rates",390,,78,"/healthcare-worker-pay/nsw/"
"nurses pay rates",390,2,77,"/healthcare-worker-pay/vic/"
"nursing pay rate",390,,85,"/healthcare-worker-pay/vic/"
"nursing pay rates",390,,77,"/healthcare-worker-pay/vic/"
"ot calculator",390,7,25,"/overtime-pay-calculator/"
"overtime calculation",390,2,62,"/overtime-pay-calculator/"
"overtime calculator",390,4,53,"/overtime-pay-calculator/"
"parental leave pay 2025",390,9,34,"/parental-leave-pay/"
"pay awards",390,15,25,"/award-rates/"
"pay rates nsw",390,31,20,"/award-rates/"
"pay rates qld",390,21,15,"/award-rates/"
"pay salary",390,34,52,"/pay-calculator-nsw/"
"qld health admin wages",390,,31,"/public-service-pay-scales/qld/"
"qld health pay",390,,26,"/healthcare-worker-pay/qld/"
"qld health pay rates admin",390,,29,"/public-service-pay-scales/qld/"
"qld health wages",390,,23,"/healthcare-worker-pay/qld/"
"retail industry wages",390,,23,"/retail-award-rates/"
"retail minimum wage",390,3,18,"/retail-award-rates/"
"retail wages",390,8,32,"/retail-award-rates/"
"salary estimator",390,29,71,"/monthly-pay-calculator/"
"schads award level 3",390,4,30,"/schads-award-pay-rates/"
"schads award level 4",390,,27,"/schads-award-pay-rates/"
"schads level 4 salary",390,,17,"/schads-award-pay-rates/"
"schads level 7",390,,23,"/schads-award-pay-rates/"
"schads pay rates",390,,21,"/schads-award-pay-rates/"
"super contribution cap 2027",390,1,65,"/news/super-contribution-caps-2026-27/"
"superannuation cap 2026",390,8,58,"/news/super-contribution-caps-2026-27/"
"superannuation nsw rate",390,10,27,"/super-guarantee-rate-history/"
"tax and hecs calculator",390,25,44,"/hecs-help-calculator/"
"tax bonus",390,,22,"/bonus-tax-calculator/"
"tax calculator for fortnightly pay",390,24,32,"/"
"tax calculator fortnightly pay",390,21,31,"/fortnightly-pay-calculator/"
"tax calculator hecs",390,25,13,"/hecs-help-calculator/"
"tax calculator with hecs",390,16,41,"/hecs-help-calculator/"
"tax due date 2025",390,,57,"/tax-calendar/"
"tax file form",390,18,53,"/tax-file-number-declaration/"
"tax for bonuses",390,,27,"/bonus-tax-calculator/"
"tax hecs calculator",390,13,16,"/hecs-help-calculator/"
"tax on 100000",390,3,18,"/take-home-pay-on/100000/"
"tax on 120k australia",390,37,21,"/tax-on/120000/"
"tax on 200k australia",390,16,24,"/take-home-pay-on/200000/"
"tax on 70000 australia",390,32,13,"/tax-on/70000/"
"tax on 75000 australia",390,13,9,"/tax-on/75000/"
"tax on bonus",390,,10,"/bonus-tax-calculator/"
"tax on bonus payments",390,,15,"/bonus-tax-calculator/"
"tax on fortnightly pay calculator",390,8,30,"/fortnightly-pay-calculator/"
"tax rates 2026 australia",390,37,53,"/tax-brackets/"
"taxation bonus",390,,32,"/bonus-tax-calculator/"
"taxation of bonuses",390,,30,"/bonus-tax-calculator/"
"taxes chart",390,23,34,"/tax-brackets/"
"taxes last day",390,,64,"/tax-calendar/"
"time and a half",390,14,78,"/overtime-pay-calculator/"
"top australian tax rate",390,26,52,"/tax-brackets/"
"top tax rate australia",390,26,53,"/tax-brackets/"
"top tax rate in australia",390,26,53,"/tax-brackets/"
"vps 5 salary",390,,10,"/public-service-pay-scales/vic/"
"wa tax brackets",390,37,68,"/tax-brackets/"
"wage nsw",390,30,22,"/pay-calculator-nsw/"
"wage or salary",390,4,51,"/salary-vs-hourly/"
"wage rates nsw",390,25,30,"/award-rates/"
"wages salary",390,43,54,"/pay-calculator-wa/"
"weekly pay calculator australia",390,15,30,"/"
"weekly tax table 2026 pdf free download in australia",390,,21,"/payg-withholding-tables/"
"western australia payroll tax threshold",390,,28,"/pay-calculator-wa/"
"what is notice of assessment ato",390,,47,"/notice-of-assessment/"
"what is sapto",390,,28,"/sapto-calculator/"
"what is the highest tax bracket in australia",390,32,56,"/tax-brackets/"
"what is the maximum super contribution for 2026",390,1,63,"/news/super-contribution-caps-2026-27/"
"what is the tax brackets in australia",390,37,61,"/tax-brackets/"
"whv tax rates",390,13,30,"/working-holiday-tax/"
"work hour in a year",390,3,76,"/hourly-to-annual-salary-calculator/"
"work time",390,31,59,"/work-hours-calculator/"
"youth allowance calculator centrelink",390,23,18,"/austudy-youth-allowance-calculator/"
"ytd in payslip meaning",390,,47,"/ytd-income-calculator/"
"ytd meaning in payslip",390,,34,"/ytd-income-calculator/"
"ytd meaning payslip",390,,32,"/ytd-income-calculator/"
"ytd payslip meaning",390,,43,"/ytd-income-calculator/"
"110k after tax australia",320,2,6,"/take-home-pay-on/110000/"
"140k after tax australia",320,13,17,"/tax-on/140000/"
"150000/12",320,,13,"/tax-on/150000/"
"200k after tax australia",320,2,13,"/take-home-pay-on/200000/"
"2025 2026 tax brackets",320,12,69,"/tax-brackets/"
"2025 help compulsory repayment credit",320,14,82,"/hecs-help-guide/"
"2025 income tax rates",320,37,49,"/tax-brackets/"
"2025/2026 tax brackets",320,24,41,"/tax-brackets/"
"2026-27 tax rates",320,42,44,"/tax-changes-2026-27/"
"2026/27 tax rates",320,32,47,"/tax-changes-2026-27/"
"35 an hour is how much a year",320,,6,"/hourly-to-annual-salary-calculator/"
"60000/52",320,,2,"/salary-to-hourly/60000/"
"65 000 a year is how much an hour",320,,14,"/salary-to-hourly/65000/"
"65000 a year is how much an hour",320,,5,"/salary-to-hourly/65000/"
"70 000",320,,55,"/tax-on/70000/"
"75 000 a year is how much an hour",320,,7,"/salary-to-hourly/75000/"
"75000 a year is how much an hour",320,,3,"/salary-to-hourly/75000/"
"75000/12",320,,16,"/tax-on/75000/"
"80 000 a year is how much an hour",320,,4,"/salary-to-hourly/80000/"
"80000 a year is how much an hour",320,,5,"/salary-to-hourly/80000/"
"80k a year is how much an hour",320,,3,"/salary-to-hourly/80000/"
"90000/12",320,,13,"/tax-on/90000/"
"age pension rate calculator",320,25,50,"/age-pension-income-test-calculator/"
"age pension rates calculator",320,24,47,"/age-pension-income-test-calculator/"
"annual gross income",320,6,34,"/gross-pay-calculator/"
"annual leave australia calculator",320,,27,"/leave-calculator/"
"annual leave calculation australia",320,,30,"/leave-calculator/"
"annual leave calculator au",320,,25,"/leave-calculator/"
"annual leave calculator australia",320,,28,"/leave-calculator/"
"annual pay calculator",320,11,13,"/"
"annualised pay calculator",320,,91,"/hourly-to-annual-salary-calculator/"
"annualized pay calculator",320,24,26,"/hourly-to-annual-salary-calculator/"
"ao3 salary queensland government",320,,24,"/public-service-pay-scales/qld/"
"ao4 salary queensland government",320,,22,"/public-service-pay-scales/qld/"
"ao6 salary queensland government",320,,22,"/public-service-pay-scales/qld/"
"ao7 salary queensland government",320,,25,"/public-service-pay-scales/qld/"
"aps level 6 pay",320,,15,"/public-service-pay-scales/"
"aps level 6 salary",320,,12,"/public-service-pay-scales/"
"ato employee vs contractor",320,,12,"/contractor-vs-employee/"
"ato fortnightly tax calculator",320,24,35,"/fortnightly-pay-calculator/"
"ato tax calculator fortnightly",320,24,37,"/fortnightly-pay-calculator/"
"ato tax fortnightly calculator",320,39,64,"/fortnightly-pay-calculator/"
"australia annual leave calculator",320,,27,"/leave-calculator/"
"australia minimum wage after tax",320,21,16,"/"
"australia monthly salary calculator",320,9,14,"/"
"australia non resident tax rate",320,27,25,"/non-resident-tax/"
"australia non resident tax rates",320,27,26,"/non-resident-tax/"
"australia tax band",320,37,47,"/tax-brackets/"
"australia tax rate for non residents",320,27,27,"/non-resident-tax/"
"australia tax rate non resident",320,27,29,"/non-resident-tax/"
"australia tax rates non resident",320,27,29,"/non-resident-tax/"
"australia tax rates non-resident",320,6,29,"/non-resident-tax/"
"australian minimum wage after tax",320,21,16,"/"
"australian non resident tax rate",320,13,44,"/non-resident-tax/"
"australian non resident tax rates",320,27,28,"/non-resident-tax/"
"australian nurses wage",320,,53,"/healthcare-worker-pay/vic/"
"australian public service level 6 salary",320,,13,"/public-service-pay-scales/"
"australian tax for non residents",320,6,34,"/non-resident-tax/"
"australian tax rate for non residents",320,27,25,"/non-resident-tax/"
"australian tax rates for non residents",320,27,27,"/non-resident-tax/"
"australian tax rates non resident",320,27,29,"/non-resident-tax/"
"austudy amount",320,6,14,"/austudy-youth-allowance-calculator/"
"austudy payment amount",320,6,14,"/austudy-youth-allowance-calculator/"
"award calculator",320,,13,"/award-rates/"
"award rate retail nsw",320,,28,"/retail-award-rates/"
"award rates nsw retail",320,,29,"/retail-award-rates/"
"award rates retail nsw",320,,19,"/retail-award-rates/"
"award wage retail nsw",320,,25,"/retail-award-rates/"
"award wages nsw retail",320,,28,"/retail-award-rates/"
"bartender pay rates",320,,21,"/hospitality-award-rates/"
"calculate time and a half",320,12,23,"/overtime-pay-calculator/"
"can i salary sacrifice my mortgage",320,,68,"/salary-sacrifice-vs-mortgage/"
"casual retail award rate",320,,21,"/retail-award-rates/"
"contractor vs employee ato",320,,46,"/contractor-vs-employee/"
"cost of an employee calculator",320,1,79,"/employer-cost-calculator/"
"cost of employee calculator",320,,33,"/employer-cost-calculator/"
"current superannuation guarantee rate",320,,40,"/super-guarantee-rate-history/"
"div 293 income",320,,67,"/division-293-tax/"
"division 293 income",320,,76,"/division-293-tax/"
"employee cost calculator",320,,33,"/employer-cost-calculator/"
"employment costs calculator",320,,39,"/employer-cost-calculator/"
"enrolled nurse pay rate",320,,43,"/healthcare-worker-pay/vic/"
"enrolled nurse wage",320,,35,"/healthcare-worker-pay/qld/"
"extra super contribution calculator",320,13,80,"/superannuation-calculator/"
"fbt interest rate 2025",320,,42,"/fringe-benefits-tax/"
"fifo pay calculator",320,,8,"/mining-fifo-pay-guide/"
"fifo salary calculator",320,,8,"/mining-fifo-pay-guide/"
"find my pay rate",320,54,14,"/award-rates/"
"fortnightly tax calculator ato",320,24,31,"/fortnightly-pay-calculator/"
"gross annual income",320,6,38,"/gross-pay-calculator/"
"gross income calculator australia",320,6,29,"/gross-pay-calculator/"
"gross income yearly",320,24,41,"/gross-pay-calculator/"
"gross pay estimator australia",320,12,23,"/gross-pay-calculator/"
"gross salary calculator australia",320,8,25,"/gross-pay-calculator/"
"hecs debt threshold",320,4,21,"/hecs-repayment-threshold/"
"hecs rate",320,2,31,"/hecs-repayment-threshold/"
"hecs rates",320,1,24,"/hecs-help-calculator/"
"hecs repayment table",320,4,22,"/hecs-repayment-threshold/"
"hecs repayment threshold 2025",320,6,16,"/hecs-repayment-threshold/"
"help debt repayment calculator",320,2,23,"/hecs-help-calculator/"
"help repayment",320,15,34,"/hecs-help-calculator/"
"help repayment rates",320,14,29,"/hecs-help-calculator/"
"help repayments",320,13,21,"/hecs-help-calculator/"
"hospitality award pay guide",320,,21,"/hospitality-award-rates/"
"hospitality award rate qld",320,,21,"/retail-hospitality-pay-guide/"
"hospitality award wages qld",320,,35,"/retail-hospitality-pay-guide/"
"hospitality pay rate",320,,17,"/retail-hospitality-pay-guide/"
"hospitality pay rates",320,,21,"/retail-hospitality-pay-guide/"
"hourly pay rate",320,23,15,"/hourly-to-annual-salary-calculator/"
"how much do you get taxed in australia",320,37,60,"/tax-brackets/"
"how much does a teacher make in a year",320,5,23,"/teacher-pay-australia/"
"how much hecs do i pay",320,11,19,"/hecs-help-calculator/"
"how much percentage is tax",320,32,62,"/tax-brackets/"
"how much tax percentage",320,31,65,"/tax-brackets/"
"how much tax should i pay australia",320,38,47,"/"
"how to avoid div 293 tax",320,,72,"/division-293-tax/"
"income estimate calculator centrelink",320,,20,"/centrelink-income-test/"
"income tax return calculator",320,25,54,"/tax-return-calculator/"
"income tax slabs australia",320,37,53,"/tax-brackets/"
"income tax slabs in australia",320,32,57,"/tax-brackets/"
"junior rates",320,4,15,"/junior-pay-rates/"
"melbourne teacher salary",320,2,35,"/teacher-pay-australia/vic/"
"melbourne teachers salary",320,1,31,"/teacher-pay-australia/vic/"
"minimum wage after tax australia",320,21,15,"/"
"minimum wage australia after tax",320,12,16,"/"
"minimum wage in australia after tax",320,38,13,"/"
"minimum wage yearly income",320,31,43,"/minimum-wage-history-australia/"
"minimum wage yearly salary",320,19,56,"/minimum-wage-history-australia/"
"monthly pay calculator australia",320,7,16,"/"
"monthly salary calculator australia",320,7,16,"/"
"my salary calculator",320,16,41,"/hourly-to-annual-salary-calculator/"
"net salaries",320,5,38,"/gross-pay-calculator/"
"net salary",320,,28,"/gross-pay-calculator/"
"netto salary",320,11,52,"/gross-pay-calculator/"
"non australian resident tax rate",320,28,29,"/non-resident-tax/"
"non resident australian tax",320,9,47,"/non-resident-tax/"
"non resident tax rate australia",320,31,28,"/non-resident-tax/"
"non resident tax rates australia",320,27,23,"/non-resident-tax/"
"nsw health nurse pay rates",320,,24,"/healthcare-worker-pay/nsw/"
"nsw health nurse salary",320,,38,"/healthcare-worker-pay/nsw/"
"nsw health nursing pay rates",320,,36,"/healthcare-worker-pay/nsw/"
"nsw pay rates for nurses",320,1,33,"/healthcare-worker-pay/nsw/"
"nsw teacher pay rates",320,,20,"/teacher-pay-australia/nsw/"
"nurse award qld",320,1,37,"/healthcare-worker-pay/qld/"
"nurse pay rates nsw",320,,31,"/healthcare-worker-pay/nsw/"
"nurse salary nsw health",320,,33,"/healthcare-worker-pay/nsw/"
"nurse salary sydney",320,,37,"/healthcare-worker-pay/nsw/"
"nurse wage sydney",320,,36,"/healthcare-worker-pay/nsw/"
"nurses award qld",320,,33,"/healthcare-worker-pay/qld/"
"nurses pay rates nsw",320,,34,"/healthcare-worker-pay/nsw/"
"nurses wage australia",320,,92,"/healthcare-worker-pay/vic/"
"nursing award qld",320,,31,"/healthcare-worker-pay/qld/"
"nursing awards qld",320,,26,"/healthcare-worker-pay/qld/"
"nursing pay australia",320,,41,"/healthcare-worker-pay/vic/"
"nursing pay rates nsw",320,,26,"/healthcare-worker-pay/nsw/"
"nursing rates of pay nsw",320,,36,"/healthcare-worker-pay/nsw/"
"pay calculator 2026",320,18,26,"/"
"pay calculator sa",320,20,22,"/pay-calculator-sa/"
"pay guides",320,23,27,"/award-rates/"
"pay raise increase calculator",320,7,30,"/pay-rise-calculator/"
"pay rate for hospitality",320,,19,"/hospitality-award-rates/"
"pay rates for hospitality industry",320,,49,"/retail-hospitality-pay-guide/"
"pay rates for nurses in nsw",320,,38,"/healthcare-worker-pay/nsw/"
"pay scale calculator",320,38,29,"/"
"payg schedule 5",320,,9,"/schedule-5-tax-table/"
"payroll tax calculator wa",320,23,34,"/pay-calculator-wa/"
"payroll tax wa calculator",320,6,51,"/pay-calculator-wa/"
"primary teacher salary qld",320,,14,"/teacher-pay-australia/qld/"
"primary teacher salary victoria",320,2,28,"/teacher-pay-australia/vic/"
"primary teaching salary victoria",320,,30,"/teacher-pay-australia/vic/"
"qld nurse award",320,,28,"/healthcare-worker-pay/qld/"
"qld nurses award",320,,26,"/healthcare-worker-pay/qld/"
"qld nursing award",320,,23,"/healthcare-worker-pay/qld/"
"qld teacher salary 2026",320,,7,"/teacher-pay-australia/qld/"
"redundancy payment table australia",320,13,26,"/redundancy-pay-calculator/"
"redundancy tax calculator australia",320,,32,"/redundancy-pay-calculator/"
"retail award nsw pay rates",320,,21,"/retail-award-rates/"
"retail award pay rates 2024",320,,17,"/retail-award-rates/"
"retail award rate nsw",320,,21,"/retail-award-rates/"
"retail award rates nsw",320,,21,"/retail-award-rates/"
"retail award wage casual",320,,26,"/retail-award-rates/"
"retail award wages nsw",320,,23,"/retail-award-rates/"
"retail minimum wage australia",320,3,20,"/retail-award-rates/"
"salary inclusive of super calculator",320,6,59,"/"
"salary tax",320,37,44,"/"
"salary to hourly rate",320,25,31,"/hourly-to-annual-salary-calculator/"
"salary to weekly pay calculator",320,7,34,"/weekly-pay-calculator/"
"sapto tax offset",320,,39,"/sapto-calculator/"
"schads award pay rates 2026",320,,18,"/schads-award-pay-rates/"
"schads level 5 salary",320,,20,"/schads-award-pay-rates/"
"senior civil service pay scales",320,,22,"/public-service-pay-scales/"
"simple pay calculator",320,9,45,"/"
"stsl component meaning",320,,25,"/stsl-on-payslip/"
"stsl meaning",320,,27,"/stsl-on-payslip/"
"super concessional cap 2026",320,6,53,"/news/super-contribution-caps-2026-27/"
"tasmanian teacher salary",320,,12,"/teacher-pay-australia/tas/"
"tasmanian teachers salary",320,,13,"/teacher-pay-australia/tas/"
"tax brackets 2026 27",320,32,44,"/tax-brackets/"
"tax dates",320,4,73,"/tax-calendar/"
"tax margins",320,13,40,"/tax-brackets/"
"tax non resident australia",320,,47,"/non-resident-tax/"
"tax on 40 000 australia",320,2,12,"/tax-on/40000/"
"tax on 40000 australia",320,32,4,"/tax-on/40000/"
"tax on 45000 australia",320,32,20,"/tax-on/45000/"
"tax on 65000 australia",320,,8,"/tax-on/65000/"
"tax on 65000 in australia",320,,6,"/tax-on/65000/"
"tax percentage",320,38,60,"/tax-brackets/"
"tax rate 2024",320,27,46,"/tax-brackets/"
"tax rate 2025 australia",320,37,77,"/tax-brackets/"
"tax rate australia for non residents",320,27,31,"/non-resident-tax/"
"tax rate australia non resident",320,27,28,"/non-resident-tax/"
"tax rate in australia for non residents",320,18,30,"/non-resident-tax/"
"tax rate non resident australia",320,27,31,"/non-resident-tax/"
"tax rate nsw",320,31,46,"/tax-brackets/"
"tax rates 2024",320,32,44,"/tax-brackets/"
"tax rates 2025 2026",320,36,74,"/tax-brackets/"
"tax rates 2025 australia",320,37,74,"/tax-brackets/"
"tax rates 2025-2026",320,37,53,"/tax-brackets/"
"tax rates for non residents australia",320,27,37,"/non-resident-tax/"
"tax rates for non residents in australia",320,27,35,"/non-resident-tax/"
"tax scale nsw",320,32,37,"/tax-brackets/"
"tax tables 2025--26",320,23,49,"/tax-bracket-history/"
"tax tables 2025-26",320,24,31,"/monthly-tax-table/"
"tax tables 2025/26",320,23,94,"/income-tax-calculator/"
"taxation percentage",320,32,47,"/tax-brackets/"
"taxation rates 2024",320,32,42,"/tax-brackets/"
"teacher pay nsw",320,,18,"/teacher-pay-australia/nsw/"
"teacher pay rates nsw",320,,17,"/teacher-pay-australia/nsw/"
"teacher pay scale wa",320,,22,"/teacher-pay-australia/"
"teacher salary melbourne",320,2,36,"/teacher-pay-australia/vic/"
"teacher salary tasmania",320,,12,"/teacher-pay-australia/tas/"
"teachers base salary",320,9,22,"/teacher-pay-australia/"
"teachers pay nsw",320,,19,"/teacher-pay-australia/nsw/"
"teachers pay rates nsw",320,,19,"/teacher-pay-australia/nsw/"
"teachers starting salary",320,8,24,"/teacher-pay-australia/qld/"
"time and half calculator",320,7,65,"/overtime-pay-calculator/"
"time in a half calculator",320,10,26,"/overtime-pay-calculator/"
"top marginal tax rate australia",320,27,25,"/tax-brackets/"
"vps 4 salary",320,,11,"/public-service-pay-scales/vic/"
"vps 6",320,,17,"/public-service-pay-scales/vic/"
"vps wage",320,,12,"/public-service-pay-scales/vic/"
"vps wages",320,,12,"/public-service-pay-scales/vic/"
"wa award rates",320,7,23,"/award-rates/"
"wa payroll tax calculator",320,,31,"/pay-calculator-wa/"
"wa teacher pay scale",320,,24,"/teacher-pay-australia/wa/"
"wa teacher salary 2026",320,,27,"/teacher-pay-australia/wa/"
"wa teachers pay scale",320,,23,"/teacher-pay-australia/wa/"
"wage calculator sa",320,17,11,"/pay-calculator-sa/"
"weekly hours worked",320,13,42,"/work-hours-calculator/"
"weekly salary calculator",320,7,29,"/weekly-pay-calculator/"
"weekly tax tables 2026",320,,42,"/payg-withholding-tables/"
"what can be salary sacrificed",320,6,64,"/salary-sacrifice-guide/"
"what can i salary sacrifice",320,17,76,"/salary-sacrifice-guide/"
"what is time and a half",320,11,57,"/overtime-pay-calculator/"
"work hours calculator australia",320,27,31,"/work-hours-calculator/"
"working holiday tax rate",320,9,35,"/working-holiday-tax/"
"working holiday tax rates",320,,40,"/working-holiday-tax/"
"year to date",320,3,59,"/ytd-income-calculator/"
"year-to-date",320,3,58,"/ytd-income-calculator/"
"ytd meaning on payslip",320,,46,"/ytd-income-calculator/"
"zone offset calculator",320,,7,"/zone-tax-offset/"
"zone tax offset calculator",320,,9,"/zone-tax-offset/"
"100 000 after tax",260,7,51,"/take-home-pay-on/100000/"
"100 000 after tax australia",260,9,97,"/tax-on/100000/"
"100000 after tax",260,9,61,"/take-home-pay-on/100000/"
"100000 after tax australia",260,9,59,"/take-home-pay-on/100000/"
"100k after tax",260,13,58,"/take-home-pay-on/100000/"
"1st year apprentice carpenter wage",260,,48,"/construction-trades-pay/"
"1st year carpentry apprenticeship wage",260,,40,"/construction-trades-pay/"
"2024 tax rate",260,32,41,"/tax-brackets/"
"2024 tax rates",260,27,43,"/tax-brackets/"
"2025-26 tax calculator",260,28,88,"/income-tax-calculator/"
"2027 tax brackets",260,32,78,"/tax-brackets/"
"2nd job tax calculator",260,8,4,"/second-job-tax-calculator/"
"30000/52",260,,47,"/salary-to-hourly/30000/"
"40 per hour annual salary",260,,14,"/hourly-to-annual-salary-calculator/"
"45 per hour annual salary",260,,41,"/hourly-to-annual-salary-calculator/"
"60 000 a year is how much an hour",260,,9,"/salary-to-hourly/60000/"
"60 thousand a year is how much an hour",260,,10,"/hourly-to-annual-salary-calculator/"
"60000 a year is how much an hour",260,,7,"/salary-to-hourly/60000/"
"60k a year is how much an hour",260,,13,"/salary-to-hourly/60000/"
"65000 after tax australia",260,9,17,"/salary-to-hourly/65000/"
"65k a year is how much an hour",260,,20,"/salary-to-hourly/65000/"
"70k after tax australia",260,10,32,"/tax-on/70000/"
"75 000",260,,56,"/tax-on/75000/"
"75000/52",260,,28,"/salary-to-hourly/75000/"
"75k after tax australia",260,16,18,"/salary-to-hourly/75000/"
"80 000 after tax",260,8,22,"/salary-to-hourly/80000/"
"85k after tax australia",260,2,27,"/salary-to-hourly/85000/"
"90 000",260,,60,"/tax-on/90000/"
"90000/52",260,,18,"/redundancy-pay-calculator/"
"90k after tax australia weekly salary",260,4,18,"/salary-to-hourly/90000/"
"annual leave calculator nsw",260,,46,"/leave-calculator/"
"ato fortnightly tax table 2025",260,2,24,"/payg-withholding-tables/"
"ato hecs repayments",260,30,29,"/hecs-help-guide/"
"ato tax calculator income",260,38,77,"/income-tax-calculator/"
"australia bonus tax calculator",260,1,5,"/bonus-tax-calculator/"
"australia non resident tax",260,5,33,"/non-resident-tax/"
"australian income brackets",260,32,35,"/tax-brackets/"
"award rate calculator",260,18,17,"/award-rates/"
"award retail wage qld",260,5,28,"/retail-award-rates/"
"award wages victoria",260,41,11,"/award-rates/"
"bonus calculator",260,1,1,"/bonus-tax-calculator/"
"bonus pay calculator",260,,3,"/bonus-tax-calculator/"
"bonus payment calculator",260,12,2,"/bonus-tax-calculator/"
"bonus payment tax calculator australia",260,7,3,"/bonus-tax-calculator/"
"bonus tax calculator australia",260,5,4,"/bonus-tax-calculator/"
"calculate hours salary",260,42,18,"/hourly-to-annual-salary-calculator/"
"calculate parental leave pay",260,,61,"/parental-leave-pay/"
"calculate payroll tax nsw",260,26,26,"/pay-calculator-nsw/"
"calculate tax on bonus australia",260,6,2,"/bonus-tax-calculator/"
"calculate tax on redundancy pay",260,,71,"/redundancy-pay-calculator/"
"calculate tax on redundancy payment",260,,67,"/redundancy-pay-calculator/"
"calculate tax on second job",260,8,9,"/second-job-tax-calculator/"
"calculating annual leave nsw",260,,60,"/leave-calculator/"
"casual teacher pay rate nsw",260,,19,"/teacher-pay-australia/nsw/"
"casual teacher pay rates nsw",260,,18,"/teacher-pay-australia/nsw/"
"centrelink eligibility test",260,13,23,"/centrelink-income-test/"
"centrelink income estimate calculator",260,3,44,"/centrelink-income-test/"
"centrelink income test calculator",260,21,12,"/centrelink-income-test/"
"cost of employment",260,,34,"/employer-cost-calculator/"
"costs of employees",260,,57,"/employer-cost-calculator/"
"difference between wages and salary",260,,92,"/salary-vs-hourly/"
"ed qld pay scale",260,,11,"/teacher-pay-australia/qld/"
"education qld pay scale",260,,9,"/teacher-pay-australia/qld/"
"el1 salary 2025",260,,13,"/public-service-pay-scales/aps/"
"employee cost",260,,38,"/employer-cost-calculator/"
"employee costs",260,,51,"/employer-cost-calculator/"
"employee on costs",260,,46,"/employer-cost-calculator/"
"employee on-costs",260,,15,"/employer-cost-calculator/"
"employee rates",260,26,29,"/award-rates/"
"employees cost",260,,87,"/employer-cost-calculator/"
"employment costs",260,2,49,"/employer-cost-calculator/"
"fbt and salary packaging",260,16,57,"/salary-packaging-guide/"
"fbt salary packaging",260,3,37,"/salary-packaging-guide/"
"first year carpentry apprenticeship wages",260,,38,"/construction-trades-pay/"
"fortnightly salary calculator",260,7,20,"/"
"fortnightly tax tables 2026",260,,8,"/fortnightly-tax-table/"
"fringe benefits tax salary sacrifice",260,16,54,"/salary-packaging-guide/"
"general retail industry award pay guide",260,,32,"/retail-award-rates/"
"graduate nurse salary qld",260,,38,"/healthcare-worker-pay/qld/"
"gross amount",260,3,46,"/gross-pay-calculator/"
"gross and net pay",260,7,38,"/gross-pay-calculator/"
"gross and net salary",260,6,34,"/gross-pay-calculator/"
"gross net salary",260,,31,"/gross-pay-calculator/"
"gross pay to net",260,2,26,"/gross-pay-calculator/"
"gross pay vs net pay",260,,41,"/gross-pay-calculator/"
"gross salary and net salary",260,5,36,"/gross-pay-calculator/"
"gross to net income",260,,36,"/gross-pay-calculator/"
"gross to net pay",260,2,38,"/gross-pay-calculator/"
"gross to net salary",260,,37,"/gross-pay-calculator/"
"gross wages",260,,40,"/gross-pay-calculator/"
"gross wages vs net wages",260,,44,"/gross-pay-calculator/"
"hecs debt repayment threshold",260,8,24,"/hecs-repayment-threshold/"
"help debt threshold",260,9,25,"/hecs-repayment-threshold/"
"holiday leave calculator nsw",260,,24,"/leave-calculator/"
"hospitality award pay rates",260,,23,"/hospitality-award-rates/"
"hospitality industry minimum wage",260,,26,"/retail-hospitality-pay-guide/"
"hospitality minimum wage",260,2,44,"/hospitality-award-rates/"
"hospitality minimum wages",260,19,41,"/retail-hospitality-pay-guide/"
"hourly pay to salary calculator",260,29,19,"/hourly-to-annual-salary-calculator/"
"hourly rate calculator salary",260,6,30,"/hourly-to-annual-salary-calculator/"
"hourly rate to salary calculator",260,29,22,"/hourly-to-annual-salary-calculator/"
"hourly to salary chart",260,10,30,"/hourly-to-annual-salary-calculator/"
"hourly wage calculator from salary",260,33,28,"/hourly-to-annual-salary-calculator/"
"hourly wage salary calculator",260,29,29,"/hourly-to-annual-salary-calculator/"
"hourly wage to salary calculator",260,25,18,"/hourly-to-annual-salary-calculator/"
"how are redundancy payments calculated",260,,76,"/redundancy-pay-calculator/"
"how is a redundancy payment calculated",260,11,82,"/redundancy-pay-guide/"
"how is redundancy pay calculated",260,15,36,"/redundancy-pay-calculator/"
"how is redundancy payment calculated",260,15,39,"/redundancy-pay-calculator/"
"how is super calculated",260,14,52,"/superannuation-guide/"
"how many hours do i work",260,13,35,"/work-hours-calculator/"
"how much centrelink will i get",260,17,14,"/centrelink-income-test/"
"how much do teachers get paid in qld",260,,17,"/teacher-pay-australia/qld/"
"how much do you get taxed on a second job",260,,14,"/second-job-tax-calculator/"
"how much does a teacher earn",260,5,29,"/teacher-pay-australia/"
"how much is annual leave loading",260,,63,"/leave-calculator/"
"how much is overtime",260,,21,"/overtime-pay-calculator/"
"how much is overtime pay",260,,14,"/overtime-pay-calculator/"
"how much is the minimum wage",260,25,59,"/minimum-wage-history-australia/"
"how much overtime pay",260,,20,"/overtime-pay-calculator/"
"how much pay for overtime",260,,18,"/overtime-pay-calculator/"
"how much pay is overtime",260,,15,"/overtime-pay-calculator/"
"how much super does an employer pay",260,12,64,"/superannuation-guide/"
"how much super does employer pay",260,8,42,"/superannuation-guide/"
"how much tax do you pay on 100k in australia",260,15,58,"/tax-on/100000/"
"how much tax will",260,24,56,"/income-tax-calculator/"
"how redundancy payments are calculated",260,11,81,"/redundancy-pay-calculator/"
"how to calculate net earnings",260,7,64,"/gross-pay-calculator/"
"how to calculate net income",260,4,66,"/gross-pay-calculator/"
"how to calculate time and a half",260,12,36,"/overtime-pay-calculator/"
"how to work out net income",260,8,48,"/gross-pay-calculator/"
"how to work out time and a half",260,4,34,"/overtime-pay-calculator/"
"hr salary to annual",260,25,14,"/hourly-to-annual-salary-calculator/"
"income brackets australia",260,32,44,"/tax-brackets/"
"income calculator hourly",260,33,28,"/hourly-to-annual-salary-calculator/"
"income hourly calculator",260,43,26,"/hourly-to-annual-salary-calculator/"
"income tax brackets 2025 26",260,20,33,"/tax-brackets/"
"is long service leave taxed",260,,29,"/long-service-leave-calculator/"
"ma000009",260,,47,"/hospitality-award-rates/"
"marginal tax bracket calculator",260,38,46,"/tax-brackets/"
"max tax rate australia",260,37,53,"/tax-brackets/"
"minimum wage 18",260,26,27,"/junior-pay-rates/"
"minimum wage annual",260,26,60,"/minimum-wage-history-australia/"
"minimum wage yearly",260,29,22,"/minimum-wage-history-australia/"
"minimum wages hospitality",260,22,28,"/retail-hospitality-pay-guide/"
"monthly tax table 2026 pdf",260,,17,"/monthly-tax-table/"
"nat 1005",260,,12,"/weekly-tax-table/"
"nat 3092",260,1,30,"/tax-file-number-declaration/"
"net calculator",260,14,40,"/gross-pay-calculator/"
"net income to gross",260,4,36,"/gross-pay-calculator/"
"non australian resident tax",260,28,39,"/non-resident-tax/"
"non resident tax in australia",260,3,51,"/non-resident-tax/"
"nsw health nurse pay",260,,38,"/healthcare-worker-pay/nsw/"
"nsw health nurses pay",260,,39,"/healthcare-worker-pay/nsw/"
"nsw health nursing pay",260,,37,"/healthcare-worker-pay/nsw/"
"nsw payroll tax calculator",260,33,49,"/pay-calculator-nsw/"
"nswnma pay rates",260,6,30,"/healthcare-worker-pay/nsw/"
"on cost",260,,31,"/employer-cost-calculator/"
"on costs",260,,36,"/employer-cost-calculator/"
"overtime pay",260,,34,"/overtime-pay-calculator/"
"overtime pay in australia",260,,66,"/overtime-penalty-rates-guide/"
"overtime payment",260,,42,"/overtime-pay-calculator/"
"paid parental leave calculator",260,,33,"/parental-leave-pay/"
"parental leave pay calculator",260,,35,"/parental-leave-pay/"
"parental leave payment calculator",260,,29,"/parental-leave-pay/"
"part time job pay rate",260,19,36,"/employment-type-calculator/"
"part time pay",260,1,34,"/employment-type-calculator/"
"part time pay rates",260,21,26,"/award-rates/"
"part time salary",260,9,28,"/employment-type-calculator/"
"part-time pay rates",260,21,26,"/award-rates/"
"pay and conditions tool",260,19,17,"/award-rates/"
"pay calculator per hour",260,7,20,"/hourly-to-annual-salary-calculator/"
"pay for overtime",260,,33,"/overtime-pay-calculator/"
"paycheck calculator wa",260,2,22,"/pay-calculator-wa/"
"payrise calculator",260,11,12,"/"
"payroll calculator wa",260,20,61,"/"
"payroll tax calculation nsw",260,29,56,"/pay-calculator-nsw/"
"payroll tax calculator nsw",260,33,52,"/pay-calculator-nsw/"
"payroll tax calculator qld",260,23,65,"/pay-calculator-qld/"
"payroll tax queensland calculator",260,9,62,"/pay-calculator-qld/"
"pension income test calculator",260,11,42,"/age-pension-income-test-calculator/"
"personal tax calculator ato",260,38,76,"/income-tax-calculator/"
"private health insurance rebate calculator",260,3,58,"/private-health-insurance-medicare/"
"pss cpi increase july 2026",260,,73,"/news/july-1-2026-money-changes/"
"qld health pay rates 2025",260,,22,"/healthcare-worker-pay/qld/"
"qld teacher pay scale 2025",260,,8,"/teacher-pay-australia/qld/"
"qtu pay scales",260,,17,"/teacher-pay-australia/qld/"
"redundancy pay tax calculator",260,,31,"/redundancy-pay-calculator/"
"registered nurse salary qld",260,,29,"/healthcare-worker-pay/qld/"
"registered nurse salary qld per hour",260,,25,"/healthcare-worker-pay/qld/"
"resident tax rates",260,37,55,"/tax-brackets/"
"residential tax rate",260,32,46,"/tax-brackets/"
"residential tax rates",260,37,50,"/tax-brackets/"
"retail award pay rates 2025",260,,17,"/award-rates/"
"retail award rate qld",260,,24,"/retail-award-rates/"
"retail award rates qld",260,,24,"/retail-award-rates/"
"retail casual rates",260,,14,"/retail-award-rates/"
"retail wage award qld",260,6,30,"/retail-award-rates/"
"rn 8 salary nsw per hour",260,,26,"/healthcare-worker-pay/nsw/"
"rn salary qld",260,,33,"/healthcare-worker-pay/qld/"
"salary and bonus calculator",260,33,3,"/bonus-tax-calculator/"
"salary cal",260,11,56,"/pay-calculator-nsw/"
"salary calculator by hourly rate",260,29,28,"/hourly-to-annual-salary-calculator/"
"salary calculator from hourly",260,33,26,"/hourly-to-annual-salary-calculator/"
"salary calculator hourly pay",260,43,26,"/hourly-to-annual-salary-calculator/"
"salary calculator hourly wage",260,33,29,"/hourly-to-annual-salary-calculator/"
"salary calculator vic",260,34,37,"/pay-calculator-vic/"
"salary hourly to annual",260,29,9,"/hourly-to-annual-salary-calculator/"
"salary packaging fringe benefits tax",260,16,71,"/salary-packaging-guide/"
"salary sacrifice and fbt",260,17,51,"/salary-packaging-guide/"
"salary sacrifice disadvantages",260,,58,"/salary-sacrifice-guide/"
"salary sacrifice fringe benefits tax",260,17,59,"/salary-packaging-guide/"
"schads award level 2 pay rate",260,,20,"/schads-award-pay-rates/"
"schads award level 6",260,,26,"/schads-award-pay-rates/"
"schads levels",260,,24,"/schads-award-pay-rates/"
"second job tax calculator",260,9,6,"/second-job-tax-calculator/"
"security award rates 2026",260,,31,"/award-rates/"
"senior tax offset",260,,49,"/sapto-calculator/"
"standard super rate",260,10,55,"/super-guarantee-rate-history/"
"standard superannuation rate",260,6,46,"/super-guarantee-rate-history/"
"super australia percentage",260,5,52,"/superannuation-guide/"
"super guarantee rate history",260,,9,"/super-guarantee-rate-history/"
"superannuation guarantee rate history",260,5,11,"/super-guarantee-rate-history/"
"superannuation guarantee rates historical",260,12,9,"/super-guarantee-rate-history/"
"superannuation guarantee rates history",260,,9,"/super-guarantee-rate-history/"
"take home pay after salary sacrifice calculator",260,6,22,"/take-home-pay-calculator/"
"tax 2025",260,37,69,"/tax-calendar/"
"tax 80000",260,11,13,"/tax-on/80000/"
"tax bands",260,37,55,"/tax-brackets/"
"tax bracket percentages",260,32,56,"/tax-brackets/"
"tax bracket wa",260,31,38,"/tax-brackets/"
"tax brackets 2025 australia",260,37,46,"/tax-brackets/"
"tax calculation on redundancy payments",260,,36,"/redundancy-pay-calculator/"
"tax calculator for bonus payments australia",260,,2,"/bonus-tax-calculator/"
"tax calculator for second job",260,22,5,"/second-job-tax-calculator/"
"tax calculator moneysmart",260,46,44,"/tax-on/180000/"
"tax calculator on redundancy payment",260,,57,"/redundancy-pay-calculator/"
"tax calculator on second job",260,9,6,"/second-job-tax-calculator/"
"tax calculator second job",260,5,5,"/second-job-tax-calculator/"
"tax calculator talent",260,21,16,"/"
"tax calculator victoria",260,12,39,"/pay-calculator-vic/"
"tax calculator with second job",260,5,5,"/second-job-tax-calculator/"
"tax for 80000",260,11,14,"/tax-on/80000/"
"tax for second job calculator",260,10,6,"/second-job-tax-calculator/"
"tax on $2000 per week australia",260,12,17,"/"
"tax on $80000 australia",260,11,13,"/tax-on/80000/"
"tax on 100000 australia",260,32,11,"/take-home-pay-on/100000/"
"tax on 110k australia",260,12,13,"/take-home-pay-on/110000/"
"tax on 120000",260,16,20,"/tax-on/120000/"
"tax on 130k australia",260,20,15,"/take-home-pay-on/130000/"
"tax on 150000",260,15,20,"/tax-on/150000/"
"tax on 80000",260,13,16,"/tax-on/80000/"
"tax on 85000 australia",260,6,14,"/tax-on/85000/"
"tax on bonus calculator australia",260,6,3,"/bonus-tax-calculator/"
"tax on bonus payments calculator australia",260,,2,"/bonus-tax-calculator/"
"tax on redundancy payment calculator",260,,30,"/redundancy-pay-calculator/"
"tax on redundancy payments calculator",260,,31,"/redundancy-pay-calculator/"
"tax on second job calculator",260,11,7,"/second-job-tax-calculator/"
"tax percentage brackets",260,32,51,"/tax-brackets/"
"tax rate table",260,32,48,"/tax-brackets/"
"tax rate tables",260,32,47,"/tax-brackets/"
"tax rates 2024 2025",260,37,47,"/tax-brackets/"
"tax rates 2024-2025",260,37,49,"/tax-brackets/"
